timestamp,building,energy_kwh,is_injected_anomaly,anomaly_type
2026-01-01 00:00:00,Building_A,52.5,False,normal
2026-01-01 01:00:00,Building_A,61.45,False,normal
2026-01-01 02:00:00,Building_A,62.4,False,normal
2026-01-01 03:00:00,Building_A,47.94,False,normal
2026-01-01 04:00:00,Building_A,51.19,False,normal
2026-01-01 05:00:00,Building_A,58.34,False,normal
2026-01-01 06:00:00,Building_A,56.12,False,normal
2026-01-01 07:00:00,Building_A,57.61,False,normal
2026-01-01 08:00:00,Building_A,128.88,False,normal
2026-01-01 09:00:00,Building_A,137.55,False,normal
2026-01-01 10:00:00,Building_A,137.04,False,normal
2026-01-01 11:00:00,Building_A,133.48,False,normal
2026-01-01 12:00:00,Building_A,138.79,False,normal
2026-01-01 13:00:00,Building_A,135.49,False,normal
2026-01-01 14:00:00,Building_A,128.85,False,normal
2026-01-01 15:00:00,Building_A,134.99,False,normal
2026-01-01 16:00:00,Building_A,128.36,False,normal
2026-01-01 17:00:00,Building_A,137.54,False,normal
2026-01-01 18:00:00,Building_A,132.9,False,normal
2026-01-01 19:00:00,Building_A,56.77,False,normal
2026-01-01 20:00:00,Building_A,54.29,False,normal
2026-01-01 21:00:00,Building_A,63.81,False,normal
2026-01-01 22:00:00,Building_A,56.93,False,normal
2026-01-01 23:00:00,Building_A,55.56,False,normal
2026-01-02 00:00:00,Building_A,55.94,False,normal
2026-01-02 01:00:00,Building_A,60.36,False,normal
2026-01-02 02:00:00,Building_A,59.53,False,normal
2026-01-02 03:00:00,Building_A,59.76,False,normal
2026-01-02 04:00:00,Building_A,59.85,False,normal
2026-01-02 05:00:00,Building_A,68.41,False,normal
2026-01-02 06:00:00,Building_A,55.67,False,normal
2026-01-02 07:00:00,Building_A,55.14,False,normal
2026-01-02 08:00:00,Building_A,129.08,False,normal
2026-01-02 09:00:00,Building_A,136.23,False,normal
2026-01-02 10:00:00,Building_A,138.79,False,normal
2026-01-02 11:00:00,Building_A,132.58,False,normal
2026-01-02 12:00:00,Building_A,128.95,False,normal
2026-01-02 13:00:00,Building_A,129.03,False,normal
2026-01-02 14:00:00,Building_A,136.4,False,normal
2026-01-02 15:00:00,Building_A,136.87,False,normal
2026-01-02 16:00:00,Building_A,135.87,False,normal
2026-01-02 17:00:00,Building_A,129.82,False,normal
2026-01-02 18:00:00,Building_A,134.31,False,normal
2026-01-02 19:00:00,Building_A,58.28,False,normal
2026-01-02 20:00:00,Building_A,58.79,False,normal
2026-01-02 21:00:00,Building_A,62.06,False,normal
2026-01-02 22:00:00,Building_A,58.82,False,normal
2026-01-02 23:00:00,Building_A,61.09,False,normal
2026-01-03 00:00:00,Building_A,58.04,False,normal
2026-01-03 01:00:00,Building_A,59.14,False,normal
2026-01-03 02:00:00,Building_A,60.85,False,normal
2026-01-03 03:00:00,Building_A,50.41,False,normal
2026-01-03 04:00:00,Building_A,56.1,False,normal
2026-01-03 05:00:00,Building_A,55.35,False,normal
2026-01-03 06:00:00,Building_A,54.5,False,normal
2026-01-03 07:00:00,Building_A,56.32,False,normal
2026-01-03 08:00:00,Building_A,65.17,False,normal
2026-01-03 09:00:00,Building_A,53.37,False,normal
2026-01-03 10:00:00,Building_A,62.54,False,normal
2026-01-03 11:00:00,Building_A,49.28,False,normal
2026-01-03 12:00:00,Building_A,56.02,False,normal
2026-01-03 13:00:00,Building_A,58.51,False,normal
2026-01-03 14:00:00,Building_A,60.63,False,normal
2026-01-03 15:00:00,Building_A,61.25,False,normal
2026-01-03 16:00:00,Building_A,61.67,False,normal
2026-01-03 17:00:00,Building_A,55.95,False,normal
2026-01-03 18:00:00,Building_A,55.39,False,normal
2026-01-03 19:00:00,Building_A,61.99,False,normal
2026-01-03 20:00:00,Building_A,56.74,False,normal
2026-01-03 21:00:00,Building_A,51.32,False,normal
2026-01-03 22:00:00,Building_A,52.03,False,normal
2026-01-03 23:00:00,Building_A,53.1,False,normal
2026-01-04 00:00:00,Building_A,60.18,False,normal
2026-01-04 01:00:00,Building_A,58.41,False,normal
2026-01-04 02:00:00,Building_A,61.15,False,normal
2026-01-04 03:00:00,Building_A,55.56,False,normal
2026-01-04 04:00:00,Building_A,58.49,False,normal
2026-01-04 05:00:00,Building_A,60.83,False,normal
2026-01-04 06:00:00,Building_A,56.15,False,normal
2026-01-04 07:00:00,Building_A,59.98,False,normal
2026-01-04 08:00:00,Building_A,54.39,False,normal
2026-01-04 09:00:00,Building_A,55.88,False,normal
2026-01-04 10:00:00,Building_A,55.79,False,normal
2026-01-04 11:00:00,Building_A,51.72,False,normal
2026-01-04 12:00:00,Building_A,60.13,False,normal
2026-01-04 13:00:00,Building_A,55.35,False,normal
2026-01-04 14:00:00,Building_A,57.76,False,normal
2026-01-04 15:00:00,Building_A,60.1,False,normal
2026-01-04 16:00:00,Building_A,59.93,False,normal
2026-01-04 17:00:00,Building_A,61.03,False,normal
2026-01-04 18:00:00,Building_A,57.21,False,normal
2026-01-04 19:00:00,Building_A,55.58,False,normal
2026-01-04 20:00:00,Building_A,57.3,False,normal
2026-01-04 21:00:00,Building_A,49.26,False,normal
2026-01-04 22:00:00,Building_A,50.46,False,normal
2026-01-04 23:00:00,Building_A,51.08,False,normal
2026-01-05 00:00:00,Building_A,52.71,False,normal
2026-01-05 01:00:00,Building_A,59.7,False,normal
2026-01-05 02:00:00,Building_A,53.17,False,normal
2026-01-05 03:00:00,Building_A,55.81,False,normal
2026-01-05 04:00:00,Building_A,64.19,False,normal
2026-01-05 05:00:00,Building_A,55.92,False,normal
2026-01-05 06:00:00,Building_A,61.39,False,normal
2026-01-05 07:00:00,Building_A,53.03,False,normal
2026-01-05 08:00:00,Building_A,132.12,False,normal
2026-01-05 09:00:00,Building_A,128.4,False,normal
2026-01-05 10:00:00,Building_A,131.45,False,normal
2026-01-05 11:00:00,Building_A,137.35,False,normal
2026-01-05 12:00:00,Building_A,124.51,False,normal
2026-01-05 13:00:00,Building_A,135.32,False,normal
2026-01-05 14:00:00,Building_A,134.34,False,normal
2026-01-05 15:00:00,Building_A,130.18,False,normal
2026-01-05 16:00:00,Building_A,125.92,False,normal
2026-01-05 17:00:00,Building_A,133.51,False,normal
2026-01-05 18:00:00,Building_A,130.5,False,normal
2026-01-05 19:00:00,Building_A,58.86,False,normal
2026-01-05 20:00:00,Building_A,57.81,False,normal
2026-01-05 21:00:00,Building_A,65.71,False,normal
2026-01-05 22:00:00,Building_A,56.5,False,normal
2026-01-05 23:00:00,Building_A,52.58,False,normal
2026-01-06 00:00:00,Building_A,58.59,False,normal
2026-01-06 01:00:00,Building_A,58.8,False,normal
2026-01-06 02:00:00,Building_A,64.49,False,normal
2026-01-06 03:00:00,Building_A,61.87,False,normal
2026-01-06 04:00:00,Building_A,59.48,False,normal
2026-01-06 05:00:00,Building_A,65.01,False,normal
2026-01-06 06:00:00,Building_A,51.75,False,normal
2026-01-06 07:00:00,Building_A,54.5,False,normal
2026-01-06 08:00:00,Building_A,128.52,False,normal
2026-01-06 09:00:00,Building_A,131.2,False,normal
2026-01-06 10:00:00,Building_A,126.27,False,normal
2026-01-06 11:00:00,Building_A,136.33,False,normal
2026-01-06 12:00:00,Building_A,132.04,False,normal
2026-01-06 13:00:00,Building_A,125.8,False,normal
2026-01-06 14:00:00,Building_A,128.07,False,normal
2026-01-06 15:00:00,Building_A,134.72,False,normal
2026-01-06 16:00:00,Building_A,137.34,False,normal
2026-01-06 17:00:00,Building_A,143.13,False,normal
2026-01-06 18:00:00,Building_A,147.72,False,normal
2026-01-06 19:00:00,Building_A,59.77,False,normal
2026-01-06 20:00:00,Building_A,52.75,False,normal
2026-01-06 21:00:00,Building_A,47.04,False,normal
2026-01-06 22:00:00,Building_A,59.04,False,normal
2026-01-06 23:00:00,Building_A,53.63,False,normal
2026-01-07 00:00:00,Building_A,55.62,False,normal
2026-01-07 01:00:00,Building_A,54.64,False,normal
2026-01-07 02:00:00,Building_A,56.99,False,normal
2026-01-07 03:00:00,Building_A,63.03,False,normal
2026-01-07 04:00:00,Building_A,58.48,False,normal
2026-01-07 05:00:00,Building_A,56.91,False,normal
2026-01-07 06:00:00,Building_A,52.52,False,normal
2026-01-07 07:00:00,Building_A,49.32,False,normal
2026-01-07 08:00:00,Building_A,130.72,False,normal
2026-01-07 09:00:00,Building_A,132.88,False,normal
2026-01-07 10:00:00,Building_A,141.99,False,normal
2026-01-07 11:00:00,Building_A,133.8,False,normal
2026-01-07 12:00:00,Building_A,138.06,False,normal
2026-01-07 13:00:00,Building_A,130.65,False,normal
2026-01-07 14:00:00,Building_A,127.23,False,normal
2026-01-07 15:00:00,Building_A,128.32,False,normal
2026-01-07 16:00:00,Building_A,129.52,False,normal
2026-01-07 17:00:00,Building_A,143.79,False,normal
2026-01-07 18:00:00,Building_A,129.04,False,normal
2026-01-07 19:00:00,Building_A,61.89,False,normal
2026-01-07 20:00:00,Building_A,53.18,False,normal
2026-01-07 21:00:00,Building_A,62.36,False,normal
2026-01-07 22:00:00,Building_A,59.62,False,normal
2026-01-07 23:00:00,Building_A,56.92,False,normal
2026-01-08 00:00:00,Building_A,57.49,False,normal
2026-01-08 01:00:00,Building_A,54.42,False,normal
2026-01-08 02:00:00,Building_A,59.93,False,normal
2026-01-08 03:00:00,Building_A,55.42,False,normal
2026-01-08 04:00:00,Building_A,51.57,False,normal
2026-01-08 05:00:00,Building_A,51.31,False,normal
2026-01-08 06:00:00,Building_A,58.56,False,normal
2026-01-08 07:00:00,Building_A,65.59,False,normal
2026-01-08 08:00:00,Building_A,133.95,False,normal
2026-01-08 09:00:00,Building_A,132.56,False,normal
2026-01-08 10:00:00,Building_A,134.58,False,normal
2026-01-08 11:00:00,Building_A,139.68,False,normal
2026-01-08 12:00:00,Building_A,134.25,False,normal
2026-01-08 13:00:00,Building_A,131.1,False,normal
2026-01-08 14:00:00,Building_A,138.68,False,normal
2026-01-08 15:00:00,Building_A,135.29,False,normal
2026-01-08 16:00:00,Building_A,140.83,False,normal
2026-01-08 17:00:00,Building_A,134.07,False,normal
2026-01-08 18:00:00,Building_A,127.03,False,normal
2026-01-08 19:00:00,Building_A,50.86,False,normal
2026-01-08 20:00:00,Building_A,65.95,False,normal
2026-01-08 21:00:00,Building_A,66.32,False,normal
2026-01-08 22:00:00,Building_A,56.8,False,normal
2026-01-08 23:00:00,Building_A,55.78,False,normal
2026-01-09 00:00:00,Building_A,65.01,False,normal
2026-01-09 01:00:00,Building_A,52.16,False,normal
2026-01-09 02:00:00,Building_A,53.22,False,normal
2026-01-09 03:00:00,Building_A,60.91,False,normal
2026-01-09 04:00:00,Building_A,55.73,False,normal
2026-01-09 05:00:00,Building_A,57.67,False,normal
2026-01-09 06:00:00,Building_A,56.88,False,normal
2026-01-09 07:00:00,Building_A,59.39,False,normal
2026-01-09 08:00:00,Building_A,140.19,False,normal
2026-01-09 09:00:00,Building_A,133.6,False,normal
2026-01-09 10:00:00,Building_A,136.37,False,normal
2026-01-09 11:00:00,Building_A,122.9,False,normal
2026-01-09 12:00:00,Building_A,132.91,False,normal
2026-01-09 13:00:00,Building_A,128.93,False,normal
2026-01-09 14:00:00,Building_A,127.06,False,normal
2026-01-09 15:00:00,Building_A,128.76,False,normal
2026-01-09 16:00:00,Building_A,131.48,False,normal
2026-01-09 17:00:00,Building_A,137.73,False,normal
2026-01-09 18:00:00,Building_A,126.52,False,normal
2026-01-09 19:00:00,Building_A,57.85,False,normal
2026-01-09 20:00:00,Building_A,55.28,False,normal
2026-01-09 21:00:00,Building_A,56.06,False,normal
2026-01-09 22:00:00,Building_A,62.71,False,normal
2026-01-09 23:00:00,Building_A,60.39,False,normal
2026-01-10 00:00:00,Building_A,64.39,False,normal
2026-01-10 01:00:00,Building_A,56.93,False,normal
2026-01-10 02:00:00,Building_A,54.22,False,normal
2026-01-10 03:00:00,Building_A,56.58,False,normal
2026-01-10 04:00:00,Building_A,58.91,False,normal
2026-01-10 05:00:00,Building_A,58.58,False,normal
2026-01-10 06:00:00,Building_A,52.28,False,normal
2026-01-10 07:00:00,Building_A,58.15,False,normal
2026-01-10 08:00:00,Building_A,58.84,False,normal
2026-01-10 09:00:00,Building_A,70.29,False,normal
2026-01-10 10:00:00,Building_A,67.08,False,normal
2026-01-10 11:00:00,Building_A,53.43,False,normal
2026-01-10 12:00:00,Building_A,56.26,False,normal
2026-01-10 13:00:00,Building_A,50.38,False,normal
2026-01-10 14:00:00,Building_A,54.74,False,normal
2026-01-10 15:00:00,Building_A,59.28,False,normal
2026-01-10 16:00:00,Building_A,63.73,False,normal
2026-01-10 17:00:00,Building_A,54.05,False,normal
2026-01-10 18:00:00,Building_A,54.43,False,normal
2026-01-10 19:00:00,Building_A,46.96,False,normal
2026-01-10 20:00:00,Building_A,56.88,False,normal
2026-01-10 21:00:00,Building_A,52.39,False,normal
2026-01-10 22:00:00,Building_A,55.05,False,normal
2026-01-10 23:00:00,Building_A,53.31,False,normal
2026-01-11 00:00:00,Building_A,57.23,False,normal
2026-01-11 01:00:00,Building_A,48.91,False,normal
2026-01-11 02:00:00,Building_A,50.36,False,normal
2026-01-11 03:00:00,Building_A,68.34,False,normal
2026-01-11 04:00:00,Building_A,51.26,False,normal
2026-01-11 05:00:00,Building_A,52.21,False,normal
2026-01-11 06:00:00,Building_A,66.88,False,normal
2026-01-11 07:00:00,Building_A,72.22,False,normal
2026-01-11 08:00:00,Building_A,51.84,False,normal
2026-01-11 09:00:00,Building_A,55.86,False,normal
2026-01-11 10:00:00,Building_A,59.41,False,normal
2026-01-11 11:00:00,Building_A,66.34,False,normal
2026-01-11 12:00:00,Building_A,52.76,False,normal
2026-01-11 13:00:00,Building_A,56.47,False,normal
2026-01-11 14:00:00,Building_A,61.58,False,normal
2026-01-11 15:00:00,Building_A,59.87,False,normal
2026-01-11 16:00:00,Building_A,55.82,False,normal
2026-01-11 17:00:00,Building_A,57.03,False,normal
2026-01-11 18:00:00,Building_A,50.82,False,normal
2026-01-11 19:00:00,Building_A,56.51,False,normal
2026-01-11 20:00:00,Building_A,56.37,False,normal
2026-01-11 21:00:00,Building_A,58.86,False,normal
2026-01-11 22:00:00,Building_A,54.92,False,normal
2026-01-11 23:00:00,Building_A,60.06,False,normal
2026-01-12 00:00:00,Building_A,62.76,False,normal
2026-01-12 01:00:00,Building_A,58.48,False,normal
2026-01-12 02:00:00,Building_A,59.46,False,normal
2026-01-12 03:00:00,Building_A,57.96,False,normal
2026-01-12 04:00:00,Building_A,57.7,False,normal
2026-01-12 05:00:00,Building_A,54.09,False,normal
2026-01-12 06:00:00,Building_A,59.28,False,normal
2026-01-12 07:00:00,Building_A,57.21,False,normal
2026-01-12 08:00:00,Building_A,143.62,False,normal
2026-01-12 09:00:00,Building_A,141.02,False,normal
2026-01-12 10:00:00,Building_A,135.08,False,normal
2026-01-12 11:00:00,Building_A,129.33,False,normal
2026-01-12 12:00:00,Building_A,127.59,False,normal
2026-01-12 13:00:00,Building_A,139.11,False,normal
2026-01-12 14:00:00,Building_A,134.46,False,normal
2026-01-12 15:00:00,Building_A,135.55,False,normal
2026-01-12 16:00:00,Building_A,124.43,False,normal
2026-01-12 17:00:00,Building_A,137.79,False,normal
2026-01-12 18:00:00,Building_A,135.42,False,normal
2026-01-12 19:00:00,Building_A,52.15,False,normal
2026-01-12 20:00:00,Building_A,55.34,False,normal
2026-01-12 21:00:00,Building_A,59.02,False,normal
2026-01-12 22:00:00,Building_A,57.96,False,normal
2026-01-12 23:00:00,Building_A,56.24,False,normal
2026-01-13 00:00:00,Building_A,57.18,False,normal
2026-01-13 01:00:00,Building_A,56.44,False,normal
2026-01-13 02:00:00,Building_A,58.46,False,normal
2026-01-13 03:00:00,Building_A,65.06,False,normal
2026-01-13 04:00:00,Building_A,44.86,False,normal
2026-01-13 05:00:00,Building_A,56.51,False,normal
2026-01-13 06:00:00,Building_A,58.58,False,normal
2026-01-13 07:00:00,Building_A,59.18,False,normal
2026-01-13 08:00:00,Building_A,131.29,False,normal
2026-01-13 09:00:00,Building_A,124.37,False,normal
2026-01-13 10:00:00,Building_A,134.79,False,normal
2026-01-13 11:00:00,Building_A,141.79,False,normal
2026-01-13 12:00:00,Building_A,125.48,False,normal
2026-01-13 13:00:00,Building_A,137.47,False,normal
2026-01-13 14:00:00,Building_A,131.51,False,normal
2026-01-13 15:00:00,Building_A,132.84,False,normal
2026-01-13 16:00:00,Building_A,127.89,False,normal
2026-01-13 17:00:00,Building_A,131.48,False,normal
2026-01-13 18:00:00,Building_A,139.65,False,normal
2026-01-13 19:00:00,Building_A,60.61,False,normal
2026-01-13 20:00:00,Building_A,66.36,False,normal
2026-01-13 21:00:00,Building_A,63.59,False,normal
2026-01-13 22:00:00,Building_A,59.89,False,normal
2026-01-13 23:00:00,Building_A,66.42,False,normal
2026-01-14 00:00:00,Building_A,59.89,False,normal
2026-01-14 01:00:00,Building_A,61.84,False,normal
2026-01-14 02:00:00,Building_A,56.22,False,normal
2026-01-14 03:00:00,Building_A,58.03,False,normal
2026-01-14 04:00:00,Building_A,54.21,False,normal
2026-01-14 05:00:00,Building_A,62.65,False,normal
2026-01-14 06:00:00,Building_A,51.81,False,normal
2026-01-14 07:00:00,Building_A,61.61,False,normal
2026-01-14 08:00:00,Building_A,132.2,False,normal
2026-01-14 09:00:00,Building_A,139.01,False,normal
2026-01-14 10:00:00,Building_A,136.9,False,normal
2026-01-14 11:00:00,Building_A,142.25,False,normal
2026-01-14 12:00:00,Building_A,136.8,False,normal
2026-01-14 13:00:00,Building_A,125.29,False,normal
2026-01-14 14:00:00,Building_A,132.82,False,normal
2026-01-14 15:00:00,Building_A,127.29,False,normal
2026-01-14 16:00:00,Building_A,130.56,False,normal
2026-01-14 17:00:00,Building_A,140.71,False,normal
2026-01-14 18:00:00,Building_A,136.34,False,normal
2026-01-14 19:00:00,Building_A,54.2,False,normal
2026-01-14 20:00:00,Building_A,52.63,False,normal
2026-01-14 21:00:00,Building_A,57.86,False,normal
2026-01-14 22:00:00,Building_A,51.62,False,normal
2026-01-14 23:00:00,Building_A,54.34,False,normal
2026-01-15 00:00:00,Building_A,59.26,False,normal
2026-01-15 01:00:00,Building_A,63.47,False,normal
2026-01-15 02:00:00,Building_A,60.74,False,normal
2026-01-15 03:00:00,Building_A,46.24,False,normal
2026-01-15 04:00:00,Building_A,59.22,False,normal
2026-01-15 05:00:00,Building_A,58.06,False,normal
2026-01-15 06:00:00,Building_A,59.77,False,normal
2026-01-15 07:00:00,Building_A,65.78,False,normal
2026-01-15 08:00:00,Building_A,122.83,False,normal
2026-01-15 09:00:00,Building_A,130.19,False,normal
2026-01-15 10:00:00,Building_A,136.1,False,normal
2026-01-15 11:00:00,Building_A,125.24,False,normal
2026-01-15 12:00:00,Building_A,140.53,False,normal
2026-01-15 13:00:00,Building_A,134.99,False,normal
2026-01-15 14:00:00,Building_A,137.38,False,normal
2026-01-15 15:00:00,Building_A,130.3,False,normal
2026-01-15 16:00:00,Building_A,137.22,False,normal
2026-01-15 17:00:00,Building_A,138.49,False,normal
2026-01-15 18:00:00,Building_A,134.31,False,normal
2026-01-15 19:00:00,Building_A,58.87,False,normal
2026-01-15 20:00:00,Building_A,59.05,False,normal
2026-01-15 21:00:00,Building_A,53.38,False,normal
2026-01-15 22:00:00,Building_A,56.96,False,normal
2026-01-15 23:00:00,Building_A,56.94,False,normal
2026-01-16 00:00:00,Building_A,59.62,False,normal
2026-01-16 01:00:00,Building_A,62.7,False,normal
2026-01-16 02:00:00,Building_A,52.41,False,normal
2026-01-16 03:00:00,Building_A,57.07,False,normal
2026-01-16 04:00:00,Building_A,65.11,False,normal
2026-01-16 05:00:00,Building_A,53.98,False,normal
2026-01-16 06:00:00,Building_A,53.59,False,normal
2026-01-16 07:00:00,Building_A,58.71,False,normal
2026-01-16 08:00:00,Building_A,137.37,False,normal
2026-01-16 09:00:00,Building_A,133.21,False,normal
2026-01-16 10:00:00,Building_A,139.79,False,normal
2026-01-16 11:00:00,Building_A,137.43,False,normal
2026-01-16 12:00:00,Building_A,137.36,False,normal
2026-01-16 13:00:00,Building_A,135.92,False,normal
2026-01-16 14:00:00,Building_A,144.79,False,normal
2026-01-16 15:00:00,Building_A,132.12,False,normal
2026-01-16 16:00:00,Building_A,123.13,False,normal
2026-01-16 17:00:00,Building_A,141.17,False,normal
2026-01-16 18:00:00,Building_A,130.86,False,normal
2026-01-16 19:00:00,Building_A,58.24,False,normal
2026-01-16 20:00:00,Building_A,64.25,False,normal
2026-01-16 21:00:00,Building_A,49.69,False,normal
2026-01-16 22:00:00,Building_A,51.44,False,normal
2026-01-16 23:00:00,Building_A,49.69,False,normal
2026-01-17 00:00:00,Building_A,53.73,False,normal
2026-01-17 01:00:00,Building_A,59.9,False,normal
2026-01-17 02:00:00,Building_A,60.32,False,normal
2026-01-17 03:00:00,Building_A,59.08,False,normal
2026-01-17 04:00:00,Building_A,50.63,False,normal
2026-01-17 05:00:00,Building_A,46.15,False,normal
2026-01-17 06:00:00,Building_A,57.97,False,normal
2026-01-17 07:00:00,Building_A,55.34,False,normal
2026-01-17 08:00:00,Building_A,60.0,False,normal
2026-01-17 09:00:00,Building_A,61.21,False,normal
2026-01-17 10:00:00,Building_A,58.39,False,normal
2026-01-17 11:00:00,Building_A,61.5,False,normal
2026-01-17 12:00:00,Building_A,58.84,False,normal
2026-01-17 13:00:00,Building_A,60.35,False,normal
2026-01-17 14:00:00,Building_A,54.17,False,normal
2026-01-17 15:00:00,Building_A,56.8,False,normal
2026-01-17 16:00:00,Building_A,58.68,False,normal
2026-01-17 17:00:00,Building_A,61.8,False,normal
2026-01-17 18:00:00,Building_A,55.73,False,normal
2026-01-17 19:00:00,Building_A,60.3,False,normal
2026-01-17 20:00:00,Building_A,56.37,False,normal
2026-01-17 21:00:00,Building_A,57.11,False,normal
2026-01-17 22:00:00,Building_A,61.85,False,normal
2026-01-17 23:00:00,Building_A,47.73,False,normal
2026-01-18 00:00:00,Building_A,51.22,False,normal
2026-01-18 01:00:00,Building_A,50.29,False,normal
2026-01-18 02:00:00,Building_A,46.03,False,normal
2026-01-18 03:00:00,Building_A,54.31,False,normal
2026-01-18 04:00:00,Building_A,61.45,False,normal
2026-01-18 05:00:00,Building_A,56.27,False,normal
2026-01-18 06:00:00,Building_A,58.69,False,normal
2026-01-18 07:00:00,Building_A,63.14,False,normal
2026-01-18 08:00:00,Building_A,64.34,False,normal
2026-01-18 09:00:00,Building_A,57.35,False,normal
2026-01-18 10:00:00,Building_A,64.47,False,normal
2026-01-18 11:00:00,Building_A,58.16,False,normal
2026-01-18 12:00:00,Building_A,53.51,False,normal
2026-01-18 13:00:00,Building_A,54.73,False,normal
2026-01-18 14:00:00,Building_A,50.3,False,normal
2026-01-18 15:00:00,Building_A,53.26,False,normal
2026-01-18 16:00:00,Building_A,55.91,False,normal
2026-01-18 17:00:00,Building_A,61.72,False,normal
2026-01-18 18:00:00,Building_A,66.3,False,normal
2026-01-18 19:00:00,Building_A,50.79,False,normal
2026-01-18 20:00:00,Building_A,59.66,False,normal
2026-01-18 21:00:00,Building_A,52.5,False,normal
2026-01-18 22:00:00,Building_A,60.07,False,normal
2026-01-18 23:00:00,Building_A,57.04,False,normal
2026-01-19 00:00:00,Building_A,48.54,False,normal
2026-01-19 01:00:00,Building_A,62.34,False,normal
2026-01-19 02:00:00,Building_A,54.67,False,normal
2026-01-19 03:00:00,Building_A,55.03,False,normal
2026-01-19 04:00:00,Building_A,52.35,False,normal
2026-01-19 05:00:00,Building_A,54.43,False,normal
2026-01-19 06:00:00,Building_A,59.84,False,normal
2026-01-19 07:00:00,Building_A,56.75,False,normal
2026-01-19 08:00:00,Building_A,134.79,False,normal
2026-01-19 09:00:00,Building_A,134.96,False,normal
2026-01-19 10:00:00,Building_A,139.75,False,normal
2026-01-19 11:00:00,Building_A,131.44,False,normal
2026-01-19 12:00:00,Building_A,125.77,False,normal
2026-01-19 13:00:00,Building_A,138.49,False,normal
2026-01-19 14:00:00,Building_A,131.49,False,normal
2026-01-19 15:00:00,Building_A,138.72,False,normal
2026-01-19 16:00:00,Building_A,135.07,False,normal
2026-01-19 17:00:00,Building_A,132.49,False,normal
2026-01-19 18:00:00,Building_A,134.89,False,normal
2026-01-19 19:00:00,Building_A,67.45,False,normal
2026-01-19 20:00:00,Building_A,68.08,False,normal
2026-01-19 21:00:00,Building_A,58.05,False,normal
2026-01-19 22:00:00,Building_A,58.5,False,normal
2026-01-19 23:00:00,Building_A,63.08,False,normal
2026-01-20 00:00:00,Building_A,53.47,False,normal
2026-01-20 01:00:00,Building_A,59.36,False,normal
2026-01-20 02:00:00,Building_A,57.57,False,normal
2026-01-20 03:00:00,Building_A,59.27,False,normal
2026-01-20 04:00:00,Building_A,53.53,False,normal
2026-01-20 05:00:00,Building_A,49.75,False,normal
2026-01-20 06:00:00,Building_A,47.33,False,normal
2026-01-20 07:00:00,Building_A,52.11,False,normal
2026-01-20 08:00:00,Building_A,130.86,False,normal
2026-01-20 09:00:00,Building_A,131.68,False,normal
2026-01-20 10:00:00,Building_A,142.84,False,normal
2026-01-20 11:00:00,Building_A,138.68,False,normal
2026-01-20 12:00:00,Building_A,128.34,False,normal
2026-01-20 13:00:00,Building_A,134.89,False,normal
2026-01-20 14:00:00,Building_A,131.11,False,normal
2026-01-20 15:00:00,Building_A,131.73,False,normal
2026-01-20 16:00:00,Building_A,134.08,False,normal
2026-01-20 17:00:00,Building_A,136.25,False,normal
2026-01-20 18:00:00,Building_A,131.45,False,normal
2026-01-20 19:00:00,Building_A,63.02,False,normal
2026-01-20 20:00:00,Building_A,51.99,False,normal
2026-01-20 21:00:00,Building_A,57.73,False,normal
2026-01-20 22:00:00,Building_A,70.69,False,normal
2026-01-20 23:00:00,Building_A,58.81,False,normal
2026-01-21 00:00:00,Building_A,64.86,False,normal
2026-01-21 01:00:00,Building_A,58.16,False,normal
2026-01-21 02:00:00,Building_A,60.6,False,normal
2026-01-21 03:00:00,Building_A,57.41,False,normal
2026-01-21 04:00:00,Building_A,56.85,False,normal
2026-01-21 05:00:00,Building_A,53.8,False,normal
2026-01-21 06:00:00,Building_A,59.85,False,normal
2026-01-21 07:00:00,Building_A,53.44,False,normal
2026-01-21 08:00:00,Building_A,136.48,False,normal
2026-01-21 09:00:00,Building_A,138.58,False,normal
2026-01-21 10:00:00,Building_A,134.98,False,normal
2026-01-21 11:00:00,Building_A,131.72,False,normal
2026-01-21 12:00:00,Building_A,135.42,False,normal
2026-01-21 13:00:00,Building_A,131.61,False,normal
2026-01-21 14:00:00,Building_A,137.83,False,normal
2026-01-21 15:00:00,Building_A,123.99,False,normal
2026-01-21 16:00:00,Building_A,131.47,False,normal
2026-01-21 17:00:00,Building_A,123.2,False,normal
2026-01-21 18:00:00,Building_A,125.67,False,normal
2026-01-21 19:00:00,Building_A,64.52,False,normal
2026-01-21 20:00:00,Building_A,62.17,False,normal
2026-01-21 21:00:00,Building_A,54.1,False,normal
2026-01-21 22:00:00,Building_A,50.19,False,normal
2026-01-21 23:00:00,Building_A,42.88,False,normal
2026-01-22 00:00:00,Building_A,54.98,False,normal
2026-01-22 01:00:00,Building_A,69.8,False,normal
2026-01-22 02:00:00,Building_A,59.87,False,normal
2026-01-22 03:00:00,Building_A,54.9,False,normal
2026-01-22 04:00:00,Building_A,60.02,False,normal
2026-01-22 05:00:00,Building_A,49.89,False,normal
2026-01-22 06:00:00,Building_A,56.21,False,normal
2026-01-22 07:00:00,Building_A,58.2,False,normal
2026-01-22 08:00:00,Building_A,132.72,False,normal
2026-01-22 09:00:00,Building_A,137.1,False,normal
2026-01-22 10:00:00,Building_A,134.87,False,normal
2026-01-22 11:00:00,Building_A,136.49,False,normal
2026-01-22 12:00:00,Building_A,129.71,False,normal
2026-01-22 13:00:00,Building_A,137.64,False,normal
2026-01-22 14:00:00,Building_A,141.29,False,normal
2026-01-22 15:00:00,Building_A,128.3,False,normal
2026-01-22 16:00:00,Building_A,128.71,False,normal
2026-01-22 17:00:00,Building_A,139.83,False,normal
2026-01-22 18:00:00,Building_A,132.19,False,normal
2026-01-22 19:00:00,Building_A,64.72,False,normal
2026-01-22 20:00:00,Building_A,55.49,False,normal
2026-01-22 21:00:00,Building_A,64.97,False,normal
2026-01-22 22:00:00,Building_A,58.36,False,normal
2026-01-22 23:00:00,Building_A,58.99,False,normal
2026-01-23 00:00:00,Building_A,65.52,False,normal
2026-01-23 01:00:00,Building_A,55.89,False,normal
2026-01-23 02:00:00,Building_A,52.99,False,normal
2026-01-23 03:00:00,Building_A,55.46,False,normal
2026-01-23 04:00:00,Building_A,59.96,False,normal
2026-01-23 05:00:00,Building_A,49.87,False,normal
2026-01-23 06:00:00,Building_A,60.89,False,normal
2026-01-23 07:00:00,Building_A,55.0,False,normal
2026-01-23 08:00:00,Building_A,138.89,False,normal
2026-01-23 09:00:00,Building_A,121.18,False,normal
2026-01-23 10:00:00,Building_A,129.22,False,normal
2026-01-23 11:00:00,Building_A,124.72,False,normal
2026-01-23 12:00:00,Building_A,129.02,False,normal
2026-01-23 13:00:00,Building_A,134.39,False,normal
2026-01-23 14:00:00,Building_A,132.25,False,normal
2026-01-23 15:00:00,Building_A,131.88,False,normal
2026-01-23 16:00:00,Building_A,132.35,False,normal
2026-01-23 17:00:00,Building_A,134.17,False,normal
2026-01-23 18:00:00,Building_A,128.11,False,normal
2026-01-23 19:00:00,Building_A,61.23,False,normal
2026-01-23 20:00:00,Building_A,61.01,False,normal
2026-01-23 21:00:00,Building_A,59.62,False,normal
2026-01-23 22:00:00,Building_A,60.48,False,normal
2026-01-23 23:00:00,Building_A,59.18,False,normal
2026-01-24 00:00:00,Building_A,67.87,False,normal
2026-01-24 01:00:00,Building_A,57.26,False,normal
2026-01-24 02:00:00,Building_A,56.16,False,normal
2026-01-24 03:00:00,Building_A,53.93,False,normal
2026-01-24 04:00:00,Building_A,52.54,False,normal
2026-01-24 05:00:00,Building_A,51.48,False,normal
2026-01-24 06:00:00,Building_A,53.25,False,normal
2026-01-24 07:00:00,Building_A,57.34,False,normal
2026-01-24 08:00:00,Building_A,59.37,False,normal
2026-01-24 09:00:00,Building_A,57.95,False,normal
2026-01-24 10:00:00,Building_A,53.87,False,normal
2026-01-24 11:00:00,Building_A,62.2,False,normal
2026-01-24 12:00:00,Building_A,61.4,False,normal
2026-01-24 13:00:00,Building_A,56.9,False,normal
2026-01-24 14:00:00,Building_A,54.43,False,normal
2026-01-24 15:00:00,Building_A,60.44,False,normal
2026-01-24 16:00:00,Building_A,58.64,False,normal
2026-01-24 17:00:00,Building_A,50.46,False,normal
2026-01-24 18:00:00,Building_A,57.36,False,normal
2026-01-24 19:00:00,Building_A,59.01,False,normal
2026-01-24 20:00:00,Building_A,53.2,False,normal
2026-01-24 21:00:00,Building_A,58.65,False,normal
2026-01-24 22:00:00,Building_A,50.42,False,normal
2026-01-24 23:00:00,Building_A,64.38,False,normal
2026-01-25 00:00:00,Building_A,63.94,False,normal
2026-01-25 01:00:00,Building_A,56.44,False,normal
2026-01-25 02:00:00,Building_A,59.52,False,normal
2026-01-25 03:00:00,Building_A,45.65,False,normal
2026-01-25 04:00:00,Building_A,51.92,False,normal
2026-01-25 05:00:00,Building_A,56.23,False,normal
2026-01-25 06:00:00,Building_A,52.34,False,normal
2026-01-25 07:00:00,Building_A,61.27,False,normal
2026-01-25 08:00:00,Building_A,67.68,False,normal
2026-01-25 09:00:00,Building_A,51.82,False,normal
2026-01-25 10:00:00,Building_A,53.51,False,normal
2026-01-25 11:00:00,Building_A,58.88,False,normal
2026-01-25 12:00:00,Building_A,65.75,False,normal
2026-01-25 13:00:00,Building_A,51.59,False,normal
2026-01-25 14:00:00,Building_A,58.94,False,normal
2026-01-25 15:00:00,Building_A,66.8,False,normal
2026-01-25 16:00:00,Building_A,49.44,False,normal
2026-01-25 17:00:00,Building_A,51.29,False,normal
2026-01-25 18:00:00,Building_A,55.58,False,normal
2026-01-25 19:00:00,Building_A,55.1,False,normal
2026-01-25 20:00:00,Building_A,61.76,False,normal
2026-01-25 21:00:00,Building_A,58.91,False,normal
2026-01-25 22:00:00,Building_A,48.82,False,normal
2026-01-25 23:00:00,Building_A,60.28,False,normal
2026-01-26 00:00:00,Building_A,54.81,False,normal
2026-01-26 01:00:00,Building_A,64.07,False,normal
2026-01-26 02:00:00,Building_A,54.56,False,normal
2026-01-26 03:00:00,Building_A,54.52,False,normal
2026-01-26 04:00:00,Building_A,60.4,False,normal
2026-01-26 05:00:00,Building_A,61.51,False,normal
2026-01-26 06:00:00,Building_A,59.94,False,normal
2026-01-26 07:00:00,Building_A,49.27,False,normal
2026-01-26 08:00:00,Building_A,135.84,False,normal
2026-01-26 09:00:00,Building_A,127.98,False,normal
2026-01-26 10:00:00,Building_A,134.33,False,normal
2026-01-26 11:00:00,Building_A,126.03,False,normal
2026-01-26 12:00:00,Building_A,135.38,False,normal
2026-01-26 13:00:00,Building_A,129.12,False,normal
2026-01-26 14:00:00,Building_A,126.74,False,normal
2026-01-26 15:00:00,Building_A,136.72,False,normal
2026-01-26 16:00:00,Building_A,134.36,False,normal
2026-01-26 17:00:00,Building_A,130.08,False,normal
2026-01-26 18:00:00,Building_A,140.41,False,normal
2026-01-26 19:00:00,Building_A,55.5,False,normal
2026-01-26 20:00:00,Building_A,57.86,False,normal
2026-01-26 21:00:00,Building_A,59.04,False,normal
2026-01-26 22:00:00,Building_A,54.6,False,normal
2026-01-26 23:00:00,Building_A,60.05,False,normal
2026-01-27 00:00:00,Building_A,55.03,False,normal
2026-01-27 01:00:00,Building_A,55.64,False,normal
2026-01-27 02:00:00,Building_A,64.51,False,normal
2026-01-27 03:00:00,Building_A,52.5,False,normal
2026-01-27 04:00:00,Building_A,45.63,False,normal
2026-01-27 05:00:00,Building_A,65.75,False,normal
2026-01-27 06:00:00,Building_A,70.44,False,normal
2026-01-27 07:00:00,Building_A,55.67,False,normal
2026-01-27 08:00:00,Building_A,123.47,False,normal
2026-01-27 09:00:00,Building_A,131.6,False,normal
2026-01-27 10:00:00,Building_A,131.72,False,normal
2026-01-27 11:00:00,Building_A,132.2,False,normal
2026-01-27 12:00:00,Building_A,127.58,False,normal
2026-01-27 13:00:00,Building_A,136.05,False,normal
2026-01-27 14:00:00,Building_A,135.77,False,normal
2026-01-27 15:00:00,Building_A,125.68,False,normal
2026-01-27 16:00:00,Building_A,136.65,False,normal
2026-01-27 17:00:00,Building_A,143.41,False,normal
2026-01-27 18:00:00,Building_A,134.01,False,normal
2026-01-27 19:00:00,Building_A,56.01,False,normal
2026-01-27 20:00:00,Building_A,56.99,False,normal
2026-01-27 21:00:00,Building_A,60.77,False,normal
2026-01-27 22:00:00,Building_A,49.04,False,normal
2026-01-27 23:00:00,Building_A,58.52,False,normal
2026-01-28 00:00:00,Building_A,55.75,False,normal
2026-01-28 01:00:00,Building_A,66.94,False,normal
2026-01-28 02:00:00,Building_A,56.83,False,normal
2026-01-28 03:00:00,Building_A,66.04,False,normal
2026-01-28 04:00:00,Building_A,52.18,False,normal
2026-01-28 05:00:00,Building_A,60.63,False,normal
2026-01-28 06:00:00,Building_A,59.3,False,normal
2026-01-28 07:00:00,Building_A,53.35,False,normal
2026-01-28 08:00:00,Building_A,134.04,False,normal
2026-01-28 09:00:00,Building_A,139.21,False,normal
2026-01-28 10:00:00,Building_A,131.53,False,normal
2026-01-28 11:00:00,Building_A,124.69,False,normal
2026-01-28 12:00:00,Building_A,133.06,False,normal
2026-01-28 13:00:00,Building_A,128.64,False,normal
2026-01-28 14:00:00,Building_A,131.44,False,normal
2026-01-28 15:00:00,Building_A,132.74,False,normal
2026-01-28 16:00:00,Building_A,124.62,False,normal
2026-01-28 17:00:00,Building_A,125.07,False,normal
2026-01-28 18:00:00,Building_A,135.56,False,normal
2026-01-28 19:00:00,Building_A,55.08,False,normal
2026-01-28 20:00:00,Building_A,44.87,False,normal
2026-01-28 21:00:00,Building_A,61.62,False,normal
2026-01-28 22:00:00,Building_A,59.06,False,normal
2026-01-28 23:00:00,Building_A,54.13,False,normal
2026-01-29 00:00:00,Building_A,51.11,False,normal
2026-01-29 01:00:00,Building_A,61.88,False,normal
2026-01-29 02:00:00,Building_A,59.45,False,normal
2026-01-29 03:00:00,Building_A,69.61,False,normal
2026-01-29 04:00:00,Building_A,59.8,False,normal
2026-01-29 05:00:00,Building_A,59.64,False,normal
2026-01-29 06:00:00,Building_A,56.86,False,normal
2026-01-29 07:00:00,Building_A,61.78,False,normal
2026-01-29 08:00:00,Building_A,136.28,False,normal
2026-01-29 09:00:00,Building_A,139.41,False,normal
2026-01-29 10:00:00,Building_A,130.54,False,normal
2026-01-29 11:00:00,Building_A,130.97,False,normal
2026-01-29 12:00:00,Building_A,130.75,False,normal
2026-01-29 13:00:00,Building_A,137.1,False,normal
2026-01-29 14:00:00,Building_A,140.64,False,normal
2026-01-29 15:00:00,Building_A,130.86,False,normal
2026-01-29 16:00:00,Building_A,131.03,False,normal
2026-01-29 17:00:00,Building_A,134.72,False,normal
2026-01-29 18:00:00,Building_A,131.92,False,normal
2026-01-29 19:00:00,Building_A,62.46,False,normal
2026-01-29 20:00:00,Building_A,46.44,False,normal
2026-01-29 21:00:00,Building_A,53.56,False,normal
2026-01-29 22:00:00,Building_A,53.79,False,normal
2026-01-29 23:00:00,Building_A,46.1,False,normal
2026-01-30 00:00:00,Building_A,52.88,False,normal
2026-01-30 01:00:00,Building_A,53.12,False,normal
2026-01-30 02:00:00,Building_A,56.69,False,normal
2026-01-30 03:00:00,Building_A,63.26,False,normal
2026-01-30 04:00:00,Building_A,56.47,False,normal
2026-01-30 05:00:00,Building_A,52.54,False,normal
2026-01-30 06:00:00,Building_A,57.41,False,normal
2026-01-30 07:00:00,Building_A,62.94,False,normal
2026-01-30 08:00:00,Building_A,128.27,False,normal
2026-01-30 09:00:00,Building_A,128.6,False,normal
2026-01-30 10:00:00,Building_A,135.94,False,normal
2026-01-30 11:00:00,Building_A,132.04,False,normal
2026-01-30 12:00:00,Building_A,136.39,False,normal
2026-01-30 13:00:00,Building_A,133.08,False,normal
2026-01-30 14:00:00,Building_A,136.66,False,normal
2026-01-30 15:00:00,Building_A,127.97,False,normal
2026-01-30 16:00:00,Building_A,133.09,False,normal
2026-01-30 17:00:00,Building_A,132.1,False,normal
2026-01-30 18:00:00,Building_A,127.07,False,normal
2026-01-30 19:00:00,Building_A,49.88,False,normal
2026-01-30 20:00:00,Building_A,61.13,False,normal
2026-01-30 21:00:00,Building_A,55.94,False,normal
2026-01-30 22:00:00,Building_A,52.59,False,normal
2026-01-30 23:00:00,Building_A,57.22,False,normal
2026-01-31 00:00:00,Building_A,63.34,False,normal
2026-01-31 01:00:00,Building_A,46.29,False,normal
2026-01-31 02:00:00,Building_A,50.22,False,normal
2026-01-31 03:00:00,Building_A,53.08,False,normal
2026-01-31 04:00:00,Building_A,65.0,False,normal
2026-01-31 05:00:00,Building_A,59.11,False,normal
2026-01-31 06:00:00,Building_A,61.53,False,normal
2026-01-31 07:00:00,Building_A,52.0,False,normal
2026-01-31 08:00:00,Building_A,52.1,False,normal
2026-01-31 09:00:00,Building_A,59.94,False,normal
2026-01-31 10:00:00,Building_A,57.99,False,normal
2026-01-31 11:00:00,Building_A,60.44,False,normal
2026-01-31 12:00:00,Building_A,56.76,False,normal
2026-01-31 13:00:00,Building_A,59.09,False,normal
2026-01-31 14:00:00,Building_A,58.49,False,normal
2026-01-31 15:00:00,Building_A,61.59,False,normal
2026-01-31 16:00:00,Building_A,61.73,False,normal
2026-01-31 17:00:00,Building_A,49.6,False,normal
2026-01-31 18:00:00,Building_A,46.46,False,normal
2026-01-31 19:00:00,Building_A,62.71,False,normal
2026-01-31 20:00:00,Building_A,63.64,False,normal
2026-01-31 21:00:00,Building_A,52.6,False,normal
2026-01-31 22:00:00,Building_A,48.4,False,normal
2026-01-31 23:00:00,Building_A,58.19,False,normal
2026-02-01 00:00:00,Building_A,62.35,False,normal
2026-02-01 01:00:00,Building_A,66.69,False,normal
2026-02-01 02:00:00,Building_A,60.28,False,normal
2026-02-01 03:00:00,Building_A,55.84,False,normal
2026-02-01 04:00:00,Building_A,53.23,False,normal
2026-02-01 05:00:00,Building_A,57.76,False,normal
2026-02-01 06:00:00,Building_A,56.2,False,normal
2026-02-01 07:00:00,Building_A,52.62,False,normal
2026-02-01 08:00:00,Building_A,67.94,False,normal
2026-02-01 09:00:00,Building_A,66.62,False,normal
2026-02-01 10:00:00,Building_A,63.38,False,normal
2026-02-01 11:00:00,Building_A,53.09,False,normal
2026-02-01 12:00:00,Building_A,61.97,False,normal
2026-02-01 13:00:00,Building_A,60.9,False,normal
2026-02-01 14:00:00,Building_A,59.91,False,normal
2026-02-01 15:00:00,Building_A,63.95,False,normal
2026-02-01 16:00:00,Building_A,60.88,False,normal
2026-02-01 17:00:00,Building_A,61.4,False,normal
2026-02-01 18:00:00,Building_A,60.88,False,normal
2026-02-01 19:00:00,Building_A,59.4,False,normal
2026-02-01 20:00:00,Building_A,48.78,False,normal
2026-02-01 21:00:00,Building_A,58.12,False,normal
2026-02-01 22:00:00,Building_A,54.92,False,normal
2026-02-01 23:00:00,Building_A,51.3,False,normal
2026-02-02 00:00:00,Building_A,66.11,False,normal
2026-02-02 01:00:00,Building_A,66.34,False,normal
2026-02-02 02:00:00,Building_A,64.49,False,normal
2026-02-02 03:00:00,Building_A,58.97,False,normal
2026-02-02 04:00:00,Building_A,64.45,False,normal
2026-02-02 05:00:00,Building_A,57.76,False,normal
2026-02-02 06:00:00,Building_A,58.71,False,normal
2026-02-02 07:00:00,Building_A,52.23,False,normal
2026-02-02 08:00:00,Building_A,135.13,False,normal
2026-02-02 09:00:00,Building_A,133.45,False,normal
2026-02-02 10:00:00,Building_A,126.64,False,normal
2026-02-02 11:00:00,Building_A,132.89,False,normal
2026-02-02 12:00:00,Building_A,132.75,False,normal
2026-02-02 13:00:00,Building_A,142.14,False,normal
2026-02-02 14:00:00,Building_A,137.62,False,normal
2026-02-02 15:00:00,Building_A,133.21,False,normal
2026-02-02 16:00:00,Building_A,134.39,False,normal
2026-02-02 17:00:00,Building_A,133.37,False,normal
2026-02-02 18:00:00,Building_A,132.14,False,normal
2026-02-02 19:00:00,Building_A,52.29,False,normal
2026-02-02 20:00:00,Building_A,56.94,False,normal
2026-02-02 21:00:00,Building_A,53.97,False,normal
2026-02-02 22:00:00,Building_A,51.45,False,normal
2026-02-02 23:00:00,Building_A,60.25,False,normal
2026-02-03 00:00:00,Building_A,59.65,False,normal
2026-02-03 01:00:00,Building_A,48.76,False,normal
2026-02-03 02:00:00,Building_A,57.08,False,normal
2026-02-03 03:00:00,Building_A,62.68,False,normal
2026-02-03 04:00:00,Building_A,62.99,False,normal
2026-02-03 05:00:00,Building_A,62.83,False,normal
2026-02-03 06:00:00,Building_A,57.89,False,normal
2026-02-03 07:00:00,Building_A,53.47,False,normal
2026-02-03 08:00:00,Building_A,127.73,False,normal
2026-02-03 09:00:00,Building_A,134.87,False,normal
2026-02-03 10:00:00,Building_A,135.05,False,normal
2026-02-03 11:00:00,Building_A,139.59,False,normal
2026-02-03 12:00:00,Building_A,138.65,False,normal
2026-02-03 13:00:00,Building_A,132.49,False,normal
2026-02-03 14:00:00,Building_A,126.93,False,normal
2026-02-03 15:00:00,Building_A,131.55,False,normal
2026-02-03 16:00:00,Building_A,134.24,False,normal
2026-02-03 17:00:00,Building_A,132.14,False,normal
2026-02-03 18:00:00,Building_A,130.26,False,normal
2026-02-03 19:00:00,Building_A,58.96,False,normal
2026-02-03 20:00:00,Building_A,55.18,False,normal
2026-02-03 21:00:00,Building_A,54.56,False,normal
2026-02-03 22:00:00,Building_A,59.26,False,normal
2026-02-03 23:00:00,Building_A,55.69,False,normal
2026-02-04 00:00:00,Building_A,58.92,False,normal
2026-02-04 01:00:00,Building_A,59.06,False,normal
2026-02-04 02:00:00,Building_A,52.0,False,normal
2026-02-04 03:00:00,Building_A,55.29,False,normal
2026-02-04 04:00:00,Building_A,64.89,False,normal
2026-02-04 05:00:00,Building_A,51.89,False,normal
2026-02-04 06:00:00,Building_A,47.12,False,normal
2026-02-04 07:00:00,Building_A,48.39,False,normal
2026-02-04 08:00:00,Building_A,133.3,False,normal
2026-02-04 09:00:00,Building_A,133.3,False,normal
2026-02-04 10:00:00,Building_A,132.56,False,normal
2026-02-04 11:00:00,Building_A,139.22,False,normal
2026-02-04 12:00:00,Building_A,119.79,False,normal
2026-02-04 13:00:00,Building_A,135.13,False,normal
2026-02-04 14:00:00,Building_A,140.96,False,normal
2026-02-04 15:00:00,Building_A,127.51,False,normal
2026-02-04 16:00:00,Building_A,131.25,False,normal
2026-02-04 17:00:00,Building_A,129.39,False,normal
2026-02-04 18:00:00,Building_A,128.68,False,normal
2026-02-04 19:00:00,Building_A,56.07,False,normal
2026-02-04 20:00:00,Building_A,64.84,False,normal
2026-02-04 21:00:00,Building_A,66.89,False,normal
2026-02-04 22:00:00,Building_A,56.02,False,normal
2026-02-04 23:00:00,Building_A,67.22,False,normal
2026-02-05 00:00:00,Building_A,57.88,False,normal
2026-02-05 01:00:00,Building_A,66.47,False,normal
2026-02-05 02:00:00,Building_A,57.23,False,normal
2026-02-05 03:00:00,Building_A,58.35,False,normal
2026-02-05 04:00:00,Building_A,59.53,False,normal
2026-02-05 05:00:00,Building_A,73.59,False,normal
2026-02-05 06:00:00,Building_A,61.95,False,normal
2026-02-05 07:00:00,Building_A,54.16,False,normal
2026-02-05 08:00:00,Building_A,137.99,False,normal
2026-02-05 09:00:00,Building_A,131.34,False,normal
2026-02-05 10:00:00,Building_A,130.7,False,normal
2026-02-05 11:00:00,Building_A,137.69,False,normal
2026-02-05 12:00:00,Building_A,133.31,False,normal
2026-02-05 13:00:00,Building_A,134.54,False,normal
2026-02-05 14:00:00,Building_A,133.22,False,normal
2026-02-05 15:00:00,Building_A,134.83,False,normal
2026-02-05 16:00:00,Building_A,135.27,False,normal
2026-02-05 17:00:00,Building_A,123.47,False,normal
2026-02-05 18:00:00,Building_A,136.48,False,normal
2026-02-05 19:00:00,Building_A,52.79,False,normal
2026-02-05 20:00:00,Building_A,50.49,False,normal
2026-02-05 21:00:00,Building_A,57.41,False,normal
2026-02-05 22:00:00,Building_A,58.12,False,normal
2026-02-05 23:00:00,Building_A,54.23,False,normal
2026-02-06 00:00:00,Building_A,61.85,False,normal
2026-02-06 01:00:00,Building_A,50.99,False,normal
2026-02-06 02:00:00,Building_A,55.66,False,normal
2026-02-06 03:00:00,Building_A,54.77,False,normal
2026-02-06 04:00:00,Building_A,57.47,False,normal
2026-02-06 05:00:00,Building_A,59.09,False,normal
2026-02-06 06:00:00,Building_A,52.66,False,normal
2026-02-06 07:00:00,Building_A,61.32,False,normal
2026-02-06 08:00:00,Building_A,133.46,False,normal
2026-02-06 09:00:00,Building_A,123.69,False,normal
2026-02-06 10:00:00,Building_A,123.36,False,normal
2026-02-06 11:00:00,Building_A,133.09,False,normal
2026-02-06 12:00:00,Building_A,132.05,False,normal
2026-02-06 13:00:00,Building_A,132.63,False,normal
2026-02-06 14:00:00,Building_A,133.01,False,normal
2026-02-06 15:00:00,Building_A,134.28,False,normal
2026-02-06 16:00:00,Building_A,137.89,False,normal
2026-02-06 17:00:00,Building_A,127.59,False,normal
2026-02-06 18:00:00,Building_A,127.29,False,normal
2026-02-06 19:00:00,Building_A,52.23,False,normal
2026-02-06 20:00:00,Building_A,59.14,False,normal
2026-02-06 21:00:00,Building_A,63.92,False,normal
2026-02-06 22:00:00,Building_A,55.54,False,normal
2026-02-06 23:00:00,Building_A,45.19,False,normal
2026-02-07 00:00:00,Building_A,49.18,False,normal
2026-02-07 01:00:00,Building_A,53.53,False,normal
2026-02-07 02:00:00,Building_A,54.91,False,normal
2026-02-07 03:00:00,Building_A,55.66,False,normal
2026-02-07 04:00:00,Building_A,57.89,False,normal
2026-02-07 05:00:00,Building_A,56.14,False,normal
2026-02-07 06:00:00,Building_A,62.94,False,normal
2026-02-07 07:00:00,Building_A,54.32,False,normal
2026-02-07 08:00:00,Building_A,53.39,False,normal
2026-02-07 09:00:00,Building_A,60.09,False,normal
2026-02-07 10:00:00,Building_A,50.02,False,normal
2026-02-07 11:00:00,Building_A,59.65,False,normal
2026-02-07 12:00:00,Building_A,58.21,False,normal
2026-02-07 13:00:00,Building_A,56.96,False,normal
2026-02-07 14:00:00,Building_A,65.64,False,normal
2026-02-07 15:00:00,Building_A,54.59,False,normal
2026-02-07 16:00:00,Building_A,68.0,False,normal
2026-02-07 17:00:00,Building_A,56.57,False,normal
2026-02-07 18:00:00,Building_A,51.31,False,normal
2026-02-07 19:00:00,Building_A,58.05,False,normal
2026-02-07 20:00:00,Building_A,52.32,False,normal
2026-02-07 21:00:00,Building_A,53.94,False,normal
2026-02-07 22:00:00,Building_A,59.68,False,normal
2026-02-07 23:00:00,Building_A,60.48,False,normal
2026-02-08 00:00:00,Building_A,54.59,False,normal
2026-02-08 01:00:00,Building_A,62.64,False,normal
2026-02-08 02:00:00,Building_A,63.49,False,normal
2026-02-08 03:00:00,Building_A,64.88,False,normal
2026-02-08 04:00:00,Building_A,60.35,False,normal
2026-02-08 05:00:00,Building_A,64.52,False,normal
2026-02-08 06:00:00,Building_A,48.29,False,normal
2026-02-08 07:00:00,Building_A,56.11,False,normal
2026-02-08 08:00:00,Building_A,53.36,False,normal
2026-02-08 09:00:00,Building_A,58.29,False,normal
2026-02-08 10:00:00,Building_A,54.84,False,normal
2026-02-08 11:00:00,Building_A,56.87,False,normal
2026-02-08 12:00:00,Building_A,67.11,False,normal
2026-02-08 13:00:00,Building_A,56.85,False,normal
2026-02-08 14:00:00,Building_A,59.77,False,normal
2026-02-08 15:00:00,Building_A,56.54,False,normal
2026-02-08 16:00:00,Building_A,58.08,False,normal
2026-02-08 17:00:00,Building_A,57.73,False,normal
2026-02-08 18:00:00,Building_A,59.94,False,normal
2026-02-08 19:00:00,Building_A,63.52,False,normal
2026-02-08 20:00:00,Building_A,65.94,False,normal
2026-02-08 21:00:00,Building_A,59.25,False,normal
2026-02-08 22:00:00,Building_A,60.65,False,normal
2026-02-08 23:00:00,Building_A,51.94,False,normal
2026-02-09 00:00:00,Building_A,57.26,False,normal
2026-02-09 01:00:00,Building_A,62.4,False,normal
2026-02-09 02:00:00,Building_A,62.03,False,normal
2026-02-09 03:00:00,Building_A,58.76,False,normal
2026-02-09 04:00:00,Building_A,62.13,False,normal
2026-02-09 05:00:00,Building_A,60.15,False,normal
2026-02-09 06:00:00,Building_A,63.7,False,normal
2026-02-09 07:00:00,Building_A,59.15,False,normal
2026-02-09 08:00:00,Building_A,131.37,False,normal
2026-02-09 09:00:00,Building_A,134.83,False,normal
2026-02-09 10:00:00,Building_A,118.5,False,normal
2026-02-09 11:00:00,Building_A,135.06,False,normal
2026-02-09 12:00:00,Building_A,114.91,False,normal
2026-02-09 13:00:00,Building_A,124.53,False,normal
2026-02-09 14:00:00,Building_A,135.41,False,normal
2026-02-09 15:00:00,Building_A,135.54,False,normal
2026-02-09 16:00:00,Building_A,127.34,False,normal
2026-02-09 17:00:00,Building_A,129.59,False,normal
2026-02-09 18:00:00,Building_A,140.0,False,normal
2026-02-09 19:00:00,Building_A,55.28,False,normal
2026-02-09 20:00:00,Building_A,68.91,False,normal
2026-02-09 21:00:00,Building_A,57.69,False,normal
2026-02-09 22:00:00,Building_A,59.74,False,normal
2026-02-09 23:00:00,Building_A,65.78,False,normal
2026-02-10 00:00:00,Building_A,58.35,False,normal
2026-02-10 01:00:00,Building_A,52.69,False,normal
2026-02-10 02:00:00,Building_A,57.15,False,normal
2026-02-10 03:00:00,Building_A,57.52,False,normal
2026-02-10 04:00:00,Building_A,50.87,False,normal
2026-02-10 05:00:00,Building_A,56.42,False,normal
2026-02-10 06:00:00,Building_A,53.99,False,normal
2026-02-10 07:00:00,Building_A,62.32,False,normal
2026-02-10 08:00:00,Building_A,133.32,False,normal
2026-02-10 09:00:00,Building_A,289.82800000000003,True,sudden_spike
2026-02-10 10:00:00,Building_A,291.764,True,sudden_spike
2026-02-10 11:00:00,Building_A,295.39400000000006,True,sudden_spike
2026-02-10 12:00:00,Building_A,299.706,True,sudden_spike
2026-02-10 13:00:00,Building_A,281.93000000000006,True,sudden_spike
2026-02-10 14:00:00,Building_A,281.468,True,sudden_spike
2026-02-10 15:00:00,Building_A,305.074,True,sudden_spike
2026-02-10 16:00:00,Building_A,288.398,True,sudden_spike
2026-02-10 17:00:00,Building_A,277.354,True,sudden_spike
2026-02-10 18:00:00,Building_A,135.37,False,normal
2026-02-10 19:00:00,Building_A,60.02,False,normal
2026-02-10 20:00:00,Building_A,50.04,False,normal
2026-02-10 21:00:00,Building_A,58.85,False,normal
2026-02-10 22:00:00,Building_A,61.38,False,normal
2026-02-10 23:00:00,Building_A,59.57,False,normal
2026-02-11 00:00:00,Building_A,60.86,False,normal
2026-02-11 01:00:00,Building_A,50.68,False,normal
2026-02-11 02:00:00,Building_A,59.35,False,normal
2026-02-11 03:00:00,Building_A,56.19,False,normal
2026-02-11 04:00:00,Building_A,55.28,False,normal
2026-02-11 05:00:00,Building_A,62.05,False,normal
2026-02-11 06:00:00,Building_A,65.09,False,normal
2026-02-11 07:00:00,Building_A,66.67,False,normal
2026-02-11 08:00:00,Building_A,139.72,False,normal
2026-02-11 09:00:00,Building_A,132.6,False,normal
2026-02-11 10:00:00,Building_A,134.91,False,normal
2026-02-11 11:00:00,Building_A,136.98,False,normal
2026-02-11 12:00:00,Building_A,133.76,False,normal
2026-02-11 13:00:00,Building_A,133.8,False,normal
2026-02-11 14:00:00,Building_A,137.27,False,normal
2026-02-11 15:00:00,Building_A,132.85,False,normal
2026-02-11 16:00:00,Building_A,129.5,False,normal
2026-02-11 17:00:00,Building_A,131.08,False,normal
2026-02-11 18:00:00,Building_A,136.32,False,normal
2026-02-11 19:00:00,Building_A,57.71,False,normal
2026-02-11 20:00:00,Building_A,59.4,False,normal
2026-02-11 21:00:00,Building_A,61.05,False,normal
2026-02-11 22:00:00,Building_A,55.82,False,normal
2026-02-11 23:00:00,Building_A,61.48,False,normal
2026-02-12 00:00:00,Building_A,59.59,False,normal
2026-02-12 01:00:00,Building_A,51.52,False,normal
2026-02-12 02:00:00,Building_A,64.91,False,normal
2026-02-12 03:00:00,Building_A,55.19,False,normal
2026-02-12 04:00:00,Building_A,49.42,False,normal
2026-02-12 05:00:00,Building_A,52.47,False,normal
2026-02-12 06:00:00,Building_A,52.59,False,normal
2026-02-12 07:00:00,Building_A,57.96,False,normal
2026-02-12 08:00:00,Building_A,131.78,False,normal
2026-02-12 09:00:00,Building_A,131.47,False,normal
2026-02-12 10:00:00,Building_A,136.25,False,normal
2026-02-12 11:00:00,Building_A,134.85,False,normal
2026-02-12 12:00:00,Building_A,134.73,False,normal
2026-02-12 13:00:00,Building_A,135.2,False,normal
2026-02-12 14:00:00,Building_A,136.23,False,normal
2026-02-12 15:00:00,Building_A,122.61,False,normal
2026-02-12 16:00:00,Building_A,131.33,False,normal
2026-02-12 17:00:00,Building_A,122.25,False,normal
2026-02-12 18:00:00,Building_A,133.33,False,normal
2026-02-12 19:00:00,Building_A,57.68,False,normal
2026-02-12 20:00:00,Building_A,62.93,False,normal
2026-02-12 21:00:00,Building_A,63.64,False,normal
2026-02-12 22:00:00,Building_A,58.71,False,normal
2026-02-12 23:00:00,Building_A,55.2,False,normal
2026-02-13 00:00:00,Building_A,60.12,False,normal
2026-02-13 01:00:00,Building_A,55.06,False,normal
2026-02-13 02:00:00,Building_A,57.69,False,normal
2026-02-13 03:00:00,Building_A,62.63,False,normal
2026-02-13 04:00:00,Building_A,54.91,False,normal
2026-02-13 05:00:00,Building_A,61.73,False,normal
2026-02-13 06:00:00,Building_A,61.09,False,normal
2026-02-13 07:00:00,Building_A,52.92,False,normal
2026-02-13 08:00:00,Building_A,138.02,False,normal
2026-02-13 09:00:00,Building_A,136.64,False,normal
2026-02-13 10:00:00,Building_A,133.66,False,normal
2026-02-13 11:00:00,Building_A,129.34,False,normal
2026-02-13 12:00:00,Building_A,128.85,False,normal
2026-02-13 13:00:00,Building_A,130.46,False,normal
2026-02-13 14:00:00,Building_A,135.86,False,normal
2026-02-13 15:00:00,Building_A,128.37,False,normal
2026-02-13 16:00:00,Building_A,135.34,False,normal
2026-02-13 17:00:00,Building_A,126.94,False,normal
2026-02-13 18:00:00,Building_A,132.13,False,normal
2026-02-13 19:00:00,Building_A,58.25,False,normal
2026-02-13 20:00:00,Building_A,69.92,False,normal
2026-02-13 21:00:00,Building_A,50.81,False,normal
2026-02-13 22:00:00,Building_A,65.06,False,normal
2026-02-13 23:00:00,Building_A,58.45,False,normal
2026-02-14 00:00:00,Building_A,59.75,False,normal
2026-02-14 01:00:00,Building_A,58.29,False,normal
2026-02-14 02:00:00,Building_A,59.92,False,normal
2026-02-14 03:00:00,Building_A,56.93,False,normal
2026-02-14 04:00:00,Building_A,64.97,False,normal
2026-02-14 05:00:00,Building_A,55.42,False,normal
2026-02-14 06:00:00,Building_A,63.36,False,normal
2026-02-14 07:00:00,Building_A,54.48,False,normal
2026-02-14 08:00:00,Building_A,57.4,False,normal
2026-02-14 09:00:00,Building_A,52.34,False,normal
2026-02-14 10:00:00,Building_A,59.97,False,normal
2026-02-14 11:00:00,Building_A,64.92,False,normal
2026-02-14 12:00:00,Building_A,57.31,False,normal
2026-02-14 13:00:00,Building_A,56.71,False,normal
2026-02-14 14:00:00,Building_A,52.13,False,normal
2026-02-14 15:00:00,Building_A,56.55,False,normal
2026-02-14 16:00:00,Building_A,49.73,False,normal
2026-02-14 17:00:00,Building_A,53.13,False,normal
2026-02-14 18:00:00,Building_A,58.83,False,normal
2026-02-14 19:00:00,Building_A,64.29,False,normal
2026-02-14 20:00:00,Building_A,71.74,False,normal
2026-02-14 21:00:00,Building_A,54.77,False,normal
2026-02-14 22:00:00,Building_A,64.87,False,normal
2026-02-14 23:00:00,Building_A,58.92,False,normal
2026-02-15 00:00:00,Building_A,56.94,False,normal
2026-02-15 01:00:00,Building_A,59.86,False,normal
2026-02-15 02:00:00,Building_A,58.01,False,normal
2026-02-15 03:00:00,Building_A,58.25,False,normal
2026-02-15 04:00:00,Building_A,55.66,False,normal
2026-02-15 05:00:00,Building_A,50.71,False,normal
2026-02-15 06:00:00,Building_A,49.98,False,normal
2026-02-15 07:00:00,Building_A,60.96,False,normal
2026-02-15 08:00:00,Building_A,56.31,False,normal
2026-02-15 09:00:00,Building_A,54.72,False,normal
2026-02-15 10:00:00,Building_A,57.74,False,normal
2026-02-15 11:00:00,Building_A,61.67,False,normal
2026-02-15 12:00:00,Building_A,58.6,False,normal
2026-02-15 13:00:00,Building_A,54.42,False,normal
2026-02-15 14:00:00,Building_A,63.83,False,normal
2026-02-15 15:00:00,Building_A,65.59,False,normal
2026-02-15 16:00:00,Building_A,60.17,False,normal
2026-02-15 17:00:00,Building_A,62.57,False,normal
2026-02-15 18:00:00,Building_A,63.91,False,normal
2026-02-15 19:00:00,Building_A,63.35,False,normal
2026-02-15 20:00:00,Building_A,60.77,False,normal
2026-02-15 21:00:00,Building_A,60.69,False,normal
2026-02-15 22:00:00,Building_A,60.3,False,normal
2026-02-15 23:00:00,Building_A,52.21,False,normal
2026-02-16 00:00:00,Building_A,61.2,False,normal
2026-02-16 01:00:00,Building_A,50.92,False,normal
2026-02-16 02:00:00,Building_A,53.73,False,normal
2026-02-16 03:00:00,Building_A,64.22,False,normal
2026-02-16 04:00:00,Building_A,61.9,False,normal
2026-02-16 05:00:00,Building_A,65.14,False,normal
2026-02-16 06:00:00,Building_A,56.34,False,normal
2026-02-16 07:00:00,Building_A,51.94,False,normal
2026-02-16 08:00:00,Building_A,131.95,False,normal
2026-02-16 09:00:00,Building_A,133.66,False,normal
2026-02-16 10:00:00,Building_A,133.54,False,normal
2026-02-16 11:00:00,Building_A,138.82,False,normal
2026-02-16 12:00:00,Building_A,131.34,False,normal
2026-02-16 13:00:00,Building_A,134.91,False,normal
2026-02-16 14:00:00,Building_A,128.21,False,normal
2026-02-16 15:00:00,Building_A,135.4,False,normal
2026-02-16 16:00:00,Building_A,133.17,False,normal
2026-02-16 17:00:00,Building_A,129.4,False,normal
2026-02-16 18:00:00,Building_A,131.97,False,normal
2026-02-16 19:00:00,Building_A,56.78,False,normal
2026-02-16 20:00:00,Building_A,56.35,False,normal
2026-02-16 21:00:00,Building_A,66.55,False,normal
2026-02-16 22:00:00,Building_A,57.21,False,normal
2026-02-16 23:00:00,Building_A,56.48,False,normal
2026-02-17 00:00:00,Building_A,47.21,False,normal
2026-02-17 01:00:00,Building_A,53.23,False,normal
2026-02-17 02:00:00,Building_A,56.38,False,normal
2026-02-17 03:00:00,Building_A,54.27,False,normal
2026-02-17 04:00:00,Building_A,64.61,False,normal
2026-02-17 05:00:00,Building_A,56.87,False,normal
2026-02-17 06:00:00,Building_A,64.14,False,normal
2026-02-17 07:00:00,Building_A,58.01,False,normal
2026-02-17 08:00:00,Building_A,133.34,False,normal
2026-02-17 09:00:00,Building_A,132.71,False,normal
2026-02-17 10:00:00,Building_A,133.17,False,normal
2026-02-17 11:00:00,Building_A,141.74,False,normal
2026-02-17 12:00:00,Building_A,121.55,False,normal
2026-02-17 13:00:00,Building_A,123.14,False,normal
2026-02-17 14:00:00,Building_A,130.43,False,normal
2026-02-17 15:00:00,Building_A,133.22,False,normal
2026-02-17 16:00:00,Building_A,136.6,False,normal
2026-02-17 17:00:00,Building_A,135.52,False,normal
2026-02-17 18:00:00,Building_A,131.23,False,normal
2026-02-17 19:00:00,Building_A,62.79,False,normal
2026-02-17 20:00:00,Building_A,62.85,False,normal
2026-02-17 21:00:00,Building_A,58.62,False,normal
2026-02-17 22:00:00,Building_A,62.51,False,normal
2026-02-17 23:00:00,Building_A,59.06,False,normal
2026-02-18 00:00:00,Building_A,54.89,False,normal
2026-02-18 01:00:00,Building_A,61.19,False,normal
2026-02-18 02:00:00,Building_A,58.25,False,normal
2026-02-18 03:00:00,Building_A,57.7,False,normal
2026-02-18 04:00:00,Building_A,65.06,False,normal
2026-02-18 05:00:00,Building_A,45.44,False,normal
2026-02-18 06:00:00,Building_A,50.61,False,normal
2026-02-18 07:00:00,Building_A,51.76,False,normal
2026-02-18 08:00:00,Building_A,131.33,False,normal
2026-02-18 09:00:00,Building_A,131.88,False,normal
2026-02-18 10:00:00,Building_A,125.61,False,normal
2026-02-18 11:00:00,Building_A,128.22,False,normal
2026-02-18 12:00:00,Building_A,128.85,False,normal
2026-02-18 13:00:00,Building_A,145.44,False,normal
2026-02-18 14:00:00,Building_A,142.16,False,normal
2026-02-18 15:00:00,Building_A,131.09,False,normal
2026-02-18 16:00:00,Building_A,131.33,False,normal
2026-02-18 17:00:00,Building_A,127.4,False,normal
2026-02-18 18:00:00,Building_A,123.61,False,normal
2026-02-18 19:00:00,Building_A,57.11,False,normal
2026-02-18 20:00:00,Building_A,52.71,False,normal
2026-02-18 21:00:00,Building_A,57.27,False,normal
2026-02-18 22:00:00,Building_A,49.7,False,normal
2026-02-18 23:00:00,Building_A,53.89,False,normal
2026-02-19 00:00:00,Building_A,58.44,False,normal
2026-02-19 01:00:00,Building_A,59.53,False,normal
2026-02-19 02:00:00,Building_A,59.79,False,normal
2026-02-19 03:00:00,Building_A,51.1,False,normal
2026-02-19 04:00:00,Building_A,61.97,False,normal
2026-02-19 05:00:00,Building_A,53.7,False,normal
2026-02-19 06:00:00,Building_A,60.86,False,normal
2026-02-19 07:00:00,Building_A,57.65,False,normal
2026-02-19 08:00:00,Building_A,126.27,False,normal
2026-02-19 09:00:00,Building_A,131.57,False,normal
2026-02-19 10:00:00,Building_A,134.98,False,normal
2026-02-19 11:00:00,Building_A,136.21,False,normal
2026-02-19 12:00:00,Building_A,132.44,False,normal
2026-02-19 13:00:00,Building_A,140.81,False,normal
2026-02-19 14:00:00,Building_A,138.19,False,normal
2026-02-19 15:00:00,Building_A,131.87,False,normal
2026-02-19 16:00:00,Building_A,136.9,False,normal
2026-02-19 17:00:00,Building_A,142.82,False,normal
2026-02-19 18:00:00,Building_A,142.95,False,normal
2026-02-19 19:00:00,Building_A,51.56,False,normal
2026-02-19 20:00:00,Building_A,53.07,False,normal
2026-02-19 21:00:00,Building_A,65.12,False,normal
2026-02-19 22:00:00,Building_A,52.41,False,normal
2026-02-19 23:00:00,Building_A,51.09,False,normal
2026-02-20 00:00:00,Building_A,55.27,False,normal
2026-02-20 01:00:00,Building_A,59.8,False,normal
2026-02-20 02:00:00,Building_A,57.19,False,normal
2026-02-20 03:00:00,Building_A,54.45,False,normal
2026-02-20 04:00:00,Building_A,54.33,False,normal
2026-02-20 05:00:00,Building_A,54.14,False,normal
2026-02-20 06:00:00,Building_A,53.3,False,normal
2026-02-20 07:00:00,Building_A,69.11,False,normal
2026-02-20 08:00:00,Building_A,134.64,False,normal
2026-02-20 09:00:00,Building_A,137.58,False,normal
2026-02-20 10:00:00,Building_A,130.7,False,normal
2026-02-20 11:00:00,Building_A,132.22,False,normal
2026-02-20 12:00:00,Building_A,129.58,False,normal
2026-02-20 13:00:00,Building_A,119.89,False,normal
2026-02-20 14:00:00,Building_A,126.26,False,normal
2026-02-20 15:00:00,Building_A,124.1,False,normal
2026-02-20 16:00:00,Building_A,121.9,False,normal
2026-02-20 17:00:00,Building_A,127.17,False,normal
2026-02-20 18:00:00,Building_A,139.77,False,normal
2026-02-20 19:00:00,Building_A,57.48,False,normal
2026-02-20 20:00:00,Building_A,64.15,False,normal
2026-02-20 21:00:00,Building_A,59.75,False,normal
2026-02-20 22:00:00,Building_A,61.61,False,normal
2026-02-20 23:00:00,Building_A,53.19,False,normal
2026-02-21 00:00:00,Building_A,60.32,False,normal
2026-02-21 01:00:00,Building_A,61.34,False,normal
2026-02-21 02:00:00,Building_A,54.82,False,normal
2026-02-21 03:00:00,Building_A,60.5,False,normal
2026-02-21 04:00:00,Building_A,60.53,False,normal
2026-02-21 05:00:00,Building_A,54.95,False,normal
2026-02-21 06:00:00,Building_A,52.08,False,normal
2026-02-21 07:00:00,Building_A,51.78,False,normal
2026-02-21 08:00:00,Building_A,58.13,False,normal
2026-02-21 09:00:00,Building_A,59.33,False,normal
2026-02-21 10:00:00,Building_A,53.74,False,normal
2026-02-21 11:00:00,Building_A,57.83,False,normal
2026-02-21 12:00:00,Building_A,60.55,False,normal
2026-02-21 13:00:00,Building_A,60.79,False,normal
2026-02-21 14:00:00,Building_A,65.46,False,normal
2026-02-21 15:00:00,Building_A,64.08,False,normal
2026-02-21 16:00:00,Building_A,52.69,False,normal
2026-02-21 17:00:00,Building_A,66.12,False,normal
2026-02-21 18:00:00,Building_A,55.04,False,normal
2026-02-21 19:00:00,Building_A,62.92,False,normal
2026-02-21 20:00:00,Building_A,58.04,False,normal
2026-02-21 21:00:00,Building_A,55.64,False,normal
2026-02-21 22:00:00,Building_A,48.66,False,normal
2026-02-21 23:00:00,Building_A,56.84,False,normal
2026-02-22 00:00:00,Building_A,49.9,False,normal
2026-02-22 01:00:00,Building_A,62.53,False,normal
2026-02-22 02:00:00,Building_A,65.28,False,normal
2026-02-22 03:00:00,Building_A,53.71,False,normal
2026-02-22 04:00:00,Building_A,59.21,False,normal
2026-02-22 05:00:00,Building_A,54.07,False,normal
2026-02-22 06:00:00,Building_A,54.56,False,normal
2026-02-22 07:00:00,Building_A,61.57,False,normal
2026-02-22 08:00:00,Building_A,57.51,False,normal
2026-02-22 09:00:00,Building_A,66.4,False,normal
2026-02-22 10:00:00,Building_A,55.29,False,normal
2026-02-22 11:00:00,Building_A,62.69,False,normal
2026-02-22 12:00:00,Building_A,58.19,False,normal
2026-02-22 13:00:00,Building_A,61.68,False,normal
2026-02-22 14:00:00,Building_A,55.46,False,normal
2026-02-22 15:00:00,Building_A,57.45,False,normal
2026-02-22 16:00:00,Building_A,57.12,False,normal
2026-02-22 17:00:00,Building_A,53.52,False,normal
2026-02-22 18:00:00,Building_A,61.01,False,normal
2026-02-22 19:00:00,Building_A,60.95,False,normal
2026-02-22 20:00:00,Building_A,60.67,False,normal
2026-02-22 21:00:00,Building_A,65.38,False,normal
2026-02-22 22:00:00,Building_A,64.95,False,normal
2026-02-22 23:00:00,Building_A,55.82,False,normal
2026-02-23 00:00:00,Building_A,59.56,False,normal
2026-02-23 01:00:00,Building_A,54.58,False,normal
2026-02-23 02:00:00,Building_A,57.82,False,normal
2026-02-23 03:00:00,Building_A,54.7,False,normal
2026-02-23 04:00:00,Building_A,65.8,False,normal
2026-02-23 05:00:00,Building_A,59.52,False,normal
2026-02-23 06:00:00,Building_A,56.61,False,normal
2026-02-23 07:00:00,Building_A,63.67,False,normal
2026-02-23 08:00:00,Building_A,122.3,False,normal
2026-02-23 09:00:00,Building_A,123.08,False,normal
2026-02-23 10:00:00,Building_A,137.13,False,normal
2026-02-23 11:00:00,Building_A,133.45,False,normal
2026-02-23 12:00:00,Building_A,134.4,False,normal
2026-02-23 13:00:00,Building_A,126.52,False,normal
2026-02-23 14:00:00,Building_A,133.03,False,normal
2026-02-23 15:00:00,Building_A,143.17,False,normal
2026-02-23 16:00:00,Building_A,137.27,False,normal
2026-02-23 17:00:00,Building_A,134.0,False,normal
2026-02-23 18:00:00,Building_A,130.95,False,normal
2026-02-23 19:00:00,Building_A,55.73,False,normal
2026-02-23 20:00:00,Building_A,47.05,False,normal
2026-02-23 21:00:00,Building_A,58.99,False,normal
2026-02-23 22:00:00,Building_A,61.93,False,normal
2026-02-23 23:00:00,Building_A,49.82,False,normal
2026-02-24 00:00:00,Building_A,54.39,False,normal
2026-02-24 01:00:00,Building_A,51.91,False,normal
2026-02-24 02:00:00,Building_A,52.87,False,normal
2026-02-24 03:00:00,Building_A,57.97,False,normal
2026-02-24 04:00:00,Building_A,47.28,False,normal
2026-02-24 05:00:00,Building_A,60.77,False,normal
2026-02-24 06:00:00,Building_A,61.47,False,normal
2026-02-24 07:00:00,Building_A,56.44,False,normal
2026-02-24 08:00:00,Building_A,120.75,False,normal
2026-02-24 09:00:00,Building_A,128.17,False,normal
2026-02-24 10:00:00,Building_A,139.31,False,normal
2026-02-24 11:00:00,Building_A,119.26,False,normal
2026-02-24 12:00:00,Building_A,131.41,False,normal
2026-02-24 13:00:00,Building_A,127.25,False,normal
2026-02-24 14:00:00,Building_A,137.17,False,normal
2026-02-24 15:00:00,Building_A,129.77,False,normal
2026-02-24 16:00:00,Building_A,135.17,False,normal
2026-02-24 17:00:00,Building_A,135.98,False,normal
2026-02-24 18:00:00,Building_A,142.33,False,normal
2026-02-24 19:00:00,Building_A,56.68,False,normal
2026-02-24 20:00:00,Building_A,59.58,False,normal
2026-02-24 21:00:00,Building_A,50.27,False,normal
2026-02-24 22:00:00,Building_A,63.65,False,normal
2026-02-24 23:00:00,Building_A,53.9,False,normal
2026-02-25 00:00:00,Building_A,54.89,False,normal
2026-02-25 01:00:00,Building_A,57.59,False,normal
2026-02-25 02:00:00,Building_A,49.88,False,normal
2026-02-25 03:00:00,Building_A,58.84,False,normal
2026-02-25 04:00:00,Building_A,62.54,False,normal
2026-02-25 05:00:00,Building_A,59.16,False,normal
2026-02-25 06:00:00,Building_A,49.75,False,normal
2026-02-25 07:00:00,Building_A,57.08,False,normal
2026-02-25 08:00:00,Building_A,136.86,False,normal
2026-02-25 09:00:00,Building_A,123.76,False,normal
2026-02-25 10:00:00,Building_A,127.78,False,normal
2026-02-25 11:00:00,Building_A,137.53,False,normal
2026-02-25 12:00:00,Building_A,134.5,False,normal
2026-02-25 13:00:00,Building_A,135.21,False,normal
2026-02-25 14:00:00,Building_A,142.45,False,normal
2026-02-25 15:00:00,Building_A,135.49,False,normal
2026-02-25 16:00:00,Building_A,136.44,False,normal
2026-02-25 17:00:00,Building_A,146.7,False,normal
2026-02-25 18:00:00,Building_A,132.08,False,normal
2026-02-25 19:00:00,Building_A,53.71,False,normal
2026-02-25 20:00:00,Building_A,59.84,False,normal
2026-02-25 21:00:00,Building_A,59.89,False,normal
2026-02-25 22:00:00,Building_A,55.06,False,normal
2026-02-25 23:00:00,Building_A,52.54,False,normal
2026-02-26 00:00:00,Building_A,69.25,False,normal
2026-02-26 01:00:00,Building_A,59.33,False,normal
2026-02-26 02:00:00,Building_A,54.04,False,normal
2026-02-26 03:00:00,Building_A,62.28,False,normal
2026-02-26 04:00:00,Building_A,57.15,False,normal
2026-02-26 05:00:00,Building_A,56.43,False,normal
2026-02-26 06:00:00,Building_A,60.51,False,normal
2026-02-26 07:00:00,Building_A,51.24,False,normal
2026-02-26 08:00:00,Building_A,134.91,False,normal
2026-02-26 09:00:00,Building_A,142.71,False,normal
2026-02-26 10:00:00,Building_A,135.48,False,normal
2026-02-26 11:00:00,Building_A,131.27,False,normal
2026-02-26 12:00:00,Building_A,130.61,False,normal
2026-02-26 13:00:00,Building_A,131.1,False,normal
2026-02-26 14:00:00,Building_A,131.88,False,normal
2026-02-26 15:00:00,Building_A,131.26,False,normal
2026-02-26 16:00:00,Building_A,137.73,False,normal
2026-02-26 17:00:00,Building_A,124.48,False,normal
2026-02-26 18:00:00,Building_A,137.46,False,normal
2026-02-26 19:00:00,Building_A,55.8,False,normal
2026-02-26 20:00:00,Building_A,59.58,False,normal
2026-02-26 21:00:00,Building_A,52.06,False,normal
2026-02-26 22:00:00,Building_A,64.34,False,normal
2026-02-26 23:00:00,Building_A,63.93,False,normal
2026-02-27 00:00:00,Building_A,62.5,False,normal
2026-02-27 01:00:00,Building_A,50.12,False,normal
2026-02-27 02:00:00,Building_A,61.84,False,normal
2026-02-27 03:00:00,Building_A,59.72,False,normal
2026-02-27 04:00:00,Building_A,49.67,False,normal
2026-02-27 05:00:00,Building_A,57.58,False,normal
2026-02-27 06:00:00,Building_A,59.52,False,normal
2026-02-27 07:00:00,Building_A,60.48,False,normal
2026-02-27 08:00:00,Building_A,134.04,False,normal
2026-02-27 09:00:00,Building_A,134.61,False,normal
2026-02-27 10:00:00,Building_A,140.52,False,normal
2026-02-27 11:00:00,Building_A,139.28,False,normal
2026-02-27 12:00:00,Building_A,118.81,False,normal
2026-02-27 13:00:00,Building_A,131.56,False,normal
2026-02-27 14:00:00,Building_A,132.33,False,normal
2026-02-27 15:00:00,Building_A,124.39,False,normal
2026-02-27 16:00:00,Building_A,133.62,False,normal
2026-02-27 17:00:00,Building_A,139.39,False,normal
2026-02-27 18:00:00,Building_A,127.72,False,normal
2026-02-27 19:00:00,Building_A,59.38,False,normal
2026-02-27 20:00:00,Building_A,53.12,False,normal
2026-02-27 21:00:00,Building_A,54.34,False,normal
2026-02-27 22:00:00,Building_A,65.09,False,normal
2026-02-27 23:00:00,Building_A,54.99,False,normal
2026-02-28 00:00:00,Building_A,60.01,False,normal
2026-02-28 01:00:00,Building_A,48.34,False,normal
2026-02-28 02:00:00,Building_A,67.01,False,normal
2026-02-28 03:00:00,Building_A,60.71,False,normal
2026-02-28 04:00:00,Building_A,56.79,False,normal
2026-02-28 05:00:00,Building_A,60.58,False,normal
2026-02-28 06:00:00,Building_A,50.65,False,normal
2026-02-28 07:00:00,Building_A,63.61,False,normal
2026-02-28 08:00:00,Building_A,56.08,False,normal
2026-02-28 09:00:00,Building_A,56.68,False,normal
2026-02-28 10:00:00,Building_A,55.24,False,normal
2026-02-28 11:00:00,Building_A,54.8,False,normal
2026-02-28 12:00:00,Building_A,61.17,False,normal
2026-02-28 13:00:00,Building_A,58.98,False,normal
2026-02-28 14:00:00,Building_A,60.96,False,normal
2026-02-28 15:00:00,Building_A,57.65,False,normal
2026-02-28 16:00:00,Building_A,60.26,False,normal
2026-02-28 17:00:00,Building_A,55.6,False,normal
2026-02-28 18:00:00,Building_A,68.85,False,normal
2026-02-28 19:00:00,Building_A,49.86,False,normal
2026-02-28 20:00:00,Building_A,64.0,False,normal
2026-02-28 21:00:00,Building_A,64.54,False,normal
2026-02-28 22:00:00,Building_A,53.44,False,normal
2026-02-28 23:00:00,Building_A,68.84,False,normal
2026-03-01 00:00:00,Building_A,62.68,False,normal
2026-03-01 01:00:00,Building_A,62.55,False,normal
2026-03-01 02:00:00,Building_A,57.84,False,normal
2026-03-01 03:00:00,Building_A,56.61,False,normal
2026-03-01 04:00:00,Building_A,56.65,False,normal
2026-03-01 05:00:00,Building_A,59.65,False,normal
2026-03-01 06:00:00,Building_A,64.7,False,normal
2026-03-01 07:00:00,Building_A,58.6,False,normal
2026-03-01 08:00:00,Building_A,53.14,False,normal
2026-03-01 09:00:00,Building_A,61.82,False,normal
2026-03-01 10:00:00,Building_A,62.3,False,normal
2026-03-01 11:00:00,Building_A,60.97,False,normal
2026-03-01 12:00:00,Building_A,61.43,False,normal
2026-03-01 13:00:00,Building_A,56.34,False,normal
2026-03-01 14:00:00,Building_A,53.05,False,normal
2026-03-01 15:00:00,Building_A,53.36,False,normal
2026-03-01 16:00:00,Building_A,49.52,False,normal
2026-03-01 17:00:00,Building_A,58.88,False,normal
2026-03-01 18:00:00,Building_A,57.28,False,normal
2026-03-01 19:00:00,Building_A,55.5,False,normal
2026-03-01 20:00:00,Building_A,42.92,False,normal
2026-03-01 21:00:00,Building_A,51.46,False,normal
2026-03-01 22:00:00,Building_A,63.3,False,normal
2026-03-01 23:00:00,Building_A,54.38,False,normal
2026-03-02 00:00:00,Building_A,59.5,False,normal
2026-03-02 01:00:00,Building_A,50.74,False,normal
2026-03-02 02:00:00,Building_A,64.89,False,normal
2026-03-02 03:00:00,Building_A,56.98,False,normal
2026-03-02 04:00:00,Building_A,59.15,False,normal
2026-03-02 05:00:00,Building_A,69.33,False,normal
2026-03-02 06:00:00,Building_A,65.28,False,normal
2026-03-02 07:00:00,Building_A,56.17,False,normal
2026-03-02 08:00:00,Building_A,130.18,False,normal
2026-03-02 09:00:00,Building_A,131.52,False,normal
2026-03-02 10:00:00,Building_A,135.7,False,normal
2026-03-02 11:00:00,Building_A,132.62,False,normal
2026-03-02 12:00:00,Building_A,131.17,False,normal
2026-03-02 13:00:00,Building_A,140.49,False,normal
2026-03-02 14:00:00,Building_A,132.58,False,normal
2026-03-02 15:00:00,Building_A,144.65,False,normal
2026-03-02 16:00:00,Building_A,133.6,False,normal
2026-03-02 17:00:00,Building_A,142.08,False,normal
2026-03-02 18:00:00,Building_A,134.94,False,normal
2026-03-02 19:00:00,Building_A,62.51,False,normal
2026-03-02 20:00:00,Building_A,54.08,False,normal
2026-03-02 21:00:00,Building_A,53.43,False,normal
2026-03-02 22:00:00,Building_A,60.0,False,normal
2026-03-02 23:00:00,Building_A,62.64,False,normal
2026-03-03 00:00:00,Building_A,57.9,False,normal
2026-03-03 01:00:00,Building_A,51.27,False,normal
2026-03-03 02:00:00,Building_A,50.9,False,normal
2026-03-03 03:00:00,Building_A,50.56,False,normal
2026-03-03 04:00:00,Building_A,48.86,False,normal
2026-03-03 05:00:00,Building_A,58.25,False,normal
2026-03-03 06:00:00,Building_A,63.32,False,normal
2026-03-03 07:00:00,Building_A,57.63,False,normal
2026-03-03 08:00:00,Building_A,121.85,False,normal
2026-03-03 09:00:00,Building_A,132.2,False,normal
2026-03-03 10:00:00,Building_A,132.34,False,normal
2026-03-03 11:00:00,Building_A,143.63,False,normal
2026-03-03 12:00:00,Building_A,125.86,False,normal
2026-03-03 13:00:00,Building_A,131.2,False,normal
2026-03-03 14:00:00,Building_A,141.68,False,normal
2026-03-03 15:00:00,Building_A,135.4,False,normal
2026-03-03 16:00:00,Building_A,135.97,False,normal
2026-03-03 17:00:00,Building_A,133.72,False,normal
2026-03-03 18:00:00,Building_A,134.8,False,normal
2026-03-03 19:00:00,Building_A,61.59,False,normal
2026-03-03 20:00:00,Building_A,53.65,False,normal
2026-03-03 21:00:00,Building_A,62.09,False,normal
2026-03-03 22:00:00,Building_A,50.83,False,normal
2026-03-03 23:00:00,Building_A,59.34,False,normal
2026-03-04 00:00:00,Building_A,58.59,False,normal
2026-03-04 01:00:00,Building_A,54.62,False,normal
2026-03-04 02:00:00,Building_A,57.58,False,normal
2026-03-04 03:00:00,Building_A,54.59,False,normal
2026-03-04 04:00:00,Building_A,52.34,False,normal
2026-03-04 05:00:00,Building_A,55.93,False,normal
2026-03-04 06:00:00,Building_A,52.18,False,normal
2026-03-04 07:00:00,Building_A,59.31,False,normal
2026-03-04 08:00:00,Building_A,127.4,False,normal
2026-03-04 09:00:00,Building_A,136.71,False,normal
2026-03-04 10:00:00,Building_A,127.24,False,normal
2026-03-04 11:00:00,Building_A,130.32,False,normal
2026-03-04 12:00:00,Building_A,130.03,False,normal
2026-03-04 13:00:00,Building_A,139.78,False,normal
2026-03-04 14:00:00,Building_A,134.8,False,normal
2026-03-04 15:00:00,Building_A,132.09,False,normal
2026-03-04 16:00:00,Building_A,135.64,False,normal
2026-03-04 17:00:00,Building_A,122.61,False,normal
2026-03-04 18:00:00,Building_A,132.93,False,normal
2026-03-04 19:00:00,Building_A,67.69,False,normal
2026-03-04 20:00:00,Building_A,58.36,False,normal
2026-03-04 21:00:00,Building_A,58.04,False,normal
2026-03-04 22:00:00,Building_A,60.44,False,normal
2026-03-04 23:00:00,Building_A,62.18,False,normal
2026-03-05 00:00:00,Building_A,47.71,False,normal
2026-03-05 01:00:00,Building_A,49.29,False,normal
2026-03-05 02:00:00,Building_A,58.75,False,normal
2026-03-05 03:00:00,Building_A,54.12,False,normal
2026-03-05 04:00:00,Building_A,64.26,False,normal
2026-03-05 05:00:00,Building_A,56.12,False,normal
2026-03-05 06:00:00,Building_A,48.03,False,normal
2026-03-05 07:00:00,Building_A,51.36,False,normal
2026-03-05 08:00:00,Building_A,119.4,False,normal
2026-03-05 09:00:00,Building_A,131.98,False,normal
2026-03-05 10:00:00,Building_A,132.21,False,normal
2026-03-05 11:00:00,Building_A,131.03,False,normal
2026-03-05 12:00:00,Building_A,138.54,False,normal
2026-03-05 13:00:00,Building_A,139.14,False,normal
2026-03-05 14:00:00,Building_A,132.3,False,normal
2026-03-05 15:00:00,Building_A,122.48,False,normal
2026-03-05 16:00:00,Building_A,136.24,False,normal
2026-03-05 17:00:00,Building_A,135.93,False,normal
2026-03-05 18:00:00,Building_A,134.7,False,normal
2026-03-05 19:00:00,Building_A,62.61,False,normal
2026-03-05 20:00:00,Building_A,51.87,False,normal
2026-03-05 21:00:00,Building_A,67.74,False,normal
2026-03-05 22:00:00,Building_A,52.9,False,normal
2026-03-05 23:00:00,Building_A,61.44,False,normal
2026-03-06 00:00:00,Building_A,49.26,False,normal
2026-03-06 01:00:00,Building_A,53.05,False,normal
2026-03-06 02:00:00,Building_A,65.28,False,normal
2026-03-06 03:00:00,Building_A,56.39,False,normal
2026-03-06 04:00:00,Building_A,61.9,False,normal
2026-03-06 05:00:00,Building_A,58.88,False,normal
2026-03-06 06:00:00,Building_A,57.17,False,normal
2026-03-06 07:00:00,Building_A,64.52,False,normal
2026-03-06 08:00:00,Building_A,131.97,False,normal
2026-03-06 09:00:00,Building_A,124.25,False,normal
2026-03-06 10:00:00,Building_A,129.13,False,normal
2026-03-06 11:00:00,Building_A,135.91,False,normal
2026-03-06 12:00:00,Building_A,135.13,False,normal
2026-03-06 13:00:00,Building_A,125.31,False,normal
2026-03-06 14:00:00,Building_A,129.53,False,normal
2026-03-06 15:00:00,Building_A,130.24,False,normal
2026-03-06 16:00:00,Building_A,131.32,False,normal
2026-03-06 17:00:00,Building_A,126.27,False,normal
2026-03-06 18:00:00,Building_A,130.01,False,normal
2026-03-06 19:00:00,Building_A,54.06,False,normal
2026-03-06 20:00:00,Building_A,61.56,False,normal
2026-03-06 21:00:00,Building_A,61.74,False,normal
2026-03-06 22:00:00,Building_A,56.97,False,normal
2026-03-06 23:00:00,Building_A,55.74,False,normal
2026-03-07 00:00:00,Building_A,58.4,False,normal
2026-03-07 01:00:00,Building_A,53.62,False,normal
2026-03-07 02:00:00,Building_A,51.96,False,normal
2026-03-07 03:00:00,Building_A,53.0,False,normal
2026-03-07 04:00:00,Building_A,54.52,False,normal
2026-03-07 05:00:00,Building_A,51.88,False,normal
2026-03-07 06:00:00,Building_A,58.51,False,normal
2026-03-07 07:00:00,Building_A,61.35,False,normal
2026-03-07 08:00:00,Building_A,49.76,False,normal
2026-03-07 09:00:00,Building_A,57.82,False,normal
2026-03-07 10:00:00,Building_A,56.6,False,normal
2026-03-07 11:00:00,Building_A,59.41,False,normal
2026-03-07 12:00:00,Building_A,57.63,False,normal
2026-03-07 13:00:00,Building_A,50.43,False,normal
2026-03-07 14:00:00,Building_A,51.39,False,normal
2026-03-07 15:00:00,Building_A,57.85,False,normal
2026-03-07 16:00:00,Building_A,62.84,False,normal
2026-03-07 17:00:00,Building_A,46.63,False,normal
2026-03-07 18:00:00,Building_A,59.43,False,normal
2026-03-07 19:00:00,Building_A,63.65,False,normal
2026-03-07 20:00:00,Building_A,56.93,False,normal
2026-03-07 21:00:00,Building_A,60.45,False,normal
2026-03-07 22:00:00,Building_A,54.18,False,normal
2026-03-07 23:00:00,Building_A,57.1,False,normal
2026-03-08 00:00:00,Building_A,49.59,False,normal
2026-03-08 01:00:00,Building_A,45.98,False,normal
2026-03-08 02:00:00,Building_A,62.41,False,normal
2026-03-08 03:00:00,Building_A,52.77,False,normal
2026-03-08 04:00:00,Building_A,55.42,False,normal
2026-03-08 05:00:00,Building_A,50.77,False,normal
2026-03-08 06:00:00,Building_A,50.65,False,normal
2026-03-08 07:00:00,Building_A,56.83,False,normal
2026-03-08 08:00:00,Building_A,54.05,False,normal
2026-03-08 09:00:00,Building_A,59.59,False,normal
2026-03-08 10:00:00,Building_A,59.96,False,normal
2026-03-08 11:00:00,Building_A,59.3,False,normal
2026-03-08 12:00:00,Building_A,58.89,False,normal
2026-03-08 13:00:00,Building_A,65.59,False,normal
2026-03-08 14:00:00,Building_A,52.36,False,normal
2026-03-08 15:00:00,Building_A,57.42,False,normal
2026-03-08 16:00:00,Building_A,63.36,False,normal
2026-03-08 17:00:00,Building_A,64.02,False,normal
2026-03-08 18:00:00,Building_A,50.59,False,normal
2026-03-08 19:00:00,Building_A,56.14,False,normal
2026-03-08 20:00:00,Building_A,64.49,False,normal
2026-03-08 21:00:00,Building_A,60.24,False,normal
2026-03-08 22:00:00,Building_A,58.67,False,normal
2026-03-08 23:00:00,Building_A,56.61,False,normal
2026-03-09 00:00:00,Building_A,55.78,False,normal
2026-03-09 01:00:00,Building_A,59.14,False,normal
2026-03-09 02:00:00,Building_A,56.44,False,normal
2026-03-09 03:00:00,Building_A,57.49,False,normal
2026-03-09 04:00:00,Building_A,58.09,False,normal
2026-03-09 05:00:00,Building_A,54.31,False,normal
2026-03-09 06:00:00,Building_A,60.36,False,normal
2026-03-09 07:00:00,Building_A,72.27,False,normal
2026-03-09 08:00:00,Building_A,124.26,False,normal
2026-03-09 09:00:00,Building_A,134.77,False,normal
2026-03-09 10:00:00,Building_A,129.35,False,normal
2026-03-09 11:00:00,Building_A,136.04,False,normal
2026-03-09 12:00:00,Building_A,133.38,False,normal
2026-03-09 13:00:00,Building_A,136.96,False,normal
2026-03-09 14:00:00,Building_A,139.03,False,normal
2026-03-09 15:00:00,Building_A,134.11,False,normal
2026-03-09 16:00:00,Building_A,138.81,False,normal
2026-03-09 17:00:00,Building_A,121.43,False,normal
2026-03-09 18:00:00,Building_A,141.1,False,normal
2026-03-09 19:00:00,Building_A,59.57,False,normal
2026-03-09 20:00:00,Building_A,63.09,False,normal
2026-03-09 21:00:00,Building_A,51.6,False,normal
2026-03-09 22:00:00,Building_A,53.54,False,normal
2026-03-09 23:00:00,Building_A,58.43,False,normal
2026-03-10 00:00:00,Building_A,57.61,False,normal
2026-03-10 01:00:00,Building_A,59.11,False,normal
2026-03-10 02:00:00,Building_A,63.12,False,normal
2026-03-10 03:00:00,Building_A,48.87,False,normal
2026-03-10 04:00:00,Building_A,62.57,False,normal
2026-03-10 05:00:00,Building_A,57.74,False,normal
2026-03-10 06:00:00,Building_A,56.68,False,normal
2026-03-10 07:00:00,Building_A,50.34,False,normal
2026-03-10 08:00:00,Building_A,135.67,False,normal
2026-03-10 09:00:00,Building_A,121.08,False,normal
2026-03-10 10:00:00,Building_A,136.39,False,normal
2026-03-10 11:00:00,Building_A,125.69,False,normal
2026-03-10 12:00:00,Building_A,133.42,False,normal
2026-03-10 13:00:00,Building_A,132.55,False,normal
2026-03-10 14:00:00,Building_A,139.0,False,normal
2026-03-10 15:00:00,Building_A,132.26,False,normal
2026-03-10 16:00:00,Building_A,129.68,False,normal
2026-03-10 17:00:00,Building_A,130.62,False,normal
2026-03-10 18:00:00,Building_A,139.51,False,normal
2026-03-10 19:00:00,Building_A,60.38,False,normal
2026-03-10 20:00:00,Building_A,55.77,False,normal
2026-03-10 21:00:00,Building_A,56.52,False,normal
2026-03-10 22:00:00,Building_A,49.86,False,normal
2026-03-10 23:00:00,Building_A,59.64,False,normal
2026-03-11 00:00:00,Building_A,48.9,False,normal
2026-03-11 01:00:00,Building_A,61.46,False,normal
2026-03-11 02:00:00,Building_A,58.34,False,normal
2026-03-11 03:00:00,Building_A,69.63,False,normal
2026-03-11 04:00:00,Building_A,52.2,False,normal
2026-03-11 05:00:00,Building_A,57.18,False,normal
2026-03-11 06:00:00,Building_A,66.69,False,normal
2026-03-11 07:00:00,Building_A,63.66,False,normal
2026-03-11 08:00:00,Building_A,129.67,False,normal
2026-03-11 09:00:00,Building_A,134.27,False,normal
2026-03-11 10:00:00,Building_A,133.16,False,normal
2026-03-11 11:00:00,Building_A,134.56,False,normal
2026-03-11 12:00:00,Building_A,129.66,False,normal
2026-03-11 13:00:00,Building_A,132.7,False,normal
2026-03-11 14:00:00,Building_A,125.16,False,normal
2026-03-11 15:00:00,Building_A,133.83,False,normal
2026-03-11 16:00:00,Building_A,135.4,False,normal
2026-03-11 17:00:00,Building_A,132.01,False,normal
2026-03-11 18:00:00,Building_A,125.07,False,normal
2026-03-11 19:00:00,Building_A,62.64,False,normal
2026-03-11 20:00:00,Building_A,59.52,False,normal
2026-03-11 21:00:00,Building_A,54.07,False,normal
2026-03-11 22:00:00,Building_A,56.3,False,normal
2026-03-11 23:00:00,Building_A,50.19,False,normal
2026-03-12 00:00:00,Building_A,52.57,False,normal
2026-03-12 01:00:00,Building_A,55.01,False,normal
2026-03-12 02:00:00,Building_A,63.84,False,normal
2026-03-12 03:00:00,Building_A,54.5,False,normal
2026-03-12 04:00:00,Building_A,60.9,False,normal
2026-03-12 05:00:00,Building_A,55.01,False,normal
2026-03-12 06:00:00,Building_A,58.94,False,normal
2026-03-12 07:00:00,Building_A,56.99,False,normal
2026-03-12 08:00:00,Building_A,137.52,False,normal
2026-03-12 09:00:00,Building_A,130.48,False,normal
2026-03-12 10:00:00,Building_A,125.29,False,normal
2026-03-12 11:00:00,Building_A,126.24,False,normal
2026-03-12 12:00:00,Building_A,130.49,False,normal
2026-03-12 13:00:00,Building_A,126.9,False,normal
2026-03-12 14:00:00,Building_A,135.2,False,normal
2026-03-12 15:00:00,Building_A,130.82,False,normal
2026-03-12 16:00:00,Building_A,145.02,False,normal
2026-03-12 17:00:00,Building_A,124.46,False,normal
2026-03-12 18:00:00,Building_A,134.17,False,normal
2026-03-12 19:00:00,Building_A,52.06,False,normal
2026-03-12 20:00:00,Building_A,55.23,False,normal
2026-03-12 21:00:00,Building_A,58.41,False,normal
2026-03-12 22:00:00,Building_A,46.07,False,normal
2026-03-12 23:00:00,Building_A,58.88,False,normal
2026-03-13 00:00:00,Building_A,67.21,False,normal
2026-03-13 01:00:00,Building_A,55.43,False,normal
2026-03-13 02:00:00,Building_A,59.0,False,normal
2026-03-13 03:00:00,Building_A,62.82,False,normal
2026-03-13 04:00:00,Building_A,56.88,False,normal
2026-03-13 05:00:00,Building_A,54.79,False,normal
2026-03-13 06:00:00,Building_A,46.32,False,normal
2026-03-13 07:00:00,Building_A,60.9,False,normal
2026-03-13 08:00:00,Building_A,132.58,False,normal
2026-03-13 09:00:00,Building_A,128.09,False,normal
2026-03-13 10:00:00,Building_A,133.78,False,normal
2026-03-13 11:00:00,Building_A,130.23,False,normal
2026-03-13 12:00:00,Building_A,130.51,False,normal
2026-03-13 13:00:00,Building_A,136.18,False,normal
2026-03-13 14:00:00,Building_A,126.46,False,normal
2026-03-13 15:00:00,Building_A,138.39,False,normal
2026-03-13 16:00:00,Building_A,126.16,False,normal
2026-03-13 17:00:00,Building_A,129.84,False,normal
2026-03-13 18:00:00,Building_A,142.76,False,normal
2026-03-13 19:00:00,Building_A,63.34,False,normal
2026-03-13 20:00:00,Building_A,58.19,False,normal
2026-03-13 21:00:00,Building_A,53.0,False,normal
2026-03-13 22:00:00,Building_A,55.05,False,normal
2026-03-13 23:00:00,Building_A,58.06,False,normal
2026-03-14 00:00:00,Building_A,57.89,False,normal
2026-03-14 01:00:00,Building_A,57.24,False,normal
2026-03-14 02:00:00,Building_A,57.54,False,normal
2026-03-14 03:00:00,Building_A,56.63,False,normal
2026-03-14 04:00:00,Building_A,50.49,False,normal
2026-03-14 05:00:00,Building_A,55.12,False,normal
2026-03-14 06:00:00,Building_A,62.27,False,normal
2026-03-14 07:00:00,Building_A,50.86,False,normal
2026-03-14 08:00:00,Building_A,56.75,False,normal
2026-03-14 09:00:00,Building_A,53.6,False,normal
2026-03-14 10:00:00,Building_A,58.26,False,normal
2026-03-14 11:00:00,Building_A,55.76,False,normal
2026-03-14 12:00:00,Building_A,65.09,False,normal
2026-03-14 13:00:00,Building_A,60.23,False,normal
2026-03-14 14:00:00,Building_A,51.14,False,normal
2026-03-14 15:00:00,Building_A,61.05,False,normal
2026-03-14 16:00:00,Building_A,53.83,False,normal
2026-03-14 17:00:00,Building_A,54.81,False,normal
2026-03-14 18:00:00,Building_A,59.27,False,normal
2026-03-14 19:00:00,Building_A,55.24,False,normal
2026-03-14 20:00:00,Building_A,62.16,False,normal
2026-03-14 21:00:00,Building_A,53.83,False,normal
2026-03-14 22:00:00,Building_A,54.6,False,normal
2026-03-14 23:00:00,Building_A,54.42,False,normal
2026-03-15 00:00:00,Building_A,54.87,False,normal
2026-03-15 01:00:00,Building_A,63.19,False,normal
2026-03-15 02:00:00,Building_A,60.84,False,normal
2026-03-15 03:00:00,Building_A,66.25,False,normal
2026-03-15 04:00:00,Building_A,69.04,False,normal
2026-03-15 05:00:00,Building_A,52.54,False,normal
2026-03-15 06:00:00,Building_A,58.05,False,normal
2026-03-15 07:00:00,Building_A,51.82,False,normal
2026-03-15 08:00:00,Building_A,53.81,False,normal
2026-03-15 09:00:00,Building_A,54.55,False,normal
2026-03-15 10:00:00,Building_A,52.41,False,normal
2026-03-15 11:00:00,Building_A,52.44,False,normal
2026-03-15 12:00:00,Building_A,56.98,False,normal
2026-03-15 13:00:00,Building_A,51.61,False,normal
2026-03-15 14:00:00,Building_A,61.91,False,normal
2026-03-15 15:00:00,Building_A,53.11,False,normal
2026-03-15 16:00:00,Building_A,71.75,False,normal
2026-03-15 17:00:00,Building_A,55.44,False,normal
2026-03-15 18:00:00,Building_A,58.06,False,normal
2026-03-15 19:00:00,Building_A,51.22,False,normal
2026-03-15 20:00:00,Building_A,66.23,False,normal
2026-03-15 21:00:00,Building_A,63.3,False,normal
2026-03-15 22:00:00,Building_A,59.18,False,normal
2026-03-15 23:00:00,Building_A,50.96,False,normal
2026-03-16 00:00:00,Building_A,58.75,False,normal
2026-03-16 01:00:00,Building_A,52.09,False,normal
2026-03-16 02:00:00,Building_A,65.01,False,normal
2026-03-16 03:00:00,Building_A,61.74,False,normal
2026-03-16 04:00:00,Building_A,58.18,False,normal
2026-03-16 05:00:00,Building_A,45.52,False,normal
2026-03-16 06:00:00,Building_A,52.78,False,normal
2026-03-16 07:00:00,Building_A,61.14,False,normal
2026-03-16 08:00:00,Building_A,139.21,False,normal
2026-03-16 09:00:00,Building_A,138.7,False,normal
2026-03-16 10:00:00,Building_A,125.19,False,normal
2026-03-16 11:00:00,Building_A,134.66,False,normal
2026-03-16 12:00:00,Building_A,138.23,False,normal
2026-03-16 13:00:00,Building_A,124.86,False,normal
2026-03-16 14:00:00,Building_A,133.11,False,normal
2026-03-16 15:00:00,Building_A,134.52,False,normal
2026-03-16 16:00:00,Building_A,131.65,False,normal
2026-03-16 17:00:00,Building_A,123.89,False,normal
2026-03-16 18:00:00,Building_A,131.52,False,normal
2026-03-16 19:00:00,Building_A,56.06,False,normal
2026-03-16 20:00:00,Building_A,56.96,False,normal
2026-03-16 21:00:00,Building_A,54.88,False,normal
2026-03-16 22:00:00,Building_A,55.48,False,normal
2026-03-16 23:00:00,Building_A,57.5,False,normal
2026-03-17 00:00:00,Building_A,59.91,False,normal
2026-03-17 01:00:00,Building_A,56.18,False,normal
2026-03-17 02:00:00,Building_A,55.65,False,normal
2026-03-17 03:00:00,Building_A,58.16,False,normal
2026-03-17 04:00:00,Building_A,48.09,False,normal
2026-03-17 05:00:00,Building_A,60.08,False,normal
2026-03-17 06:00:00,Building_A,57.7,False,normal
2026-03-17 07:00:00,Building_A,57.9,False,normal
2026-03-17 08:00:00,Building_A,137.95,False,normal
2026-03-17 09:00:00,Building_A,123.39,False,normal
2026-03-17 10:00:00,Building_A,123.28,False,normal
2026-03-17 11:00:00,Building_A,134.52,False,normal
2026-03-17 12:00:00,Building_A,133.11,False,normal
2026-03-17 13:00:00,Building_A,134.0,False,normal
2026-03-17 14:00:00,Building_A,130.84,False,normal
2026-03-17 15:00:00,Building_A,136.47,False,normal
2026-03-17 16:00:00,Building_A,137.81,False,normal
2026-03-17 17:00:00,Building_A,135.57,False,normal
2026-03-17 18:00:00,Building_A,131.85,False,normal
2026-03-17 19:00:00,Building_A,47.16,False,normal
2026-03-17 20:00:00,Building_A,61.54,False,normal
2026-03-17 21:00:00,Building_A,63.81,False,normal
2026-03-17 22:00:00,Building_A,60.92,False,normal
2026-03-17 23:00:00,Building_A,53.3,False,normal
2026-03-18 00:00:00,Building_A,61.07,False,normal
2026-03-18 01:00:00,Building_A,62.0,False,normal
2026-03-18 02:00:00,Building_A,65.49,False,normal
2026-03-18 03:00:00,Building_A,53.32,False,normal
2026-03-18 04:00:00,Building_A,56.57,False,normal
2026-03-18 05:00:00,Building_A,61.43,False,normal
2026-03-18 06:00:00,Building_A,57.99,False,normal
2026-03-18 07:00:00,Building_A,52.11,False,normal
2026-03-18 08:00:00,Building_A,135.22,False,normal
2026-03-18 09:00:00,Building_A,136.04,False,normal
2026-03-18 10:00:00,Building_A,133.59,False,normal
2026-03-18 11:00:00,Building_A,134.25,False,normal
2026-03-18 12:00:00,Building_A,131.86,False,normal
2026-03-18 13:00:00,Building_A,140.54,False,normal
2026-03-18 14:00:00,Building_A,128.65,False,normal
2026-03-18 15:00:00,Building_A,130.21,False,normal
2026-03-18 16:00:00,Building_A,133.2,False,normal
2026-03-18 17:00:00,Building_A,137.54,False,normal
2026-03-18 18:00:00,Building_A,125.66,False,normal
2026-03-18 19:00:00,Building_A,51.15,False,normal
2026-03-18 20:00:00,Building_A,47.51,False,normal
2026-03-18 21:00:00,Building_A,57.86,False,normal
2026-03-18 22:00:00,Building_A,52.11,False,normal
2026-03-18 23:00:00,Building_A,55.78,False,normal
2026-03-19 00:00:00,Building_A,61.01,False,normal
2026-03-19 01:00:00,Building_A,54.49,False,normal
2026-03-19 02:00:00,Building_A,58.85,False,normal
2026-03-19 03:00:00,Building_A,56.2,False,normal
2026-03-19 04:00:00,Building_A,61.06,False,normal
2026-03-19 05:00:00,Building_A,60.07,False,normal
2026-03-19 06:00:00,Building_A,54.24,False,normal
2026-03-19 07:00:00,Building_A,56.86,False,normal
2026-03-19 08:00:00,Building_A,138.37,False,normal
2026-03-19 09:00:00,Building_A,135.12,False,normal
2026-03-19 10:00:00,Building_A,126.17,False,normal
2026-03-19 11:00:00,Building_A,136.43,False,normal
2026-03-19 12:00:00,Building_A,127.73,False,normal
2026-03-19 13:00:00,Building_A,140.21,False,normal
2026-03-19 14:00:00,Building_A,138.27,False,normal
2026-03-19 15:00:00,Building_A,134.6,False,normal
2026-03-19 16:00:00,Building_A,133.94,False,normal
2026-03-19 17:00:00,Building_A,132.1,False,normal
2026-03-19 18:00:00,Building_A,136.54,False,normal
2026-03-19 19:00:00,Building_A,55.84,False,normal
2026-03-19 20:00:00,Building_A,58.88,False,normal
2026-03-19 21:00:00,Building_A,62.06,False,normal
2026-03-19 22:00:00,Building_A,54.89,False,normal
2026-03-19 23:00:00,Building_A,54.62,False,normal
2026-03-20 00:00:00,Building_A,51.73,False,normal
2026-03-20 01:00:00,Building_A,52.38,False,normal
2026-03-20 02:00:00,Building_A,48.56,False,normal
2026-03-20 03:00:00,Building_A,61.35,False,normal
2026-03-20 04:00:00,Building_A,66.74,False,normal
2026-03-20 05:00:00,Building_A,64.82,False,normal
2026-03-20 06:00:00,Building_A,49.57,False,normal
2026-03-20 07:00:00,Building_A,61.32,False,normal
2026-03-20 08:00:00,Building_A,140.26,False,normal
2026-03-20 09:00:00,Building_A,130.87,False,normal
2026-03-20 10:00:00,Building_A,133.66,False,normal
2026-03-20 11:00:00,Building_A,123.11,False,normal
2026-03-20 12:00:00,Building_A,134.48,False,normal
2026-03-20 13:00:00,Building_A,127.83,False,normal
2026-03-20 14:00:00,Building_A,134.15,False,normal
2026-03-20 15:00:00,Building_A,125.34,False,normal
2026-03-20 16:00:00,Building_A,135.86,False,normal
2026-03-20 17:00:00,Building_A,138.27,False,normal
2026-03-20 18:00:00,Building_A,129.23,False,normal
2026-03-20 19:00:00,Building_A,52.01,False,normal
2026-03-20 20:00:00,Building_A,46.92,False,normal
2026-03-20 21:00:00,Building_A,56.37,False,normal
2026-03-20 22:00:00,Building_A,54.79,False,normal
2026-03-20 23:00:00,Building_A,49.94,False,normal
2026-03-21 00:00:00,Building_A,59.96,False,normal
2026-03-21 01:00:00,Building_A,55.45,False,normal
2026-03-21 02:00:00,Building_A,52.32,False,normal
2026-03-21 03:00:00,Building_A,54.93,False,normal
2026-03-21 04:00:00,Building_A,63.05,False,normal
2026-03-21 05:00:00,Building_A,60.71,False,normal
2026-03-21 06:00:00,Building_A,57.05,False,normal
2026-03-21 07:00:00,Building_A,60.79,False,normal
2026-03-21 08:00:00,Building_A,51.89,False,normal
2026-03-21 09:00:00,Building_A,57.86,False,normal
2026-03-21 10:00:00,Building_A,58.43,False,normal
2026-03-21 11:00:00,Building_A,55.35,False,normal
2026-03-21 12:00:00,Building_A,59.88,False,normal
2026-03-21 13:00:00,Building_A,53.8,False,normal
2026-03-21 14:00:00,Building_A,60.25,False,normal
2026-03-21 15:00:00,Building_A,60.46,False,normal
2026-03-21 16:00:00,Building_A,43.11,False,normal
2026-03-21 17:00:00,Building_A,63.65,False,normal
2026-03-21 18:00:00,Building_A,42.46,False,normal
2026-03-21 19:00:00,Building_A,54.62,False,normal
2026-03-21 20:00:00,Building_A,62.83,False,normal
2026-03-21 21:00:00,Building_A,56.11,False,normal
2026-03-21 22:00:00,Building_A,50.37,False,normal
2026-03-21 23:00:00,Building_A,52.23,False,normal
2026-03-22 00:00:00,Building_A,62.83,False,normal
2026-03-22 01:00:00,Building_A,48.09,False,normal
2026-03-22 02:00:00,Building_A,63.34,False,normal
2026-03-22 03:00:00,Building_A,57.42,False,normal
2026-03-22 04:00:00,Building_A,51.74,False,normal
2026-03-22 05:00:00,Building_A,54.78,False,normal
2026-03-22 06:00:00,Building_A,52.61,False,normal
2026-03-22 07:00:00,Building_A,62.03,False,normal
2026-03-22 08:00:00,Building_A,61.36,False,normal
2026-03-22 09:00:00,Building_A,49.1,False,normal
2026-03-22 10:00:00,Building_A,55.68,False,normal
2026-03-22 11:00:00,Building_A,53.38,False,normal
2026-03-22 12:00:00,Building_A,64.17,False,normal
2026-03-22 13:00:00,Building_A,50.95,False,normal
2026-03-22 14:00:00,Building_A,65.72,False,normal
2026-03-22 15:00:00,Building_A,57.53,False,normal
2026-03-22 16:00:00,Building_A,51.89,False,normal
2026-03-22 17:00:00,Building_A,54.31,False,normal
2026-03-22 18:00:00,Building_A,53.69,False,normal
2026-03-22 19:00:00,Building_A,51.33,False,normal
2026-03-22 20:00:00,Building_A,58.17,False,normal
2026-03-22 21:00:00,Building_A,51.56,False,normal
2026-03-22 22:00:00,Building_A,46.8,False,normal
2026-03-22 23:00:00,Building_A,55.8,False,normal
2026-03-23 00:00:00,Building_A,48.68,False,normal
2026-03-23 01:00:00,Building_A,53.94,False,normal
2026-03-23 02:00:00,Building_A,53.15,False,normal
2026-03-23 03:00:00,Building_A,53.34,False,normal
2026-03-23 04:00:00,Building_A,67.7,False,normal
2026-03-23 05:00:00,Building_A,57.98,False,normal
2026-03-23 06:00:00,Building_A,58.93,False,normal
2026-03-23 07:00:00,Building_A,48.82,False,normal
2026-03-23 08:00:00,Building_A,129.88,False,normal
2026-03-23 09:00:00,Building_A,134.23,False,normal
2026-03-23 10:00:00,Building_A,128.03,False,normal
2026-03-23 11:00:00,Building_A,137.69,False,normal
2026-03-23 12:00:00,Building_A,127.14,False,normal
2026-03-23 13:00:00,Building_A,131.72,False,normal
2026-03-23 14:00:00,Building_A,130.22,False,normal
2026-03-23 15:00:00,Building_A,133.97,False,normal
2026-03-23 16:00:00,Building_A,129.95,False,normal
2026-03-23 17:00:00,Building_A,131.8,False,normal
2026-03-23 18:00:00,Building_A,131.97,False,normal
2026-03-23 19:00:00,Building_A,54.03,False,normal
2026-03-23 20:00:00,Building_A,60.12,False,normal
2026-03-23 21:00:00,Building_A,58.89,False,normal
2026-03-23 22:00:00,Building_A,57.26,False,normal
2026-03-23 23:00:00,Building_A,55.55,False,normal
2026-03-24 00:00:00,Building_A,61.68,False,normal
2026-03-24 01:00:00,Building_A,56.52,False,normal
2026-03-24 02:00:00,Building_A,56.16,False,normal
2026-03-24 03:00:00,Building_A,58.22,False,normal
2026-03-24 04:00:00,Building_A,66.18,False,normal
2026-03-24 05:00:00,Building_A,51.0,False,normal
2026-03-24 06:00:00,Building_A,61.55,False,normal
2026-03-24 07:00:00,Building_A,48.23,False,normal
2026-03-24 08:00:00,Building_A,134.24,False,normal
2026-03-24 09:00:00,Building_A,141.03,False,normal
2026-03-24 10:00:00,Building_A,135.59,False,normal
2026-03-24 11:00:00,Building_A,134.0,False,normal
2026-03-24 12:00:00,Building_A,130.35,False,normal
2026-03-24 13:00:00,Building_A,133.31,False,normal
2026-03-24 14:00:00,Building_A,131.89,False,normal
2026-03-24 15:00:00,Building_A,129.22,False,normal
2026-03-24 16:00:00,Building_A,131.7,False,normal
2026-03-24 17:00:00,Building_A,134.14,False,normal
2026-03-24 18:00:00,Building_A,129.31,False,normal
2026-03-24 19:00:00,Building_A,53.67,False,normal
2026-03-24 20:00:00,Building_A,50.9,False,normal
2026-03-24 21:00:00,Building_A,59.65,False,normal
2026-03-24 22:00:00,Building_A,60.42,False,normal
2026-03-24 23:00:00,Building_A,58.86,False,normal
2026-03-25 00:00:00,Building_A,62.52,False,normal
2026-03-25 01:00:00,Building_A,58.14,False,normal
2026-03-25 02:00:00,Building_A,59.66,False,normal
2026-03-25 03:00:00,Building_A,59.22,False,normal
2026-03-25 04:00:00,Building_A,57.24,False,normal
2026-03-25 05:00:00,Building_A,55.04,False,normal
2026-03-25 06:00:00,Building_A,68.77,False,normal
2026-03-25 07:00:00,Building_A,55.44,False,normal
2026-03-25 08:00:00,Building_A,129.82,False,normal
2026-03-25 09:00:00,Building_A,135.32,False,normal
2026-03-25 10:00:00,Building_A,134.41,False,normal
2026-03-25 11:00:00,Building_A,126.13,False,normal
2026-03-25 12:00:00,Building_A,138.76,False,normal
2026-03-25 13:00:00,Building_A,132.68,False,normal
2026-03-25 14:00:00,Building_A,127.6,False,normal
2026-03-25 15:00:00,Building_A,139.09,False,normal
2026-03-25 16:00:00,Building_A,136.28,False,normal
2026-03-25 17:00:00,Building_A,126.83,False,normal
2026-03-25 18:00:00,Building_A,142.04,False,normal
2026-03-25 19:00:00,Building_A,60.99,False,normal
2026-03-25 20:00:00,Building_A,57.65,False,normal
2026-03-25 21:00:00,Building_A,65.65,False,normal
2026-03-25 22:00:00,Building_A,58.49,False,normal
2026-03-25 23:00:00,Building_A,57.56,False,normal
2026-03-26 00:00:00,Building_A,54.4,False,normal
2026-03-26 01:00:00,Building_A,60.61,False,normal
2026-03-26 02:00:00,Building_A,60.08,False,normal
2026-03-26 03:00:00,Building_A,57.77,False,normal
2026-03-26 04:00:00,Building_A,53.75,False,normal
2026-03-26 05:00:00,Building_A,58.35,False,normal
2026-03-26 06:00:00,Building_A,57.35,False,normal
2026-03-26 07:00:00,Building_A,51.03,False,normal
2026-03-26 08:00:00,Building_A,125.79,False,normal
2026-03-26 09:00:00,Building_A,135.98,False,normal
2026-03-26 10:00:00,Building_A,120.14,False,normal
2026-03-26 11:00:00,Building_A,134.18,False,normal
2026-03-26 12:00:00,Building_A,130.76,False,normal
2026-03-26 13:00:00,Building_A,139.69,False,normal
2026-03-26 14:00:00,Building_A,130.68,False,normal
2026-03-26 15:00:00,Building_A,136.45,False,normal
2026-03-26 16:00:00,Building_A,131.17,False,normal
2026-03-26 17:00:00,Building_A,133.72,False,normal
2026-03-26 18:00:00,Building_A,136.83,False,normal
2026-03-26 19:00:00,Building_A,55.39,False,normal
2026-03-26 20:00:00,Building_A,62.68,False,normal
2026-03-26 21:00:00,Building_A,52.73,False,normal
2026-03-26 22:00:00,Building_A,59.17,False,normal
2026-03-26 23:00:00,Building_A,62.31,False,normal
2026-03-27 00:00:00,Building_A,61.0,False,normal
2026-03-27 01:00:00,Building_A,67.28,False,normal
2026-03-27 02:00:00,Building_A,53.88,False,normal
2026-03-27 03:00:00,Building_A,50.8,False,normal
2026-03-27 04:00:00,Building_A,52.73,False,normal
2026-03-27 05:00:00,Building_A,61.0,False,normal
2026-03-27 06:00:00,Building_A,60.19,False,normal
2026-03-27 07:00:00,Building_A,58.21,False,normal
2026-03-27 08:00:00,Building_A,127.54,False,normal
2026-03-27 09:00:00,Building_A,136.98,False,normal
2026-03-27 10:00:00,Building_A,127.03,False,normal
2026-03-27 11:00:00,Building_A,138.94,False,normal
2026-03-27 12:00:00,Building_A,147.44,False,normal
2026-03-27 13:00:00,Building_A,134.98,False,normal
2026-03-27 14:00:00,Building_A,136.07,False,normal
2026-03-27 15:00:00,Building_A,130.69,False,normal
2026-03-27 16:00:00,Building_A,124.1,False,normal
2026-03-27 17:00:00,Building_A,130.14,False,normal
2026-03-27 18:00:00,Building_A,127.69,False,normal
2026-03-27 19:00:00,Building_A,50.46,False,normal
2026-03-27 20:00:00,Building_A,66.31,False,normal
2026-03-27 21:00:00,Building_A,59.06,False,normal
2026-03-27 22:00:00,Building_A,59.6,False,normal
2026-03-27 23:00:00,Building_A,56.15,False,normal
2026-03-28 00:00:00,Building_A,56.83,False,normal
2026-03-28 01:00:00,Building_A,62.52,False,normal
2026-03-28 02:00:00,Building_A,57.54,False,normal
2026-03-28 03:00:00,Building_A,60.35,False,normal
2026-03-28 04:00:00,Building_A,56.72,False,normal
2026-03-28 05:00:00,Building_A,55.99,False,normal
2026-03-28 06:00:00,Building_A,50.66,False,normal
2026-03-28 07:00:00,Building_A,47.81,False,normal
2026-03-28 08:00:00,Building_A,56.39,False,normal
2026-03-28 09:00:00,Building_A,57.98,False,normal
2026-03-28 10:00:00,Building_A,51.27,False,normal
2026-03-28 11:00:00,Building_A,57.53,False,normal
2026-03-28 12:00:00,Building_A,57.97,False,normal
2026-03-28 13:00:00,Building_A,46.92,False,normal
2026-03-28 14:00:00,Building_A,53.12,False,normal
2026-03-28 15:00:00,Building_A,59.73,False,normal
2026-03-28 16:00:00,Building_A,59.63,False,normal
2026-03-28 17:00:00,Building_A,51.93,False,normal
2026-03-28 18:00:00,Building_A,58.49,False,normal
2026-03-28 19:00:00,Building_A,62.81,False,normal
2026-03-28 20:00:00,Building_A,61.58,False,normal
2026-03-28 21:00:00,Building_A,57.22,False,normal
2026-03-28 22:00:00,Building_A,55.36,False,normal
2026-03-28 23:00:00,Building_A,54.55,False,normal
2026-03-29 00:00:00,Building_A,60.04,False,normal
2026-03-29 01:00:00,Building_A,58.67,False,normal
2026-03-29 02:00:00,Building_A,60.85,False,normal
2026-03-29 03:00:00,Building_A,58.36,False,normal
2026-03-29 04:00:00,Building_A,61.79,False,normal
2026-03-29 05:00:00,Building_A,58.17,False,normal
2026-03-29 06:00:00,Building_A,61.62,False,normal
2026-03-29 07:00:00,Building_A,62.05,False,normal
2026-03-29 08:00:00,Building_A,53.68,False,normal
2026-03-29 09:00:00,Building_A,48.66,False,normal
2026-03-29 10:00:00,Building_A,65.42,False,normal
2026-03-29 11:00:00,Building_A,58.98,False,normal
2026-03-29 12:00:00,Building_A,49.13,False,normal
2026-03-29 13:00:00,Building_A,54.13,False,normal
2026-03-29 14:00:00,Building_A,61.56,False,normal
2026-03-29 15:00:00,Building_A,56.3,False,normal
2026-03-29 16:00:00,Building_A,55.14,False,normal
2026-03-29 17:00:00,Building_A,64.7,False,normal
2026-03-29 18:00:00,Building_A,52.46,False,normal
2026-03-29 19:00:00,Building_A,53.71,False,normal
2026-03-29 20:00:00,Building_A,58.76,False,normal
2026-03-29 21:00:00,Building_A,59.65,False,normal
2026-03-29 22:00:00,Building_A,60.18,False,normal
2026-03-29 23:00:00,Building_A,62.25,False,normal
2026-03-30 00:00:00,Building_A,58.69,False,normal
2026-03-30 01:00:00,Building_A,60.15,False,normal
2026-03-30 02:00:00,Building_A,56.4,False,normal
2026-03-30 03:00:00,Building_A,58.01,False,normal
2026-03-30 04:00:00,Building_A,58.24,False,normal
2026-03-30 05:00:00,Building_A,58.77,False,normal
2026-03-30 06:00:00,Building_A,61.56,False,normal
2026-03-30 07:00:00,Building_A,60.47,False,normal
2026-03-30 08:00:00,Building_A,133.37,False,normal
2026-03-30 09:00:00,Building_A,129.1,False,normal
2026-03-30 10:00:00,Building_A,133.49,False,normal
2026-03-30 11:00:00,Building_A,133.01,False,normal
2026-03-30 12:00:00,Building_A,134.12,False,normal
2026-03-30 13:00:00,Building_A,144.18,False,normal
2026-03-30 14:00:00,Building_A,130.53,False,normal
2026-03-30 15:00:00,Building_A,135.26,False,normal
2026-03-30 16:00:00,Building_A,138.49,False,normal
2026-03-30 17:00:00,Building_A,133.64,False,normal
2026-03-30 18:00:00,Building_A,144.84,False,normal
2026-03-30 19:00:00,Building_A,55.81,False,normal
2026-03-30 20:00:00,Building_A,59.32,False,normal
2026-03-30 21:00:00,Building_A,53.7,False,normal
2026-03-30 22:00:00,Building_A,55.94,False,normal
2026-03-30 23:00:00,Building_A,58.94,False,normal
2026-03-31 00:00:00,Building_A,61.93,False,normal
2026-03-31 01:00:00,Building_A,59.29,False,normal
2026-03-31 02:00:00,Building_A,63.99,False,normal
2026-03-31 03:00:00,Building_A,57.22,False,normal
2026-03-31 04:00:00,Building_A,56.04,False,normal
2026-03-31 05:00:00,Building_A,71.22,False,normal
2026-03-31 06:00:00,Building_A,59.67,False,normal
2026-03-31 07:00:00,Building_A,54.1,False,normal
2026-03-31 08:00:00,Building_A,129.68,False,normal
2026-03-31 09:00:00,Building_A,128.44,False,normal
2026-03-31 10:00:00,Building_A,137.83,False,normal
2026-03-31 11:00:00,Building_A,131.33,False,normal
2026-03-31 12:00:00,Building_A,133.79,False,normal
2026-03-31 13:00:00,Building_A,132.83,False,normal
2026-03-31 14:00:00,Building_A,136.81,False,normal
2026-03-31 15:00:00,Building_A,128.92,False,normal
2026-03-31 16:00:00,Building_A,127.77,False,normal
2026-03-31 17:00:00,Building_A,134.27,False,normal
2026-03-31 18:00:00,Building_A,136.15,False,normal
2026-03-31 19:00:00,Building_A,59.36,False,normal
2026-03-31 20:00:00,Building_A,53.65,False,normal
2026-03-31 21:00:00,Building_A,61.09,False,normal
2026-03-31 22:00:00,Building_A,53.98,False,normal
2026-03-31 23:00:00,Building_A,55.09,False,normal
2026-01-01 00:00:00,Building_B,50.27,False,normal
2026-01-01 01:00:00,Building_B,46.93,False,normal
2026-01-01 02:00:00,Building_B,46.79,False,normal
2026-01-01 03:00:00,Building_B,50.0,False,normal
2026-01-01 04:00:00,Building_B,57.83,False,normal
2026-01-01 05:00:00,Building_B,35.22,False,normal
2026-01-01 06:00:00,Building_B,40.07,False,normal
2026-01-01 07:00:00,Building_B,40.69,False,normal
2026-01-01 08:00:00,Building_B,96.75,False,normal
2026-01-01 09:00:00,Building_B,95.61,False,normal
2026-01-01 10:00:00,Building_B,99.5,False,normal
2026-01-01 11:00:00,Building_B,94.92,False,normal
2026-01-01 12:00:00,Building_B,102.67,False,normal
2026-01-01 13:00:00,Building_B,101.26,False,normal
2026-01-01 14:00:00,Building_B,103.4,False,normal
2026-01-01 15:00:00,Building_B,103.54,False,normal
2026-01-01 16:00:00,Building_B,104.01,False,normal
2026-01-01 17:00:00,Building_B,99.13,False,normal
2026-01-01 18:00:00,Building_B,111.6,False,normal
2026-01-01 19:00:00,Building_B,44.94,False,normal
2026-01-01 20:00:00,Building_B,34.45,False,normal
2026-01-01 21:00:00,Building_B,38.75,False,normal
2026-01-01 22:00:00,Building_B,35.06,False,normal
2026-01-01 23:00:00,Building_B,43.85,False,normal
2026-01-02 00:00:00,Building_B,43.16,False,normal
2026-01-02 01:00:00,Building_B,41.42,False,normal
2026-01-02 02:00:00,Building_B,53.82,False,normal
2026-01-02 03:00:00,Building_B,46.51,False,normal
2026-01-02 04:00:00,Building_B,47.4,False,normal
2026-01-02 05:00:00,Building_B,39.11,False,normal
2026-01-02 06:00:00,Building_B,38.77,False,normal
2026-01-02 07:00:00,Building_B,43.95,False,normal
2026-01-02 08:00:00,Building_B,101.86,False,normal
2026-01-02 09:00:00,Building_B,91.72,False,normal
2026-01-02 10:00:00,Building_B,100.1,False,normal
2026-01-02 11:00:00,Building_B,101.07,False,normal
2026-01-02 12:00:00,Building_B,99.92,False,normal
2026-01-02 13:00:00,Building_B,96.93,False,normal
2026-01-02 14:00:00,Building_B,98.3,False,normal
2026-01-02 15:00:00,Building_B,100.11,False,normal
2026-01-02 16:00:00,Building_B,101.45,False,normal
2026-01-02 17:00:00,Building_B,104.02,False,normal
2026-01-02 18:00:00,Building_B,106.4,False,normal
2026-01-02 19:00:00,Building_B,42.29,False,normal
2026-01-02 20:00:00,Building_B,41.49,False,normal
2026-01-02 21:00:00,Building_B,45.95,False,normal
2026-01-02 22:00:00,Building_B,46.82,False,normal
2026-01-02 23:00:00,Building_B,41.6,False,normal
2026-01-03 00:00:00,Building_B,47.72,False,normal
2026-01-03 01:00:00,Building_B,48.66,False,normal
2026-01-03 02:00:00,Building_B,50.22,False,normal
2026-01-03 03:00:00,Building_B,52.66,False,normal
2026-01-03 04:00:00,Building_B,39.43,False,normal
2026-01-03 05:00:00,Building_B,43.84,False,normal
2026-01-03 06:00:00,Building_B,43.82,False,normal
2026-01-03 07:00:00,Building_B,43.28,False,normal
2026-01-03 08:00:00,Building_B,40.52,False,normal
2026-01-03 09:00:00,Building_B,36.34,False,normal
2026-01-03 10:00:00,Building_B,44.23,False,normal
2026-01-03 11:00:00,Building_B,39.92,False,normal
2026-01-03 12:00:00,Building_B,44.2,False,normal
2026-01-03 13:00:00,Building_B,39.8,False,normal
2026-01-03 14:00:00,Building_B,38.27,False,normal
2026-01-03 15:00:00,Building_B,44.94,False,normal
2026-01-03 16:00:00,Building_B,44.52,False,normal
2026-01-03 17:00:00,Building_B,46.66,False,normal
2026-01-03 18:00:00,Building_B,54.7,False,normal
2026-01-03 19:00:00,Building_B,45.15,False,normal
2026-01-03 20:00:00,Building_B,46.19,False,normal
2026-01-03 21:00:00,Building_B,38.38,False,normal
2026-01-03 22:00:00,Building_B,37.33,False,normal
2026-01-03 23:00:00,Building_B,51.68,False,normal
2026-01-04 00:00:00,Building_B,39.15,False,normal
2026-01-04 01:00:00,Building_B,38.55,False,normal
2026-01-04 02:00:00,Building_B,43.57,False,normal
2026-01-04 03:00:00,Building_B,43.32,False,normal
2026-01-04 04:00:00,Building_B,39.25,False,normal
2026-01-04 05:00:00,Building_B,42.24,False,normal
2026-01-04 06:00:00,Building_B,49.91,False,normal
2026-01-04 07:00:00,Building_B,39.74,False,normal
2026-01-04 08:00:00,Building_B,36.8,False,normal
2026-01-04 09:00:00,Building_B,48.48,False,normal
2026-01-04 10:00:00,Building_B,46.23,False,normal
2026-01-04 11:00:00,Building_B,40.66,False,normal
2026-01-04 12:00:00,Building_B,35.86,False,normal
2026-01-04 13:00:00,Building_B,40.04,False,normal
2026-01-04 14:00:00,Building_B,43.49,False,normal
2026-01-04 15:00:00,Building_B,49.59,False,normal
2026-01-04 16:00:00,Building_B,38.58,False,normal
2026-01-04 17:00:00,Building_B,43.34,False,normal
2026-01-04 18:00:00,Building_B,47.14,False,normal
2026-01-04 19:00:00,Building_B,31.86,False,normal
2026-01-04 20:00:00,Building_B,48.94,False,normal
2026-01-04 21:00:00,Building_B,37.85,False,normal
2026-01-04 22:00:00,Building_B,45.43,False,normal
2026-01-04 23:00:00,Building_B,45.0,False,normal
2026-01-05 00:00:00,Building_B,49.19,False,normal
2026-01-05 01:00:00,Building_B,46.52,False,normal
2026-01-05 02:00:00,Building_B,31.88,False,normal
2026-01-05 03:00:00,Building_B,39.84,False,normal
2026-01-05 04:00:00,Building_B,44.46,False,normal
2026-01-05 05:00:00,Building_B,42.79,False,normal
2026-01-05 06:00:00,Building_B,46.15,False,normal
2026-01-05 07:00:00,Building_B,47.71,False,normal
2026-01-05 08:00:00,Building_B,104.04,False,normal
2026-01-05 09:00:00,Building_B,99.93,False,normal
2026-01-05 10:00:00,Building_B,91.77,False,normal
2026-01-05 11:00:00,Building_B,98.72,False,normal
2026-01-05 12:00:00,Building_B,103.08,False,normal
2026-01-05 13:00:00,Building_B,95.55,False,normal
2026-01-05 14:00:00,Building_B,104.16,False,normal
2026-01-05 15:00:00,Building_B,105.54,False,normal
2026-01-05 16:00:00,Building_B,101.63,False,normal
2026-01-05 17:00:00,Building_B,85.68,False,normal
2026-01-05 18:00:00,Building_B,94.61,False,normal
2026-01-05 19:00:00,Building_B,53.2,False,normal
2026-01-05 20:00:00,Building_B,41.03,False,normal
2026-01-05 21:00:00,Building_B,33.85,False,normal
2026-01-05 22:00:00,Building_B,49.94,False,normal
2026-01-05 23:00:00,Building_B,43.83,False,normal
2026-01-06 00:00:00,Building_B,49.29,False,normal
2026-01-06 01:00:00,Building_B,45.15,False,normal
2026-01-06 02:00:00,Building_B,46.06,False,normal
2026-01-06 03:00:00,Building_B,45.58,False,normal
2026-01-06 04:00:00,Building_B,47.25,False,normal
2026-01-06 05:00:00,Building_B,55.15,False,normal
2026-01-06 06:00:00,Building_B,48.62,False,normal
2026-01-06 07:00:00,Building_B,35.86,False,normal
2026-01-06 08:00:00,Building_B,103.23,False,normal
2026-01-06 09:00:00,Building_B,106.71,False,normal
2026-01-06 10:00:00,Building_B,107.01,False,normal
2026-01-06 11:00:00,Building_B,98.87,False,normal
2026-01-06 12:00:00,Building_B,106.82,False,normal
2026-01-06 13:00:00,Building_B,105.64,False,normal
2026-01-06 14:00:00,Building_B,113.86,False,normal
2026-01-06 15:00:00,Building_B,97.25,False,normal
2026-01-06 16:00:00,Building_B,98.46,False,normal
2026-01-06 17:00:00,Building_B,99.47,False,normal
2026-01-06 18:00:00,Building_B,98.55,False,normal
2026-01-06 19:00:00,Building_B,39.32,False,normal
2026-01-06 20:00:00,Building_B,29.95,False,normal
2026-01-06 21:00:00,Building_B,41.59,False,normal
2026-01-06 22:00:00,Building_B,45.61,False,normal
2026-01-06 23:00:00,Building_B,41.3,False,normal
2026-01-07 00:00:00,Building_B,53.44,False,normal
2026-01-07 01:00:00,Building_B,43.83,False,normal
2026-01-07 02:00:00,Building_B,50.22,False,normal
2026-01-07 03:00:00,Building_B,45.07,False,normal
2026-01-07 04:00:00,Building_B,47.9,False,normal
2026-01-07 05:00:00,Building_B,45.16,False,normal
2026-01-07 06:00:00,Building_B,50.61,False,normal
2026-01-07 07:00:00,Building_B,44.05,False,normal
2026-01-07 08:00:00,Building_B,103.48,False,normal
2026-01-07 09:00:00,Building_B,102.83,False,normal
2026-01-07 10:00:00,Building_B,99.56,False,normal
2026-01-07 11:00:00,Building_B,103.02,False,normal
2026-01-07 12:00:00,Building_B,112.17,False,normal
2026-01-07 13:00:00,Building_B,99.65,False,normal
2026-01-07 14:00:00,Building_B,103.1,False,normal
2026-01-07 15:00:00,Building_B,107.29,False,normal
2026-01-07 16:00:00,Building_B,106.7,False,normal
2026-01-07 17:00:00,Building_B,101.06,False,normal
2026-01-07 18:00:00,Building_B,89.08,False,normal
2026-01-07 19:00:00,Building_B,46.35,False,normal
2026-01-07 20:00:00,Building_B,32.67,False,normal
2026-01-07 21:00:00,Building_B,51.12,False,normal
2026-01-07 22:00:00,Building_B,44.61,False,normal
2026-01-07 23:00:00,Building_B,48.76,False,normal
2026-01-08 00:00:00,Building_B,39.26,False,normal
2026-01-08 01:00:00,Building_B,36.0,False,normal
2026-01-08 02:00:00,Building_B,45.07,False,normal
2026-01-08 03:00:00,Building_B,43.6,False,normal
2026-01-08 04:00:00,Building_B,41.31,False,normal
2026-01-08 05:00:00,Building_B,44.19,False,normal
2026-01-08 06:00:00,Building_B,57.6,False,normal
2026-01-08 07:00:00,Building_B,47.94,False,normal
2026-01-08 08:00:00,Building_B,106.25,False,normal
2026-01-08 09:00:00,Building_B,105.22,False,normal
2026-01-08 10:00:00,Building_B,108.4,False,normal
2026-01-08 11:00:00,Building_B,100.05,False,normal
2026-01-08 12:00:00,Building_B,90.73,False,normal
2026-01-08 13:00:00,Building_B,100.06,False,normal
2026-01-08 14:00:00,Building_B,105.06,False,normal
2026-01-08 15:00:00,Building_B,96.15,False,normal
2026-01-08 16:00:00,Building_B,100.12,False,normal
2026-01-08 17:00:00,Building_B,97.54,False,normal
2026-01-08 18:00:00,Building_B,108.51,False,normal
2026-01-08 19:00:00,Building_B,47.51,False,normal
2026-01-08 20:00:00,Building_B,47.02,False,normal
2026-01-08 21:00:00,Building_B,46.87,False,normal
2026-01-08 22:00:00,Building_B,43.58,False,normal
2026-01-08 23:00:00,Building_B,44.75,False,normal
2026-01-09 00:00:00,Building_B,37.84,False,normal
2026-01-09 01:00:00,Building_B,32.83,False,normal
2026-01-09 02:00:00,Building_B,44.52,False,normal
2026-01-09 03:00:00,Building_B,45.39,False,normal
2026-01-09 04:00:00,Building_B,49.81,False,normal
2026-01-09 05:00:00,Building_B,51.62,False,normal
2026-01-09 06:00:00,Building_B,51.62,False,normal
2026-01-09 07:00:00,Building_B,38.78,False,normal
2026-01-09 08:00:00,Building_B,99.24,False,normal
2026-01-09 09:00:00,Building_B,103.4,False,normal
2026-01-09 10:00:00,Building_B,113.66,False,normal
2026-01-09 11:00:00,Building_B,108.4,False,normal
2026-01-09 12:00:00,Building_B,106.6,False,normal
2026-01-09 13:00:00,Building_B,99.06,False,normal
2026-01-09 14:00:00,Building_B,96.58,False,normal
2026-01-09 15:00:00,Building_B,104.94,False,normal
2026-01-09 16:00:00,Building_B,95.5,False,normal
2026-01-09 17:00:00,Building_B,99.81,False,normal
2026-01-09 18:00:00,Building_B,100.43,False,normal
2026-01-09 19:00:00,Building_B,51.73,False,normal
2026-01-09 20:00:00,Building_B,41.99,False,normal
2026-01-09 21:00:00,Building_B,31.57,False,normal
2026-01-09 22:00:00,Building_B,46.29,False,normal
2026-01-09 23:00:00,Building_B,40.27,False,normal
2026-01-10 00:00:00,Building_B,43.98,False,normal
2026-01-10 01:00:00,Building_B,43.33,False,normal
2026-01-10 02:00:00,Building_B,42.4,False,normal
2026-01-10 03:00:00,Building_B,47.72,False,normal
2026-01-10 04:00:00,Building_B,36.1,False,normal
2026-01-10 05:00:00,Building_B,41.18,False,normal
2026-01-10 06:00:00,Building_B,47.19,False,normal
2026-01-10 07:00:00,Building_B,40.7,False,normal
2026-01-10 08:00:00,Building_B,35.72,False,normal
2026-01-10 09:00:00,Building_B,47.11,False,normal
2026-01-10 10:00:00,Building_B,49.38,False,normal
2026-01-10 11:00:00,Building_B,43.54,False,normal
2026-01-10 12:00:00,Building_B,33.96,False,normal
2026-01-10 13:00:00,Building_B,47.3,False,normal
2026-01-10 14:00:00,Building_B,35.47,False,normal
2026-01-10 15:00:00,Building_B,45.31,False,normal
2026-01-10 16:00:00,Building_B,39.33,False,normal
2026-01-10 17:00:00,Building_B,37.97,False,normal
2026-01-10 18:00:00,Building_B,41.56,False,normal
2026-01-10 19:00:00,Building_B,42.85,False,normal
2026-01-10 20:00:00,Building_B,40.55,False,normal
2026-01-10 21:00:00,Building_B,46.71,False,normal
2026-01-10 22:00:00,Building_B,41.54,False,normal
2026-01-10 23:00:00,Building_B,48.67,False,normal
2026-01-11 00:00:00,Building_B,45.17,False,normal
2026-01-11 01:00:00,Building_B,40.28,False,normal
2026-01-11 02:00:00,Building_B,39.44,False,normal
2026-01-11 03:00:00,Building_B,35.53,False,normal
2026-01-11 04:00:00,Building_B,45.22,False,normal
2026-01-11 05:00:00,Building_B,41.99,False,normal
2026-01-11 06:00:00,Building_B,31.91,False,normal
2026-01-11 07:00:00,Building_B,41.09,False,normal
2026-01-11 08:00:00,Building_B,39.26,False,normal
2026-01-11 09:00:00,Building_B,51.64,False,normal
2026-01-11 10:00:00,Building_B,35.25,False,normal
2026-01-11 11:00:00,Building_B,36.56,False,normal
2026-01-11 12:00:00,Building_B,49.32,False,normal
2026-01-11 13:00:00,Building_B,50.55,False,normal
2026-01-11 14:00:00,Building_B,40.04,False,normal
2026-01-11 15:00:00,Building_B,40.61,False,normal
2026-01-11 16:00:00,Building_B,46.85,False,normal
2026-01-11 17:00:00,Building_B,32.13,False,normal
2026-01-11 18:00:00,Building_B,34.46,False,normal
2026-01-11 19:00:00,Building_B,42.36,False,normal
2026-01-11 20:00:00,Building_B,51.52,False,normal
2026-01-11 21:00:00,Building_B,41.59,False,normal
2026-01-11 22:00:00,Building_B,44.27,False,normal
2026-01-11 23:00:00,Building_B,49.44,False,normal
2026-01-12 00:00:00,Building_B,54.3,False,normal
2026-01-12 01:00:00,Building_B,40.88,False,normal
2026-01-12 02:00:00,Building_B,43.68,False,normal
2026-01-12 03:00:00,Building_B,52.88,False,normal
2026-01-12 04:00:00,Building_B,36.16,False,normal
2026-01-12 05:00:00,Building_B,48.9,False,normal
2026-01-12 06:00:00,Building_B,38.67,False,normal
2026-01-12 07:00:00,Building_B,44.28,False,normal
2026-01-12 08:00:00,Building_B,99.79,False,normal
2026-01-12 09:00:00,Building_B,96.21,False,normal
2026-01-12 10:00:00,Building_B,96.08,False,normal
2026-01-12 11:00:00,Building_B,102.38,False,normal
2026-01-12 12:00:00,Building_B,105.98,False,normal
2026-01-12 13:00:00,Building_B,100.35,False,normal
2026-01-12 14:00:00,Building_B,101.35,False,normal
2026-01-12 15:00:00,Building_B,103.86,False,normal
2026-01-12 16:00:00,Building_B,96.14,False,normal
2026-01-12 17:00:00,Building_B,104.7,False,normal
2026-01-12 18:00:00,Building_B,105.1,False,normal
2026-01-12 19:00:00,Building_B,56.78,False,normal
2026-01-12 20:00:00,Building_B,41.89,False,normal
2026-01-12 21:00:00,Building_B,41.48,False,normal
2026-01-12 22:00:00,Building_B,47.61,False,normal
2026-01-12 23:00:00,Building_B,47.86,False,normal
2026-01-13 00:00:00,Building_B,41.09,False,normal
2026-01-13 01:00:00,Building_B,41.75,False,normal
2026-01-13 02:00:00,Building_B,46.47,False,normal
2026-01-13 03:00:00,Building_B,39.63,False,normal
2026-01-13 04:00:00,Building_B,41.71,False,normal
2026-01-13 05:00:00,Building_B,44.21,False,normal
2026-01-13 06:00:00,Building_B,48.75,False,normal
2026-01-13 07:00:00,Building_B,40.74,False,normal
2026-01-13 08:00:00,Building_B,91.79,False,normal
2026-01-13 09:00:00,Building_B,91.42,False,normal
2026-01-13 10:00:00,Building_B,94.7,False,normal
2026-01-13 11:00:00,Building_B,94.43,False,normal
2026-01-13 12:00:00,Building_B,100.23,False,normal
2026-01-13 13:00:00,Building_B,95.05,False,normal
2026-01-13 14:00:00,Building_B,97.49,False,normal
2026-01-13 15:00:00,Building_B,97.13,False,normal
2026-01-13 16:00:00,Building_B,98.8,False,normal
2026-01-13 17:00:00,Building_B,107.61,False,normal
2026-01-13 18:00:00,Building_B,104.31,False,normal
2026-01-13 19:00:00,Building_B,43.85,False,normal
2026-01-13 20:00:00,Building_B,41.46,False,normal
2026-01-13 21:00:00,Building_B,41.6,False,normal
2026-01-13 22:00:00,Building_B,45.41,False,normal
2026-01-13 23:00:00,Building_B,46.69,False,normal
2026-01-14 00:00:00,Building_B,39.23,False,normal
2026-01-14 01:00:00,Building_B,43.95,False,normal
2026-01-14 02:00:00,Building_B,33.61,False,normal
2026-01-14 03:00:00,Building_B,44.82,False,normal
2026-01-14 04:00:00,Building_B,47.58,False,normal
2026-01-14 05:00:00,Building_B,42.37,False,normal
2026-01-14 06:00:00,Building_B,52.85,False,normal
2026-01-14 07:00:00,Building_B,39.36,False,normal
2026-01-14 08:00:00,Building_B,102.09,False,normal
2026-01-14 09:00:00,Building_B,100.82,False,normal
2026-01-14 10:00:00,Building_B,100.5,False,normal
2026-01-14 11:00:00,Building_B,100.43,False,normal
2026-01-14 12:00:00,Building_B,101.53,False,normal
2026-01-14 13:00:00,Building_B,105.24,False,normal
2026-01-14 14:00:00,Building_B,107.89,False,normal
2026-01-14 15:00:00,Building_B,100.99,False,normal
2026-01-14 16:00:00,Building_B,105.08,False,normal
2026-01-14 17:00:00,Building_B,97.49,False,normal
2026-01-14 18:00:00,Building_B,104.83,False,normal
2026-01-14 19:00:00,Building_B,39.96,False,normal
2026-01-14 20:00:00,Building_B,49.22,False,normal
2026-01-14 21:00:00,Building_B,54.82,False,normal
2026-01-14 22:00:00,Building_B,43.16,False,normal
2026-01-14 23:00:00,Building_B,32.8,False,normal
2026-01-15 00:00:00,Building_B,41.03,False,normal
2026-01-15 01:00:00,Building_B,49.93,False,normal
2026-01-15 02:00:00,Building_B,46.53,False,normal
2026-01-15 03:00:00,Building_B,45.01,False,normal
2026-01-15 04:00:00,Building_B,48.81,False,normal
2026-01-15 05:00:00,Building_B,46.19,False,normal
2026-01-15 06:00:00,Building_B,49.85,False,normal
2026-01-15 07:00:00,Building_B,48.36,False,normal
2026-01-15 08:00:00,Building_B,108.61,False,normal
2026-01-15 09:00:00,Building_B,102.79,False,normal
2026-01-15 10:00:00,Building_B,105.53,False,normal
2026-01-15 11:00:00,Building_B,99.46,False,normal
2026-01-15 12:00:00,Building_B,97.99,False,normal
2026-01-15 13:00:00,Building_B,109.53,False,normal
2026-01-15 14:00:00,Building_B,102.08,False,normal
2026-01-15 15:00:00,Building_B,105.02,False,normal
2026-01-15 16:00:00,Building_B,101.62,False,normal
2026-01-15 17:00:00,Building_B,98.07,False,normal
2026-01-15 18:00:00,Building_B,101.05,False,normal
2026-01-15 19:00:00,Building_B,50.95,False,normal
2026-01-15 20:00:00,Building_B,46.54,False,normal
2026-01-15 21:00:00,Building_B,35.21,False,normal
2026-01-15 22:00:00,Building_B,42.69,False,normal
2026-01-15 23:00:00,Building_B,52.68,False,normal
2026-01-16 00:00:00,Building_B,42.7,False,normal
2026-01-16 01:00:00,Building_B,34.76,False,normal
2026-01-16 02:00:00,Building_B,53.23,False,normal
2026-01-16 03:00:00,Building_B,47.18,False,normal
2026-01-16 04:00:00,Building_B,43.42,False,normal
2026-01-16 05:00:00,Building_B,41.91,False,normal
2026-01-16 06:00:00,Building_B,49.18,False,normal
2026-01-16 07:00:00,Building_B,41.06,False,normal
2026-01-16 08:00:00,Building_B,106.74,False,normal
2026-01-16 09:00:00,Building_B,103.71,False,normal
2026-01-16 10:00:00,Building_B,102.22,False,normal
2026-01-16 11:00:00,Building_B,101.73,False,normal
2026-01-16 12:00:00,Building_B,100.12,False,normal
2026-01-16 13:00:00,Building_B,106.23,False,normal
2026-01-16 14:00:00,Building_B,96.67,False,normal
2026-01-16 15:00:00,Building_B,92.89,False,normal
2026-01-16 16:00:00,Building_B,104.07,False,normal
2026-01-16 17:00:00,Building_B,104.16,False,normal
2026-01-16 18:00:00,Building_B,103.4,False,normal
2026-01-16 19:00:00,Building_B,45.8,False,normal
2026-01-16 20:00:00,Building_B,42.16,False,normal
2026-01-16 21:00:00,Building_B,47.7,False,normal
2026-01-16 22:00:00,Building_B,43.54,False,normal
2026-01-16 23:00:00,Building_B,41.33,False,normal
2026-01-17 00:00:00,Building_B,42.21,False,normal
2026-01-17 01:00:00,Building_B,53.87,False,normal
2026-01-17 02:00:00,Building_B,35.09,False,normal
2026-01-17 03:00:00,Building_B,46.27,False,normal
2026-01-17 04:00:00,Building_B,35.37,False,normal
2026-01-17 05:00:00,Building_B,43.23,False,normal
2026-01-17 06:00:00,Building_B,41.6,False,normal
2026-01-17 07:00:00,Building_B,33.34,False,normal
2026-01-17 08:00:00,Building_B,45.71,False,normal
2026-01-17 09:00:00,Building_B,41.87,False,normal
2026-01-17 10:00:00,Building_B,33.27,False,normal
2026-01-17 11:00:00,Building_B,47.96,False,normal
2026-01-17 12:00:00,Building_B,50.94,False,normal
2026-01-17 13:00:00,Building_B,51.22,False,normal
2026-01-17 14:00:00,Building_B,45.56,False,normal
2026-01-17 15:00:00,Building_B,44.0,False,normal
2026-01-17 16:00:00,Building_B,50.41,False,normal
2026-01-17 17:00:00,Building_B,52.18,False,normal
2026-01-17 18:00:00,Building_B,49.43,False,normal
2026-01-17 19:00:00,Building_B,39.06,False,normal
2026-01-17 20:00:00,Building_B,44.77,False,normal
2026-01-17 21:00:00,Building_B,45.96,False,normal
2026-01-17 22:00:00,Building_B,34.72,False,normal
2026-01-17 23:00:00,Building_B,46.11,False,normal
2026-01-18 00:00:00,Building_B,55.13,False,normal
2026-01-18 01:00:00,Building_B,46.97,False,normal
2026-01-18 02:00:00,Building_B,51.13,False,normal
2026-01-18 03:00:00,Building_B,44.68,False,normal
2026-01-18 04:00:00,Building_B,43.4,False,normal
2026-01-18 05:00:00,Building_B,45.67,False,normal
2026-01-18 06:00:00,Building_B,39.69,False,normal
2026-01-18 07:00:00,Building_B,38.95,False,normal
2026-01-18 08:00:00,Building_B,50.1,False,normal
2026-01-18 09:00:00,Building_B,50.63,False,normal
2026-01-18 10:00:00,Building_B,38.81,False,normal
2026-01-18 11:00:00,Building_B,48.61,False,normal
2026-01-18 12:00:00,Building_B,43.33,False,normal
2026-01-18 13:00:00,Building_B,45.47,False,normal
2026-01-18 14:00:00,Building_B,46.07,False,normal
2026-01-18 15:00:00,Building_B,48.74,False,normal
2026-01-18 16:00:00,Building_B,44.18,False,normal
2026-01-18 17:00:00,Building_B,50.82,False,normal
2026-01-18 18:00:00,Building_B,45.31,False,normal
2026-01-18 19:00:00,Building_B,46.89,False,normal
2026-01-18 20:00:00,Building_B,39.6,False,normal
2026-01-18 21:00:00,Building_B,54.56,False,normal
2026-01-18 22:00:00,Building_B,46.12,False,normal
2026-01-18 23:00:00,Building_B,47.33,False,normal
2026-01-19 00:00:00,Building_B,35.73,False,normal
2026-01-19 01:00:00,Building_B,39.65,False,normal
2026-01-19 02:00:00,Building_B,49.96,False,normal
2026-01-19 03:00:00,Building_B,45.2,False,normal
2026-01-19 04:00:00,Building_B,34.2,False,normal
2026-01-19 05:00:00,Building_B,48.96,False,normal
2026-01-19 06:00:00,Building_B,41.05,False,normal
2026-01-19 07:00:00,Building_B,50.82,False,normal
2026-01-19 08:00:00,Building_B,100.56,False,normal
2026-01-19 09:00:00,Building_B,102.02,False,normal
2026-01-19 10:00:00,Building_B,106.89,False,normal
2026-01-19 11:00:00,Building_B,96.51,False,normal
2026-01-19 12:00:00,Building_B,96.04,False,normal
2026-01-19 13:00:00,Building_B,100.02,False,normal
2026-01-19 14:00:00,Building_B,105.14,False,normal
2026-01-19 15:00:00,Building_B,94.34,False,normal
2026-01-19 16:00:00,Building_B,92.66,False,normal
2026-01-19 17:00:00,Building_B,105.12,False,normal
2026-01-19 18:00:00,Building_B,97.98,False,normal
2026-01-19 19:00:00,Building_B,41.81,False,normal
2026-01-19 20:00:00,Building_B,34.48,False,normal
2026-01-19 21:00:00,Building_B,40.37,False,normal
2026-01-19 22:00:00,Building_B,43.73,False,normal
2026-01-19 23:00:00,Building_B,48.42,False,normal
2026-01-20 00:00:00,Building_B,39.91,False,normal
2026-01-20 01:00:00,Building_B,52.05,False,normal
2026-01-20 02:00:00,Building_B,40.34,False,normal
2026-01-20 03:00:00,Building_B,40.35,False,normal
2026-01-20 04:00:00,Building_B,51.45,False,normal
2026-01-20 05:00:00,Building_B,44.82,False,normal
2026-01-20 06:00:00,Building_B,41.01,False,normal
2026-01-20 07:00:00,Building_B,42.99,False,normal
2026-01-20 08:00:00,Building_B,107.76,False,normal
2026-01-20 09:00:00,Building_B,108.33,False,normal
2026-01-20 10:00:00,Building_B,96.92,False,normal
2026-01-20 11:00:00,Building_B,100.79,False,normal
2026-01-20 12:00:00,Building_B,101.45,False,normal
2026-01-20 13:00:00,Building_B,96.07,False,normal
2026-01-20 14:00:00,Building_B,100.72,False,normal
2026-01-20 15:00:00,Building_B,101.03,False,normal
2026-01-20 16:00:00,Building_B,106.7,False,normal
2026-01-20 17:00:00,Building_B,107.04,False,normal
2026-01-20 18:00:00,Building_B,99.35,False,normal
2026-01-20 19:00:00,Building_B,42.7,False,normal
2026-01-20 20:00:00,Building_B,47.09,False,normal
2026-01-20 21:00:00,Building_B,40.84,False,normal
2026-01-20 22:00:00,Building_B,46.71,False,normal
2026-01-20 23:00:00,Building_B,43.33,False,normal
2026-01-21 00:00:00,Building_B,38.92,False,normal
2026-01-21 01:00:00,Building_B,38.98,False,normal
2026-01-21 02:00:00,Building_B,51.0,False,normal
2026-01-21 03:00:00,Building_B,42.98,False,normal
2026-01-21 04:00:00,Building_B,51.97,False,normal
2026-01-21 05:00:00,Building_B,41.2,False,normal
2026-01-21 06:00:00,Building_B,45.22,False,normal
2026-01-21 07:00:00,Building_B,55.73,False,normal
2026-01-21 08:00:00,Building_B,95.71,False,normal
2026-01-21 09:00:00,Building_B,91.51,False,normal
2026-01-21 10:00:00,Building_B,107.43,False,normal
2026-01-21 11:00:00,Building_B,96.87,False,normal
2026-01-21 12:00:00,Building_B,100.9,False,normal
2026-01-21 13:00:00,Building_B,98.07,False,normal
2026-01-21 14:00:00,Building_B,102.34,False,normal
2026-01-21 15:00:00,Building_B,96.25,False,normal
2026-01-21 16:00:00,Building_B,100.1,False,normal
2026-01-21 17:00:00,Building_B,103.25,False,normal
2026-01-21 18:00:00,Building_B,95.96,False,normal
2026-01-21 19:00:00,Building_B,40.27,False,normal
2026-01-21 20:00:00,Building_B,42.03,False,normal
2026-01-21 21:00:00,Building_B,36.62,False,normal
2026-01-21 22:00:00,Building_B,41.65,False,normal
2026-01-21 23:00:00,Building_B,44.36,False,normal
2026-01-22 00:00:00,Building_B,41.77,False,normal
2026-01-22 01:00:00,Building_B,42.41,False,normal
2026-01-22 02:00:00,Building_B,43.67,False,normal
2026-01-22 03:00:00,Building_B,40.49,False,normal
2026-01-22 04:00:00,Building_B,47.22,False,normal
2026-01-22 05:00:00,Building_B,50.95,False,normal
2026-01-22 06:00:00,Building_B,41.44,False,normal
2026-01-22 07:00:00,Building_B,46.19,False,normal
2026-01-22 08:00:00,Building_B,99.8,False,normal
2026-01-22 09:00:00,Building_B,102.83,False,normal
2026-01-22 10:00:00,Building_B,108.83,False,normal
2026-01-22 11:00:00,Building_B,103.54,False,normal
2026-01-22 12:00:00,Building_B,92.13,False,normal
2026-01-22 13:00:00,Building_B,103.27,False,normal
2026-01-22 14:00:00,Building_B,107.16,False,normal
2026-01-22 15:00:00,Building_B,99.89,False,normal
2026-01-22 16:00:00,Building_B,105.98,False,normal
2026-01-22 17:00:00,Building_B,97.55,False,normal
2026-01-22 18:00:00,Building_B,93.57,False,normal
2026-01-22 19:00:00,Building_B,44.47,False,normal
2026-01-22 20:00:00,Building_B,34.98,False,normal
2026-01-22 21:00:00,Building_B,42.57,False,normal
2026-01-22 22:00:00,Building_B,50.2,False,normal
2026-01-22 23:00:00,Building_B,34.22,False,normal
2026-01-23 00:00:00,Building_B,37.37,False,normal
2026-01-23 01:00:00,Building_B,38.61,False,normal
2026-01-23 02:00:00,Building_B,43.45,False,normal
2026-01-23 03:00:00,Building_B,41.94,False,normal
2026-01-23 04:00:00,Building_B,50.76,False,normal
2026-01-23 05:00:00,Building_B,48.54,False,normal
2026-01-23 06:00:00,Building_B,46.24,False,normal
2026-01-23 07:00:00,Building_B,44.49,False,normal
2026-01-23 08:00:00,Building_B,102.97,False,normal
2026-01-23 09:00:00,Building_B,96.69,False,normal
2026-01-23 10:00:00,Building_B,105.29,False,normal
2026-01-23 11:00:00,Building_B,95.44,False,normal
2026-01-23 12:00:00,Building_B,105.18,False,normal
2026-01-23 13:00:00,Building_B,106.93,False,normal
2026-01-23 14:00:00,Building_B,102.05,False,normal
2026-01-23 15:00:00,Building_B,100.12,False,normal
2026-01-23 16:00:00,Building_B,103.0,False,normal
2026-01-23 17:00:00,Building_B,86.69,False,normal
2026-01-23 18:00:00,Building_B,102.51,False,normal
2026-01-23 19:00:00,Building_B,43.2,False,normal
2026-01-23 20:00:00,Building_B,43.51,False,normal
2026-01-23 21:00:00,Building_B,47.3,False,normal
2026-01-23 22:00:00,Building_B,43.39,False,normal
2026-01-23 23:00:00,Building_B,38.07,False,normal
2026-01-24 00:00:00,Building_B,43.06,False,normal
2026-01-24 01:00:00,Building_B,44.1,False,normal
2026-01-24 02:00:00,Building_B,44.34,False,normal
2026-01-24 03:00:00,Building_B,44.58,False,normal
2026-01-24 04:00:00,Building_B,48.96,False,normal
2026-01-24 05:00:00,Building_B,38.34,False,normal
2026-01-24 06:00:00,Building_B,44.64,False,normal
2026-01-24 07:00:00,Building_B,50.22,False,normal
2026-01-24 08:00:00,Building_B,35.09,False,normal
2026-01-24 09:00:00,Building_B,44.66,False,normal
2026-01-24 10:00:00,Building_B,40.84,False,normal
2026-01-24 11:00:00,Building_B,41.91,False,normal
2026-01-24 12:00:00,Building_B,39.24,False,normal
2026-01-24 13:00:00,Building_B,42.92,False,normal
2026-01-24 14:00:00,Building_B,52.97,False,normal
2026-01-24 15:00:00,Building_B,37.44,False,normal
2026-01-24 16:00:00,Building_B,37.92,False,normal
2026-01-24 17:00:00,Building_B,37.26,False,normal
2026-01-24 18:00:00,Building_B,52.4,False,normal
2026-01-24 19:00:00,Building_B,41.45,False,normal
2026-01-24 20:00:00,Building_B,43.64,False,normal
2026-01-24 21:00:00,Building_B,41.75,False,normal
2026-01-24 22:00:00,Building_B,39.04,False,normal
2026-01-24 23:00:00,Building_B,42.59,False,normal
2026-01-25 00:00:00,Building_B,56.06,False,normal
2026-01-25 01:00:00,Building_B,50.73,False,normal
2026-01-25 02:00:00,Building_B,39.5,False,normal
2026-01-25 03:00:00,Building_B,47.0,False,normal
2026-01-25 04:00:00,Building_B,39.61,False,normal
2026-01-25 05:00:00,Building_B,34.88,False,normal
2026-01-25 06:00:00,Building_B,48.86,False,normal
2026-01-25 07:00:00,Building_B,49.57,False,normal
2026-01-25 08:00:00,Building_B,49.0,False,normal
2026-01-25 09:00:00,Building_B,41.42,False,normal
2026-01-25 10:00:00,Building_B,42.93,False,normal
2026-01-25 11:00:00,Building_B,47.52,False,normal
2026-01-25 12:00:00,Building_B,45.72,False,normal
2026-01-25 13:00:00,Building_B,41.8,False,normal
2026-01-25 14:00:00,Building_B,35.67,False,normal
2026-01-25 15:00:00,Building_B,44.34,False,normal
2026-01-25 16:00:00,Building_B,49.16,False,normal
2026-01-25 17:00:00,Building_B,37.78,False,normal
2026-01-25 18:00:00,Building_B,46.96,False,normal
2026-01-25 19:00:00,Building_B,45.42,False,normal
2026-01-25 20:00:00,Building_B,47.52,False,normal
2026-01-25 21:00:00,Building_B,48.13,False,normal
2026-01-25 22:00:00,Building_B,40.29,False,normal
2026-01-25 23:00:00,Building_B,35.68,False,normal
2026-01-26 00:00:00,Building_B,41.1,False,normal
2026-01-26 01:00:00,Building_B,48.21,False,normal
2026-01-26 02:00:00,Building_B,41.06,False,normal
2026-01-26 03:00:00,Building_B,40.3,False,normal
2026-01-26 04:00:00,Building_B,34.66,False,normal
2026-01-26 05:00:00,Building_B,52.53,False,normal
2026-01-26 06:00:00,Building_B,47.89,False,normal
2026-01-26 07:00:00,Building_B,47.62,False,normal
2026-01-26 08:00:00,Building_B,105.84,False,normal
2026-01-26 09:00:00,Building_B,103.88,False,normal
2026-01-26 10:00:00,Building_B,99.78,False,normal
2026-01-26 11:00:00,Building_B,100.18,False,normal
2026-01-26 12:00:00,Building_B,98.86,False,normal
2026-01-26 13:00:00,Building_B,114.17,False,normal
2026-01-26 14:00:00,Building_B,103.78,False,normal
2026-01-26 15:00:00,Building_B,98.68,False,normal
2026-01-26 16:00:00,Building_B,103.33,False,normal
2026-01-26 17:00:00,Building_B,95.94,False,normal
2026-01-26 18:00:00,Building_B,108.52,False,normal
2026-01-26 19:00:00,Building_B,40.46,False,normal
2026-01-26 20:00:00,Building_B,46.27,False,normal
2026-01-26 21:00:00,Building_B,49.1,False,normal
2026-01-26 22:00:00,Building_B,45.69,False,normal
2026-01-26 23:00:00,Building_B,44.24,False,normal
2026-01-27 00:00:00,Building_B,43.82,False,normal
2026-01-27 01:00:00,Building_B,43.48,False,normal
2026-01-27 02:00:00,Building_B,40.88,False,normal
2026-01-27 03:00:00,Building_B,41.52,False,normal
2026-01-27 04:00:00,Building_B,51.16,False,normal
2026-01-27 05:00:00,Building_B,43.22,False,normal
2026-01-27 06:00:00,Building_B,39.84,False,normal
2026-01-27 07:00:00,Building_B,41.18,False,normal
2026-01-27 08:00:00,Building_B,106.5,False,normal
2026-01-27 09:00:00,Building_B,104.38,False,normal
2026-01-27 10:00:00,Building_B,103.8,False,normal
2026-01-27 11:00:00,Building_B,99.71,False,normal
2026-01-27 12:00:00,Building_B,103.87,False,normal
2026-01-27 13:00:00,Building_B,97.78,False,normal
2026-01-27 14:00:00,Building_B,99.7,False,normal
2026-01-27 15:00:00,Building_B,105.85,False,normal
2026-01-27 16:00:00,Building_B,105.37,False,normal
2026-01-27 17:00:00,Building_B,96.09,False,normal
2026-01-27 18:00:00,Building_B,96.72,False,normal
2026-01-27 19:00:00,Building_B,44.31,False,normal
2026-01-27 20:00:00,Building_B,52.4,False,normal
2026-01-27 21:00:00,Building_B,34.19,False,normal
2026-01-27 22:00:00,Building_B,45.16,False,normal
2026-01-27 23:00:00,Building_B,36.89,False,normal
2026-01-28 00:00:00,Building_B,40.59,False,normal
2026-01-28 01:00:00,Building_B,41.94,False,normal
2026-01-28 02:00:00,Building_B,41.66,False,normal
2026-01-28 03:00:00,Building_B,41.1,False,normal
2026-01-28 04:00:00,Building_B,43.8,False,normal
2026-01-28 05:00:00,Building_B,41.09,False,normal
2026-01-28 06:00:00,Building_B,36.45,False,normal
2026-01-28 07:00:00,Building_B,47.67,False,normal
2026-01-28 08:00:00,Building_B,104.76,False,normal
2026-01-28 09:00:00,Building_B,105.22,False,normal
2026-01-28 10:00:00,Building_B,93.3,False,normal
2026-01-28 11:00:00,Building_B,102.49,False,normal
2026-01-28 12:00:00,Building_B,104.38,False,normal
2026-01-28 13:00:00,Building_B,95.84,False,normal
2026-01-28 14:00:00,Building_B,101.05,False,normal
2026-01-28 15:00:00,Building_B,100.42,False,normal
2026-01-28 16:00:00,Building_B,110.21,False,normal
2026-01-28 17:00:00,Building_B,110.62,False,normal
2026-01-28 18:00:00,Building_B,92.68,False,normal
2026-01-28 19:00:00,Building_B,56.24,False,normal
2026-01-28 20:00:00,Building_B,39.19,False,normal
2026-01-28 21:00:00,Building_B,48.67,False,normal
2026-01-28 22:00:00,Building_B,48.62,False,normal
2026-01-28 23:00:00,Building_B,38.79,False,normal
2026-01-29 00:00:00,Building_B,46.23,False,normal
2026-01-29 01:00:00,Building_B,43.23,False,normal
2026-01-29 02:00:00,Building_B,46.54,False,normal
2026-01-29 03:00:00,Building_B,44.92,False,normal
2026-01-29 04:00:00,Building_B,49.75,False,normal
2026-01-29 05:00:00,Building_B,44.14,False,normal
2026-01-29 06:00:00,Building_B,42.93,False,normal
2026-01-29 07:00:00,Building_B,49.25,False,normal
2026-01-29 08:00:00,Building_B,103.9,False,normal
2026-01-29 09:00:00,Building_B,104.66,False,normal
2026-01-29 10:00:00,Building_B,97.68,False,normal
2026-01-29 11:00:00,Building_B,95.77,False,normal
2026-01-29 12:00:00,Building_B,98.16,False,normal
2026-01-29 13:00:00,Building_B,97.9,False,normal
2026-01-29 14:00:00,Building_B,104.93,False,normal
2026-01-29 15:00:00,Building_B,105.88,False,normal
2026-01-29 16:00:00,Building_B,100.22,False,normal
2026-01-29 17:00:00,Building_B,108.15,False,normal
2026-01-29 18:00:00,Building_B,107.84,False,normal
2026-01-29 19:00:00,Building_B,44.98,False,normal
2026-01-29 20:00:00,Building_B,39.66,False,normal
2026-01-29 21:00:00,Building_B,51.64,False,normal
2026-01-29 22:00:00,Building_B,43.46,False,normal
2026-01-29 23:00:00,Building_B,44.4,False,normal
2026-01-30 00:00:00,Building_B,42.07,False,normal
2026-01-30 01:00:00,Building_B,39.32,False,normal
2026-01-30 02:00:00,Building_B,36.42,False,normal
2026-01-30 03:00:00,Building_B,46.93,False,normal
2026-01-30 04:00:00,Building_B,39.85,False,normal
2026-01-30 05:00:00,Building_B,59.06,False,normal
2026-01-30 06:00:00,Building_B,38.34,False,normal
2026-01-30 07:00:00,Building_B,37.48,False,normal
2026-01-30 08:00:00,Building_B,103.55,False,normal
2026-01-30 09:00:00,Building_B,108.65,False,normal
2026-01-30 10:00:00,Building_B,101.32,False,normal
2026-01-30 11:00:00,Building_B,103.86,False,normal
2026-01-30 12:00:00,Building_B,91.78,False,normal
2026-01-30 13:00:00,Building_B,97.61,False,normal
2026-01-30 14:00:00,Building_B,95.63,False,normal
2026-01-30 15:00:00,Building_B,91.52,False,normal
2026-01-30 16:00:00,Building_B,101.58,False,normal
2026-01-30 17:00:00,Building_B,89.79,False,normal
2026-01-30 18:00:00,Building_B,94.39,False,normal
2026-01-30 19:00:00,Building_B,41.08,False,normal
2026-01-30 20:00:00,Building_B,39.61,False,normal
2026-01-30 21:00:00,Building_B,45.75,False,normal
2026-01-30 22:00:00,Building_B,45.29,False,normal
2026-01-30 23:00:00,Building_B,48.24,False,normal
2026-01-31 00:00:00,Building_B,47.53,False,normal
2026-01-31 01:00:00,Building_B,49.47,False,normal
2026-01-31 02:00:00,Building_B,43.76,False,normal
2026-01-31 03:00:00,Building_B,45.28,False,normal
2026-01-31 04:00:00,Building_B,46.32,False,normal
2026-01-31 05:00:00,Building_B,44.47,False,normal
2026-01-31 06:00:00,Building_B,41.78,False,normal
2026-01-31 07:00:00,Building_B,42.1,False,normal
2026-01-31 08:00:00,Building_B,39.68,False,normal
2026-01-31 09:00:00,Building_B,45.87,False,normal
2026-01-31 10:00:00,Building_B,43.3,False,normal
2026-01-31 11:00:00,Building_B,40.45,False,normal
2026-01-31 12:00:00,Building_B,40.46,False,normal
2026-01-31 13:00:00,Building_B,37.71,False,normal
2026-01-31 14:00:00,Building_B,48.66,False,normal
2026-01-31 15:00:00,Building_B,44.16,False,normal
2026-01-31 16:00:00,Building_B,39.45,False,normal
2026-01-31 17:00:00,Building_B,47.81,False,normal
2026-01-31 18:00:00,Building_B,40.96,False,normal
2026-01-31 19:00:00,Building_B,36.73,False,normal
2026-01-31 20:00:00,Building_B,48.87,False,normal
2026-01-31 21:00:00,Building_B,41.08,False,normal
2026-01-31 22:00:00,Building_B,41.72,False,normal
2026-01-31 23:00:00,Building_B,43.97,False,normal
2026-02-01 00:00:00,Building_B,49.48,False,normal
2026-02-01 01:00:00,Building_B,43.87,False,normal
2026-02-01 02:00:00,Building_B,37.77,False,normal
2026-02-01 03:00:00,Building_B,46.49,False,normal
2026-02-01 04:00:00,Building_B,41.34,False,normal
2026-02-01 05:00:00,Building_B,53.21,False,normal
2026-02-01 06:00:00,Building_B,43.76,False,normal
2026-02-01 07:00:00,Building_B,32.59,False,normal
2026-02-01 08:00:00,Building_B,45.55,False,normal
2026-02-01 09:00:00,Building_B,53.49,False,normal
2026-02-01 10:00:00,Building_B,51.65,False,normal
2026-02-01 11:00:00,Building_B,52.92,False,normal
2026-02-01 12:00:00,Building_B,38.67,False,normal
2026-02-01 13:00:00,Building_B,48.33,False,normal
2026-02-01 14:00:00,Building_B,40.16,False,normal
2026-02-01 15:00:00,Building_B,44.89,False,normal
2026-02-01 16:00:00,Building_B,37.4,False,normal
2026-02-01 17:00:00,Building_B,40.54,False,normal
2026-02-01 18:00:00,Building_B,40.39,False,normal
2026-02-01 19:00:00,Building_B,48.26,False,normal
2026-02-01 20:00:00,Building_B,47.77,False,normal
2026-02-01 21:00:00,Building_B,45.15,False,normal
2026-02-01 22:00:00,Building_B,37.01,False,normal
2026-02-01 23:00:00,Building_B,42.21,False,normal
2026-02-02 00:00:00,Building_B,40.04,False,normal
2026-02-02 01:00:00,Building_B,48.11,False,normal
2026-02-02 02:00:00,Building_B,49.66,False,normal
2026-02-02 03:00:00,Building_B,49.05,False,normal
2026-02-02 04:00:00,Building_B,39.99,False,normal
2026-02-02 05:00:00,Building_B,30.07,False,normal
2026-02-02 06:00:00,Building_B,34.93,False,normal
2026-02-02 07:00:00,Building_B,50.87,False,normal
2026-02-02 08:00:00,Building_B,98.99,False,normal
2026-02-02 09:00:00,Building_B,97.25,False,normal
2026-02-02 10:00:00,Building_B,109.21,False,normal
2026-02-02 11:00:00,Building_B,107.33,False,normal
2026-02-02 12:00:00,Building_B,101.12,False,normal
2026-02-02 13:00:00,Building_B,99.53,False,normal
2026-02-02 14:00:00,Building_B,100.34,False,normal
2026-02-02 15:00:00,Building_B,102.14,False,normal
2026-02-02 16:00:00,Building_B,109.0,False,normal
2026-02-02 17:00:00,Building_B,103.11,False,normal
2026-02-02 18:00:00,Building_B,104.63,False,normal
2026-02-02 19:00:00,Building_B,49.61,False,normal
2026-02-02 20:00:00,Building_B,37.92,False,normal
2026-02-02 21:00:00,Building_B,47.54,False,normal
2026-02-02 22:00:00,Building_B,42.29,False,normal
2026-02-02 23:00:00,Building_B,31.19,False,normal
2026-02-03 00:00:00,Building_B,33.13,False,normal
2026-02-03 01:00:00,Building_B,38.68,False,normal
2026-02-03 02:00:00,Building_B,46.42,False,normal
2026-02-03 03:00:00,Building_B,44.34,False,normal
2026-02-03 04:00:00,Building_B,44.69,False,normal
2026-02-03 05:00:00,Building_B,53.52,False,normal
2026-02-03 06:00:00,Building_B,37.42,False,normal
2026-02-03 07:00:00,Building_B,43.63,False,normal
2026-02-03 08:00:00,Building_B,102.52,False,normal
2026-02-03 09:00:00,Building_B,97.32,False,normal
2026-02-03 10:00:00,Building_B,101.14,False,normal
2026-02-03 11:00:00,Building_B,93.0,False,normal
2026-02-03 12:00:00,Building_B,108.05,False,normal
2026-02-03 13:00:00,Building_B,97.59,False,normal
2026-02-03 14:00:00,Building_B,111.16,False,normal
2026-02-03 15:00:00,Building_B,100.84,False,normal
2026-02-03 16:00:00,Building_B,106.14,False,normal
2026-02-03 17:00:00,Building_B,100.73,False,normal
2026-02-03 18:00:00,Building_B,100.85,False,normal
2026-02-03 19:00:00,Building_B,40.85,False,normal
2026-02-03 20:00:00,Building_B,44.36,False,normal
2026-02-03 21:00:00,Building_B,45.36,False,normal
2026-02-03 22:00:00,Building_B,39.85,False,normal
2026-02-03 23:00:00,Building_B,43.14,False,normal
2026-02-04 00:00:00,Building_B,40.72,False,normal
2026-02-04 01:00:00,Building_B,55.26,False,normal
2026-02-04 02:00:00,Building_B,43.32,False,normal
2026-02-04 03:00:00,Building_B,51.49,False,normal
2026-02-04 04:00:00,Building_B,42.79,False,normal
2026-02-04 05:00:00,Building_B,45.06,False,normal
2026-02-04 06:00:00,Building_B,37.16,False,normal
2026-02-04 07:00:00,Building_B,41.53,False,normal
2026-02-04 08:00:00,Building_B,102.05,False,normal
2026-02-04 09:00:00,Building_B,108.93,False,normal
2026-02-04 10:00:00,Building_B,102.11,False,normal
2026-02-04 11:00:00,Building_B,107.92,False,normal
2026-02-04 12:00:00,Building_B,104.2,False,normal
2026-02-04 13:00:00,Building_B,109.14,False,normal
2026-02-04 14:00:00,Building_B,100.7,False,normal
2026-02-04 15:00:00,Building_B,112.95,False,normal
2026-02-04 16:00:00,Building_B,98.57,False,normal
2026-02-04 17:00:00,Building_B,97.17,False,normal
2026-02-04 18:00:00,Building_B,94.95,False,normal
2026-02-04 19:00:00,Building_B,55.42,False,normal
2026-02-04 20:00:00,Building_B,47.86,False,normal
2026-02-04 21:00:00,Building_B,42.1,False,normal
2026-02-04 22:00:00,Building_B,50.01,False,normal
2026-02-04 23:00:00,Building_B,47.2,False,normal
2026-02-05 00:00:00,Building_B,53.6,False,normal
2026-02-05 01:00:00,Building_B,36.03,False,normal
2026-02-05 02:00:00,Building_B,42.44,False,normal
2026-02-05 03:00:00,Building_B,41.45,False,normal
2026-02-05 04:00:00,Building_B,33.9,False,normal
2026-02-05 05:00:00,Building_B,49.07,False,normal
2026-02-05 06:00:00,Building_B,42.41,False,normal
2026-02-05 07:00:00,Building_B,47.46,False,normal
2026-02-05 08:00:00,Building_B,112.8,False,normal
2026-02-05 09:00:00,Building_B,99.23,False,normal
2026-02-05 10:00:00,Building_B,98.89,False,normal
2026-02-05 11:00:00,Building_B,101.59,False,normal
2026-02-05 12:00:00,Building_B,105.94,False,normal
2026-02-05 13:00:00,Building_B,98.17,False,normal
2026-02-05 14:00:00,Building_B,97.84,False,normal
2026-02-05 15:00:00,Building_B,106.29,False,normal
2026-02-05 16:00:00,Building_B,102.89,False,normal
2026-02-05 17:00:00,Building_B,90.78,False,normal
2026-02-05 18:00:00,Building_B,94.87,False,normal
2026-02-05 19:00:00,Building_B,51.27,False,normal
2026-02-05 20:00:00,Building_B,45.78,False,normal
2026-02-05 21:00:00,Building_B,39.96,False,normal
2026-02-05 22:00:00,Building_B,42.91,False,normal
2026-02-05 23:00:00,Building_B,43.83,False,normal
2026-02-06 00:00:00,Building_B,47.45,False,normal
2026-02-06 01:00:00,Building_B,36.98,False,normal
2026-02-06 02:00:00,Building_B,39.56,False,normal
2026-02-06 03:00:00,Building_B,45.13,False,normal
2026-02-06 04:00:00,Building_B,43.27,False,normal
2026-02-06 05:00:00,Building_B,46.63,False,normal
2026-02-06 06:00:00,Building_B,37.62,False,normal
2026-02-06 07:00:00,Building_B,45.55,False,normal
2026-02-06 08:00:00,Building_B,106.46,False,normal
2026-02-06 09:00:00,Building_B,103.43,False,normal
2026-02-06 10:00:00,Building_B,101.69,False,normal
2026-02-06 11:00:00,Building_B,100.52,False,normal
2026-02-06 12:00:00,Building_B,96.83,False,normal
2026-02-06 13:00:00,Building_B,100.64,False,normal
2026-02-06 14:00:00,Building_B,107.3,False,normal
2026-02-06 15:00:00,Building_B,100.4,False,normal
2026-02-06 16:00:00,Building_B,96.55,False,normal
2026-02-06 17:00:00,Building_B,98.54,False,normal
2026-02-06 18:00:00,Building_B,102.0,False,normal
2026-02-06 19:00:00,Building_B,41.9,False,normal
2026-02-06 20:00:00,Building_B,46.19,False,normal
2026-02-06 21:00:00,Building_B,46.38,False,normal
2026-02-06 22:00:00,Building_B,48.21,False,normal
2026-02-06 23:00:00,Building_B,50.88,False,normal
2026-02-07 00:00:00,Building_B,48.75,False,normal
2026-02-07 01:00:00,Building_B,39.1,False,normal
2026-02-07 02:00:00,Building_B,39.25,False,normal
2026-02-07 03:00:00,Building_B,43.39,False,normal
2026-02-07 04:00:00,Building_B,41.51,False,normal
2026-02-07 05:00:00,Building_B,38.07,False,normal
2026-02-07 06:00:00,Building_B,41.56,False,normal
2026-02-07 07:00:00,Building_B,41.39,False,normal
2026-02-07 08:00:00,Building_B,40.41,False,normal
2026-02-07 09:00:00,Building_B,42.19,False,normal
2026-02-07 10:00:00,Building_B,49.66,False,normal
2026-02-07 11:00:00,Building_B,44.76,False,normal
2026-02-07 12:00:00,Building_B,56.13,False,normal
2026-02-07 13:00:00,Building_B,44.62,False,normal
2026-02-07 14:00:00,Building_B,42.32,False,normal
2026-02-07 15:00:00,Building_B,43.79,False,normal
2026-02-07 16:00:00,Building_B,45.05,False,normal
2026-02-07 17:00:00,Building_B,45.94,False,normal
2026-02-07 18:00:00,Building_B,54.15,False,normal
2026-02-07 19:00:00,Building_B,39.54,False,normal
2026-02-07 20:00:00,Building_B,48.06,False,normal
2026-02-07 21:00:00,Building_B,44.81,False,normal
2026-02-07 22:00:00,Building_B,35.91,False,normal
2026-02-07 23:00:00,Building_B,47.62,False,normal
2026-02-08 00:00:00,Building_B,50.1,False,normal
2026-02-08 01:00:00,Building_B,39.48,False,normal
2026-02-08 02:00:00,Building_B,43.72,False,normal
2026-02-08 03:00:00,Building_B,35.14,False,normal
2026-02-08 04:00:00,Building_B,37.47,False,normal
2026-02-08 05:00:00,Building_B,49.01,False,normal
2026-02-08 06:00:00,Building_B,41.43,False,normal
2026-02-08 07:00:00,Building_B,38.22,False,normal
2026-02-08 08:00:00,Building_B,44.91,False,normal
2026-02-08 09:00:00,Building_B,41.15,False,normal
2026-02-08 10:00:00,Building_B,41.41,False,normal
2026-02-08 11:00:00,Building_B,47.46,False,normal
2026-02-08 12:00:00,Building_B,37.96,False,normal
2026-02-08 13:00:00,Building_B,39.24,False,normal
2026-02-08 14:00:00,Building_B,44.54,False,normal
2026-02-08 15:00:00,Building_B,48.61,False,normal
2026-02-08 16:00:00,Building_B,49.96,False,normal
2026-02-08 17:00:00,Building_B,40.44,False,normal
2026-02-08 18:00:00,Building_B,48.45,False,normal
2026-02-08 19:00:00,Building_B,39.85,False,normal
2026-02-08 20:00:00,Building_B,52.9,False,normal
2026-02-08 21:00:00,Building_B,38.1,False,normal
2026-02-08 22:00:00,Building_B,50.41,False,normal
2026-02-08 23:00:00,Building_B,40.48,False,normal
2026-02-09 00:00:00,Building_B,53.83,False,normal
2026-02-09 01:00:00,Building_B,46.72,False,normal
2026-02-09 02:00:00,Building_B,38.69,False,normal
2026-02-09 03:00:00,Building_B,41.16,False,normal
2026-02-09 04:00:00,Building_B,47.67,False,normal
2026-02-09 05:00:00,Building_B,49.03,False,normal
2026-02-09 06:00:00,Building_B,43.41,False,normal
2026-02-09 07:00:00,Building_B,43.99,False,normal
2026-02-09 08:00:00,Building_B,104.79,False,normal
2026-02-09 09:00:00,Building_B,101.66,False,normal
2026-02-09 10:00:00,Building_B,94.53,False,normal
2026-02-09 11:00:00,Building_B,96.93,False,normal
2026-02-09 12:00:00,Building_B,102.17,False,normal
2026-02-09 13:00:00,Building_B,107.08,False,normal
2026-02-09 14:00:00,Building_B,109.08,False,normal
2026-02-09 15:00:00,Building_B,104.9,False,normal
2026-02-09 16:00:00,Building_B,102.44,False,normal
2026-02-09 17:00:00,Building_B,104.74,False,normal
2026-02-09 18:00:00,Building_B,97.67,False,normal
2026-02-09 19:00:00,Building_B,43.0,False,normal
2026-02-09 20:00:00,Building_B,39.65,False,normal
2026-02-09 21:00:00,Building_B,37.52,False,normal
2026-02-09 22:00:00,Building_B,45.43,False,normal
2026-02-09 23:00:00,Building_B,44.69,False,normal
2026-02-10 00:00:00,Building_B,47.2,False,normal
2026-02-10 01:00:00,Building_B,46.5,False,normal
2026-02-10 02:00:00,Building_B,44.98,False,normal
2026-02-10 03:00:00,Building_B,46.55,False,normal
2026-02-10 04:00:00,Building_B,43.55,False,normal
2026-02-10 05:00:00,Building_B,45.83,False,normal
2026-02-10 06:00:00,Building_B,40.14,False,normal
2026-02-10 07:00:00,Building_B,45.61,False,normal
2026-02-10 08:00:00,Building_B,104.34,False,normal
2026-02-10 09:00:00,Building_B,97.65,False,normal
2026-02-10 10:00:00,Building_B,101.26,False,normal
2026-02-10 11:00:00,Building_B,97.88,False,normal
2026-02-10 12:00:00,Building_B,98.37,False,normal
2026-02-10 13:00:00,Building_B,95.37,False,normal
2026-02-10 14:00:00,Building_B,107.33,False,normal
2026-02-10 15:00:00,Building_B,106.33,False,normal
2026-02-10 16:00:00,Building_B,103.69,False,normal
2026-02-10 17:00:00,Building_B,110.86,False,normal
2026-02-10 18:00:00,Building_B,100.05,False,normal
2026-02-10 19:00:00,Building_B,58.93,False,normal
2026-02-10 20:00:00,Building_B,42.63,False,normal
2026-02-10 21:00:00,Building_B,45.04,False,normal
2026-02-10 22:00:00,Building_B,41.78,False,normal
2026-02-10 23:00:00,Building_B,45.63,False,normal
2026-02-11 00:00:00,Building_B,47.94,False,normal
2026-02-11 01:00:00,Building_B,43.2,False,normal
2026-02-11 02:00:00,Building_B,52.65,False,normal
2026-02-11 03:00:00,Building_B,44.96,False,normal
2026-02-11 04:00:00,Building_B,45.12,False,normal
2026-02-11 05:00:00,Building_B,39.22,False,normal
2026-02-11 06:00:00,Building_B,45.86,False,normal
2026-02-11 07:00:00,Building_B,43.1,False,normal
2026-02-11 08:00:00,Building_B,97.96,False,normal
2026-02-11 09:00:00,Building_B,97.12,False,normal
2026-02-11 10:00:00,Building_B,114.36,False,normal
2026-02-11 11:00:00,Building_B,99.68,False,normal
2026-02-11 12:00:00,Building_B,93.71,False,normal
2026-02-11 13:00:00,Building_B,97.51,False,normal
2026-02-11 14:00:00,Building_B,100.74,False,normal
2026-02-11 15:00:00,Building_B,103.73,False,normal
2026-02-11 16:00:00,Building_B,103.77,False,normal
2026-02-11 17:00:00,Building_B,104.38,False,normal
2026-02-11 18:00:00,Building_B,97.77,False,normal
2026-02-11 19:00:00,Building_B,45.47,False,normal
2026-02-11 20:00:00,Building_B,39.39,False,normal
2026-02-11 21:00:00,Building_B,40.67,False,normal
2026-02-11 22:00:00,Building_B,39.18,False,normal
2026-02-11 23:00:00,Building_B,37.82,False,normal
2026-02-12 00:00:00,Building_B,49.09,False,normal
2026-02-12 01:00:00,Building_B,47.21,False,normal
2026-02-12 02:00:00,Building_B,48.65,False,normal
2026-02-12 03:00:00,Building_B,43.96,False,normal
2026-02-12 04:00:00,Building_B,47.65,False,normal
2026-02-12 05:00:00,Building_B,34.96,False,normal
2026-02-12 06:00:00,Building_B,48.08,False,normal
2026-02-12 07:00:00,Building_B,44.65,False,normal
2026-02-12 08:00:00,Building_B,104.13,False,normal
2026-02-12 09:00:00,Building_B,102.9,False,normal
2026-02-12 10:00:00,Building_B,96.06,False,normal
2026-02-12 11:00:00,Building_B,93.51,False,normal
2026-02-12 12:00:00,Building_B,97.44,False,normal
2026-02-12 13:00:00,Building_B,103.82,False,normal
2026-02-12 14:00:00,Building_B,104.45,False,normal
2026-02-12 15:00:00,Building_B,94.16,False,normal
2026-02-12 16:00:00,Building_B,96.09,False,normal
2026-02-12 17:00:00,Building_B,97.38,False,normal
2026-02-12 18:00:00,Building_B,99.21,False,normal
2026-02-12 19:00:00,Building_B,36.96,False,normal
2026-02-12 20:00:00,Building_B,36.66,False,normal
2026-02-12 21:00:00,Building_B,39.66,False,normal
2026-02-12 22:00:00,Building_B,44.2,False,normal
2026-02-12 23:00:00,Building_B,37.86,False,normal
2026-02-13 00:00:00,Building_B,43.19,False,normal
2026-02-13 01:00:00,Building_B,49.06,False,normal
2026-02-13 02:00:00,Building_B,37.26,False,normal
2026-02-13 03:00:00,Building_B,42.73,False,normal
2026-02-13 04:00:00,Building_B,48.89,False,normal
2026-02-13 05:00:00,Building_B,41.68,False,normal
2026-02-13 06:00:00,Building_B,40.9,False,normal
2026-02-13 07:00:00,Building_B,49.58,False,normal
2026-02-13 08:00:00,Building_B,99.47,False,normal
2026-02-13 09:00:00,Building_B,106.52,False,normal
2026-02-13 10:00:00,Building_B,103.14,False,normal
2026-02-13 11:00:00,Building_B,99.29,False,normal
2026-02-13 12:00:00,Building_B,103.4,False,normal
2026-02-13 13:00:00,Building_B,102.6,False,normal
2026-02-13 14:00:00,Building_B,106.1,False,normal
2026-02-13 15:00:00,Building_B,98.26,False,normal
2026-02-13 16:00:00,Building_B,101.21,False,normal
2026-02-13 17:00:00,Building_B,100.69,False,normal
2026-02-13 18:00:00,Building_B,104.52,False,normal
2026-02-13 19:00:00,Building_B,38.64,False,normal
2026-02-13 20:00:00,Building_B,48.85,False,normal
2026-02-13 21:00:00,Building_B,46.1,False,normal
2026-02-13 22:00:00,Building_B,37.18,False,normal
2026-02-13 23:00:00,Building_B,49.81,False,normal
2026-02-14 00:00:00,Building_B,54.94,False,normal
2026-02-14 01:00:00,Building_B,48.78,False,normal
2026-02-14 02:00:00,Building_B,50.9,False,normal
2026-02-14 03:00:00,Building_B,44.19,False,normal
2026-02-14 04:00:00,Building_B,35.46,False,normal
2026-02-14 05:00:00,Building_B,34.55,False,normal
2026-02-14 06:00:00,Building_B,45.04,False,normal
2026-02-14 07:00:00,Building_B,40.81,False,normal
2026-02-14 08:00:00,Building_B,39.19,False,normal
2026-02-14 09:00:00,Building_B,43.45,False,normal
2026-02-14 10:00:00,Building_B,46.84,False,normal
2026-02-14 11:00:00,Building_B,36.5,False,normal
2026-02-14 12:00:00,Building_B,41.52,False,normal
2026-02-14 13:00:00,Building_B,51.32,False,normal
2026-02-14 14:00:00,Building_B,38.39,False,normal
2026-02-14 15:00:00,Building_B,48.12,False,normal
2026-02-14 16:00:00,Building_B,41.34,False,normal
2026-02-14 17:00:00,Building_B,46.5,False,normal
2026-02-14 18:00:00,Building_B,49.25,False,normal
2026-02-14 19:00:00,Building_B,47.47,False,normal
2026-02-14 20:00:00,Building_B,48.31,False,normal
2026-02-14 21:00:00,Building_B,38.01,False,normal
2026-02-14 22:00:00,Building_B,49.33,False,normal
2026-02-14 23:00:00,Building_B,39.5,False,normal
2026-02-15 00:00:00,Building_B,45.06,False,normal
2026-02-15 01:00:00,Building_B,45.06,False,normal
2026-02-15 02:00:00,Building_B,46.19,False,normal
2026-02-15 03:00:00,Building_B,45.45,False,normal
2026-02-15 04:00:00,Building_B,39.55,False,normal
2026-02-15 05:00:00,Building_B,37.02,False,normal
2026-02-15 06:00:00,Building_B,48.13,False,normal
2026-02-15 07:00:00,Building_B,44.7,False,normal
2026-02-15 08:00:00,Building_B,49.51,False,normal
2026-02-15 09:00:00,Building_B,43.54,False,normal
2026-02-15 10:00:00,Building_B,36.74,False,normal
2026-02-15 11:00:00,Building_B,48.6,False,normal
2026-02-15 12:00:00,Building_B,41.91,False,normal
2026-02-15 13:00:00,Building_B,45.48,False,normal
2026-02-15 14:00:00,Building_B,40.53,False,normal
2026-02-15 15:00:00,Building_B,51.99,False,normal
2026-02-15 16:00:00,Building_B,39.38,False,normal
2026-02-15 17:00:00,Building_B,42.08,False,normal
2026-02-15 18:00:00,Building_B,44.3,False,normal
2026-02-15 19:00:00,Building_B,38.31,False,normal
2026-02-15 20:00:00,Building_B,45.42,False,normal
2026-02-15 21:00:00,Building_B,51.83,False,normal
2026-02-15 22:00:00,Building_B,41.31,False,normal
2026-02-15 23:00:00,Building_B,45.74,False,normal
2026-02-16 00:00:00,Building_B,30.02,False,normal
2026-02-16 01:00:00,Building_B,43.57,False,normal
2026-02-16 02:00:00,Building_B,42.2,False,normal
2026-02-16 03:00:00,Building_B,39.67,False,normal
2026-02-16 04:00:00,Building_B,49.17,False,normal
2026-02-16 05:00:00,Building_B,42.14,False,normal
2026-02-16 06:00:00,Building_B,42.88,False,normal
2026-02-16 07:00:00,Building_B,41.88,False,normal
2026-02-16 08:00:00,Building_B,91.42,False,normal
2026-02-16 09:00:00,Building_B,95.34,False,normal
2026-02-16 10:00:00,Building_B,105.8,False,normal
2026-02-16 11:00:00,Building_B,90.45,False,normal
2026-02-16 12:00:00,Building_B,97.17,False,normal
2026-02-16 13:00:00,Building_B,99.0,False,normal
2026-02-16 14:00:00,Building_B,109.72,False,normal
2026-02-16 15:00:00,Building_B,104.84,False,normal
2026-02-16 16:00:00,Building_B,98.21,False,normal
2026-02-16 17:00:00,Building_B,107.52,False,normal
2026-02-16 18:00:00,Building_B,97.3,False,normal
2026-02-16 19:00:00,Building_B,48.81,False,normal
2026-02-16 20:00:00,Building_B,36.97,False,normal
2026-02-16 21:00:00,Building_B,49.13,False,normal
2026-02-16 22:00:00,Building_B,41.74,False,normal
2026-02-16 23:00:00,Building_B,38.62,False,normal
2026-02-17 00:00:00,Building_B,42.68,False,normal
2026-02-17 01:00:00,Building_B,45.15,False,normal
2026-02-17 02:00:00,Building_B,41.29,False,normal
2026-02-17 03:00:00,Building_B,46.54,False,normal
2026-02-17 04:00:00,Building_B,40.85,False,normal
2026-02-17 05:00:00,Building_B,46.87,False,normal
2026-02-17 06:00:00,Building_B,45.98,False,normal
2026-02-17 07:00:00,Building_B,43.46,False,normal
2026-02-17 08:00:00,Building_B,98.79,False,normal
2026-02-17 09:00:00,Building_B,101.76,False,normal
2026-02-17 10:00:00,Building_B,103.75,False,normal
2026-02-17 11:00:00,Building_B,111.31,False,normal
2026-02-17 12:00:00,Building_B,105.7,False,normal
2026-02-17 13:00:00,Building_B,105.88,False,normal
2026-02-17 14:00:00,Building_B,116.44,False,normal
2026-02-17 15:00:00,Building_B,103.58,False,normal
2026-02-17 16:00:00,Building_B,103.42,False,normal
2026-02-17 17:00:00,Building_B,104.52,False,normal
2026-02-17 18:00:00,Building_B,95.95,False,normal
2026-02-17 19:00:00,Building_B,41.55,False,normal
2026-02-17 20:00:00,Building_B,41.24,False,normal
2026-02-17 21:00:00,Building_B,47.0,False,normal
2026-02-17 22:00:00,Building_B,42.9,False,normal
2026-02-17 23:00:00,Building_B,44.46,False,normal
2026-02-18 00:00:00,Building_B,49.2,False,normal
2026-02-18 01:00:00,Building_B,48.08,False,normal
2026-02-18 02:00:00,Building_B,42.96,False,normal
2026-02-18 03:00:00,Building_B,40.42,False,normal
2026-02-18 04:00:00,Building_B,49.44,False,normal
2026-02-18 05:00:00,Building_B,47.64,False,normal
2026-02-18 06:00:00,Building_B,35.74,False,normal
2026-02-18 07:00:00,Building_B,42.2,False,normal
2026-02-18 08:00:00,Building_B,101.83,False,normal
2026-02-18 09:00:00,Building_B,104.89,False,normal
2026-02-18 10:00:00,Building_B,105.55,False,normal
2026-02-18 11:00:00,Building_B,102.42,False,normal
2026-02-18 12:00:00,Building_B,103.93,False,normal
2026-02-18 13:00:00,Building_B,101.32,False,normal
2026-02-18 14:00:00,Building_B,97.63,False,normal
2026-02-18 15:00:00,Building_B,99.69,False,normal
2026-02-18 16:00:00,Building_B,101.09,False,normal
2026-02-18 17:00:00,Building_B,100.83,False,normal
2026-02-18 18:00:00,Building_B,91.57,False,normal
2026-02-18 19:00:00,Building_B,41.78,False,normal
2026-02-18 20:00:00,Building_B,44.05,False,normal
2026-02-18 21:00:00,Building_B,42.36,False,normal
2026-02-18 22:00:00,Building_B,42.53,False,normal
2026-02-18 23:00:00,Building_B,46.21,False,normal
2026-02-19 00:00:00,Building_B,38.37,False,normal
2026-02-19 01:00:00,Building_B,35.63,False,normal
2026-02-19 02:00:00,Building_B,42.03,False,normal
2026-02-19 03:00:00,Building_B,47.59,False,normal
2026-02-19 04:00:00,Building_B,52.2,False,normal
2026-02-19 05:00:00,Building_B,47.68,False,normal
2026-02-19 06:00:00,Building_B,36.43,False,normal
2026-02-19 07:00:00,Building_B,42.6,False,normal
2026-02-19 08:00:00,Building_B,102.28,False,normal
2026-02-19 09:00:00,Building_B,101.89,False,normal
2026-02-19 10:00:00,Building_B,103.7,False,normal
2026-02-19 11:00:00,Building_B,96.41,False,normal
2026-02-19 12:00:00,Building_B,101.32,False,normal
2026-02-19 13:00:00,Building_B,103.1,False,normal
2026-02-19 14:00:00,Building_B,105.13,False,normal
2026-02-19 15:00:00,Building_B,96.97,False,normal
2026-02-19 16:00:00,Building_B,99.27,False,normal
2026-02-19 17:00:00,Building_B,87.48,False,normal
2026-02-19 18:00:00,Building_B,97.89,False,normal
2026-02-19 19:00:00,Building_B,41.14,False,normal
2026-02-19 20:00:00,Building_B,38.67,False,normal
2026-02-19 21:00:00,Building_B,44.59,False,normal
2026-02-19 22:00:00,Building_B,43.49,False,normal
2026-02-19 23:00:00,Building_B,32.47,False,normal
2026-02-20 00:00:00,Building_B,44.84,False,normal
2026-02-20 01:00:00,Building_B,39.12,False,normal
2026-02-20 02:00:00,Building_B,46.19,False,normal
2026-02-20 03:00:00,Building_B,37.36,False,normal
2026-02-20 04:00:00,Building_B,43.92,False,normal
2026-02-20 05:00:00,Building_B,42.35,False,normal
2026-02-20 06:00:00,Building_B,45.28,False,normal
2026-02-20 07:00:00,Building_B,44.39,False,normal
2026-02-20 08:00:00,Building_B,99.72,False,normal
2026-02-20 09:00:00,Building_B,93.32,False,normal
2026-02-20 10:00:00,Building_B,93.61,False,normal
2026-02-20 11:00:00,Building_B,147.12,True,moderate_spike
2026-02-20 12:00:00,Building_B,151.44,True,moderate_spike
2026-02-20 13:00:00,Building_B,146.94,True,moderate_spike
2026-02-20 14:00:00,Building_B,156.195,True,moderate_spike
2026-02-20 15:00:00,Building_B,149.39999999999998,True,moderate_spike
2026-02-20 16:00:00,Building_B,144.255,True,moderate_spike
2026-02-20 17:00:00,Building_B,99.61,False,normal
2026-02-20 18:00:00,Building_B,102.13,False,normal
2026-02-20 19:00:00,Building_B,45.39,False,normal
2026-02-20 20:00:00,Building_B,53.16,False,normal
2026-02-20 21:00:00,Building_B,40.42,False,normal
2026-02-20 22:00:00,Building_B,43.4,False,normal
2026-02-20 23:00:00,Building_B,45.9,False,normal
2026-02-21 00:00:00,Building_B,43.65,False,normal
2026-02-21 01:00:00,Building_B,41.26,False,normal
2026-02-21 02:00:00,Building_B,36.02,False,normal
2026-02-21 03:00:00,Building_B,41.21,False,normal
2026-02-21 04:00:00,Building_B,38.4,False,normal
2026-02-21 05:00:00,Building_B,35.13,False,normal
2026-02-21 06:00:00,Building_B,39.79,False,normal
2026-02-21 07:00:00,Building_B,38.53,False,normal
2026-02-21 08:00:00,Building_B,46.69,False,normal
2026-02-21 09:00:00,Building_B,46.77,False,normal
2026-02-21 10:00:00,Building_B,39.25,False,normal
2026-02-21 11:00:00,Building_B,42.47,False,normal
2026-02-21 12:00:00,Building_B,34.48,False,normal
2026-02-21 13:00:00,Building_B,41.29,False,normal
2026-02-21 14:00:00,Building_B,45.76,False,normal
2026-02-21 15:00:00,Building_B,47.89,False,normal
2026-02-21 16:00:00,Building_B,40.2,False,normal
2026-02-21 17:00:00,Building_B,49.03,False,normal
2026-02-21 18:00:00,Building_B,36.19,False,normal
2026-02-21 19:00:00,Building_B,37.53,False,normal
2026-02-21 20:00:00,Building_B,47.31,False,normal
2026-02-21 21:00:00,Building_B,52.12,False,normal
2026-02-21 22:00:00,Building_B,46.23,False,normal
2026-02-21 23:00:00,Building_B,43.56,False,normal
2026-02-22 00:00:00,Building_B,32.79,False,normal
2026-02-22 01:00:00,Building_B,33.65,False,normal
2026-02-22 02:00:00,Building_B,44.41,False,normal
2026-02-22 03:00:00,Building_B,41.98,False,normal
2026-02-22 04:00:00,Building_B,38.24,False,normal
2026-02-22 05:00:00,Building_B,44.09,False,normal
2026-02-22 06:00:00,Building_B,44.34,False,normal
2026-02-22 07:00:00,Building_B,48.49,False,normal
2026-02-22 08:00:00,Building_B,44.45,False,normal
2026-02-22 09:00:00,Building_B,49.91,False,normal
2026-02-22 10:00:00,Building_B,43.81,False,normal
2026-02-22 11:00:00,Building_B,43.19,False,normal
2026-02-22 12:00:00,Building_B,49.09,False,normal
2026-02-22 13:00:00,Building_B,38.87,False,normal
2026-02-22 14:00:00,Building_B,57.84,False,normal
2026-02-22 15:00:00,Building_B,45.64,False,normal
2026-02-22 16:00:00,Building_B,45.67,False,normal
2026-02-22 17:00:00,Building_B,46.39,False,normal
2026-02-22 18:00:00,Building_B,53.15,False,normal
2026-02-22 19:00:00,Building_B,47.73,False,normal
2026-02-22 20:00:00,Building_B,35.74,False,normal
2026-02-22 21:00:00,Building_B,50.78,False,normal
2026-02-22 22:00:00,Building_B,42.06,False,normal
2026-02-22 23:00:00,Building_B,44.3,False,normal
2026-02-23 00:00:00,Building_B,37.37,False,normal
2026-02-23 01:00:00,Building_B,46.4,False,normal
2026-02-23 02:00:00,Building_B,40.51,False,normal
2026-02-23 03:00:00,Building_B,44.27,False,normal
2026-02-23 04:00:00,Building_B,42.35,False,normal
2026-02-23 05:00:00,Building_B,53.39,False,normal
2026-02-23 06:00:00,Building_B,53.68,False,normal
2026-02-23 07:00:00,Building_B,44.0,False,normal
2026-02-23 08:00:00,Building_B,101.32,False,normal
2026-02-23 09:00:00,Building_B,99.13,False,normal
2026-02-23 10:00:00,Building_B,106.53,False,normal
2026-02-23 11:00:00,Building_B,99.35,False,normal
2026-02-23 12:00:00,Building_B,98.89,False,normal
2026-02-23 13:00:00,Building_B,105.89,False,normal
2026-02-23 14:00:00,Building_B,98.31,False,normal
2026-02-23 15:00:00,Building_B,100.81,False,normal
2026-02-23 16:00:00,Building_B,93.09,False,normal
2026-02-23 17:00:00,Building_B,104.52,False,normal
2026-02-23 18:00:00,Building_B,110.7,False,normal
2026-02-23 19:00:00,Building_B,47.37,False,normal
2026-02-23 20:00:00,Building_B,51.08,False,normal
2026-02-23 21:00:00,Building_B,39.54,False,normal
2026-02-23 22:00:00,Building_B,44.95,False,normal
2026-02-23 23:00:00,Building_B,39.05,False,normal
2026-02-24 00:00:00,Building_B,42.63,False,normal
2026-02-24 01:00:00,Building_B,47.63,False,normal
2026-02-24 02:00:00,Building_B,44.28,False,normal
2026-02-24 03:00:00,Building_B,36.7,False,normal
2026-02-24 04:00:00,Building_B,37.19,False,normal
2026-02-24 05:00:00,Building_B,36.86,False,normal
2026-02-24 06:00:00,Building_B,46.22,False,normal
2026-02-24 07:00:00,Building_B,54.09,False,normal
2026-02-24 08:00:00,Building_B,107.81,False,normal
2026-02-24 09:00:00,Building_B,91.52,False,normal
2026-02-24 10:00:00,Building_B,108.1,False,normal
2026-02-24 11:00:00,Building_B,105.68,False,normal
2026-02-24 12:00:00,Building_B,93.27,False,normal
2026-02-24 13:00:00,Building_B,99.48,False,normal
2026-02-24 14:00:00,Building_B,106.48,False,normal
2026-02-24 15:00:00,Building_B,103.75,False,normal
2026-02-24 16:00:00,Building_B,94.45,False,normal
2026-02-24 17:00:00,Building_B,104.05,False,normal
2026-02-24 18:00:00,Building_B,90.31,False,normal
2026-02-24 19:00:00,Building_B,42.65,False,normal
2026-02-24 20:00:00,Building_B,49.46,False,normal
2026-02-24 21:00:00,Building_B,43.86,False,normal
2026-02-24 22:00:00,Building_B,41.27,False,normal
2026-02-24 23:00:00,Building_B,48.21,False,normal
2026-02-25 00:00:00,Building_B,48.64,False,normal
2026-02-25 01:00:00,Building_B,50.32,False,normal
2026-02-25 02:00:00,Building_B,48.14,False,normal
2026-02-25 03:00:00,Building_B,49.17,False,normal
2026-02-25 04:00:00,Building_B,47.43,False,normal
2026-02-25 05:00:00,Building_B,45.09,False,normal
2026-02-25 06:00:00,Building_B,44.21,False,normal
2026-02-25 07:00:00,Building_B,42.58,False,normal
2026-02-25 08:00:00,Building_B,94.94,False,normal
2026-02-25 09:00:00,Building_B,96.22,False,normal
2026-02-25 10:00:00,Building_B,99.59,False,normal
2026-02-25 11:00:00,Building_B,102.21,False,normal
2026-02-25 12:00:00,Building_B,108.2,False,normal
2026-02-25 13:00:00,Building_B,100.79,False,normal
2026-02-25 14:00:00,Building_B,106.02,False,normal
2026-02-25 15:00:00,Building_B,106.4,False,normal
2026-02-25 16:00:00,Building_B,99.84,False,normal
2026-02-25 17:00:00,Building_B,103.97,False,normal
2026-02-25 18:00:00,Building_B,99.78,False,normal
2026-02-25 19:00:00,Building_B,50.38,False,normal
2026-02-25 20:00:00,Building_B,46.95,False,normal
2026-02-25 21:00:00,Building_B,37.81,False,normal
2026-02-25 22:00:00,Building_B,44.57,False,normal
2026-02-25 23:00:00,Building_B,52.01,False,normal
2026-02-26 00:00:00,Building_B,42.86,False,normal
2026-02-26 01:00:00,Building_B,46.0,False,normal
2026-02-26 02:00:00,Building_B,46.5,False,normal
2026-02-26 03:00:00,Building_B,38.58,False,normal
2026-02-26 04:00:00,Building_B,46.32,False,normal
2026-02-26 05:00:00,Building_B,36.8,False,normal
2026-02-26 06:00:00,Building_B,40.64,False,normal
2026-02-26 07:00:00,Building_B,49.14,False,normal
2026-02-26 08:00:00,Building_B,102.78,False,normal
2026-02-26 09:00:00,Building_B,99.48,False,normal
2026-02-26 10:00:00,Building_B,103.23,False,normal
2026-02-26 11:00:00,Building_B,100.7,False,normal
2026-02-26 12:00:00,Building_B,101.06,False,normal
2026-02-26 13:00:00,Building_B,104.28,False,normal
2026-02-26 14:00:00,Building_B,97.36,False,normal
2026-02-26 15:00:00,Building_B,101.2,False,normal
2026-02-26 16:00:00,Building_B,99.44,False,normal
2026-02-26 17:00:00,Building_B,93.07,False,normal
2026-02-26 18:00:00,Building_B,96.4,False,normal
2026-02-26 19:00:00,Building_B,51.61,False,normal
2026-02-26 20:00:00,Building_B,45.69,False,normal
2026-02-26 21:00:00,Building_B,37.15,False,normal
2026-02-26 22:00:00,Building_B,36.06,False,normal
2026-02-26 23:00:00,Building_B,43.21,False,normal
2026-02-27 00:00:00,Building_B,51.57,False,normal
2026-02-27 01:00:00,Building_B,42.83,False,normal
2026-02-27 02:00:00,Building_B,50.3,False,normal
2026-02-27 03:00:00,Building_B,45.53,False,normal
2026-02-27 04:00:00,Building_B,46.12,False,normal
2026-02-27 05:00:00,Building_B,37.09,False,normal
2026-02-27 06:00:00,Building_B,48.45,False,normal
2026-02-27 07:00:00,Building_B,42.09,False,normal
2026-02-27 08:00:00,Building_B,105.31,False,normal
2026-02-27 09:00:00,Building_B,96.93,False,normal
2026-02-27 10:00:00,Building_B,101.88,False,normal
2026-02-27 11:00:00,Building_B,102.76,False,normal
2026-02-27 12:00:00,Building_B,100.23,False,normal
2026-02-27 13:00:00,Building_B,103.02,False,normal
2026-02-27 14:00:00,Building_B,99.67,False,normal
2026-02-27 15:00:00,Building_B,97.75,False,normal
2026-02-27 16:00:00,Building_B,109.03,False,normal
2026-02-27 17:00:00,Building_B,106.24,False,normal
2026-02-27 18:00:00,Building_B,97.19,False,normal
2026-02-27 19:00:00,Building_B,46.61,False,normal
2026-02-27 20:00:00,Building_B,40.05,False,normal
2026-02-27 21:00:00,Building_B,37.84,False,normal
2026-02-27 22:00:00,Building_B,48.94,False,normal
2026-02-27 23:00:00,Building_B,35.25,False,normal
2026-02-28 00:00:00,Building_B,48.4,False,normal
2026-02-28 01:00:00,Building_B,42.5,False,normal
2026-02-28 02:00:00,Building_B,42.71,False,normal
2026-02-28 03:00:00,Building_B,45.82,False,normal
2026-02-28 04:00:00,Building_B,46.67,False,normal
2026-02-28 05:00:00,Building_B,39.63,False,normal
2026-02-28 06:00:00,Building_B,47.35,False,normal
2026-02-28 07:00:00,Building_B,44.33,False,normal
2026-02-28 08:00:00,Building_B,37.49,False,normal
2026-02-28 09:00:00,Building_B,42.92,False,normal
2026-02-28 10:00:00,Building_B,50.67,False,normal
2026-02-28 11:00:00,Building_B,52.15,False,normal
2026-02-28 12:00:00,Building_B,47.35,False,normal
2026-02-28 13:00:00,Building_B,37.81,False,normal
2026-02-28 14:00:00,Building_B,46.22,False,normal
2026-02-28 15:00:00,Building_B,48.02,False,normal
2026-02-28 16:00:00,Building_B,47.39,False,normal
2026-02-28 17:00:00,Building_B,47.69,False,normal
2026-02-28 18:00:00,Building_B,45.58,False,normal
2026-02-28 19:00:00,Building_B,43.4,False,normal
2026-02-28 20:00:00,Building_B,40.72,False,normal
2026-02-28 21:00:00,Building_B,34.28,False,normal
2026-02-28 22:00:00,Building_B,45.46,False,normal
2026-02-28 23:00:00,Building_B,44.7,False,normal
2026-03-01 00:00:00,Building_B,46.55,False,normal
2026-03-01 01:00:00,Building_B,37.08,False,normal
2026-03-01 02:00:00,Building_B,46.99,False,normal
2026-03-01 03:00:00,Building_B,54.04,False,normal
2026-03-01 04:00:00,Building_B,44.16,False,normal
2026-03-01 05:00:00,Building_B,43.46,False,normal
2026-03-01 06:00:00,Building_B,45.31,False,normal
2026-03-01 07:00:00,Building_B,53.93,False,normal
2026-03-01 08:00:00,Building_B,38.65,False,normal
2026-03-01 09:00:00,Building_B,44.78,False,normal
2026-03-01 10:00:00,Building_B,39.77,False,normal
2026-03-01 11:00:00,Building_B,41.03,False,normal
2026-03-01 12:00:00,Building_B,43.52,False,normal
2026-03-01 13:00:00,Building_B,50.5,False,normal
2026-03-01 14:00:00,Building_B,52.77,False,normal
2026-03-01 15:00:00,Building_B,46.01,False,normal
2026-03-01 16:00:00,Building_B,41.88,False,normal
2026-03-01 17:00:00,Building_B,56.23,False,normal
2026-03-01 18:00:00,Building_B,41.63,False,normal
2026-03-01 19:00:00,Building_B,40.91,False,normal
2026-03-01 20:00:00,Building_B,34.89,False,normal
2026-03-01 21:00:00,Building_B,50.75,False,normal
2026-03-01 22:00:00,Building_B,48.61,False,normal
2026-03-01 23:00:00,Building_B,55.86,False,normal
2026-03-02 00:00:00,Building_B,36.82,False,normal
2026-03-02 01:00:00,Building_B,51.06,False,normal
2026-03-02 02:00:00,Building_B,44.12,False,normal
2026-03-02 03:00:00,Building_B,47.8,False,normal
2026-03-02 04:00:00,Building_B,35.53,False,normal
2026-03-02 05:00:00,Building_B,51.11,False,normal
2026-03-02 06:00:00,Building_B,47.7,False,normal
2026-03-02 07:00:00,Building_B,43.57,False,normal
2026-03-02 08:00:00,Building_B,104.22,False,normal
2026-03-02 09:00:00,Building_B,97.17,False,normal
2026-03-02 10:00:00,Building_B,98.1,False,normal
2026-03-02 11:00:00,Building_B,98.68,False,normal
2026-03-02 12:00:00,Building_B,91.74,False,normal
2026-03-02 13:00:00,Building_B,105.31,False,normal
2026-03-02 14:00:00,Building_B,106.96,False,normal
2026-03-02 15:00:00,Building_B,97.49,False,normal
2026-03-02 16:00:00,Building_B,102.74,False,normal
2026-03-02 17:00:00,Building_B,99.67,False,normal
2026-03-02 18:00:00,Building_B,102.64,False,normal
2026-03-02 19:00:00,Building_B,40.63,False,normal
2026-03-02 20:00:00,Building_B,39.35,False,normal
2026-03-02 21:00:00,Building_B,49.03,False,normal
2026-03-02 22:00:00,Building_B,43.45,False,normal
2026-03-02 23:00:00,Building_B,53.88,False,normal
2026-03-03 00:00:00,Building_B,44.0,False,normal
2026-03-03 01:00:00,Building_B,39.14,False,normal
2026-03-03 02:00:00,Building_B,49.9,False,normal
2026-03-03 03:00:00,Building_B,46.92,False,normal
2026-03-03 04:00:00,Building_B,47.4,False,normal
2026-03-03 05:00:00,Building_B,49.72,False,normal
2026-03-03 06:00:00,Building_B,40.5,False,normal
2026-03-03 07:00:00,Building_B,43.13,False,normal
2026-03-03 08:00:00,Building_B,100.14,False,normal
2026-03-03 09:00:00,Building_B,94.55,False,normal
2026-03-03 10:00:00,Building_B,99.68,False,normal
2026-03-03 11:00:00,Building_B,107.68,False,normal
2026-03-03 12:00:00,Building_B,102.19,False,normal
2026-03-03 13:00:00,Building_B,94.27,False,normal
2026-03-03 14:00:00,Building_B,93.22,False,normal
2026-03-03 15:00:00,Building_B,109.32,False,normal
2026-03-03 16:00:00,Building_B,100.55,False,normal
2026-03-03 17:00:00,Building_B,97.76,False,normal
2026-03-03 18:00:00,Building_B,99.63,False,normal
2026-03-03 19:00:00,Building_B,36.38,False,normal
2026-03-03 20:00:00,Building_B,50.88,False,normal
2026-03-03 21:00:00,Building_B,41.8,False,normal
2026-03-03 22:00:00,Building_B,50.6,False,normal
2026-03-03 23:00:00,Building_B,44.02,False,normal
2026-03-04 00:00:00,Building_B,50.91,False,normal
2026-03-04 01:00:00,Building_B,45.05,False,normal
2026-03-04 02:00:00,Building_B,48.03,False,normal
2026-03-04 03:00:00,Building_B,47.36,False,normal
2026-03-04 04:00:00,Building_B,46.88,False,normal
2026-03-04 05:00:00,Building_B,45.51,False,normal
2026-03-04 06:00:00,Building_B,42.6,False,normal
2026-03-04 07:00:00,Building_B,53.34,False,normal
2026-03-04 08:00:00,Building_B,96.46,False,normal
2026-03-04 09:00:00,Building_B,101.02,False,normal
2026-03-04 10:00:00,Building_B,101.07,False,normal
2026-03-04 11:00:00,Building_B,103.01,False,normal
2026-03-04 12:00:00,Building_B,98.85,False,normal
2026-03-04 13:00:00,Building_B,102.57,False,normal
2026-03-04 14:00:00,Building_B,100.16,False,normal
2026-03-04 15:00:00,Building_B,93.09,False,normal
2026-03-04 16:00:00,Building_B,101.05,False,normal
2026-03-04 17:00:00,Building_B,95.5,False,normal
2026-03-04 18:00:00,Building_B,92.33,False,normal
2026-03-04 19:00:00,Building_B,44.45,False,normal
2026-03-04 20:00:00,Building_B,46.21,False,normal
2026-03-04 21:00:00,Building_B,46.4,False,normal
2026-03-04 22:00:00,Building_B,46.6,False,normal
2026-03-04 23:00:00,Building_B,34.1,False,normal
2026-03-05 00:00:00,Building_B,36.96,False,normal
2026-03-05 01:00:00,Building_B,53.63,False,normal
2026-03-05 02:00:00,Building_B,38.53,False,normal
2026-03-05 03:00:00,Building_B,46.82,False,normal
2026-03-05 04:00:00,Building_B,40.33,False,normal
2026-03-05 05:00:00,Building_B,44.16,False,normal
2026-03-05 06:00:00,Building_B,40.6,False,normal
2026-03-05 07:00:00,Building_B,46.57,False,normal
2026-03-05 08:00:00,Building_B,101.68,False,normal
2026-03-05 09:00:00,Building_B,98.76,False,normal
2026-03-05 10:00:00,Building_B,95.75,False,normal
2026-03-05 11:00:00,Building_B,102.34,False,normal
2026-03-05 12:00:00,Building_B,94.94,False,normal
2026-03-05 13:00:00,Building_B,103.14,False,normal
2026-03-05 14:00:00,Building_B,114.13,False,normal
2026-03-05 15:00:00,Building_B,107.75,False,normal
2026-03-05 16:00:00,Building_B,104.59,False,normal
2026-03-05 17:00:00,Building_B,100.57,False,normal
2026-03-05 18:00:00,Building_B,91.31,False,normal
2026-03-05 19:00:00,Building_B,37.15,False,normal
2026-03-05 20:00:00,Building_B,50.18,False,normal
2026-03-05 21:00:00,Building_B,39.82,False,normal
2026-03-05 22:00:00,Building_B,40.27,False,normal
2026-03-05 23:00:00,Building_B,42.94,False,normal
2026-03-06 00:00:00,Building_B,38.46,False,normal
2026-03-06 01:00:00,Building_B,37.63,False,normal
2026-03-06 02:00:00,Building_B,43.51,False,normal
2026-03-06 03:00:00,Building_B,39.31,False,normal
2026-03-06 04:00:00,Building_B,40.06,False,normal
2026-03-06 05:00:00,Building_B,39.86,False,normal
2026-03-06 06:00:00,Building_B,46.38,False,normal
2026-03-06 07:00:00,Building_B,42.61,False,normal
2026-03-06 08:00:00,Building_B,100.11,False,normal
2026-03-06 09:00:00,Building_B,103.98,False,normal
2026-03-06 10:00:00,Building_B,100.29,False,normal
2026-03-06 11:00:00,Building_B,99.61,False,normal
2026-03-06 12:00:00,Building_B,103.35,False,normal
2026-03-06 13:00:00,Building_B,104.34,False,normal
2026-03-06 14:00:00,Building_B,100.26,False,normal
2026-03-06 15:00:00,Building_B,101.4,False,normal
2026-03-06 16:00:00,Building_B,97.09,False,normal
2026-03-06 17:00:00,Building_B,96.7,False,normal
2026-03-06 18:00:00,Building_B,104.85,False,normal
2026-03-06 19:00:00,Building_B,45.99,False,normal
2026-03-06 20:00:00,Building_B,46.04,False,normal
2026-03-06 21:00:00,Building_B,45.17,False,normal
2026-03-06 22:00:00,Building_B,44.0,False,normal
2026-03-06 23:00:00,Building_B,47.25,False,normal
2026-03-07 00:00:00,Building_B,48.44,False,normal
2026-03-07 01:00:00,Building_B,48.32,False,normal
2026-03-07 02:00:00,Building_B,43.26,False,normal
2026-03-07 03:00:00,Building_B,50.7,False,normal
2026-03-07 04:00:00,Building_B,44.91,False,normal
2026-03-07 05:00:00,Building_B,46.93,False,normal
2026-03-07 06:00:00,Building_B,45.18,False,normal
2026-03-07 07:00:00,Building_B,45.0,False,normal
2026-03-07 08:00:00,Building_B,40.09,False,normal
2026-03-07 09:00:00,Building_B,47.27,False,normal
2026-03-07 10:00:00,Building_B,57.99,False,normal
2026-03-07 11:00:00,Building_B,41.89,False,normal
2026-03-07 12:00:00,Building_B,44.12,False,normal
2026-03-07 13:00:00,Building_B,41.54,False,normal
2026-03-07 14:00:00,Building_B,41.33,False,normal
2026-03-07 15:00:00,Building_B,51.49,False,normal
2026-03-07 16:00:00,Building_B,40.4,False,normal
2026-03-07 17:00:00,Building_B,41.4,False,normal
2026-03-07 18:00:00,Building_B,35.83,False,normal
2026-03-07 19:00:00,Building_B,39.98,False,normal
2026-03-07 20:00:00,Building_B,35.22,False,normal
2026-03-07 21:00:00,Building_B,46.93,False,normal
2026-03-07 22:00:00,Building_B,57.76,False,normal
2026-03-07 23:00:00,Building_B,41.93,False,normal
2026-03-08 00:00:00,Building_B,35.43,False,normal
2026-03-08 01:00:00,Building_B,48.27,False,normal
2026-03-08 02:00:00,Building_B,40.13,False,normal
2026-03-08 03:00:00,Building_B,50.26,False,normal
2026-03-08 04:00:00,Building_B,42.36,False,normal
2026-03-08 05:00:00,Building_B,40.61,False,normal
2026-03-08 06:00:00,Building_B,42.88,False,normal
2026-03-08 07:00:00,Building_B,47.56,False,normal
2026-03-08 08:00:00,Building_B,42.63,False,normal
2026-03-08 09:00:00,Building_B,41.28,False,normal
2026-03-08 10:00:00,Building_B,42.77,False,normal
2026-03-08 11:00:00,Building_B,37.41,False,normal
2026-03-08 12:00:00,Building_B,45.75,False,normal
2026-03-08 13:00:00,Building_B,34.83,False,normal
2026-03-08 14:00:00,Building_B,41.55,False,normal
2026-03-08 15:00:00,Building_B,47.56,False,normal
2026-03-08 16:00:00,Building_B,45.28,False,normal
2026-03-08 17:00:00,Building_B,46.72,False,normal
2026-03-08 18:00:00,Building_B,43.44,False,normal
2026-03-08 19:00:00,Building_B,49.62,False,normal
2026-03-08 20:00:00,Building_B,48.39,False,normal
2026-03-08 21:00:00,Building_B,46.0,False,normal
2026-03-08 22:00:00,Building_B,48.4,False,normal
2026-03-08 23:00:00,Building_B,47.52,False,normal
2026-03-09 00:00:00,Building_B,41.57,False,normal
2026-03-09 01:00:00,Building_B,37.05,False,normal
2026-03-09 02:00:00,Building_B,45.87,False,normal
2026-03-09 03:00:00,Building_B,46.5,False,normal
2026-03-09 04:00:00,Building_B,49.22,False,normal
2026-03-09 05:00:00,Building_B,39.08,False,normal
2026-03-09 06:00:00,Building_B,39.23,False,normal
2026-03-09 07:00:00,Building_B,46.07,False,normal
2026-03-09 08:00:00,Building_B,100.64,False,normal
2026-03-09 09:00:00,Building_B,91.57,False,normal
2026-03-09 10:00:00,Building_B,102.87,False,normal
2026-03-09 11:00:00,Building_B,91.74,False,normal
2026-03-09 12:00:00,Building_B,96.27,False,normal
2026-03-09 13:00:00,Building_B,107.76,False,normal
2026-03-09 14:00:00,Building_B,110.12,False,normal
2026-03-09 15:00:00,Building_B,94.92,False,normal
2026-03-09 16:00:00,Building_B,99.35,False,normal
2026-03-09 17:00:00,Building_B,101.21,False,normal
2026-03-09 18:00:00,Building_B,109.91,False,normal
2026-03-09 19:00:00,Building_B,41.3,False,normal
2026-03-09 20:00:00,Building_B,41.38,False,normal
2026-03-09 21:00:00,Building_B,51.51,False,normal
2026-03-09 22:00:00,Building_B,41.89,False,normal
2026-03-09 23:00:00,Building_B,47.38,False,normal
2026-03-10 00:00:00,Building_B,36.38,False,normal
2026-03-10 01:00:00,Building_B,42.91,False,normal
2026-03-10 02:00:00,Building_B,35.47,False,normal
2026-03-10 03:00:00,Building_B,38.49,False,normal
2026-03-10 04:00:00,Building_B,47.96,False,normal
2026-03-10 05:00:00,Building_B,43.52,False,normal
2026-03-10 06:00:00,Building_B,42.17,False,normal
2026-03-10 07:00:00,Building_B,40.02,False,normal
2026-03-10 08:00:00,Building_B,99.9,False,normal
2026-03-10 09:00:00,Building_B,102.5,False,normal
2026-03-10 10:00:00,Building_B,105.91,False,normal
2026-03-10 11:00:00,Building_B,87.87,False,normal
2026-03-10 12:00:00,Building_B,96.84,False,normal
2026-03-10 13:00:00,Building_B,101.79,False,normal
2026-03-10 14:00:00,Building_B,100.5,False,normal
2026-03-10 15:00:00,Building_B,103.02,False,normal
2026-03-10 16:00:00,Building_B,102.34,False,normal
2026-03-10 17:00:00,Building_B,99.47,False,normal
2026-03-10 18:00:00,Building_B,98.37,False,normal
2026-03-10 19:00:00,Building_B,42.54,False,normal
2026-03-10 20:00:00,Building_B,49.51,False,normal
2026-03-10 21:00:00,Building_B,40.11,False,normal
2026-03-10 22:00:00,Building_B,43.45,False,normal
2026-03-10 23:00:00,Building_B,44.68,False,normal
2026-03-11 00:00:00,Building_B,51.57,False,normal
2026-03-11 01:00:00,Building_B,42.26,False,normal
2026-03-11 02:00:00,Building_B,48.56,False,normal
2026-03-11 03:00:00,Building_B,49.93,False,normal
2026-03-11 04:00:00,Building_B,43.45,False,normal
2026-03-11 05:00:00,Building_B,42.71,False,normal
2026-03-11 06:00:00,Building_B,42.12,False,normal
2026-03-11 07:00:00,Building_B,42.49,False,normal
2026-03-11 08:00:00,Building_B,105.27,False,normal
2026-03-11 09:00:00,Building_B,102.15,False,normal
2026-03-11 10:00:00,Building_B,102.18,False,normal
2026-03-11 11:00:00,Building_B,95.37,False,normal
2026-03-11 12:00:00,Building_B,96.16,False,normal
2026-03-11 13:00:00,Building_B,111.72,False,normal
2026-03-11 14:00:00,Building_B,100.11,False,normal
2026-03-11 15:00:00,Building_B,97.13,False,normal
2026-03-11 16:00:00,Building_B,108.15,False,normal
2026-03-11 17:00:00,Building_B,102.41,False,normal
2026-03-11 18:00:00,Building_B,103.89,False,normal
2026-03-11 19:00:00,Building_B,43.08,False,normal
2026-03-11 20:00:00,Building_B,42.17,False,normal
2026-03-11 21:00:00,Building_B,42.92,False,normal
2026-03-11 22:00:00,Building_B,36.85,False,normal
2026-03-11 23:00:00,Building_B,43.33,False,normal
2026-03-12 00:00:00,Building_B,45.25,False,normal
2026-03-12 01:00:00,Building_B,53.02,False,normal
2026-03-12 02:00:00,Building_B,44.2,False,normal
2026-03-12 03:00:00,Building_B,32.1,False,normal
2026-03-12 04:00:00,Building_B,43.3,False,normal
2026-03-12 05:00:00,Building_B,57.46,False,normal
2026-03-12 06:00:00,Building_B,48.1,False,normal
2026-03-12 07:00:00,Building_B,39.71,False,normal
2026-03-12 08:00:00,Building_B,103.95,False,normal
2026-03-12 09:00:00,Building_B,97.29,False,normal
2026-03-12 10:00:00,Building_B,94.23,False,normal
2026-03-12 11:00:00,Building_B,99.26,False,normal
2026-03-12 12:00:00,Building_B,101.46,False,normal
2026-03-12 13:00:00,Building_B,91.64,False,normal
2026-03-12 14:00:00,Building_B,95.25,False,normal
2026-03-12 15:00:00,Building_B,101.05,False,normal
2026-03-12 16:00:00,Building_B,98.96,False,normal
2026-03-12 17:00:00,Building_B,102.97,False,normal
2026-03-12 18:00:00,Building_B,94.93,False,normal
2026-03-12 19:00:00,Building_B,47.34,False,normal
2026-03-12 20:00:00,Building_B,37.85,False,normal
2026-03-12 21:00:00,Building_B,51.98,False,normal
2026-03-12 22:00:00,Building_B,35.19,False,normal
2026-03-12 23:00:00,Building_B,38.3,False,normal
2026-03-13 00:00:00,Building_B,45.85,False,normal
2026-03-13 01:00:00,Building_B,52.09,False,normal
2026-03-13 02:00:00,Building_B,45.34,False,normal
2026-03-13 03:00:00,Building_B,46.58,False,normal
2026-03-13 04:00:00,Building_B,43.85,False,normal
2026-03-13 05:00:00,Building_B,38.63,False,normal
2026-03-13 06:00:00,Building_B,41.32,False,normal
2026-03-13 07:00:00,Building_B,37.71,False,normal
2026-03-13 08:00:00,Building_B,94.61,False,normal
2026-03-13 09:00:00,Building_B,103.01,False,normal
2026-03-13 10:00:00,Building_B,95.38,False,normal
2026-03-13 11:00:00,Building_B,102.6,False,normal
2026-03-13 12:00:00,Building_B,94.49,False,normal
2026-03-13 13:00:00,Building_B,102.48,False,normal
2026-03-13 14:00:00,Building_B,98.56,False,normal
2026-03-13 15:00:00,Building_B,108.03,False,normal
2026-03-13 16:00:00,Building_B,102.62,False,normal
2026-03-13 17:00:00,Building_B,107.18,False,normal
2026-03-13 18:00:00,Building_B,97.22,False,normal
2026-03-13 19:00:00,Building_B,44.05,False,normal
2026-03-13 20:00:00,Building_B,38.86,False,normal
2026-03-13 21:00:00,Building_B,41.7,False,normal
2026-03-13 22:00:00,Building_B,42.46,False,normal
2026-03-13 23:00:00,Building_B,40.14,False,normal
2026-03-14 00:00:00,Building_B,37.69,False,normal
2026-03-14 01:00:00,Building_B,36.7,False,normal
2026-03-14 02:00:00,Building_B,32.07,False,normal
2026-03-14 03:00:00,Building_B,38.48,False,normal
2026-03-14 04:00:00,Building_B,46.9,False,normal
2026-03-14 05:00:00,Building_B,35.77,False,normal
2026-03-14 06:00:00,Building_B,36.93,False,normal
2026-03-14 07:00:00,Building_B,52.72,False,normal
2026-03-14 08:00:00,Building_B,40.58,False,normal
2026-03-14 09:00:00,Building_B,45.37,False,normal
2026-03-14 10:00:00,Building_B,46.98,False,normal
2026-03-14 11:00:00,Building_B,47.08,False,normal
2026-03-14 12:00:00,Building_B,36.15,False,normal
2026-03-14 13:00:00,Building_B,42.61,False,normal
2026-03-14 14:00:00,Building_B,35.68,False,normal
2026-03-14 15:00:00,Building_B,56.0,False,normal
2026-03-14 16:00:00,Building_B,35.79,False,normal
2026-03-14 17:00:00,Building_B,38.53,False,normal
2026-03-14 18:00:00,Building_B,38.56,False,normal
2026-03-14 19:00:00,Building_B,36.28,False,normal
2026-03-14 20:00:00,Building_B,50.53,False,normal
2026-03-14 21:00:00,Building_B,55.88,False,normal
2026-03-14 22:00:00,Building_B,41.39,False,normal
2026-03-14 23:00:00,Building_B,37.16,False,normal
2026-03-15 00:00:00,Building_B,32.58,False,normal
2026-03-15 01:00:00,Building_B,42.55,False,normal
2026-03-15 02:00:00,Building_B,42.18,False,normal
2026-03-15 03:00:00,Building_B,40.51,False,normal
2026-03-15 04:00:00,Building_B,44.87,False,normal
2026-03-15 05:00:00,Building_B,45.74,False,normal
2026-03-15 06:00:00,Building_B,45.38,False,normal
2026-03-15 07:00:00,Building_B,42.19,False,normal
2026-03-15 08:00:00,Building_B,38.26,False,normal
2026-03-15 09:00:00,Building_B,47.1,False,normal
2026-03-15 10:00:00,Building_B,43.83,False,normal
2026-03-15 11:00:00,Building_B,48.21,False,normal
2026-03-15 12:00:00,Building_B,47.72,False,normal
2026-03-15 13:00:00,Building_B,36.66,False,normal
2026-03-15 14:00:00,Building_B,36.6,False,normal
2026-03-15 15:00:00,Building_B,39.99,False,normal
2026-03-15 16:00:00,Building_B,38.49,False,normal
2026-03-15 17:00:00,Building_B,47.54,False,normal
2026-03-15 18:00:00,Building_B,45.52,False,normal
2026-03-15 19:00:00,Building_B,49.26,False,normal
2026-03-15 20:00:00,Building_B,45.75,False,normal
2026-03-15 21:00:00,Building_B,44.81,False,normal
2026-03-15 22:00:00,Building_B,49.76,False,normal
2026-03-15 23:00:00,Building_B,46.11,False,normal
2026-03-16 00:00:00,Building_B,44.11,False,normal
2026-03-16 01:00:00,Building_B,51.17,False,normal
2026-03-16 02:00:00,Building_B,44.34,False,normal
2026-03-16 03:00:00,Building_B,42.24,False,normal
2026-03-16 04:00:00,Building_B,39.58,False,normal
2026-03-16 05:00:00,Building_B,47.28,False,normal
2026-03-16 06:00:00,Building_B,49.95,False,normal
2026-03-16 07:00:00,Building_B,43.51,False,normal
2026-03-16 08:00:00,Building_B,107.54,False,normal
2026-03-16 09:00:00,Building_B,91.15,False,normal
2026-03-16 10:00:00,Building_B,100.72,False,normal
2026-03-16 11:00:00,Building_B,100.8,False,normal
2026-03-16 12:00:00,Building_B,97.36,False,normal
2026-03-16 13:00:00,Building_B,112.92,False,normal
2026-03-16 14:00:00,Building_B,100.67,False,normal
2026-03-16 15:00:00,Building_B,98.96,False,normal
2026-03-16 16:00:00,Building_B,101.13,False,normal
2026-03-16 17:00:00,Building_B,90.99,False,normal
2026-03-16 18:00:00,Building_B,97.2,False,normal
2026-03-16 19:00:00,Building_B,48.68,False,normal
2026-03-16 20:00:00,Building_B,40.62,False,normal
2026-03-16 21:00:00,Building_B,39.62,False,normal
2026-03-16 22:00:00,Building_B,50.31,False,normal
2026-03-16 23:00:00,Building_B,50.47,False,normal
2026-03-17 00:00:00,Building_B,46.35,False,normal
2026-03-17 01:00:00,Building_B,41.49,False,normal
2026-03-17 02:00:00,Building_B,42.57,False,normal
2026-03-17 03:00:00,Building_B,39.75,False,normal
2026-03-17 04:00:00,Building_B,38.79,False,normal
2026-03-17 05:00:00,Building_B,38.54,False,normal
2026-03-17 06:00:00,Building_B,40.68,False,normal
2026-03-17 07:00:00,Building_B,38.59,False,normal
2026-03-17 08:00:00,Building_B,93.18,False,normal
2026-03-17 09:00:00,Building_B,102.1,False,normal
2026-03-17 10:00:00,Building_B,102.17,False,normal
2026-03-17 11:00:00,Building_B,109.5,False,normal
2026-03-17 12:00:00,Building_B,97.66,False,normal
2026-03-17 13:00:00,Building_B,102.48,False,normal
2026-03-17 14:00:00,Building_B,102.56,False,normal
2026-03-17 15:00:00,Building_B,99.73,False,normal
2026-03-17 16:00:00,Building_B,104.72,False,normal
2026-03-17 17:00:00,Building_B,104.88,False,normal
2026-03-17 18:00:00,Building_B,102.64,False,normal
2026-03-17 19:00:00,Building_B,42.49,False,normal
2026-03-17 20:00:00,Building_B,41.98,False,normal
2026-03-17 21:00:00,Building_B,36.93,False,normal
2026-03-17 22:00:00,Building_B,39.74,False,normal
2026-03-17 23:00:00,Building_B,40.66,False,normal
2026-03-18 00:00:00,Building_B,38.15,False,normal
2026-03-18 01:00:00,Building_B,45.97,False,normal
2026-03-18 02:00:00,Building_B,49.75,False,normal
2026-03-18 03:00:00,Building_B,39.23,False,normal
2026-03-18 04:00:00,Building_B,45.18,False,normal
2026-03-18 05:00:00,Building_B,38.6,False,normal
2026-03-18 06:00:00,Building_B,42.24,False,normal
2026-03-18 07:00:00,Building_B,40.31,False,normal
2026-03-18 08:00:00,Building_B,104.01,False,normal
2026-03-18 09:00:00,Building_B,97.61,False,normal
2026-03-18 10:00:00,Building_B,106.06,False,normal
2026-03-18 11:00:00,Building_B,99.77,False,normal
2026-03-18 12:00:00,Building_B,97.75,False,normal
2026-03-18 13:00:00,Building_B,94.73,False,normal
2026-03-18 14:00:00,Building_B,102.27,False,normal
2026-03-18 15:00:00,Building_B,105.48,False,normal
2026-03-18 16:00:00,Building_B,102.37,False,normal
2026-03-18 17:00:00,Building_B,112.19,False,normal
2026-03-18 18:00:00,Building_B,108.15,False,normal
2026-03-18 19:00:00,Building_B,42.23,False,normal
2026-03-18 20:00:00,Building_B,42.18,False,normal
2026-03-18 21:00:00,Building_B,46.11,False,normal
2026-03-18 22:00:00,Building_B,39.58,False,normal
2026-03-18 23:00:00,Building_B,49.6,False,normal
2026-03-19 00:00:00,Building_B,45.57,False,normal
2026-03-19 01:00:00,Building_B,45.05,False,normal
2026-03-19 02:00:00,Building_B,47.2,False,normal
2026-03-19 03:00:00,Building_B,52.38,False,normal
2026-03-19 04:00:00,Building_B,44.62,False,normal
2026-03-19 05:00:00,Building_B,43.2,False,normal
2026-03-19 06:00:00,Building_B,51.31,False,normal
2026-03-19 07:00:00,Building_B,48.6,False,normal
2026-03-19 08:00:00,Building_B,99.39,False,normal
2026-03-19 09:00:00,Building_B,101.03,False,normal
2026-03-19 10:00:00,Building_B,101.98,False,normal
2026-03-19 11:00:00,Building_B,102.81,False,normal
2026-03-19 12:00:00,Building_B,94.22,False,normal
2026-03-19 13:00:00,Building_B,93.29,False,normal
2026-03-19 14:00:00,Building_B,96.56,False,normal
2026-03-19 15:00:00,Building_B,96.18,False,normal
2026-03-19 16:00:00,Building_B,97.78,False,normal
2026-03-19 17:00:00,Building_B,104.17,False,normal
2026-03-19 18:00:00,Building_B,100.15,False,normal
2026-03-19 19:00:00,Building_B,44.75,False,normal
2026-03-19 20:00:00,Building_B,37.64,False,normal
2026-03-19 21:00:00,Building_B,41.46,False,normal
2026-03-19 22:00:00,Building_B,46.7,False,normal
2026-03-19 23:00:00,Building_B,46.74,False,normal
2026-03-20 00:00:00,Building_B,40.14,False,normal
2026-03-20 01:00:00,Building_B,44.57,False,normal
2026-03-20 02:00:00,Building_B,54.76,False,normal
2026-03-20 03:00:00,Building_B,43.68,False,normal
2026-03-20 04:00:00,Building_B,40.3,False,normal
2026-03-20 05:00:00,Building_B,42.9,False,normal
2026-03-20 06:00:00,Building_B,44.23,False,normal
2026-03-20 07:00:00,Building_B,43.01,False,normal
2026-03-20 08:00:00,Building_B,100.84,False,normal
2026-03-20 09:00:00,Building_B,93.78,False,normal
2026-03-20 10:00:00,Building_B,96.19,False,normal
2026-03-20 11:00:00,Building_B,100.25,False,normal
2026-03-20 12:00:00,Building_B,100.17,False,normal
2026-03-20 13:00:00,Building_B,98.17,False,normal
2026-03-20 14:00:00,Building_B,100.11,False,normal
2026-03-20 15:00:00,Building_B,101.3,False,normal
2026-03-20 16:00:00,Building_B,105.45,False,normal
2026-03-20 17:00:00,Building_B,100.5,False,normal
2026-03-20 18:00:00,Building_B,102.99,False,normal
2026-03-20 19:00:00,Building_B,41.06,False,normal
2026-03-20 20:00:00,Building_B,46.63,False,normal
2026-03-20 21:00:00,Building_B,45.65,False,normal
2026-03-20 22:00:00,Building_B,48.1,False,normal
2026-03-20 23:00:00,Building_B,47.33,False,normal
2026-03-21 00:00:00,Building_B,46.71,False,normal
2026-03-21 01:00:00,Building_B,43.27,False,normal
2026-03-21 02:00:00,Building_B,44.99,False,normal
2026-03-21 03:00:00,Building_B,49.08,False,normal
2026-03-21 04:00:00,Building_B,40.51,False,normal
2026-03-21 05:00:00,Building_B,40.62,False,normal
2026-03-21 06:00:00,Building_B,44.67,False,normal
2026-03-21 07:00:00,Building_B,45.84,False,normal
2026-03-21 08:00:00,Building_B,39.65,False,normal
2026-03-21 09:00:00,Building_B,43.39,False,normal
2026-03-21 10:00:00,Building_B,43.3,False,normal
2026-03-21 11:00:00,Building_B,32.69,False,normal
2026-03-21 12:00:00,Building_B,42.67,False,normal
2026-03-21 13:00:00,Building_B,42.98,False,normal
2026-03-21 14:00:00,Building_B,42.96,False,normal
2026-03-21 15:00:00,Building_B,50.85,False,normal
2026-03-21 16:00:00,Building_B,37.69,False,normal
2026-03-21 17:00:00,Building_B,39.64,False,normal
2026-03-21 18:00:00,Building_B,30.71,False,normal
2026-03-21 19:00:00,Building_B,41.36,False,normal
2026-03-21 20:00:00,Building_B,41.79,False,normal
2026-03-21 21:00:00,Building_B,41.22,False,normal
2026-03-21 22:00:00,Building_B,49.3,False,normal
2026-03-21 23:00:00,Building_B,48.07,False,normal
2026-03-22 00:00:00,Building_B,44.16,False,normal
2026-03-22 01:00:00,Building_B,41.91,False,normal
2026-03-22 02:00:00,Building_B,48.9,False,normal
2026-03-22 03:00:00,Building_B,43.67,False,normal
2026-03-22 04:00:00,Building_B,39.68,False,normal
2026-03-22 05:00:00,Building_B,35.19,False,normal
2026-03-22 06:00:00,Building_B,41.56,False,normal
2026-03-22 07:00:00,Building_B,47.54,False,normal
2026-03-22 08:00:00,Building_B,55.15,False,normal
2026-03-22 09:00:00,Building_B,44.07,False,normal
2026-03-22 10:00:00,Building_B,39.94,False,normal
2026-03-22 11:00:00,Building_B,37.84,False,normal
2026-03-22 12:00:00,Building_B,46.53,False,normal
2026-03-22 13:00:00,Building_B,34.94,False,normal
2026-03-22 14:00:00,Building_B,46.52,False,normal
2026-03-22 15:00:00,Building_B,47.85,False,normal
2026-03-22 16:00:00,Building_B,45.95,False,normal
2026-03-22 17:00:00,Building_B,42.67,False,normal
2026-03-22 18:00:00,Building_B,46.59,False,normal
2026-03-22 19:00:00,Building_B,44.62,False,normal
2026-03-22 20:00:00,Building_B,39.88,False,normal
2026-03-22 21:00:00,Building_B,53.02,False,normal
2026-03-22 22:00:00,Building_B,42.01,False,normal
2026-03-22 23:00:00,Building_B,47.65,False,normal
2026-03-23 00:00:00,Building_B,31.67,False,normal
2026-03-23 01:00:00,Building_B,50.15,False,normal
2026-03-23 02:00:00,Building_B,51.11,False,normal
2026-03-23 03:00:00,Building_B,43.92,False,normal
2026-03-23 04:00:00,Building_B,46.56,False,normal
2026-03-23 05:00:00,Building_B,46.56,False,normal
2026-03-23 06:00:00,Building_B,40.55,False,normal
2026-03-23 07:00:00,Building_B,46.5,False,normal
2026-03-23 08:00:00,Building_B,96.96,False,normal
2026-03-23 09:00:00,Building_B,97.96,False,normal
2026-03-23 10:00:00,Building_B,106.63,False,normal
2026-03-23 11:00:00,Building_B,105.87,False,normal
2026-03-23 12:00:00,Building_B,97.47,False,normal
2026-03-23 13:00:00,Building_B,97.33,False,normal
2026-03-23 14:00:00,Building_B,97.77,False,normal
2026-03-23 15:00:00,Building_B,104.66,False,normal
2026-03-23 16:00:00,Building_B,96.0,False,normal
2026-03-23 17:00:00,Building_B,102.78,False,normal
2026-03-23 18:00:00,Building_B,104.73,False,normal
2026-03-23 19:00:00,Building_B,43.33,False,normal
2026-03-23 20:00:00,Building_B,48.82,False,normal
2026-03-23 21:00:00,Building_B,42.24,False,normal
2026-03-23 22:00:00,Building_B,42.7,False,normal
2026-03-23 23:00:00,Building_B,38.88,False,normal
2026-03-24 00:00:00,Building_B,48.85,False,normal
2026-03-24 01:00:00,Building_B,39.93,False,normal
2026-03-24 02:00:00,Building_B,45.52,False,normal
2026-03-24 03:00:00,Building_B,43.41,False,normal
2026-03-24 04:00:00,Building_B,38.5,False,normal
2026-03-24 05:00:00,Building_B,40.72,False,normal
2026-03-24 06:00:00,Building_B,50.68,False,normal
2026-03-24 07:00:00,Building_B,44.77,False,normal
2026-03-24 08:00:00,Building_B,95.95,False,normal
2026-03-24 09:00:00,Building_B,102.53,False,normal
2026-03-24 10:00:00,Building_B,100.27,False,normal
2026-03-24 11:00:00,Building_B,118.27,False,normal
2026-03-24 12:00:00,Building_B,102.42,False,normal
2026-03-24 13:00:00,Building_B,99.1,False,normal
2026-03-24 14:00:00,Building_B,108.1,False,normal
2026-03-24 15:00:00,Building_B,91.79,False,normal
2026-03-24 16:00:00,Building_B,101.47,False,normal
2026-03-24 17:00:00,Building_B,110.97,False,normal
2026-03-24 18:00:00,Building_B,100.42,False,normal
2026-03-24 19:00:00,Building_B,35.1,False,normal
2026-03-24 20:00:00,Building_B,41.79,False,normal
2026-03-24 21:00:00,Building_B,51.04,False,normal
2026-03-24 22:00:00,Building_B,45.65,False,normal
2026-03-24 23:00:00,Building_B,39.57,False,normal
2026-03-25 00:00:00,Building_B,40.34,False,normal
2026-03-25 01:00:00,Building_B,40.97,False,normal
2026-03-25 02:00:00,Building_B,45.57,False,normal
2026-03-25 03:00:00,Building_B,50.46,False,normal
2026-03-25 04:00:00,Building_B,49.03,False,normal
2026-03-25 05:00:00,Building_B,46.05,False,normal
2026-03-25 06:00:00,Building_B,37.11,False,normal
2026-03-25 07:00:00,Building_B,37.13,False,normal
2026-03-25 08:00:00,Building_B,103.67,False,normal
2026-03-25 09:00:00,Building_B,94.27,False,normal
2026-03-25 10:00:00,Building_B,99.87,False,normal
2026-03-25 11:00:00,Building_B,102.52,False,normal
2026-03-25 12:00:00,Building_B,95.31,False,normal
2026-03-25 13:00:00,Building_B,95.88,False,normal
2026-03-25 14:00:00,Building_B,100.53,False,normal
2026-03-25 15:00:00,Building_B,103.52,False,normal
2026-03-25 16:00:00,Building_B,106.31,False,normal
2026-03-25 17:00:00,Building_B,104.03,False,normal
2026-03-25 18:00:00,Building_B,101.37,False,normal
2026-03-25 19:00:00,Building_B,40.04,False,normal
2026-03-25 20:00:00,Building_B,38.41,False,normal
2026-03-25 21:00:00,Building_B,41.21,False,normal
2026-03-25 22:00:00,Building_B,45.82,False,normal
2026-03-25 23:00:00,Building_B,45.45,False,normal
2026-03-26 00:00:00,Building_B,33.27,False,normal
2026-03-26 01:00:00,Building_B,39.84,False,normal
2026-03-26 02:00:00,Building_B,49.79,False,normal
2026-03-26 03:00:00,Building_B,44.16,False,normal
2026-03-26 04:00:00,Building_B,36.68,False,normal
2026-03-26 05:00:00,Building_B,55.55,False,normal
2026-03-26 06:00:00,Building_B,43.62,False,normal
2026-03-26 07:00:00,Building_B,45.69,False,normal
2026-03-26 08:00:00,Building_B,103.0,False,normal
2026-03-26 09:00:00,Building_B,99.16,False,normal
2026-03-26 10:00:00,Building_B,97.36,False,normal
2026-03-26 11:00:00,Building_B,111.61,False,normal
2026-03-26 12:00:00,Building_B,106.02,False,normal
2026-03-26 13:00:00,Building_B,105.11,False,normal
2026-03-26 14:00:00,Building_B,103.88,False,normal
2026-03-26 15:00:00,Building_B,95.98,False,normal
2026-03-26 16:00:00,Building_B,107.39,False,normal
2026-03-26 17:00:00,Building_B,96.78,False,normal
2026-03-26 18:00:00,Building_B,102.42,False,normal
2026-03-26 19:00:00,Building_B,35.57,False,normal
2026-03-26 20:00:00,Building_B,33.56,False,normal
2026-03-26 21:00:00,Building_B,45.36,False,normal
2026-03-26 22:00:00,Building_B,39.72,False,normal
2026-03-26 23:00:00,Building_B,33.82,False,normal
2026-03-27 00:00:00,Building_B,46.47,False,normal
2026-03-27 01:00:00,Building_B,54.37,False,normal
2026-03-27 02:00:00,Building_B,50.71,False,normal
2026-03-27 03:00:00,Building_B,42.48,False,normal
2026-03-27 04:00:00,Building_B,43.81,False,normal
2026-03-27 05:00:00,Building_B,48.2,False,normal
2026-03-27 06:00:00,Building_B,49.38,False,normal
2026-03-27 07:00:00,Building_B,42.05,False,normal
2026-03-27 08:00:00,Building_B,101.17,False,normal
2026-03-27 09:00:00,Building_B,102.5,False,normal
2026-03-27 10:00:00,Building_B,103.77,False,normal
2026-03-27 11:00:00,Building_B,100.33,False,normal
2026-03-27 12:00:00,Building_B,100.4,False,normal
2026-03-27 13:00:00,Building_B,107.9,False,normal
2026-03-27 14:00:00,Building_B,107.05,False,normal
2026-03-27 15:00:00,Building_B,103.39,False,normal
2026-03-27 16:00:00,Building_B,109.59,False,normal
2026-03-27 17:00:00,Building_B,99.07,False,normal
2026-03-27 18:00:00,Building_B,109.11,False,normal
2026-03-27 19:00:00,Building_B,46.48,False,normal
2026-03-27 20:00:00,Building_B,60.12,False,normal
2026-03-27 21:00:00,Building_B,37.8,False,normal
2026-03-27 22:00:00,Building_B,40.32,False,normal
2026-03-27 23:00:00,Building_B,45.86,False,normal
2026-03-28 00:00:00,Building_B,45.75,False,normal
2026-03-28 01:00:00,Building_B,53.52,False,normal
2026-03-28 02:00:00,Building_B,40.42,False,normal
2026-03-28 03:00:00,Building_B,48.29,False,normal
2026-03-28 04:00:00,Building_B,49.58,False,normal
2026-03-28 05:00:00,Building_B,47.29,False,normal
2026-03-28 06:00:00,Building_B,38.96,False,normal
2026-03-28 07:00:00,Building_B,50.81,False,normal
2026-03-28 08:00:00,Building_B,49.91,False,normal
2026-03-28 09:00:00,Building_B,46.76,False,normal
2026-03-28 10:00:00,Building_B,44.79,False,normal
2026-03-28 11:00:00,Building_B,44.9,False,normal
2026-03-28 12:00:00,Building_B,43.37,False,normal
2026-03-28 13:00:00,Building_B,46.97,False,normal
2026-03-28 14:00:00,Building_B,43.92,False,normal
2026-03-28 15:00:00,Building_B,39.52,False,normal
2026-03-28 16:00:00,Building_B,38.52,False,normal
2026-03-28 17:00:00,Building_B,40.01,False,normal
2026-03-28 18:00:00,Building_B,44.88,False,normal
2026-03-28 19:00:00,Building_B,43.63,False,normal
2026-03-28 20:00:00,Building_B,44.84,False,normal
2026-03-28 21:00:00,Building_B,46.27,False,normal
2026-03-28 22:00:00,Building_B,40.63,False,normal
2026-03-28 23:00:00,Building_B,51.09,False,normal
2026-03-29 00:00:00,Building_B,42.43,False,normal
2026-03-29 01:00:00,Building_B,41.6,False,normal
2026-03-29 02:00:00,Building_B,46.18,False,normal
2026-03-29 03:00:00,Building_B,34.58,False,normal
2026-03-29 04:00:00,Building_B,39.81,False,normal
2026-03-29 05:00:00,Building_B,48.67,False,normal
2026-03-29 06:00:00,Building_B,35.08,False,normal
2026-03-29 07:00:00,Building_B,49.35,False,normal
2026-03-29 08:00:00,Building_B,51.32,False,normal
2026-03-29 09:00:00,Building_B,41.92,False,normal
2026-03-29 10:00:00,Building_B,45.23,False,normal
2026-03-29 11:00:00,Building_B,49.36,False,normal
2026-03-29 12:00:00,Building_B,41.43,False,normal
2026-03-29 13:00:00,Building_B,48.11,False,normal
2026-03-29 14:00:00,Building_B,40.41,False,normal
2026-03-29 15:00:00,Building_B,41.38,False,normal
2026-03-29 16:00:00,Building_B,39.77,False,normal
2026-03-29 17:00:00,Building_B,45.48,False,normal
2026-03-29 18:00:00,Building_B,49.56,False,normal
2026-03-29 19:00:00,Building_B,42.85,False,normal
2026-03-29 20:00:00,Building_B,37.41,False,normal
2026-03-29 21:00:00,Building_B,38.35,False,normal
2026-03-29 22:00:00,Building_B,45.74,False,normal
2026-03-29 23:00:00,Building_B,52.99,False,normal
2026-03-30 00:00:00,Building_B,45.73,False,normal
2026-03-30 01:00:00,Building_B,41.83,False,normal
2026-03-30 02:00:00,Building_B,47.6,False,normal
2026-03-30 03:00:00,Building_B,42.57,False,normal
2026-03-30 04:00:00,Building_B,41.87,False,normal
2026-03-30 05:00:00,Building_B,38.97,False,normal
2026-03-30 06:00:00,Building_B,50.81,False,normal
2026-03-30 07:00:00,Building_B,31.07,False,normal
2026-03-30 08:00:00,Building_B,104.99,False,normal
2026-03-30 09:00:00,Building_B,98.68,False,normal
2026-03-30 10:00:00,Building_B,98.95,False,normal
2026-03-30 11:00:00,Building_B,109.46,False,normal
2026-03-30 12:00:00,Building_B,97.43,False,normal
2026-03-30 13:00:00,Building_B,97.6,False,normal
2026-03-30 14:00:00,Building_B,100.35,False,normal
2026-03-30 15:00:00,Building_B,103.07,False,normal
2026-03-30 16:00:00,Building_B,98.79,False,normal
2026-03-30 17:00:00,Building_B,93.13,False,normal
2026-03-30 18:00:00,Building_B,96.67,False,normal
2026-03-30 19:00:00,Building_B,50.17,False,normal
2026-03-30 20:00:00,Building_B,44.14,False,normal
2026-03-30 21:00:00,Building_B,46.02,False,normal
2026-03-30 22:00:00,Building_B,42.46,False,normal
2026-03-30 23:00:00,Building_B,40.47,False,normal
2026-03-31 00:00:00,Building_B,52.15,False,normal
2026-03-31 01:00:00,Building_B,42.83,False,normal
2026-03-31 02:00:00,Building_B,41.55,False,normal
2026-03-31 03:00:00,Building_B,49.25,False,normal
2026-03-31 04:00:00,Building_B,40.15,False,normal
2026-03-31 05:00:00,Building_B,40.79,False,normal
2026-03-31 06:00:00,Building_B,43.82,False,normal
2026-03-31 07:00:00,Building_B,43.77,False,normal
2026-03-31 08:00:00,Building_B,102.3,False,normal
2026-03-31 09:00:00,Building_B,111.46,False,normal
2026-03-31 10:00:00,Building_B,102.68,False,normal
2026-03-31 11:00:00,Building_B,89.11,False,normal
2026-03-31 12:00:00,Building_B,102.63,False,normal
2026-03-31 13:00:00,Building_B,101.19,False,normal
2026-03-31 14:00:00,Building_B,101.22,False,normal
2026-03-31 15:00:00,Building_B,102.23,False,normal
2026-03-31 16:00:00,Building_B,100.86,False,normal
2026-03-31 17:00:00,Building_B,100.74,False,normal
2026-03-31 18:00:00,Building_B,104.06,False,normal
2026-03-31 19:00:00,Building_B,41.06,False,normal
2026-03-31 20:00:00,Building_B,39.03,False,normal
2026-03-31 21:00:00,Building_B,58.89,False,normal
2026-03-31 22:00:00,Building_B,40.19,False,normal
2026-03-31 23:00:00,Building_B,44.27,False,normal
2026-01-01 00:00:00,Building_C,46.07,False,normal
2026-01-01 01:00:00,Building_C,40.82,False,normal
2026-01-01 02:00:00,Building_C,43.27,False,normal
2026-01-01 03:00:00,Building_C,50.71,False,normal
2026-01-01 04:00:00,Building_C,47.84,False,normal
2026-01-01 05:00:00,Building_C,48.33,False,normal
2026-01-01 06:00:00,Building_C,36.63,False,normal
2026-01-01 07:00:00,Building_C,54.67,False,normal
2026-01-01 08:00:00,Building_C,99.0,False,normal
2026-01-01 09:00:00,Building_C,112.61,False,normal
2026-01-01 10:00:00,Building_C,110.07,False,normal
2026-01-01 11:00:00,Building_C,107.85,False,normal
2026-01-01 12:00:00,Building_C,100.69,False,normal
2026-01-01 13:00:00,Building_C,105.72,False,normal
2026-01-01 14:00:00,Building_C,102.61,False,normal
2026-01-01 15:00:00,Building_C,105.11,False,normal
2026-01-01 16:00:00,Building_C,103.71,False,normal
2026-01-01 17:00:00,Building_C,94.77,False,normal
2026-01-01 18:00:00,Building_C,110.57,False,normal
2026-01-01 19:00:00,Building_C,45.08,False,normal
2026-01-01 20:00:00,Building_C,43.06,False,normal
2026-01-01 21:00:00,Building_C,42.68,False,normal
2026-01-01 22:00:00,Building_C,47.28,False,normal
2026-01-01 23:00:00,Building_C,41.02,False,normal
2026-01-02 00:00:00,Building_C,34.21,False,normal
2026-01-02 01:00:00,Building_C,47.52,False,normal
2026-01-02 02:00:00,Building_C,48.08,False,normal
2026-01-02 03:00:00,Building_C,44.49,False,normal
2026-01-02 04:00:00,Building_C,39.74,False,normal
2026-01-02 05:00:00,Building_C,45.93,False,normal
2026-01-02 06:00:00,Building_C,38.16,False,normal
2026-01-02 07:00:00,Building_C,40.35,False,normal
2026-01-02 08:00:00,Building_C,101.21,False,normal
2026-01-02 09:00:00,Building_C,109.18,False,normal
2026-01-02 10:00:00,Building_C,103.15,False,normal
2026-01-02 11:00:00,Building_C,102.72,False,normal
2026-01-02 12:00:00,Building_C,114.74,False,normal
2026-01-02 13:00:00,Building_C,106.73,False,normal
2026-01-02 14:00:00,Building_C,106.66,False,normal
2026-01-02 15:00:00,Building_C,103.12,False,normal
2026-01-02 16:00:00,Building_C,101.98,False,normal
2026-01-02 17:00:00,Building_C,94.03,False,normal
2026-01-02 18:00:00,Building_C,109.81,False,normal
2026-01-02 19:00:00,Building_C,47.73,False,normal
2026-01-02 20:00:00,Building_C,44.59,False,normal
2026-01-02 21:00:00,Building_C,44.8,False,normal
2026-01-02 22:00:00,Building_C,49.17,False,normal
2026-01-02 23:00:00,Building_C,37.71,False,normal
2026-01-03 00:00:00,Building_C,42.53,False,normal
2026-01-03 01:00:00,Building_C,39.8,False,normal
2026-01-03 02:00:00,Building_C,54.34,False,normal
2026-01-03 03:00:00,Building_C,49.86,False,normal
2026-01-03 04:00:00,Building_C,34.47,False,normal
2026-01-03 05:00:00,Building_C,37.92,False,normal
2026-01-03 06:00:00,Building_C,44.82,False,normal
2026-01-03 07:00:00,Building_C,43.12,False,normal
2026-01-03 08:00:00,Building_C,38.86,False,normal
2026-01-03 09:00:00,Building_C,55.21,False,normal
2026-01-03 10:00:00,Building_C,47.05,False,normal
2026-01-03 11:00:00,Building_C,47.86,False,normal
2026-01-03 12:00:00,Building_C,42.02,False,normal
2026-01-03 13:00:00,Building_C,49.1,False,normal
2026-01-03 14:00:00,Building_C,43.58,False,normal
2026-01-03 15:00:00,Building_C,44.07,False,normal
2026-01-03 16:00:00,Building_C,48.54,False,normal
2026-01-03 17:00:00,Building_C,37.34,False,normal
2026-01-03 18:00:00,Building_C,53.47,False,normal
2026-01-03 19:00:00,Building_C,46.4,False,normal
2026-01-03 20:00:00,Building_C,51.89,False,normal
2026-01-03 21:00:00,Building_C,40.11,False,normal
2026-01-03 22:00:00,Building_C,40.87,False,normal
2026-01-03 23:00:00,Building_C,39.67,False,normal
2026-01-04 00:00:00,Building_C,46.74,False,normal
2026-01-04 01:00:00,Building_C,45.81,False,normal
2026-01-04 02:00:00,Building_C,43.16,False,normal
2026-01-04 03:00:00,Building_C,40.41,False,normal
2026-01-04 04:00:00,Building_C,39.15,False,normal
2026-01-04 05:00:00,Building_C,45.24,False,normal
2026-01-04 06:00:00,Building_C,43.16,False,normal
2026-01-04 07:00:00,Building_C,42.06,False,normal
2026-01-04 08:00:00,Building_C,53.22,False,normal
2026-01-04 09:00:00,Building_C,45.07,False,normal
2026-01-04 10:00:00,Building_C,51.83,False,normal
2026-01-04 11:00:00,Building_C,42.82,False,normal
2026-01-04 12:00:00,Building_C,46.71,False,normal
2026-01-04 13:00:00,Building_C,45.21,False,normal
2026-01-04 14:00:00,Building_C,37.0,False,normal
2026-01-04 15:00:00,Building_C,52.63,False,normal
2026-01-04 16:00:00,Building_C,44.81,False,normal
2026-01-04 17:00:00,Building_C,49.22,False,normal
2026-01-04 18:00:00,Building_C,41.72,False,normal
2026-01-04 19:00:00,Building_C,44.66,False,normal
2026-01-04 20:00:00,Building_C,41.15,False,normal
2026-01-04 21:00:00,Building_C,51.66,False,normal
2026-01-04 22:00:00,Building_C,47.04,False,normal
2026-01-04 23:00:00,Building_C,47.32,False,normal
2026-01-05 00:00:00,Building_C,52.28,False,normal
2026-01-05 01:00:00,Building_C,51.27,False,normal
2026-01-05 02:00:00,Building_C,49.31,False,normal
2026-01-05 03:00:00,Building_C,38.38,False,normal
2026-01-05 04:00:00,Building_C,42.01,False,normal
2026-01-05 05:00:00,Building_C,40.46,False,normal
2026-01-05 06:00:00,Building_C,49.12,False,normal
2026-01-05 07:00:00,Building_C,46.34,False,normal
2026-01-05 08:00:00,Building_C,98.01,False,normal
2026-01-05 09:00:00,Building_C,104.02,False,normal
2026-01-05 10:00:00,Building_C,97.49,False,normal
2026-01-05 11:00:00,Building_C,104.7,False,normal
2026-01-05 12:00:00,Building_C,96.69,False,normal
2026-01-05 13:00:00,Building_C,107.61,False,normal
2026-01-05 14:00:00,Building_C,106.85,False,normal
2026-01-05 15:00:00,Building_C,114.5,False,normal
2026-01-05 16:00:00,Building_C,109.2,False,normal
2026-01-05 17:00:00,Building_C,102.85,False,normal
2026-01-05 18:00:00,Building_C,109.05,False,normal
2026-01-05 19:00:00,Building_C,38.5,False,normal
2026-01-05 20:00:00,Building_C,40.67,False,normal
2026-01-05 21:00:00,Building_C,47.15,False,normal
2026-01-05 22:00:00,Building_C,34.69,False,normal
2026-01-05 23:00:00,Building_C,45.3,False,normal
2026-01-06 00:00:00,Building_C,40.38,False,normal
2026-01-06 01:00:00,Building_C,45.99,False,normal
2026-01-06 02:00:00,Building_C,40.1,False,normal
2026-01-06 03:00:00,Building_C,47.61,False,normal
2026-01-06 04:00:00,Building_C,45.58,False,normal
2026-01-06 05:00:00,Building_C,52.49,False,normal
2026-01-06 06:00:00,Building_C,45.52,False,normal
2026-01-06 07:00:00,Building_C,41.64,False,normal
2026-01-06 08:00:00,Building_C,103.73,False,normal
2026-01-06 09:00:00,Building_C,98.24,False,normal
2026-01-06 10:00:00,Building_C,106.99,False,normal
2026-01-06 11:00:00,Building_C,107.91,False,normal
2026-01-06 12:00:00,Building_C,117.31,False,normal
2026-01-06 13:00:00,Building_C,101.85,False,normal
2026-01-06 14:00:00,Building_C,103.62,False,normal
2026-01-06 15:00:00,Building_C,102.09,False,normal
2026-01-06 16:00:00,Building_C,106.02,False,normal
2026-01-06 17:00:00,Building_C,106.87,False,normal
2026-01-06 18:00:00,Building_C,104.7,False,normal
2026-01-06 19:00:00,Building_C,50.92,False,normal
2026-01-06 20:00:00,Building_C,42.4,False,normal
2026-01-06 21:00:00,Building_C,50.42,False,normal
2026-01-06 22:00:00,Building_C,48.18,False,normal
2026-01-06 23:00:00,Building_C,45.42,False,normal
2026-01-07 00:00:00,Building_C,43.91,False,normal
2026-01-07 01:00:00,Building_C,57.62,False,normal
2026-01-07 02:00:00,Building_C,41.4,False,normal
2026-01-07 03:00:00,Building_C,46.97,False,normal
2026-01-07 04:00:00,Building_C,41.73,False,normal
2026-01-07 05:00:00,Building_C,54.41,False,normal
2026-01-07 06:00:00,Building_C,49.92,False,normal
2026-01-07 07:00:00,Building_C,42.09,False,normal
2026-01-07 08:00:00,Building_C,107.53,False,normal
2026-01-07 09:00:00,Building_C,106.25,False,normal
2026-01-07 10:00:00,Building_C,102.38,False,normal
2026-01-07 11:00:00,Building_C,108.75,False,normal
2026-01-07 12:00:00,Building_C,106.91,False,normal
2026-01-07 13:00:00,Building_C,106.04,False,normal
2026-01-07 14:00:00,Building_C,104.75,False,normal
2026-01-07 15:00:00,Building_C,107.12,False,normal
2026-01-07 16:00:00,Building_C,106.11,False,normal
2026-01-07 17:00:00,Building_C,105.26,False,normal
2026-01-07 18:00:00,Building_C,101.76,False,normal
2026-01-07 19:00:00,Building_C,53.95,False,normal
2026-01-07 20:00:00,Building_C,40.23,False,normal
2026-01-07 21:00:00,Building_C,47.62,False,normal
2026-01-07 22:00:00,Building_C,43.88,False,normal
2026-01-07 23:00:00,Building_C,54.28,False,normal
2026-01-08 00:00:00,Building_C,40.97,False,normal
2026-01-08 01:00:00,Building_C,41.81,False,normal
2026-01-08 02:00:00,Building_C,40.64,False,normal
2026-01-08 03:00:00,Building_C,47.1,False,normal
2026-01-08 04:00:00,Building_C,38.62,False,normal
2026-01-08 05:00:00,Building_C,43.09,False,normal
2026-01-08 06:00:00,Building_C,34.72,False,normal
2026-01-08 07:00:00,Building_C,46.69,False,normal
2026-01-08 08:00:00,Building_C,102.46,False,normal
2026-01-08 09:00:00,Building_C,97.52,False,normal
2026-01-08 10:00:00,Building_C,110.39,False,normal
2026-01-08 11:00:00,Building_C,98.43,False,normal
2026-01-08 12:00:00,Building_C,108.95,False,normal
2026-01-08 13:00:00,Building_C,101.46,False,normal
2026-01-08 14:00:00,Building_C,112.97,False,normal
2026-01-08 15:00:00,Building_C,108.71,False,normal
2026-01-08 16:00:00,Building_C,99.92,False,normal
2026-01-08 17:00:00,Building_C,100.38,False,normal
2026-01-08 18:00:00,Building_C,107.99,False,normal
2026-01-08 19:00:00,Building_C,44.17,False,normal
2026-01-08 20:00:00,Building_C,44.64,False,normal
2026-01-08 21:00:00,Building_C,51.85,False,normal
2026-01-08 22:00:00,Building_C,41.74,False,normal
2026-01-08 23:00:00,Building_C,45.94,False,normal
2026-01-09 00:00:00,Building_C,50.26,False,normal
2026-01-09 01:00:00,Building_C,49.53,False,normal
2026-01-09 02:00:00,Building_C,44.69,False,normal
2026-01-09 03:00:00,Building_C,44.04,False,normal
2026-01-09 04:00:00,Building_C,36.79,False,normal
2026-01-09 05:00:00,Building_C,40.2,False,normal
2026-01-09 06:00:00,Building_C,47.08,False,normal
2026-01-09 07:00:00,Building_C,44.79,False,normal
2026-01-09 08:00:00,Building_C,105.34,False,normal
2026-01-09 09:00:00,Building_C,110.16,False,normal
2026-01-09 10:00:00,Building_C,99.03,False,normal
2026-01-09 11:00:00,Building_C,103.78,False,normal
2026-01-09 12:00:00,Building_C,105.91,False,normal
2026-01-09 13:00:00,Building_C,101.44,False,normal
2026-01-09 14:00:00,Building_C,112.12,False,normal
2026-01-09 15:00:00,Building_C,109.51,False,normal
2026-01-09 16:00:00,Building_C,106.41,False,normal
2026-01-09 17:00:00,Building_C,113.93,False,normal
2026-01-09 18:00:00,Building_C,97.47,False,normal
2026-01-09 19:00:00,Building_C,45.45,False,normal
2026-01-09 20:00:00,Building_C,47.32,False,normal
2026-01-09 21:00:00,Building_C,40.91,False,normal
2026-01-09 22:00:00,Building_C,46.99,False,normal
2026-01-09 23:00:00,Building_C,39.95,False,normal
2026-01-10 00:00:00,Building_C,48.94,False,normal
2026-01-10 01:00:00,Building_C,50.77,False,normal
2026-01-10 02:00:00,Building_C,46.85,False,normal
2026-01-10 03:00:00,Building_C,36.22,False,normal
2026-01-10 04:00:00,Building_C,40.65,False,normal
2026-01-10 05:00:00,Building_C,48.31,False,normal
2026-01-10 06:00:00,Building_C,45.59,False,normal
2026-01-10 07:00:00,Building_C,32.01,False,normal
2026-01-10 08:00:00,Building_C,51.7,False,normal
2026-01-10 09:00:00,Building_C,46.17,False,normal
2026-01-10 10:00:00,Building_C,41.39,False,normal
2026-01-10 11:00:00,Building_C,50.46,False,normal
2026-01-10 12:00:00,Building_C,42.1,False,normal
2026-01-10 13:00:00,Building_C,42.04,False,normal
2026-01-10 14:00:00,Building_C,47.28,False,normal
2026-01-10 15:00:00,Building_C,54.39,False,normal
2026-01-10 16:00:00,Building_C,53.6,False,normal
2026-01-10 17:00:00,Building_C,47.28,False,normal
2026-01-10 18:00:00,Building_C,47.8,False,normal
2026-01-10 19:00:00,Building_C,49.44,False,normal
2026-01-10 20:00:00,Building_C,39.2,False,normal
2026-01-10 21:00:00,Building_C,48.71,False,normal
2026-01-10 22:00:00,Building_C,41.81,False,normal
2026-01-10 23:00:00,Building_C,47.08,False,normal
2026-01-11 00:00:00,Building_C,44.35,False,normal
2026-01-11 01:00:00,Building_C,47.99,False,normal
2026-01-11 02:00:00,Building_C,46.07,False,normal
2026-01-11 03:00:00,Building_C,30.12,False,normal
2026-01-11 04:00:00,Building_C,46.38,False,normal
2026-01-11 05:00:00,Building_C,48.7,False,normal
2026-01-11 06:00:00,Building_C,47.71,False,normal
2026-01-11 07:00:00,Building_C,44.97,False,normal
2026-01-11 08:00:00,Building_C,53.7,False,normal
2026-01-11 09:00:00,Building_C,47.04,False,normal
2026-01-11 10:00:00,Building_C,47.67,False,normal
2026-01-11 11:00:00,Building_C,50.71,False,normal
2026-01-11 12:00:00,Building_C,47.3,False,normal
2026-01-11 13:00:00,Building_C,40.99,False,normal
2026-01-11 14:00:00,Building_C,33.29,False,normal
2026-01-11 15:00:00,Building_C,43.1,False,normal
2026-01-11 16:00:00,Building_C,49.29,False,normal
2026-01-11 17:00:00,Building_C,43.72,False,normal
2026-01-11 18:00:00,Building_C,49.49,False,normal
2026-01-11 19:00:00,Building_C,46.23,False,normal
2026-01-11 20:00:00,Building_C,51.92,False,normal
2026-01-11 21:00:00,Building_C,44.01,False,normal
2026-01-11 22:00:00,Building_C,47.82,False,normal
2026-01-11 23:00:00,Building_C,48.01,False,normal
2026-01-12 00:00:00,Building_C,52.99,False,normal
2026-01-12 01:00:00,Building_C,36.95,False,normal
2026-01-12 02:00:00,Building_C,43.19,False,normal
2026-01-12 03:00:00,Building_C,49.73,False,normal
2026-01-12 04:00:00,Building_C,53.21,False,normal
2026-01-12 05:00:00,Building_C,46.68,False,normal
2026-01-12 06:00:00,Building_C,44.02,False,normal
2026-01-12 07:00:00,Building_C,49.27,False,normal
2026-01-12 08:00:00,Building_C,109.31,False,normal
2026-01-12 09:00:00,Building_C,103.17,False,normal
2026-01-12 10:00:00,Building_C,106.62,False,normal
2026-01-12 11:00:00,Building_C,110.87,False,normal
2026-01-12 12:00:00,Building_C,114.42,False,normal
2026-01-12 13:00:00,Building_C,108.68,False,normal
2026-01-12 14:00:00,Building_C,105.18,False,normal
2026-01-12 15:00:00,Building_C,104.69,False,normal
2026-01-12 16:00:00,Building_C,107.75,False,normal
2026-01-12 17:00:00,Building_C,104.39,False,normal
2026-01-12 18:00:00,Building_C,105.91,False,normal
2026-01-12 19:00:00,Building_C,40.19,False,normal
2026-01-12 20:00:00,Building_C,51.97,False,normal
2026-01-12 21:00:00,Building_C,39.78,False,normal
2026-01-12 22:00:00,Building_C,43.32,False,normal
2026-01-12 23:00:00,Building_C,45.97,False,normal
2026-01-13 00:00:00,Building_C,55.44,False,normal
2026-01-13 01:00:00,Building_C,43.37,False,normal
2026-01-13 02:00:00,Building_C,42.15,False,normal
2026-01-13 03:00:00,Building_C,42.73,False,normal
2026-01-13 04:00:00,Building_C,53.78,False,normal
2026-01-13 05:00:00,Building_C,31.42,False,normal
2026-01-13 06:00:00,Building_C,40.47,False,normal
2026-01-13 07:00:00,Building_C,59.14,False,normal
2026-01-13 08:00:00,Building_C,107.92,False,normal
2026-01-13 09:00:00,Building_C,99.43,False,normal
2026-01-13 10:00:00,Building_C,104.75,False,normal
2026-01-13 11:00:00,Building_C,105.3,False,normal
2026-01-13 12:00:00,Building_C,109.19,False,normal
2026-01-13 13:00:00,Building_C,114.16,False,normal
2026-01-13 14:00:00,Building_C,106.91,False,normal
2026-01-13 15:00:00,Building_C,102.26,False,normal
2026-01-13 16:00:00,Building_C,108.9,False,normal
2026-01-13 17:00:00,Building_C,101.47,False,normal
2026-01-13 18:00:00,Building_C,99.8,False,normal
2026-01-13 19:00:00,Building_C,36.68,False,normal
2026-01-13 20:00:00,Building_C,37.66,False,normal
2026-01-13 21:00:00,Building_C,41.0,False,normal
2026-01-13 22:00:00,Building_C,39.6,False,normal
2026-01-13 23:00:00,Building_C,47.05,False,normal
2026-01-14 00:00:00,Building_C,39.49,False,normal
2026-01-14 01:00:00,Building_C,29.77,False,normal
2026-01-14 02:00:00,Building_C,40.26,False,normal
2026-01-14 03:00:00,Building_C,43.13,False,normal
2026-01-14 04:00:00,Building_C,42.46,False,normal
2026-01-14 05:00:00,Building_C,53.08,False,normal
2026-01-14 06:00:00,Building_C,42.42,False,normal
2026-01-14 07:00:00,Building_C,49.89,False,normal
2026-01-14 08:00:00,Building_C,104.87,False,normal
2026-01-14 09:00:00,Building_C,104.75,False,normal
2026-01-14 10:00:00,Building_C,100.79,False,normal
2026-01-14 11:00:00,Building_C,104.67,False,normal
2026-01-14 12:00:00,Building_C,101.14,False,normal
2026-01-14 13:00:00,Building_C,105.81,False,normal
2026-01-14 14:00:00,Building_C,103.78,False,normal
2026-01-14 15:00:00,Building_C,100.24,False,normal
2026-01-14 16:00:00,Building_C,109.92,False,normal
2026-01-14 17:00:00,Building_C,107.1,False,normal
2026-01-14 18:00:00,Building_C,102.72,False,normal
2026-01-14 19:00:00,Building_C,46.21,False,normal
2026-01-14 20:00:00,Building_C,45.07,False,normal
2026-01-14 21:00:00,Building_C,41.15,False,normal
2026-01-14 22:00:00,Building_C,45.84,False,normal
2026-01-14 23:00:00,Building_C,42.38,False,normal
2026-01-15 00:00:00,Building_C,40.76,False,normal
2026-01-15 01:00:00,Building_C,37.37,False,normal
2026-01-15 02:00:00,Building_C,43.69,False,normal
2026-01-15 03:00:00,Building_C,48.32,False,normal
2026-01-15 04:00:00,Building_C,42.01,False,normal
2026-01-15 05:00:00,Building_C,58.09,False,normal
2026-01-15 06:00:00,Building_C,49.91,False,normal
2026-01-15 07:00:00,Building_C,52.01,False,normal
2026-01-15 08:00:00,Building_C,108.94,False,normal
2026-01-15 09:00:00,Building_C,114.23,False,normal
2026-01-15 10:00:00,Building_C,101.03,False,normal
2026-01-15 11:00:00,Building_C,92.16,False,normal
2026-01-15 12:00:00,Building_C,102.73,False,normal
2026-01-15 13:00:00,Building_C,107.75,False,normal
2026-01-15 14:00:00,Building_C,105.72,False,normal
2026-01-15 15:00:00,Building_C,106.34,False,normal
2026-01-15 16:00:00,Building_C,111.57,False,normal
2026-01-15 17:00:00,Building_C,106.87,False,normal
2026-01-15 18:00:00,Building_C,108.96,False,normal
2026-01-15 19:00:00,Building_C,40.79,False,normal
2026-01-15 20:00:00,Building_C,40.01,False,normal
2026-01-15 21:00:00,Building_C,53.55,False,normal
2026-01-15 22:00:00,Building_C,45.99,False,normal
2026-01-15 23:00:00,Building_C,42.37,False,normal
2026-01-16 00:00:00,Building_C,42.38,False,normal
2026-01-16 01:00:00,Building_C,42.24,False,normal
2026-01-16 02:00:00,Building_C,41.94,False,normal
2026-01-16 03:00:00,Building_C,39.07,False,normal
2026-01-16 04:00:00,Building_C,37.98,False,normal
2026-01-16 05:00:00,Building_C,44.51,False,normal
2026-01-16 06:00:00,Building_C,42.52,False,normal
2026-01-16 07:00:00,Building_C,51.02,False,normal
2026-01-16 08:00:00,Building_C,106.43,False,normal
2026-01-16 09:00:00,Building_C,106.29,False,normal
2026-01-16 10:00:00,Building_C,101.25,False,normal
2026-01-16 11:00:00,Building_C,104.36,False,normal
2026-01-16 12:00:00,Building_C,106.77,False,normal
2026-01-16 13:00:00,Building_C,108.54,False,normal
2026-01-16 14:00:00,Building_C,104.49,False,normal
2026-01-16 15:00:00,Building_C,110.36,False,normal
2026-01-16 16:00:00,Building_C,105.0,False,normal
2026-01-16 17:00:00,Building_C,108.93,False,normal
2026-01-16 18:00:00,Building_C,102.51,False,normal
2026-01-16 19:00:00,Building_C,36.42,False,normal
2026-01-16 20:00:00,Building_C,46.83,False,normal
2026-01-16 21:00:00,Building_C,49.11,False,normal
2026-01-16 22:00:00,Building_C,48.36,False,normal
2026-01-16 23:00:00,Building_C,47.6,False,normal
2026-01-17 00:00:00,Building_C,43.74,False,normal
2026-01-17 01:00:00,Building_C,41.45,False,normal
2026-01-17 02:00:00,Building_C,48.24,False,normal
2026-01-17 03:00:00,Building_C,47.62,False,normal
2026-01-17 04:00:00,Building_C,42.68,False,normal
2026-01-17 05:00:00,Building_C,51.03,False,normal
2026-01-17 06:00:00,Building_C,41.07,False,normal
2026-01-17 07:00:00,Building_C,42.57,False,normal
2026-01-17 08:00:00,Building_C,53.67,False,normal
2026-01-17 09:00:00,Building_C,49.83,False,normal
2026-01-17 10:00:00,Building_C,43.69,False,normal
2026-01-17 11:00:00,Building_C,46.92,False,normal
2026-01-17 12:00:00,Building_C,46.26,False,normal
2026-01-17 13:00:00,Building_C,31.76,False,normal
2026-01-17 14:00:00,Building_C,40.95,False,normal
2026-01-17 15:00:00,Building_C,45.23,False,normal
2026-01-17 16:00:00,Building_C,43.7,False,normal
2026-01-17 17:00:00,Building_C,46.72,False,normal
2026-01-17 18:00:00,Building_C,51.13,False,normal
2026-01-17 19:00:00,Building_C,43.88,False,normal
2026-01-17 20:00:00,Building_C,40.2,False,normal
2026-01-17 21:00:00,Building_C,47.11,False,normal
2026-01-17 22:00:00,Building_C,43.85,False,normal
2026-01-17 23:00:00,Building_C,44.7,False,normal
2026-01-18 00:00:00,Building_C,44.03,False,normal
2026-01-18 01:00:00,Building_C,56.69,False,normal
2026-01-18 02:00:00,Building_C,34.28,False,normal
2026-01-18 03:00:00,Building_C,43.54,False,normal
2026-01-18 04:00:00,Building_C,45.47,False,normal
2026-01-18 05:00:00,Building_C,41.58,False,normal
2026-01-18 06:00:00,Building_C,49.98,False,normal
2026-01-18 07:00:00,Building_C,49.55,False,normal
2026-01-18 08:00:00,Building_C,45.25,False,normal
2026-01-18 09:00:00,Building_C,44.13,False,normal
2026-01-18 10:00:00,Building_C,44.92,False,normal
2026-01-18 11:00:00,Building_C,44.96,False,normal
2026-01-18 12:00:00,Building_C,45.09,False,normal
2026-01-18 13:00:00,Building_C,44.54,False,normal
2026-01-18 14:00:00,Building_C,46.75,False,normal
2026-01-18 15:00:00,Building_C,49.25,False,normal
2026-01-18 16:00:00,Building_C,39.33,False,normal
2026-01-18 17:00:00,Building_C,40.23,False,normal
2026-01-18 18:00:00,Building_C,36.74,False,normal
2026-01-18 19:00:00,Building_C,49.82,False,normal
2026-01-18 20:00:00,Building_C,46.74,False,normal
2026-01-18 21:00:00,Building_C,48.01,False,normal
2026-01-18 22:00:00,Building_C,38.34,False,normal
2026-01-18 23:00:00,Building_C,54.41,False,normal
2026-01-19 00:00:00,Building_C,42.44,False,normal
2026-01-19 01:00:00,Building_C,46.33,False,normal
2026-01-19 02:00:00,Building_C,49.76,False,normal
2026-01-19 03:00:00,Building_C,40.55,False,normal
2026-01-19 04:00:00,Building_C,42.75,False,normal
2026-01-19 05:00:00,Building_C,46.38,False,normal
2026-01-19 06:00:00,Building_C,59.77,False,normal
2026-01-19 07:00:00,Building_C,46.99,False,normal
2026-01-19 08:00:00,Building_C,113.0,False,normal
2026-01-19 09:00:00,Building_C,110.99,False,normal
2026-01-19 10:00:00,Building_C,106.8,False,normal
2026-01-19 11:00:00,Building_C,100.02,False,normal
2026-01-19 12:00:00,Building_C,110.26,False,normal
2026-01-19 13:00:00,Building_C,97.47,False,normal
2026-01-19 14:00:00,Building_C,112.97,False,normal
2026-01-19 15:00:00,Building_C,105.96,False,normal
2026-01-19 16:00:00,Building_C,91.71,False,normal
2026-01-19 17:00:00,Building_C,103.26,False,normal
2026-01-19 18:00:00,Building_C,108.23,False,normal
2026-01-19 19:00:00,Building_C,44.3,False,normal
2026-01-19 20:00:00,Building_C,49.06,False,normal
2026-01-19 21:00:00,Building_C,41.23,False,normal
2026-01-19 22:00:00,Building_C,38.95,False,normal
2026-01-19 23:00:00,Building_C,45.13,False,normal
2026-01-20 00:00:00,Building_C,45.64,False,normal
2026-01-20 01:00:00,Building_C,43.74,False,normal
2026-01-20 02:00:00,Building_C,51.62,False,normal
2026-01-20 03:00:00,Building_C,41.23,False,normal
2026-01-20 04:00:00,Building_C,47.05,False,normal
2026-01-20 05:00:00,Building_C,45.82,False,normal
2026-01-20 06:00:00,Building_C,37.7,False,normal
2026-01-20 07:00:00,Building_C,38.89,False,normal
2026-01-20 08:00:00,Building_C,105.02,False,normal
2026-01-20 09:00:00,Building_C,114.87,False,normal
2026-01-20 10:00:00,Building_C,107.86,False,normal
2026-01-20 11:00:00,Building_C,96.34,False,normal
2026-01-20 12:00:00,Building_C,89.41,False,normal
2026-01-20 13:00:00,Building_C,108.63,False,normal
2026-01-20 14:00:00,Building_C,104.48,False,normal
2026-01-20 15:00:00,Building_C,110.67,False,normal
2026-01-20 16:00:00,Building_C,100.56,False,normal
2026-01-20 17:00:00,Building_C,106.71,False,normal
2026-01-20 18:00:00,Building_C,109.19,False,normal
2026-01-20 19:00:00,Building_C,43.25,False,normal
2026-01-20 20:00:00,Building_C,43.35,False,normal
2026-01-20 21:00:00,Building_C,45.61,False,normal
2026-01-20 22:00:00,Building_C,48.2,False,normal
2026-01-20 23:00:00,Building_C,45.41,False,normal
2026-01-21 00:00:00,Building_C,50.35,False,normal
2026-01-21 01:00:00,Building_C,43.17,False,normal
2026-01-21 02:00:00,Building_C,38.84,False,normal
2026-01-21 03:00:00,Building_C,55.37,False,normal
2026-01-21 04:00:00,Building_C,42.46,False,normal
2026-01-21 05:00:00,Building_C,42.64,False,normal
2026-01-21 06:00:00,Building_C,45.16,False,normal
2026-01-21 07:00:00,Building_C,45.82,False,normal
2026-01-21 08:00:00,Building_C,103.03,False,normal
2026-01-21 09:00:00,Building_C,104.88,False,normal
2026-01-21 10:00:00,Building_C,104.77,False,normal
2026-01-21 11:00:00,Building_C,105.84,False,normal
2026-01-21 12:00:00,Building_C,93.18,False,normal
2026-01-21 13:00:00,Building_C,114.37,False,normal
2026-01-21 14:00:00,Building_C,104.23,False,normal
2026-01-21 15:00:00,Building_C,107.87,False,normal
2026-01-21 16:00:00,Building_C,98.07,False,normal
2026-01-21 17:00:00,Building_C,102.61,False,normal
2026-01-21 18:00:00,Building_C,101.6,False,normal
2026-01-21 19:00:00,Building_C,52.83,False,normal
2026-01-21 20:00:00,Building_C,42.56,False,normal
2026-01-21 21:00:00,Building_C,49.27,False,normal
2026-01-21 22:00:00,Building_C,42.23,False,normal
2026-01-21 23:00:00,Building_C,43.22,False,normal
2026-01-22 00:00:00,Building_C,44.26,False,normal
2026-01-22 01:00:00,Building_C,51.9,False,normal
2026-01-22 02:00:00,Building_C,36.04,False,normal
2026-01-22 03:00:00,Building_C,38.91,False,normal
2026-01-22 04:00:00,Building_C,35.75,False,normal
2026-01-22 05:00:00,Building_C,40.05,False,normal
2026-01-22 06:00:00,Building_C,41.43,False,normal
2026-01-22 07:00:00,Building_C,37.41,False,normal
2026-01-22 08:00:00,Building_C,101.29,False,normal
2026-01-22 09:00:00,Building_C,94.89,False,normal
2026-01-22 10:00:00,Building_C,99.87,False,normal
2026-01-22 11:00:00,Building_C,110.97,False,normal
2026-01-22 12:00:00,Building_C,106.98,False,normal
2026-01-22 13:00:00,Building_C,105.9,False,normal
2026-01-22 14:00:00,Building_C,99.95,False,normal
2026-01-22 15:00:00,Building_C,97.28,False,normal
2026-01-22 16:00:00,Building_C,99.27,False,normal
2026-01-22 17:00:00,Building_C,104.75,False,normal
2026-01-22 18:00:00,Building_C,109.3,False,normal
2026-01-22 19:00:00,Building_C,50.0,False,normal
2026-01-22 20:00:00,Building_C,48.64,False,normal
2026-01-22 21:00:00,Building_C,41.8,False,normal
2026-01-22 22:00:00,Building_C,45.61,False,normal
2026-01-22 23:00:00,Building_C,43.88,False,normal
2026-01-23 00:00:00,Building_C,44.48,False,normal
2026-01-23 01:00:00,Building_C,55.67,False,normal
2026-01-23 02:00:00,Building_C,36.67,False,normal
2026-01-23 03:00:00,Building_C,44.31,False,normal
2026-01-23 04:00:00,Building_C,51.54,False,normal
2026-01-23 05:00:00,Building_C,38.15,False,normal
2026-01-23 06:00:00,Building_C,42.27,False,normal
2026-01-23 07:00:00,Building_C,42.84,False,normal
2026-01-23 08:00:00,Building_C,103.85,False,normal
2026-01-23 09:00:00,Building_C,96.98,False,normal
2026-01-23 10:00:00,Building_C,107.94,False,normal
2026-01-23 11:00:00,Building_C,108.3,False,normal
2026-01-23 12:00:00,Building_C,107.51,False,normal
2026-01-23 13:00:00,Building_C,100.61,False,normal
2026-01-23 14:00:00,Building_C,105.4,False,normal
2026-01-23 15:00:00,Building_C,100.47,False,normal
2026-01-23 16:00:00,Building_C,103.3,False,normal
2026-01-23 17:00:00,Building_C,115.73,False,normal
2026-01-23 18:00:00,Building_C,105.44,False,normal
2026-01-23 19:00:00,Building_C,39.55,False,normal
2026-01-23 20:00:00,Building_C,46.39,False,normal
2026-01-23 21:00:00,Building_C,38.73,False,normal
2026-01-23 22:00:00,Building_C,39.49,False,normal
2026-01-23 23:00:00,Building_C,40.28,False,normal
2026-01-24 00:00:00,Building_C,43.26,False,normal
2026-01-24 01:00:00,Building_C,50.17,False,normal
2026-01-24 02:00:00,Building_C,48.38,False,normal
2026-01-24 03:00:00,Building_C,48.1,False,normal
2026-01-24 04:00:00,Building_C,39.99,False,normal
2026-01-24 05:00:00,Building_C,42.78,False,normal
2026-01-24 06:00:00,Building_C,46.84,False,normal
2026-01-24 07:00:00,Building_C,42.34,False,normal
2026-01-24 08:00:00,Building_C,44.09,False,normal
2026-01-24 09:00:00,Building_C,47.69,False,normal
2026-01-24 10:00:00,Building_C,43.74,False,normal
2026-01-24 11:00:00,Building_C,46.61,False,normal
2026-01-24 12:00:00,Building_C,53.45,False,normal
2026-01-24 13:00:00,Building_C,44.63,False,normal
2026-01-24 14:00:00,Building_C,51.38,False,normal
2026-01-24 15:00:00,Building_C,48.28,False,normal
2026-01-24 16:00:00,Building_C,38.15,False,normal
2026-01-24 17:00:00,Building_C,39.97,False,normal
2026-01-24 18:00:00,Building_C,41.32,False,normal
2026-01-24 19:00:00,Building_C,41.21,False,normal
2026-01-24 20:00:00,Building_C,45.03,False,normal
2026-01-24 21:00:00,Building_C,48.56,False,normal
2026-01-24 22:00:00,Building_C,51.76,False,normal
2026-01-24 23:00:00,Building_C,47.03,False,normal
2026-01-25 00:00:00,Building_C,43.26,False,normal
2026-01-25 01:00:00,Building_C,35.07,False,normal
2026-01-25 02:00:00,Building_C,45.84,False,normal
2026-01-25 03:00:00,Building_C,45.61,False,normal
2026-01-25 04:00:00,Building_C,46.4,False,normal
2026-01-25 05:00:00,Building_C,56.02,False,normal
2026-01-25 06:00:00,Building_C,51.69,False,normal
2026-01-25 07:00:00,Building_C,49.41,False,normal
2026-01-25 08:00:00,Building_C,40.67,False,normal
2026-01-25 09:00:00,Building_C,42.92,False,normal
2026-01-25 10:00:00,Building_C,45.01,False,normal
2026-01-25 11:00:00,Building_C,41.61,False,normal
2026-01-25 12:00:00,Building_C,47.99,False,normal
2026-01-25 13:00:00,Building_C,47.27,False,normal
2026-01-25 14:00:00,Building_C,40.04,False,normal
2026-01-25 15:00:00,Building_C,51.47,False,normal
2026-01-25 16:00:00,Building_C,46.0,False,normal
2026-01-25 17:00:00,Building_C,36.84,False,normal
2026-01-25 18:00:00,Building_C,45.23,False,normal
2026-01-25 19:00:00,Building_C,46.89,False,normal
2026-01-25 20:00:00,Building_C,50.35,False,normal
2026-01-25 21:00:00,Building_C,43.8,False,normal
2026-01-25 22:00:00,Building_C,49.62,False,normal
2026-01-25 23:00:00,Building_C,46.42,False,normal
2026-01-26 00:00:00,Building_C,38.91,False,normal
2026-01-26 01:00:00,Building_C,38.41,False,normal
2026-01-26 02:00:00,Building_C,51.1,False,normal
2026-01-26 03:00:00,Building_C,51.46,False,normal
2026-01-26 04:00:00,Building_C,47.1,False,normal
2026-01-26 05:00:00,Building_C,52.96,False,normal
2026-01-26 06:00:00,Building_C,50.77,False,normal
2026-01-26 07:00:00,Building_C,48.9,False,normal
2026-01-26 08:00:00,Building_C,100.41,False,normal
2026-01-26 09:00:00,Building_C,113.62,False,normal
2026-01-26 10:00:00,Building_C,107.65,False,normal
2026-01-26 11:00:00,Building_C,103.03,False,normal
2026-01-26 12:00:00,Building_C,101.62,False,normal
2026-01-26 13:00:00,Building_C,106.25,False,normal
2026-01-26 14:00:00,Building_C,96.61,False,normal
2026-01-26 15:00:00,Building_C,108.46,False,normal
2026-01-26 16:00:00,Building_C,100.2,False,normal
2026-01-26 17:00:00,Building_C,106.82,False,normal
2026-01-26 18:00:00,Building_C,102.36,False,normal
2026-01-26 19:00:00,Building_C,44.16,False,normal
2026-01-26 20:00:00,Building_C,41.7,False,normal
2026-01-26 21:00:00,Building_C,44.68,False,normal
2026-01-26 22:00:00,Building_C,54.93,False,normal
2026-01-26 23:00:00,Building_C,52.41,False,normal
2026-01-27 00:00:00,Building_C,47.26,False,normal
2026-01-27 01:00:00,Building_C,45.36,False,normal
2026-01-27 02:00:00,Building_C,49.71,False,normal
2026-01-27 03:00:00,Building_C,51.13,False,normal
2026-01-27 04:00:00,Building_C,41.34,False,normal
2026-01-27 05:00:00,Building_C,45.1,False,normal
2026-01-27 06:00:00,Building_C,36.37,False,normal
2026-01-27 07:00:00,Building_C,51.1,False,normal
2026-01-27 08:00:00,Building_C,115.29,False,normal
2026-01-27 09:00:00,Building_C,105.36,False,normal
2026-01-27 10:00:00,Building_C,94.34,False,normal
2026-01-27 11:00:00,Building_C,108.01,False,normal
2026-01-27 12:00:00,Building_C,100.44,False,normal
2026-01-27 13:00:00,Building_C,101.65,False,normal
2026-01-27 14:00:00,Building_C,108.1,False,normal
2026-01-27 15:00:00,Building_C,106.24,False,normal
2026-01-27 16:00:00,Building_C,102.52,False,normal
2026-01-27 17:00:00,Building_C,101.72,False,normal
2026-01-27 18:00:00,Building_C,105.59,False,normal
2026-01-27 19:00:00,Building_C,43.44,False,normal
2026-01-27 20:00:00,Building_C,39.94,False,normal
2026-01-27 21:00:00,Building_C,43.82,False,normal
2026-01-27 22:00:00,Building_C,47.18,False,normal
2026-01-27 23:00:00,Building_C,44.59,False,normal
2026-01-28 00:00:00,Building_C,38.42,False,normal
2026-01-28 01:00:00,Building_C,50.43,False,normal
2026-01-28 02:00:00,Building_C,31.79,False,normal
2026-01-28 03:00:00,Building_C,43.25,False,normal
2026-01-28 04:00:00,Building_C,42.38,False,normal
2026-01-28 05:00:00,Building_C,46.23,False,normal
2026-01-28 06:00:00,Building_C,48.29,False,normal
2026-01-28 07:00:00,Building_C,51.12,False,normal
2026-01-28 08:00:00,Building_C,101.4,False,normal
2026-01-28 09:00:00,Building_C,107.9,False,normal
2026-01-28 10:00:00,Building_C,105.94,False,normal
2026-01-28 11:00:00,Building_C,96.41,False,normal
2026-01-28 12:00:00,Building_C,114.47,False,normal
2026-01-28 13:00:00,Building_C,97.77,False,normal
2026-01-28 14:00:00,Building_C,107.06,False,normal
2026-01-28 15:00:00,Building_C,106.91,False,normal
2026-01-28 16:00:00,Building_C,106.34,False,normal
2026-01-28 17:00:00,Building_C,102.49,False,normal
2026-01-28 18:00:00,Building_C,109.1,False,normal
2026-01-28 19:00:00,Building_C,37.68,False,normal
2026-01-28 20:00:00,Building_C,45.16,False,normal
2026-01-28 21:00:00,Building_C,42.66,False,normal
2026-01-28 22:00:00,Building_C,42.1,False,normal
2026-01-28 23:00:00,Building_C,47.63,False,normal
2026-01-29 00:00:00,Building_C,50.87,False,normal
2026-01-29 01:00:00,Building_C,43.77,False,normal
2026-01-29 02:00:00,Building_C,49.39,False,normal
2026-01-29 03:00:00,Building_C,45.73,False,normal
2026-01-29 04:00:00,Building_C,41.02,False,normal
2026-01-29 05:00:00,Building_C,44.19,False,normal
2026-01-29 06:00:00,Building_C,43.99,False,normal
2026-01-29 07:00:00,Building_C,42.0,False,normal
2026-01-29 08:00:00,Building_C,107.11,False,normal
2026-01-29 09:00:00,Building_C,106.14,False,normal
2026-01-29 10:00:00,Building_C,97.01,False,normal
2026-01-29 11:00:00,Building_C,96.71,False,normal
2026-01-29 12:00:00,Building_C,107.09,False,normal
2026-01-29 13:00:00,Building_C,100.89,False,normal
2026-01-29 14:00:00,Building_C,106.47,False,normal
2026-01-29 15:00:00,Building_C,108.87,False,normal
2026-01-29 16:00:00,Building_C,98.61,False,normal
2026-01-29 17:00:00,Building_C,97.91,False,normal
2026-01-29 18:00:00,Building_C,113.34,False,normal
2026-01-29 19:00:00,Building_C,47.24,False,normal
2026-01-29 20:00:00,Building_C,43.39,False,normal
2026-01-29 21:00:00,Building_C,40.81,False,normal
2026-01-29 22:00:00,Building_C,42.93,False,normal
2026-01-29 23:00:00,Building_C,39.53,False,normal
2026-01-30 00:00:00,Building_C,49.9,False,normal
2026-01-30 01:00:00,Building_C,41.6,False,normal
2026-01-30 02:00:00,Building_C,50.95,False,normal
2026-01-30 03:00:00,Building_C,43.48,False,normal
2026-01-30 04:00:00,Building_C,40.27,False,normal
2026-01-30 05:00:00,Building_C,43.35,False,normal
2026-01-30 06:00:00,Building_C,32.36,False,normal
2026-01-30 07:00:00,Building_C,44.88,False,normal
2026-01-30 08:00:00,Building_C,104.11,False,normal
2026-01-30 09:00:00,Building_C,109.09,False,normal
2026-01-30 10:00:00,Building_C,95.53,False,normal
2026-01-30 11:00:00,Building_C,110.77,False,normal
2026-01-30 12:00:00,Building_C,109.07,False,normal
2026-01-30 13:00:00,Building_C,111.22,False,normal
2026-01-30 14:00:00,Building_C,104.7,False,normal
2026-01-30 15:00:00,Building_C,110.03,False,normal
2026-01-30 16:00:00,Building_C,97.61,False,normal
2026-01-30 17:00:00,Building_C,108.53,False,normal
2026-01-30 18:00:00,Building_C,101.11,False,normal
2026-01-30 19:00:00,Building_C,37.23,False,normal
2026-01-30 20:00:00,Building_C,39.86,False,normal
2026-01-30 21:00:00,Building_C,45.51,False,normal
2026-01-30 22:00:00,Building_C,41.36,False,normal
2026-01-30 23:00:00,Building_C,47.36,False,normal
2026-01-31 00:00:00,Building_C,36.44,False,normal
2026-01-31 01:00:00,Building_C,34.85,False,normal
2026-01-31 02:00:00,Building_C,52.35,False,normal
2026-01-31 03:00:00,Building_C,50.0,False,normal
2026-01-31 04:00:00,Building_C,40.24,False,normal
2026-01-31 05:00:00,Building_C,45.47,False,normal
2026-01-31 06:00:00,Building_C,50.58,False,normal
2026-01-31 07:00:00,Building_C,47.58,False,normal
2026-01-31 08:00:00,Building_C,46.23,False,normal
2026-01-31 09:00:00,Building_C,50.96,False,normal
2026-01-31 10:00:00,Building_C,41.83,False,normal
2026-01-31 11:00:00,Building_C,45.64,False,normal
2026-01-31 12:00:00,Building_C,45.4,False,normal
2026-01-31 13:00:00,Building_C,44.12,False,normal
2026-01-31 14:00:00,Building_C,43.54,False,normal
2026-01-31 15:00:00,Building_C,45.85,False,normal
2026-01-31 16:00:00,Building_C,45.66,False,normal
2026-01-31 17:00:00,Building_C,40.24,False,normal
2026-01-31 18:00:00,Building_C,49.49,False,normal
2026-01-31 19:00:00,Building_C,40.6,False,normal
2026-01-31 20:00:00,Building_C,44.39,False,normal
2026-01-31 21:00:00,Building_C,44.01,False,normal
2026-01-31 22:00:00,Building_C,47.27,False,normal
2026-01-31 23:00:00,Building_C,34.89,False,normal
2026-02-01 00:00:00,Building_C,49.94,False,normal
2026-02-01 01:00:00,Building_C,42.1,False,normal
2026-02-01 02:00:00,Building_C,51.58,False,normal
2026-02-01 03:00:00,Building_C,43.09,False,normal
2026-02-01 04:00:00,Building_C,45.24,False,normal
2026-02-01 05:00:00,Building_C,55.05,False,normal
2026-02-01 06:00:00,Building_C,44.1,False,normal
2026-02-01 07:00:00,Building_C,51.68,False,normal
2026-02-01 08:00:00,Building_C,45.68,False,normal
2026-02-01 09:00:00,Building_C,47.56,False,normal
2026-02-01 10:00:00,Building_C,45.83,False,normal
2026-02-01 11:00:00,Building_C,49.72,False,normal
2026-02-01 12:00:00,Building_C,42.06,False,normal
2026-02-01 13:00:00,Building_C,40.56,False,normal
2026-02-01 14:00:00,Building_C,42.29,False,normal
2026-02-01 15:00:00,Building_C,45.98,False,normal
2026-02-01 16:00:00,Building_C,44.38,False,normal
2026-02-01 17:00:00,Building_C,49.04,False,normal
2026-02-01 18:00:00,Building_C,52.01,False,normal
2026-02-01 19:00:00,Building_C,40.61,False,normal
2026-02-01 20:00:00,Building_C,41.81,False,normal
2026-02-01 21:00:00,Building_C,38.3,False,normal
2026-02-01 22:00:00,Building_C,55.64,False,normal
2026-02-01 23:00:00,Building_C,47.01,False,normal
2026-02-02 00:00:00,Building_C,47.88,False,normal
2026-02-02 01:00:00,Building_C,38.78,False,normal
2026-02-02 02:00:00,Building_C,45.48,False,normal
2026-02-02 03:00:00,Building_C,48.03,False,normal
2026-02-02 04:00:00,Building_C,44.22,False,normal
2026-02-02 05:00:00,Building_C,50.86,False,normal
2026-02-02 06:00:00,Building_C,57.04,False,normal
2026-02-02 07:00:00,Building_C,40.75,False,normal
2026-02-02 08:00:00,Building_C,99.85,False,normal
2026-02-02 09:00:00,Building_C,100.58,False,normal
2026-02-02 10:00:00,Building_C,112.99,False,normal
2026-02-02 11:00:00,Building_C,110.18,False,normal
2026-02-02 12:00:00,Building_C,104.29,False,normal
2026-02-02 13:00:00,Building_C,105.15,False,normal
2026-02-02 14:00:00,Building_C,100.88,False,normal
2026-02-02 15:00:00,Building_C,109.41,False,normal
2026-02-02 16:00:00,Building_C,103.06,False,normal
2026-02-02 17:00:00,Building_C,103.66,False,normal
2026-02-02 18:00:00,Building_C,108.01,False,normal
2026-02-02 19:00:00,Building_C,44.54,False,normal
2026-02-02 20:00:00,Building_C,44.31,False,normal
2026-02-02 21:00:00,Building_C,45.54,False,normal
2026-02-02 22:00:00,Building_C,49.46,False,normal
2026-02-02 23:00:00,Building_C,53.72,False,normal
2026-02-03 00:00:00,Building_C,48.41,False,normal
2026-02-03 01:00:00,Building_C,49.5,False,normal
2026-02-03 02:00:00,Building_C,44.49,False,normal
2026-02-03 03:00:00,Building_C,41.95,False,normal
2026-02-03 04:00:00,Building_C,48.75,False,normal
2026-02-03 05:00:00,Building_C,46.34,False,normal
2026-02-03 06:00:00,Building_C,38.37,False,normal
2026-02-03 07:00:00,Building_C,43.84,False,normal
2026-02-03 08:00:00,Building_C,104.55,False,normal
2026-02-03 09:00:00,Building_C,102.41,False,normal
2026-02-03 10:00:00,Building_C,112.37,False,normal
2026-02-03 11:00:00,Building_C,107.36,False,normal
2026-02-03 12:00:00,Building_C,111.83,False,normal
2026-02-03 13:00:00,Building_C,106.28,False,normal
2026-02-03 14:00:00,Building_C,105.37,False,normal
2026-02-03 15:00:00,Building_C,100.28,False,normal
2026-02-03 16:00:00,Building_C,105.02,False,normal
2026-02-03 17:00:00,Building_C,105.03,False,normal
2026-02-03 18:00:00,Building_C,98.13,False,normal
2026-02-03 19:00:00,Building_C,42.79,False,normal
2026-02-03 20:00:00,Building_C,43.87,False,normal
2026-02-03 21:00:00,Building_C,47.55,False,normal
2026-02-03 22:00:00,Building_C,47.79,False,normal
2026-02-03 23:00:00,Building_C,42.58,False,normal
2026-02-04 00:00:00,Building_C,47.83,False,normal
2026-02-04 01:00:00,Building_C,44.57,False,normal
2026-02-04 02:00:00,Building_C,31.14,False,normal
2026-02-04 03:00:00,Building_C,43.06,False,normal
2026-02-04 04:00:00,Building_C,50.88,False,normal
2026-02-04 05:00:00,Building_C,37.08,False,normal
2026-02-04 06:00:00,Building_C,46.05,False,normal
2026-02-04 07:00:00,Building_C,53.41,False,normal
2026-02-04 08:00:00,Building_C,101.16,False,normal
2026-02-04 09:00:00,Building_C,104.97,False,normal
2026-02-04 10:00:00,Building_C,98.44,False,normal
2026-02-04 11:00:00,Building_C,113.1,False,normal
2026-02-04 12:00:00,Building_C,104.55,False,normal
2026-02-04 13:00:00,Building_C,105.2,False,normal
2026-02-04 14:00:00,Building_C,111.74,False,normal
2026-02-04 15:00:00,Building_C,108.27,False,normal
2026-02-04 16:00:00,Building_C,100.59,False,normal
2026-02-04 17:00:00,Building_C,101.73,False,normal
2026-02-04 18:00:00,Building_C,107.44,False,normal
2026-02-04 19:00:00,Building_C,42.36,False,normal
2026-02-04 20:00:00,Building_C,34.9,False,normal
2026-02-04 21:00:00,Building_C,45.22,False,normal
2026-02-04 22:00:00,Building_C,38.08,False,normal
2026-02-04 23:00:00,Building_C,53.57,False,normal
2026-02-05 00:00:00,Building_C,46.37,False,normal
2026-02-05 01:00:00,Building_C,40.96,False,normal
2026-02-05 02:00:00,Building_C,41.99,False,normal
2026-02-05 03:00:00,Building_C,36.04,False,normal
2026-02-05 04:00:00,Building_C,39.99,False,normal
2026-02-05 05:00:00,Building_C,50.57,False,normal
2026-02-05 06:00:00,Building_C,56.64,False,normal
2026-02-05 07:00:00,Building_C,49.12,False,normal
2026-02-05 08:00:00,Building_C,104.5,False,normal
2026-02-05 09:00:00,Building_C,102.8,False,normal
2026-02-05 10:00:00,Building_C,100.18,False,normal
2026-02-05 11:00:00,Building_C,115.26,False,normal
2026-02-05 12:00:00,Building_C,104.02,False,normal
2026-02-05 13:00:00,Building_C,115.54,False,normal
2026-02-05 14:00:00,Building_C,111.93,False,normal
2026-02-05 15:00:00,Building_C,96.26,False,normal
2026-02-05 16:00:00,Building_C,101.63,False,normal
2026-02-05 17:00:00,Building_C,101.62,False,normal
2026-02-05 18:00:00,Building_C,104.56,False,normal
2026-02-05 19:00:00,Building_C,45.18,False,normal
2026-02-05 20:00:00,Building_C,60.47,False,normal
2026-02-05 21:00:00,Building_C,40.1,False,normal
2026-02-05 22:00:00,Building_C,46.63,False,normal
2026-02-05 23:00:00,Building_C,48.57,False,normal
2026-02-06 00:00:00,Building_C,45.48,False,normal
2026-02-06 01:00:00,Building_C,46.04,False,normal
2026-02-06 02:00:00,Building_C,40.26,False,normal
2026-02-06 03:00:00,Building_C,46.02,False,normal
2026-02-06 04:00:00,Building_C,48.04,False,normal
2026-02-06 05:00:00,Building_C,47.12,False,normal
2026-02-06 06:00:00,Building_C,48.34,False,normal
2026-02-06 07:00:00,Building_C,52.55,False,normal
2026-02-06 08:00:00,Building_C,109.65,False,normal
2026-02-06 09:00:00,Building_C,105.32,False,normal
2026-02-06 10:00:00,Building_C,99.11,False,normal
2026-02-06 11:00:00,Building_C,101.96,False,normal
2026-02-06 12:00:00,Building_C,103.87,False,normal
2026-02-06 13:00:00,Building_C,106.23,False,normal
2026-02-06 14:00:00,Building_C,102.57,False,normal
2026-02-06 15:00:00,Building_C,100.29,False,normal
2026-02-06 16:00:00,Building_C,99.02,False,normal
2026-02-06 17:00:00,Building_C,96.71,False,normal
2026-02-06 18:00:00,Building_C,103.79,False,normal
2026-02-06 19:00:00,Building_C,38.14,False,normal
2026-02-06 20:00:00,Building_C,40.48,False,normal
2026-02-06 21:00:00,Building_C,43.51,False,normal
2026-02-06 22:00:00,Building_C,38.8,False,normal
2026-02-06 23:00:00,Building_C,47.38,False,normal
2026-02-07 00:00:00,Building_C,49.19,False,normal
2026-02-07 01:00:00,Building_C,42.74,False,normal
2026-02-07 02:00:00,Building_C,43.3,False,normal
2026-02-07 03:00:00,Building_C,48.17,False,normal
2026-02-07 04:00:00,Building_C,41.91,False,normal
2026-02-07 05:00:00,Building_C,41.57,False,normal
2026-02-07 06:00:00,Building_C,51.47,False,normal
2026-02-07 07:00:00,Building_C,49.91,False,normal
2026-02-07 08:00:00,Building_C,48.49,False,normal
2026-02-07 09:00:00,Building_C,50.11,False,normal
2026-02-07 10:00:00,Building_C,35.6,False,normal
2026-02-07 11:00:00,Building_C,52.25,False,normal
2026-02-07 12:00:00,Building_C,47.44,False,normal
2026-02-07 13:00:00,Building_C,50.54,False,normal
2026-02-07 14:00:00,Building_C,47.42,False,normal
2026-02-07 15:00:00,Building_C,45.73,False,normal
2026-02-07 16:00:00,Building_C,44.11,False,normal
2026-02-07 17:00:00,Building_C,47.32,False,normal
2026-02-07 18:00:00,Building_C,43.93,False,normal
2026-02-07 19:00:00,Building_C,49.82,False,normal
2026-02-07 20:00:00,Building_C,37.55,False,normal
2026-02-07 21:00:00,Building_C,42.78,False,normal
2026-02-07 22:00:00,Building_C,55.71,False,normal
2026-02-07 23:00:00,Building_C,42.35,False,normal
2026-02-08 00:00:00,Building_C,44.29,False,normal
2026-02-08 01:00:00,Building_C,41.07,False,normal
2026-02-08 02:00:00,Building_C,47.16,False,normal
2026-02-08 03:00:00,Building_C,41.8,False,normal
2026-02-08 04:00:00,Building_C,44.56,False,normal
2026-02-08 05:00:00,Building_C,49.73,False,normal
2026-02-08 06:00:00,Building_C,41.99,False,normal
2026-02-08 07:00:00,Building_C,49.43,False,normal
2026-02-08 08:00:00,Building_C,49.6,False,normal
2026-02-08 09:00:00,Building_C,50.76,False,normal
2026-02-08 10:00:00,Building_C,46.19,False,normal
2026-02-08 11:00:00,Building_C,61.69,False,normal
2026-02-08 12:00:00,Building_C,50.76,False,normal
2026-02-08 13:00:00,Building_C,47.11,False,normal
2026-02-08 14:00:00,Building_C,41.1,False,normal
2026-02-08 15:00:00,Building_C,45.0,False,normal
2026-02-08 16:00:00,Building_C,52.62,False,normal
2026-02-08 17:00:00,Building_C,54.03,False,normal
2026-02-08 18:00:00,Building_C,52.88,False,normal
2026-02-08 19:00:00,Building_C,49.41,False,normal
2026-02-08 20:00:00,Building_C,39.21,False,normal
2026-02-08 21:00:00,Building_C,47.92,False,normal
2026-02-08 22:00:00,Building_C,39.28,False,normal
2026-02-08 23:00:00,Building_C,38.05,False,normal
2026-02-09 00:00:00,Building_C,46.68,False,normal
2026-02-09 01:00:00,Building_C,48.1,False,normal
2026-02-09 02:00:00,Building_C,50.0,False,normal
2026-02-09 03:00:00,Building_C,47.97,False,normal
2026-02-09 04:00:00,Building_C,48.14,False,normal
2026-02-09 05:00:00,Building_C,40.56,False,normal
2026-02-09 06:00:00,Building_C,44.96,False,normal
2026-02-09 07:00:00,Building_C,37.95,False,normal
2026-02-09 08:00:00,Building_C,94.95,False,normal
2026-02-09 09:00:00,Building_C,108.67,False,normal
2026-02-09 10:00:00,Building_C,101.2,False,normal
2026-02-09 11:00:00,Building_C,109.33,False,normal
2026-02-09 12:00:00,Building_C,110.51,False,normal
2026-02-09 13:00:00,Building_C,101.87,False,normal
2026-02-09 14:00:00,Building_C,107.92,False,normal
2026-02-09 15:00:00,Building_C,101.66,False,normal
2026-02-09 16:00:00,Building_C,95.73,False,normal
2026-02-09 17:00:00,Building_C,105.58,False,normal
2026-02-09 18:00:00,Building_C,102.61,False,normal
2026-02-09 19:00:00,Building_C,43.28,False,normal
2026-02-09 20:00:00,Building_C,55.36,False,normal
2026-02-09 21:00:00,Building_C,37.86,False,normal
2026-02-09 22:00:00,Building_C,47.4,False,normal
2026-02-09 23:00:00,Building_C,40.51,False,normal
2026-02-10 00:00:00,Building_C,50.03,False,normal
2026-02-10 01:00:00,Building_C,46.98,False,normal
2026-02-10 02:00:00,Building_C,47.38,False,normal
2026-02-10 03:00:00,Building_C,40.76,False,normal
2026-02-10 04:00:00,Building_C,41.66,False,normal
2026-02-10 05:00:00,Building_C,50.12,False,normal
2026-02-10 06:00:00,Building_C,54.34,False,normal
2026-02-10 07:00:00,Building_C,47.89,False,normal
2026-02-10 08:00:00,Building_C,100.48,False,normal
2026-02-10 09:00:00,Building_C,106.66,False,normal
2026-02-10 10:00:00,Building_C,117.1,False,normal
2026-02-10 11:00:00,Building_C,105.48,False,normal
2026-02-10 12:00:00,Building_C,112.27,False,normal
2026-02-10 13:00:00,Building_C,101.26,False,normal
2026-02-10 14:00:00,Building_C,104.75,False,normal
2026-02-10 15:00:00,Building_C,108.06,False,normal
2026-02-10 16:00:00,Building_C,106.95,False,normal
2026-02-10 17:00:00,Building_C,101.13,False,normal
2026-02-10 18:00:00,Building_C,100.92,False,normal
2026-02-10 19:00:00,Building_C,50.43,False,normal
2026-02-10 20:00:00,Building_C,51.44,False,normal
2026-02-10 21:00:00,Building_C,53.05,False,normal
2026-02-10 22:00:00,Building_C,54.5,False,normal
2026-02-10 23:00:00,Building_C,46.16,False,normal
2026-02-11 00:00:00,Building_C,43.93,False,normal
2026-02-11 01:00:00,Building_C,52.24,False,normal
2026-02-11 02:00:00,Building_C,49.05,False,normal
2026-02-11 03:00:00,Building_C,40.57,False,normal
2026-02-11 04:00:00,Building_C,40.32,False,normal
2026-02-11 05:00:00,Building_C,47.94,False,normal
2026-02-11 06:00:00,Building_C,44.6,False,normal
2026-02-11 07:00:00,Building_C,45.35,False,normal
2026-02-11 08:00:00,Building_C,110.33,False,normal
2026-02-11 09:00:00,Building_C,108.76,False,normal
2026-02-11 10:00:00,Building_C,111.61,False,normal
2026-02-11 11:00:00,Building_C,95.31,False,normal
2026-02-11 12:00:00,Building_C,106.23,False,normal
2026-02-11 13:00:00,Building_C,108.44,False,normal
2026-02-11 14:00:00,Building_C,97.33,False,normal
2026-02-11 15:00:00,Building_C,101.69,False,normal
2026-02-11 16:00:00,Building_C,100.76,False,normal
2026-02-11 17:00:00,Building_C,105.07,False,normal
2026-02-11 18:00:00,Building_C,113.1,False,normal
2026-02-11 19:00:00,Building_C,55.6,False,normal
2026-02-11 20:00:00,Building_C,41.41,False,normal
2026-02-11 21:00:00,Building_C,48.12,False,normal
2026-02-11 22:00:00,Building_C,48.28,False,normal
2026-02-11 23:00:00,Building_C,47.42,False,normal
2026-02-12 00:00:00,Building_C,47.48,False,normal
2026-02-12 01:00:00,Building_C,47.0,False,normal
2026-02-12 02:00:00,Building_C,53.92,False,normal
2026-02-12 03:00:00,Building_C,51.0,False,normal
2026-02-12 04:00:00,Building_C,40.18,False,normal
2026-02-12 05:00:00,Building_C,49.46,False,normal
2026-02-12 06:00:00,Building_C,49.95,False,normal
2026-02-12 07:00:00,Building_C,47.06,False,normal
2026-02-12 08:00:00,Building_C,110.62,False,normal
2026-02-12 09:00:00,Building_C,105.9,False,normal
2026-02-12 10:00:00,Building_C,105.97,False,normal
2026-02-12 11:00:00,Building_C,105.57,False,normal
2026-02-12 12:00:00,Building_C,94.87,False,normal
2026-02-12 13:00:00,Building_C,104.56,False,normal
2026-02-12 14:00:00,Building_C,101.62,False,normal
2026-02-12 15:00:00,Building_C,99.03,False,normal
2026-02-12 16:00:00,Building_C,112.13,False,normal
2026-02-12 17:00:00,Building_C,107.48,False,normal
2026-02-12 18:00:00,Building_C,104.81,False,normal
2026-02-12 19:00:00,Building_C,42.66,False,normal
2026-02-12 20:00:00,Building_C,46.97,False,normal
2026-02-12 21:00:00,Building_C,50.44,False,normal
2026-02-12 22:00:00,Building_C,41.35,False,normal
2026-02-12 23:00:00,Building_C,45.46,False,normal
2026-02-13 00:00:00,Building_C,49.82,False,normal
2026-02-13 01:00:00,Building_C,35.8,False,normal
2026-02-13 02:00:00,Building_C,45.2,False,normal
2026-02-13 03:00:00,Building_C,43.34,False,normal
2026-02-13 04:00:00,Building_C,44.82,False,normal
2026-02-13 05:00:00,Building_C,42.98,False,normal
2026-02-13 06:00:00,Building_C,46.17,False,normal
2026-02-13 07:00:00,Building_C,55.1,False,normal
2026-02-13 08:00:00,Building_C,103.34,False,normal
2026-02-13 09:00:00,Building_C,106.42,False,normal
2026-02-13 10:00:00,Building_C,114.94,False,normal
2026-02-13 11:00:00,Building_C,102.21,False,normal
2026-02-13 12:00:00,Building_C,114.04,False,normal
2026-02-13 13:00:00,Building_C,104.99,False,normal
2026-02-13 14:00:00,Building_C,113.87,False,normal
2026-02-13 15:00:00,Building_C,108.71,False,normal
2026-02-13 16:00:00,Building_C,106.5,False,normal
2026-02-13 17:00:00,Building_C,104.64,False,normal
2026-02-13 18:00:00,Building_C,101.84,False,normal
2026-02-13 19:00:00,Building_C,45.86,False,normal
2026-02-13 20:00:00,Building_C,49.97,False,normal
2026-02-13 21:00:00,Building_C,45.42,False,normal
2026-02-13 22:00:00,Building_C,43.9,False,normal
2026-02-13 23:00:00,Building_C,44.23,False,normal
2026-02-14 00:00:00,Building_C,50.45,False,normal
2026-02-14 01:00:00,Building_C,51.61,False,normal
2026-02-14 02:00:00,Building_C,42.15,False,normal
2026-02-14 03:00:00,Building_C,42.14,False,normal
2026-02-14 04:00:00,Building_C,47.38,False,normal
2026-02-14 05:00:00,Building_C,53.12,False,normal
2026-02-14 06:00:00,Building_C,51.21,False,normal
2026-02-14 07:00:00,Building_C,39.23,False,normal
2026-02-14 08:00:00,Building_C,44.16,False,normal
2026-02-14 09:00:00,Building_C,40.83,False,normal
2026-02-14 10:00:00,Building_C,44.15,False,normal
2026-02-14 11:00:00,Building_C,53.51,False,normal
2026-02-14 12:00:00,Building_C,38.37,False,normal
2026-02-14 13:00:00,Building_C,37.39,False,normal
2026-02-14 14:00:00,Building_C,41.34,False,normal
2026-02-14 15:00:00,Building_C,46.92,False,normal
2026-02-14 16:00:00,Building_C,48.59,False,normal
2026-02-14 17:00:00,Building_C,47.67,False,normal
2026-02-14 18:00:00,Building_C,51.36,False,normal
2026-02-14 19:00:00,Building_C,36.67,False,normal
2026-02-14 20:00:00,Building_C,51.43,False,normal
2026-02-14 21:00:00,Building_C,43.92,False,normal
2026-02-14 22:00:00,Building_C,49.14,False,normal
2026-02-14 23:00:00,Building_C,38.87,False,normal
2026-02-15 00:00:00,Building_C,45.51,False,normal
2026-02-15 01:00:00,Building_C,46.67,False,normal
2026-02-15 02:00:00,Building_C,51.26,False,normal
2026-02-15 03:00:00,Building_C,37.56,False,normal
2026-02-15 04:00:00,Building_C,45.64,False,normal
2026-02-15 05:00:00,Building_C,40.06,False,normal
2026-02-15 06:00:00,Building_C,48.01,False,normal
2026-02-15 07:00:00,Building_C,49.37,False,normal
2026-02-15 08:00:00,Building_C,51.92,False,normal
2026-02-15 09:00:00,Building_C,42.81,False,normal
2026-02-15 10:00:00,Building_C,50.12,False,normal
2026-02-15 11:00:00,Building_C,52.29,False,normal
2026-02-15 12:00:00,Building_C,37.27,False,normal
2026-02-15 13:00:00,Building_C,48.55,False,normal
2026-02-15 14:00:00,Building_C,50.28,False,normal
2026-02-15 15:00:00,Building_C,44.19,False,normal
2026-02-15 16:00:00,Building_C,39.43,False,normal
2026-02-15 17:00:00,Building_C,50.2,False,normal
2026-02-15 18:00:00,Building_C,39.49,False,normal
2026-02-15 19:00:00,Building_C,44.59,False,normal
2026-02-15 20:00:00,Building_C,45.28,False,normal
2026-02-15 21:00:00,Building_C,49.06,False,normal
2026-02-15 22:00:00,Building_C,42.35,False,normal
2026-02-15 23:00:00,Building_C,42.06,False,normal
2026-02-16 00:00:00,Building_C,45.98,False,normal
2026-02-16 01:00:00,Building_C,50.52,False,normal
2026-02-16 02:00:00,Building_C,56.92,False,normal
2026-02-16 03:00:00,Building_C,37.95,False,normal
2026-02-16 04:00:00,Building_C,47.06,False,normal
2026-02-16 05:00:00,Building_C,40.05,False,normal
2026-02-16 06:00:00,Building_C,50.58,False,normal
2026-02-16 07:00:00,Building_C,40.79,False,normal
2026-02-16 08:00:00,Building_C,101.59,False,normal
2026-02-16 09:00:00,Building_C,102.02,False,normal
2026-02-16 10:00:00,Building_C,104.58,False,normal
2026-02-16 11:00:00,Building_C,106.58,False,normal
2026-02-16 12:00:00,Building_C,107.38,False,normal
2026-02-16 13:00:00,Building_C,104.93,False,normal
2026-02-16 14:00:00,Building_C,98.31,False,normal
2026-02-16 15:00:00,Building_C,108.6,False,normal
2026-02-16 16:00:00,Building_C,104.7,False,normal
2026-02-16 17:00:00,Building_C,110.77,False,normal
2026-02-16 18:00:00,Building_C,101.43,False,normal
2026-02-16 19:00:00,Building_C,37.47,False,normal
2026-02-16 20:00:00,Building_C,45.31,False,normal
2026-02-16 21:00:00,Building_C,51.96,False,normal
2026-02-16 22:00:00,Building_C,46.29,False,normal
2026-02-16 23:00:00,Building_C,44.49,False,normal
2026-02-17 00:00:00,Building_C,41.13,False,normal
2026-02-17 01:00:00,Building_C,54.27,False,normal
2026-02-17 02:00:00,Building_C,40.34,False,normal
2026-02-17 03:00:00,Building_C,41.86,False,normal
2026-02-17 04:00:00,Building_C,48.33,False,normal
2026-02-17 05:00:00,Building_C,36.2,False,normal
2026-02-17 06:00:00,Building_C,51.86,False,normal
2026-02-17 07:00:00,Building_C,48.61,False,normal
2026-02-17 08:00:00,Building_C,109.46,False,normal
2026-02-17 09:00:00,Building_C,107.75,False,normal
2026-02-17 10:00:00,Building_C,104.16,False,normal
2026-02-17 11:00:00,Building_C,99.65,False,normal
2026-02-17 12:00:00,Building_C,104.26,False,normal
2026-02-17 13:00:00,Building_C,100.09,False,normal
2026-02-17 14:00:00,Building_C,107.39,False,normal
2026-02-17 15:00:00,Building_C,109.0,False,normal
2026-02-17 16:00:00,Building_C,112.35,False,normal
2026-02-17 17:00:00,Building_C,106.82,False,normal
2026-02-17 18:00:00,Building_C,109.59,False,normal
2026-02-17 19:00:00,Building_C,44.0,False,normal
2026-02-17 20:00:00,Building_C,43.09,False,normal
2026-02-17 21:00:00,Building_C,47.85,False,normal
2026-02-17 22:00:00,Building_C,43.55,False,normal
2026-02-17 23:00:00,Building_C,46.83,False,normal
2026-02-18 00:00:00,Building_C,40.18,False,normal
2026-02-18 01:00:00,Building_C,41.08,False,normal
2026-02-18 02:00:00,Building_C,48.66,False,normal
2026-02-18 03:00:00,Building_C,49.92,False,normal
2026-02-18 04:00:00,Building_C,40.56,False,normal
2026-02-18 05:00:00,Building_C,48.84,False,normal
2026-02-18 06:00:00,Building_C,42.82,False,normal
2026-02-18 07:00:00,Building_C,45.57,False,normal
2026-02-18 08:00:00,Building_C,112.05,False,normal
2026-02-18 09:00:00,Building_C,109.0,False,normal
2026-02-18 10:00:00,Building_C,108.94,False,normal
2026-02-18 11:00:00,Building_C,114.51,False,normal
2026-02-18 12:00:00,Building_C,101.44,False,normal
2026-02-18 13:00:00,Building_C,100.03,False,normal
2026-02-18 14:00:00,Building_C,101.35,False,normal
2026-02-18 15:00:00,Building_C,103.69,False,normal
2026-02-18 16:00:00,Building_C,93.19,False,normal
2026-02-18 17:00:00,Building_C,103.93,False,normal
2026-02-18 18:00:00,Building_C,102.24,False,normal
2026-02-18 19:00:00,Building_C,49.4,False,normal
2026-02-18 20:00:00,Building_C,47.25,False,normal
2026-02-18 21:00:00,Building_C,42.48,False,normal
2026-02-18 22:00:00,Building_C,48.43,False,normal
2026-02-18 23:00:00,Building_C,49.1,False,normal
2026-02-19 00:00:00,Building_C,41.64,False,normal
2026-02-19 01:00:00,Building_C,43.02,False,normal
2026-02-19 02:00:00,Building_C,34.36,False,normal
2026-02-19 03:00:00,Building_C,40.03,False,normal
2026-02-19 04:00:00,Building_C,41.77,False,normal
2026-02-19 05:00:00,Building_C,45.86,False,normal
2026-02-19 06:00:00,Building_C,40.76,False,normal
2026-02-19 07:00:00,Building_C,42.92,False,normal
2026-02-19 08:00:00,Building_C,98.84,False,normal
2026-02-19 09:00:00,Building_C,105.82,False,normal
2026-02-19 10:00:00,Building_C,107.09,False,normal
2026-02-19 11:00:00,Building_C,106.98,False,normal
2026-02-19 12:00:00,Building_C,105.03,False,normal
2026-02-19 13:00:00,Building_C,97.26,False,normal
2026-02-19 14:00:00,Building_C,101.86,False,normal
2026-02-19 15:00:00,Building_C,102.93,False,normal
2026-02-19 16:00:00,Building_C,102.95,False,normal
2026-02-19 17:00:00,Building_C,105.34,False,normal
2026-02-19 18:00:00,Building_C,112.09,False,normal
2026-02-19 19:00:00,Building_C,49.54,False,normal
2026-02-19 20:00:00,Building_C,40.55,False,normal
2026-02-19 21:00:00,Building_C,48.88,False,normal
2026-02-19 22:00:00,Building_C,48.69,False,normal
2026-02-19 23:00:00,Building_C,41.45,False,normal
2026-02-20 00:00:00,Building_C,49.73,False,normal
2026-02-20 01:00:00,Building_C,44.68,False,normal
2026-02-20 02:00:00,Building_C,38.43,False,normal
2026-02-20 03:00:00,Building_C,47.76,False,normal
2026-02-20 04:00:00,Building_C,46.57,False,normal
2026-02-20 05:00:00,Building_C,44.35,False,normal
2026-02-20 06:00:00,Building_C,45.3,False,normal
2026-02-20 07:00:00,Building_C,41.89,False,normal
2026-02-20 08:00:00,Building_C,108.01,False,normal
2026-02-20 09:00:00,Building_C,104.75,False,normal
2026-02-20 10:00:00,Building_C,105.8,False,normal
2026-02-20 11:00:00,Building_C,106.75,False,normal
2026-02-20 12:00:00,Building_C,99.19,False,normal
2026-02-20 13:00:00,Building_C,100.49,False,normal
2026-02-20 14:00:00,Building_C,93.91,False,normal
2026-02-20 15:00:00,Building_C,107.79,False,normal
2026-02-20 16:00:00,Building_C,98.9,False,normal
2026-02-20 17:00:00,Building_C,105.63,False,normal
2026-02-20 18:00:00,Building_C,106.82,False,normal
2026-02-20 19:00:00,Building_C,48.5,False,normal
2026-02-20 20:00:00,Building_C,39.46,False,normal
2026-02-20 21:00:00,Building_C,45.16,False,normal
2026-02-20 22:00:00,Building_C,53.84,False,normal
2026-02-20 23:00:00,Building_C,54.06,False,normal
2026-02-21 00:00:00,Building_C,50.42,False,normal
2026-02-21 01:00:00,Building_C,47.17,False,normal
2026-02-21 02:00:00,Building_C,40.46,False,normal
2026-02-21 03:00:00,Building_C,49.08,False,normal
2026-02-21 04:00:00,Building_C,44.69,False,normal
2026-02-21 05:00:00,Building_C,48.29,False,normal
2026-02-21 06:00:00,Building_C,42.32,False,normal
2026-02-21 07:00:00,Building_C,44.62,False,normal
2026-02-21 08:00:00,Building_C,46.31,False,normal
2026-02-21 09:00:00,Building_C,46.72,False,normal
2026-02-21 10:00:00,Building_C,47.95,False,normal
2026-02-21 11:00:00,Building_C,42.59,False,normal
2026-02-21 12:00:00,Building_C,38.77,False,normal
2026-02-21 13:00:00,Building_C,53.61,False,normal
2026-02-21 14:00:00,Building_C,57.93,False,normal
2026-02-21 15:00:00,Building_C,47.72,False,normal
2026-02-21 16:00:00,Building_C,38.86,False,normal
2026-02-21 17:00:00,Building_C,41.62,False,normal
2026-02-21 18:00:00,Building_C,48.03,False,normal
2026-02-21 19:00:00,Building_C,52.19,False,normal
2026-02-21 20:00:00,Building_C,39.42,False,normal
2026-02-21 21:00:00,Building_C,44.86,False,normal
2026-02-21 22:00:00,Building_C,46.46,False,normal
2026-02-21 23:00:00,Building_C,49.81,False,normal
2026-02-22 00:00:00,Building_C,43.77,False,normal
2026-02-22 01:00:00,Building_C,37.67,False,normal
2026-02-22 02:00:00,Building_C,48.59,False,normal
2026-02-22 03:00:00,Building_C,51.11,False,normal
2026-02-22 04:00:00,Building_C,45.07,False,normal
2026-02-22 05:00:00,Building_C,47.51,False,normal
2026-02-22 06:00:00,Building_C,43.11,False,normal
2026-02-22 07:00:00,Building_C,41.26,False,normal
2026-02-22 08:00:00,Building_C,50.62,False,normal
2026-02-22 09:00:00,Building_C,47.42,False,normal
2026-02-22 10:00:00,Building_C,47.94,False,normal
2026-02-22 11:00:00,Building_C,52.99,False,normal
2026-02-22 12:00:00,Building_C,40.21,False,normal
2026-02-22 13:00:00,Building_C,42.72,False,normal
2026-02-22 14:00:00,Building_C,46.27,False,normal
2026-02-22 15:00:00,Building_C,42.66,False,normal
2026-02-22 16:00:00,Building_C,49.4,False,normal
2026-02-22 17:00:00,Building_C,44.55,False,normal
2026-02-22 18:00:00,Building_C,40.52,False,normal
2026-02-22 19:00:00,Building_C,45.81,False,normal
2026-02-22 20:00:00,Building_C,46.34,False,normal
2026-02-22 21:00:00,Building_C,50.16,False,normal
2026-02-22 22:00:00,Building_C,47.45,False,normal
2026-02-22 23:00:00,Building_C,47.79,False,normal
2026-02-23 00:00:00,Building_C,47.09,False,normal
2026-02-23 01:00:00,Building_C,44.54,False,normal
2026-02-23 02:00:00,Building_C,41.9,False,normal
2026-02-23 03:00:00,Building_C,46.93,False,normal
2026-02-23 04:00:00,Building_C,43.82,False,normal
2026-02-23 05:00:00,Building_C,53.93,False,normal
2026-02-23 06:00:00,Building_C,52.2,False,normal
2026-02-23 07:00:00,Building_C,48.65,False,normal
2026-02-23 08:00:00,Building_C,106.86,False,normal
2026-02-23 09:00:00,Building_C,104.52,False,normal
2026-02-23 10:00:00,Building_C,98.66,False,normal
2026-02-23 11:00:00,Building_C,103.88,False,normal
2026-02-23 12:00:00,Building_C,105.47,False,normal
2026-02-23 13:00:00,Building_C,106.11,False,normal
2026-02-23 14:00:00,Building_C,107.31,False,normal
2026-02-23 15:00:00,Building_C,109.57,False,normal
2026-02-23 16:00:00,Building_C,101.5,False,normal
2026-02-23 17:00:00,Building_C,101.55,False,normal
2026-02-23 18:00:00,Building_C,112.22,False,normal
2026-02-23 19:00:00,Building_C,49.34,False,normal
2026-02-23 20:00:00,Building_C,43.53,False,normal
2026-02-23 21:00:00,Building_C,44.95,False,normal
2026-02-23 22:00:00,Building_C,44.97,False,normal
2026-02-23 23:00:00,Building_C,45.64,False,normal
2026-02-24 00:00:00,Building_C,47.85,False,normal
2026-02-24 01:00:00,Building_C,58.16,False,normal
2026-02-24 02:00:00,Building_C,46.43,False,normal
2026-02-24 03:00:00,Building_C,48.8,False,normal
2026-02-24 04:00:00,Building_C,37.05,False,normal
2026-02-24 05:00:00,Building_C,43.06,False,normal
2026-02-24 06:00:00,Building_C,51.63,False,normal
2026-02-24 07:00:00,Building_C,47.5,False,normal
2026-02-24 08:00:00,Building_C,83.02,False,normal
2026-02-24 09:00:00,Building_C,108.33,False,normal
2026-02-24 10:00:00,Building_C,114.55,False,normal
2026-02-24 11:00:00,Building_C,94.98,False,normal
2026-02-24 12:00:00,Building_C,112.56,False,normal
2026-02-24 13:00:00,Building_C,91.1,False,normal
2026-02-24 14:00:00,Building_C,109.65,False,normal
2026-02-24 15:00:00,Building_C,104.92,False,normal
2026-02-24 16:00:00,Building_C,93.21,False,normal
2026-02-24 17:00:00,Building_C,107.19,False,normal
2026-02-24 18:00:00,Building_C,110.72,False,normal
2026-02-24 19:00:00,Building_C,47.3,False,normal
2026-02-24 20:00:00,Building_C,48.41,False,normal
2026-02-24 21:00:00,Building_C,43.43,False,normal
2026-02-24 22:00:00,Building_C,36.18,False,normal
2026-02-24 23:00:00,Building_C,48.94,False,normal
2026-02-25 00:00:00,Building_C,54.23,False,normal
2026-02-25 01:00:00,Building_C,51.13,False,normal
2026-02-25 02:00:00,Building_C,35.54,False,normal
2026-02-25 03:00:00,Building_C,37.91,False,normal
2026-02-25 04:00:00,Building_C,41.25,False,normal
2026-02-25 05:00:00,Building_C,37.52,False,normal
2026-02-25 06:00:00,Building_C,45.71,False,normal
2026-02-25 07:00:00,Building_C,47.45,False,normal
2026-02-25 08:00:00,Building_C,97.81,False,normal
2026-02-25 09:00:00,Building_C,108.85,False,normal
2026-02-25 10:00:00,Building_C,107.97,False,normal
2026-02-25 11:00:00,Building_C,102.22,False,normal
2026-02-25 12:00:00,Building_C,104.1,False,normal
2026-02-25 13:00:00,Building_C,95.21,False,normal
2026-02-25 14:00:00,Building_C,103.3,False,normal
2026-02-25 15:00:00,Building_C,105.0,False,normal
2026-02-25 16:00:00,Building_C,105.81,False,normal
2026-02-25 17:00:00,Building_C,106.86,False,normal
2026-02-25 18:00:00,Building_C,106.19,False,normal
2026-02-25 19:00:00,Building_C,44.16,False,normal
2026-02-25 20:00:00,Building_C,46.92,False,normal
2026-02-25 21:00:00,Building_C,50.49,False,normal
2026-02-25 22:00:00,Building_C,45.01,False,normal
2026-02-25 23:00:00,Building_C,47.07,False,normal
2026-02-26 00:00:00,Building_C,44.55,False,normal
2026-02-26 01:00:00,Building_C,42.25,False,normal
2026-02-26 02:00:00,Building_C,48.1,False,normal
2026-02-26 03:00:00,Building_C,42.71,False,normal
2026-02-26 04:00:00,Building_C,47.42,False,normal
2026-02-26 05:00:00,Building_C,45.63,False,normal
2026-02-26 06:00:00,Building_C,43.96,False,normal
2026-02-26 07:00:00,Building_C,43.84,False,normal
2026-02-26 08:00:00,Building_C,102.42,False,normal
2026-02-26 09:00:00,Building_C,96.73,False,normal
2026-02-26 10:00:00,Building_C,106.88,False,normal
2026-02-26 11:00:00,Building_C,106.12,False,normal
2026-02-26 12:00:00,Building_C,109.21,False,normal
2026-02-26 13:00:00,Building_C,102.31,False,normal
2026-02-26 14:00:00,Building_C,114.44,False,normal
2026-02-26 15:00:00,Building_C,103.07,False,normal
2026-02-26 16:00:00,Building_C,100.59,False,normal
2026-02-26 17:00:00,Building_C,100.0,False,normal
2026-02-26 18:00:00,Building_C,96.29,False,normal
2026-02-26 19:00:00,Building_C,53.15,False,normal
2026-02-26 20:00:00,Building_C,52.34,False,normal
2026-02-26 21:00:00,Building_C,48.49,False,normal
2026-02-26 22:00:00,Building_C,41.0,False,normal
2026-02-26 23:00:00,Building_C,54.54,False,normal
2026-02-27 00:00:00,Building_C,43.73,False,normal
2026-02-27 01:00:00,Building_C,44.14,False,normal
2026-02-27 02:00:00,Building_C,52.67,False,normal
2026-02-27 03:00:00,Building_C,48.78,False,normal
2026-02-27 04:00:00,Building_C,56.49,False,normal
2026-02-27 05:00:00,Building_C,46.73,False,normal
2026-02-27 06:00:00,Building_C,43.5,False,normal
2026-02-27 07:00:00,Building_C,42.43,False,normal
2026-02-27 08:00:00,Building_C,95.73,False,normal
2026-02-27 09:00:00,Building_C,103.57,False,normal
2026-02-27 10:00:00,Building_C,110.69,False,normal
2026-02-27 11:00:00,Building_C,107.96,False,normal
2026-02-27 12:00:00,Building_C,105.07,False,normal
2026-02-27 13:00:00,Building_C,99.99,False,normal
2026-02-27 14:00:00,Building_C,106.1,False,normal
2026-02-27 15:00:00,Building_C,110.03,False,normal
2026-02-27 16:00:00,Building_C,107.12,False,normal
2026-02-27 17:00:00,Building_C,105.8,False,normal
2026-02-27 18:00:00,Building_C,100.98,False,normal
2026-02-27 19:00:00,Building_C,49.82,False,normal
2026-02-27 20:00:00,Building_C,29.82,False,normal
2026-02-27 21:00:00,Building_C,47.4,False,normal
2026-02-27 22:00:00,Building_C,58.34,False,normal
2026-02-27 23:00:00,Building_C,37.94,False,normal
2026-02-28 00:00:00,Building_C,44.28,False,normal
2026-02-28 01:00:00,Building_C,45.44,False,normal
2026-02-28 02:00:00,Building_C,43.17,False,normal
2026-02-28 03:00:00,Building_C,50.67,False,normal
2026-02-28 04:00:00,Building_C,47.85,False,normal
2026-02-28 05:00:00,Building_C,46.25,False,normal
2026-02-28 06:00:00,Building_C,49.47,False,normal
2026-02-28 07:00:00,Building_C,45.57,False,normal
2026-02-28 08:00:00,Building_C,61.38,False,normal
2026-02-28 09:00:00,Building_C,46.24,False,normal
2026-02-28 10:00:00,Building_C,46.46,False,normal
2026-02-28 11:00:00,Building_C,36.93,False,normal
2026-02-28 12:00:00,Building_C,42.77,False,normal
2026-02-28 13:00:00,Building_C,51.22,False,normal
2026-02-28 14:00:00,Building_C,38.81,False,normal
2026-02-28 15:00:00,Building_C,34.7,False,normal
2026-02-28 16:00:00,Building_C,45.65,False,normal
2026-02-28 17:00:00,Building_C,52.34,False,normal
2026-02-28 18:00:00,Building_C,45.7,False,normal
2026-02-28 19:00:00,Building_C,43.8,False,normal
2026-02-28 20:00:00,Building_C,36.19,False,normal
2026-02-28 21:00:00,Building_C,47.75,False,normal
2026-02-28 22:00:00,Building_C,48.79,False,normal
2026-02-28 23:00:00,Building_C,36.58,False,normal
2026-03-01 00:00:00,Building_C,56.276,True,gradual_drift
2026-03-01 01:00:00,Building_C,54.24100000000001,True,gradual_drift
2026-03-01 02:00:00,Building_C,56.265,True,gradual_drift
2026-03-01 03:00:00,Building_C,53.24,True,gradual_drift
2026-03-01 04:00:00,Building_C,53.62500000000001,True,gradual_drift
2026-03-01 05:00:00,Building_C,52.89900000000001,True,gradual_drift
2026-03-01 06:00:00,Building_C,54.813,True,gradual_drift
2026-03-01 07:00:00,Building_C,40.029,True,gradual_drift
2026-03-01 08:00:00,Building_C,41.778,True,gradual_drift
2026-03-01 09:00:00,Building_C,45.980000000000004,True,gradual_drift
2026-03-01 10:00:00,Building_C,49.324000000000005,True,gradual_drift
2026-03-01 11:00:00,Building_C,52.173,True,gradual_drift
2026-03-01 12:00:00,Building_C,51.821000000000005,True,gradual_drift
2026-03-01 13:00:00,Building_C,56.17700000000001,True,gradual_drift
2026-03-01 14:00:00,Building_C,56.353,True,gradual_drift
2026-03-01 15:00:00,Building_C,45.232,True,gradual_drift
2026-03-01 16:00:00,Building_C,51.348000000000006,True,gradual_drift
2026-03-01 17:00:00,Building_C,45.37500000000001,True,gradual_drift
2026-03-01 18:00:00,Building_C,48.994,True,gradual_drift
2026-03-01 19:00:00,Building_C,51.79900000000001,True,gradual_drift
2026-03-01 20:00:00,Building_C,31.284000000000002,True,gradual_drift
2026-03-01 21:00:00,Building_C,63.294000000000004,True,gradual_drift
2026-03-01 22:00:00,Building_C,53.15200000000001,True,gradual_drift
2026-03-01 23:00:00,Building_C,46.761,True,gradual_drift
2026-03-02 00:00:00,Building_C,61.7344,True,gradual_drift
2026-03-02 01:00:00,Building_C,49.00000000000001,True,gradual_drift
2026-03-02 02:00:00,Building_C,51.688,True,gradual_drift
2026-03-02 03:00:00,Building_C,48.216,True,gradual_drift
2026-03-02 04:00:00,Building_C,60.18880000000001,True,gradual_drift
2026-03-02 05:00:00,Building_C,50.3552,True,gradual_drift
2026-03-02 06:00:00,Building_C,51.7776,True,gradual_drift
2026-03-02 07:00:00,Building_C,57.68000000000001,True,gradual_drift
2026-03-02 08:00:00,Building_C,120.83680000000001,True,gradual_drift
2026-03-02 09:00:00,Building_C,117.25280000000001,True,gradual_drift
2026-03-02 10:00:00,Building_C,123.78240000000001,True,gradual_drift
2026-03-02 11:00:00,Building_C,131.7792,True,gradual_drift
2026-03-02 12:00:00,Building_C,119.33600000000001,True,gradual_drift
2026-03-02 13:00:00,Building_C,118.21600000000001,True,gradual_drift
2026-03-02 14:00:00,Building_C,118.5184,True,gradual_drift
2026-03-02 15:00:00,Building_C,124.90240000000001,True,gradual_drift
2026-03-02 16:00:00,Building_C,114.20640000000002,True,gradual_drift
2026-03-02 17:00:00,Building_C,115.9984,True,gradual_drift
2026-03-02 18:00:00,Building_C,108.95360000000001,True,gradual_drift
2026-03-02 19:00:00,Building_C,44.30720000000001,True,gradual_drift
2026-03-02 20:00:00,Building_C,48.048,True,gradual_drift
2026-03-02 21:00:00,Building_C,50.62400000000001,True,gradual_drift
2026-03-02 22:00:00,Building_C,60.8496,True,gradual_drift
2026-03-02 23:00:00,Building_C,53.9392,True,gradual_drift
2026-03-03 00:00:00,Building_C,46.64880000000001,True,gradual_drift
2026-03-03 01:00:00,Building_C,47.69760000000001,True,gradual_drift
2026-03-03 02:00:00,Building_C,59.690400000000004,True,gradual_drift
2026-03-03 03:00:00,Building_C,58.2768,True,gradual_drift
2026-03-03 04:00:00,Building_C,52.01820000000001,True,gradual_drift
2026-03-03 05:00:00,Building_C,49.32780000000001,True,gradual_drift
2026-03-03 06:00:00,Building_C,58.26540000000001,True,gradual_drift
2026-03-03 07:00:00,Building_C,46.192800000000005,True,gradual_drift
2026-03-03 08:00:00,Building_C,121.88880000000002,True,gradual_drift
2026-03-03 09:00:00,Building_C,132.61620000000002,True,gradual_drift
2026-03-03 10:00:00,Building_C,120.82860000000001,True,gradual_drift
2026-03-03 11:00:00,Building_C,115.24260000000001,True,gradual_drift
2026-03-03 12:00:00,Building_C,122.00280000000001,True,gradual_drift
2026-03-03 13:00:00,Building_C,116.97540000000001,True,gradual_drift
2026-03-03 14:00:00,Building_C,111.7086,True,gradual_drift
2026-03-03 15:00:00,Building_C,123.65580000000001,True,gradual_drift
2026-03-03 16:00:00,Building_C,126.02700000000002,True,gradual_drift
2026-03-03 17:00:00,Building_C,117.88740000000001,True,gradual_drift
2026-03-03 18:00:00,Building_C,117.51120000000002,True,gradual_drift
2026-03-03 19:00:00,Building_C,46.37520000000001,True,gradual_drift
2026-03-03 20:00:00,Building_C,50.992200000000004,True,gradual_drift
2026-03-03 21:00:00,Building_C,48.643800000000006,True,gradual_drift
2026-03-03 22:00:00,Building_C,46.0902,True,gradual_drift
2026-03-03 23:00:00,Building_C,62.64300000000001,True,gradual_drift
2026-03-04 00:00:00,Building_C,55.47120000000001,True,gradual_drift
2026-03-04 01:00:00,Building_C,56.086000000000006,True,gradual_drift
2026-03-04 02:00:00,Building_C,57.88400000000001,True,gradual_drift
2026-03-04 03:00:00,Building_C,57.23440000000001,True,gradual_drift
2026-03-04 04:00:00,Building_C,50.36720000000001,True,gradual_drift
2026-03-04 05:00:00,Building_C,54.34600000000001,True,gradual_drift
2026-03-04 06:00:00,Building_C,51.202400000000004,True,gradual_drift
2026-03-04 07:00:00,Building_C,55.308800000000005,True,gradual_drift
2026-03-04 08:00:00,Building_C,123.73720000000002,True,gradual_drift
2026-03-04 09:00:00,Building_C,119.53800000000001,True,gradual_drift
2026-03-04 10:00:00,Building_C,114.05120000000001,True,gradual_drift
2026-03-04 11:00:00,Building_C,122.61200000000002,True,gradual_drift
2026-03-04 12:00:00,Building_C,120.5704,True,gradual_drift
2026-03-04 13:00:00,Building_C,110.79160000000002,True,gradual_drift
2026-03-04 14:00:00,Building_C,124.70000000000002,True,gradual_drift
2026-03-04 15:00:00,Building_C,127.35640000000002,True,gradual_drift
2026-03-04 16:00:00,Building_C,136.4276,True,gradual_drift
2026-03-04 17:00:00,Building_C,119.49160000000002,True,gradual_drift
2026-03-04 18:00:00,Building_C,118.63320000000002,True,gradual_drift
2026-03-04 19:00:00,Building_C,46.330400000000004,True,gradual_drift
2026-03-04 20:00:00,Building_C,53.97480000000001,True,gradual_drift
2026-03-04 21:00:00,Building_C,53.940000000000005,True,gradual_drift
2026-03-04 22:00:00,Building_C,48.058800000000005,True,gradual_drift
2026-03-04 23:00:00,Building_C,51.747600000000006,True,gradual_drift
2026-03-05 00:00:00,Building_C,41.99620000000001,True,gradual_drift
2026-03-05 01:00:00,Building_C,59.141600000000004,True,gradual_drift
2026-03-05 02:00:00,Building_C,49.12340000000001,True,gradual_drift
2026-03-05 03:00:00,Building_C,53.46580000000001,True,gradual_drift
2026-03-05 04:00:00,Building_C,45.25300000000001,True,gradual_drift
2026-03-05 05:00:00,Building_C,50.232600000000005,True,gradual_drift
2026-03-05 06:00:00,Building_C,52.02620000000001,True,gradual_drift
2026-03-05 07:00:00,Building_C,53.607400000000005,True,gradual_drift
2026-03-05 08:00:00,Building_C,126.68480000000001,True,gradual_drift
2026-03-05 09:00:00,Building_C,132.3488,True,gradual_drift
2026-03-05 10:00:00,Building_C,128.1834,True,gradual_drift
2026-03-05 11:00:00,Building_C,129.5286,True,gradual_drift
2026-03-05 12:00:00,Building_C,132.38420000000002,True,gradual_drift
2026-03-05 13:00:00,Building_C,127.21580000000002,True,gradual_drift
2026-03-05 14:00:00,Building_C,123.64040000000001,True,gradual_drift
2026-03-05 15:00:00,Building_C,129.81180000000003,True,gradual_drift
2026-03-05 16:00:00,Building_C,130.1894,True,gradual_drift
2026-03-05 17:00:00,Building_C,127.68780000000001,True,gradual_drift
2026-03-05 18:00:00,Building_C,115.27420000000001,True,gradual_drift
2026-03-05 19:00:00,Building_C,48.71040000000001,True,gradual_drift
2026-03-05 20:00:00,Building_C,52.049800000000005,True,gradual_drift
2026-03-05 21:00:00,Building_C,58.268400000000014,True,gradual_drift
2026-03-05 22:00:00,Building_C,53.54840000000001,True,gradual_drift
2026-03-05 23:00:00,Building_C,60.38060000000001,True,gradual_drift
2026-03-06 00:00:00,Building_C,62.472000000000016,True,gradual_drift
2026-03-06 01:00:00,Building_C,61.776,True,gradual_drift
2026-03-06 02:00:00,Building_C,61.812000000000005,True,gradual_drift
2026-03-06 03:00:00,Building_C,48.36000000000001,True,gradual_drift
2026-03-06 04:00:00,Building_C,57.480000000000004,True,gradual_drift
2026-03-06 05:00:00,Building_C,50.94000000000001,True,gradual_drift
2026-03-06 06:00:00,Building_C,44.68800000000001,True,gradual_drift
2026-03-06 07:00:00,Building_C,52.86000000000001,True,gradual_drift
2026-03-06 08:00:00,Building_C,133.90800000000002,True,gradual_drift
2026-03-06 09:00:00,Building_C,128.72400000000002,True,gradual_drift
2026-03-06 10:00:00,Building_C,138.06000000000003,True,gradual_drift
2026-03-06 11:00:00,Building_C,127.02000000000001,True,gradual_drift
2026-03-06 12:00:00,Building_C,140.64000000000001,True,gradual_drift
2026-03-06 13:00:00,Building_C,127.02000000000001,True,gradual_drift
2026-03-06 14:00:00,Building_C,126.09600000000002,True,gradual_drift
2026-03-06 15:00:00,Building_C,118.284,True,gradual_drift
2026-03-06 16:00:00,Building_C,132.62400000000002,True,gradual_drift
2026-03-06 17:00:00,Building_C,122.94000000000003,True,gradual_drift
2026-03-06 18:00:00,Building_C,122.07600000000002,True,gradual_drift
2026-03-06 19:00:00,Building_C,62.26800000000001,True,gradual_drift
2026-03-06 20:00:00,Building_C,61.53600000000001,True,gradual_drift
2026-03-06 21:00:00,Building_C,61.36800000000001,True,gradual_drift
2026-03-06 22:00:00,Building_C,52.40400000000001,True,gradual_drift
2026-03-06 23:00:00,Building_C,54.276,True,gradual_drift
2026-03-07 00:00:00,Building_C,55.131800000000005,True,gradual_drift
2026-03-07 01:00:00,Building_C,60.26800000000001,True,gradual_drift
2026-03-07 02:00:00,Building_C,64.965,True,gradual_drift
2026-03-07 03:00:00,Building_C,57.74260000000001,True,gradual_drift
2026-03-07 04:00:00,Building_C,67.53920000000001,True,gradual_drift
2026-03-07 05:00:00,Building_C,60.96340000000001,True,gradual_drift
2026-03-07 06:00:00,Building_C,54.058200000000014,True,gradual_drift
2026-03-07 07:00:00,Building_C,60.548600000000015,True,gradual_drift
2026-03-07 08:00:00,Building_C,65.8922,True,gradual_drift
2026-03-07 09:00:00,Building_C,67.68560000000001,True,gradual_drift
2026-03-07 10:00:00,Building_C,62.73240000000001,True,gradual_drift
2026-03-07 11:00:00,Building_C,55.644200000000005,True,gradual_drift
2026-03-07 12:00:00,Building_C,54.168000000000006,True,gradual_drift
2026-03-07 13:00:00,Building_C,58.99920000000001,True,gradual_drift
2026-03-07 14:00:00,Building_C,65.69700000000002,True,gradual_drift
2026-03-07 15:00:00,Building_C,58.13300000000001,True,gradual_drift
2026-03-07 16:00:00,Building_C,58.26720000000001,True,gradual_drift
2026-03-07 17:00:00,Building_C,55.80280000000001,True,gradual_drift
2026-03-07 18:00:00,Building_C,53.484800000000014,True,gradual_drift
2026-03-07 19:00:00,Building_C,54.49740000000001,True,gradual_drift
2026-03-07 20:00:00,Building_C,56.315200000000004,True,gradual_drift
2026-03-07 21:00:00,Building_C,65.96540000000002,True,gradual_drift
2026-03-07 22:00:00,Building_C,54.03380000000001,True,gradual_drift
2026-03-07 23:00:00,Building_C,55.81500000000001,True,gradual_drift
2026-03-08 00:00:00,Building_C,41.16,False,normal
2026-03-08 01:00:00,Building_C,49.07,False,normal
2026-03-08 02:00:00,Building_C,52.32,False,normal
2026-03-08 03:00:00,Building_C,53.61,False,normal
2026-03-08 04:00:00,Building_C,46.5,False,normal
2026-03-08 05:00:00,Building_C,48.36,False,normal
2026-03-08 06:00:00,Building_C,44.72,False,normal
2026-03-08 07:00:00,Building_C,48.12,False,normal
2026-03-08 08:00:00,Building_C,47.05,False,normal
2026-03-08 09:00:00,Building_C,45.78,False,normal
2026-03-08 10:00:00,Building_C,46.17,False,normal
2026-03-08 11:00:00,Building_C,47.74,False,normal
2026-03-08 12:00:00,Building_C,44.01,False,normal
2026-03-08 13:00:00,Building_C,44.27,False,normal
2026-03-08 14:00:00,Building_C,54.02,False,normal
2026-03-08 15:00:00,Building_C,59.04,False,normal
2026-03-08 16:00:00,Building_C,39.46,False,normal
2026-03-08 17:00:00,Building_C,39.19,False,normal
2026-03-08 18:00:00,Building_C,40.7,False,normal
2026-03-08 19:00:00,Building_C,44.97,False,normal
2026-03-08 20:00:00,Building_C,49.96,False,normal
2026-03-08 21:00:00,Building_C,48.44,False,normal
2026-03-08 22:00:00,Building_C,46.34,False,normal
2026-03-08 23:00:00,Building_C,48.13,False,normal
2026-03-09 00:00:00,Building_C,42.02,False,normal
2026-03-09 01:00:00,Building_C,44.26,False,normal
2026-03-09 02:00:00,Building_C,45.38,False,normal
2026-03-09 03:00:00,Building_C,37.56,False,normal
2026-03-09 04:00:00,Building_C,39.68,False,normal
2026-03-09 05:00:00,Building_C,39.88,False,normal
2026-03-09 06:00:00,Building_C,49.3,False,normal
2026-03-09 07:00:00,Building_C,46.71,False,normal
2026-03-09 08:00:00,Building_C,108.02,False,normal
2026-03-09 09:00:00,Building_C,95.77,False,normal
2026-03-09 10:00:00,Building_C,97.55,False,normal
2026-03-09 11:00:00,Building_C,108.28,False,normal
2026-03-09 12:00:00,Building_C,91.07,False,normal
2026-03-09 13:00:00,Building_C,111.09,False,normal
2026-03-09 14:00:00,Building_C,95.85,False,normal
2026-03-09 15:00:00,Building_C,109.18,False,normal
2026-03-09 16:00:00,Building_C,100.52,False,normal
2026-03-09 17:00:00,Building_C,110.21,False,normal
2026-03-09 18:00:00,Building_C,121.0,False,normal
2026-03-09 19:00:00,Building_C,34.12,False,normal
2026-03-09 20:00:00,Building_C,48.96,False,normal
2026-03-09 21:00:00,Building_C,36.44,False,normal
2026-03-09 22:00:00,Building_C,47.62,False,normal
2026-03-09 23:00:00,Building_C,44.45,False,normal
2026-03-10 00:00:00,Building_C,46.13,False,normal
2026-03-10 01:00:00,Building_C,40.93,False,normal
2026-03-10 02:00:00,Building_C,49.39,False,normal
2026-03-10 03:00:00,Building_C,38.24,False,normal
2026-03-10 04:00:00,Building_C,51.69,False,normal
2026-03-10 05:00:00,Building_C,43.44,False,normal
2026-03-10 06:00:00,Building_C,38.47,False,normal
2026-03-10 07:00:00,Building_C,53.46,False,normal
2026-03-10 08:00:00,Building_C,104.63,False,normal
2026-03-10 09:00:00,Building_C,114.5,False,normal
2026-03-10 10:00:00,Building_C,111.07,False,normal
2026-03-10 11:00:00,Building_C,100.97,False,normal
2026-03-10 12:00:00,Building_C,104.54,False,normal
2026-03-10 13:00:00,Building_C,105.57,False,normal
2026-03-10 14:00:00,Building_C,112.6,False,normal
2026-03-10 15:00:00,Building_C,107.15,False,normal
2026-03-10 16:00:00,Building_C,105.85,False,normal
2026-03-10 17:00:00,Building_C,103.96,False,normal
2026-03-10 18:00:00,Building_C,104.71,False,normal
2026-03-10 19:00:00,Building_C,52.01,False,normal
2026-03-10 20:00:00,Building_C,45.5,False,normal
2026-03-10 21:00:00,Building_C,43.51,False,normal
2026-03-10 22:00:00,Building_C,42.66,False,normal
2026-03-10 23:00:00,Building_C,42.72,False,normal
2026-03-11 00:00:00,Building_C,38.47,False,normal
2026-03-11 01:00:00,Building_C,41.73,False,normal
2026-03-11 02:00:00,Building_C,52.98,False,normal
2026-03-11 03:00:00,Building_C,44.45,False,normal
2026-03-11 04:00:00,Building_C,49.01,False,normal
2026-03-11 05:00:00,Building_C,33.09,False,normal
2026-03-11 06:00:00,Building_C,48.33,False,normal
2026-03-11 07:00:00,Building_C,44.68,False,normal
2026-03-11 08:00:00,Building_C,102.56,False,normal
2026-03-11 09:00:00,Building_C,105.87,False,normal
2026-03-11 10:00:00,Building_C,102.48,False,normal
2026-03-11 11:00:00,Building_C,94.34,False,normal
2026-03-11 12:00:00,Building_C,109.58,False,normal
2026-03-11 13:00:00,Building_C,106.18,False,normal
2026-03-11 14:00:00,Building_C,103.39,False,normal
2026-03-11 15:00:00,Building_C,100.13,False,normal
2026-03-11 16:00:00,Building_C,97.61,False,normal
2026-03-11 17:00:00,Building_C,106.08,False,normal
2026-03-11 18:00:00,Building_C,113.03,False,normal
2026-03-11 19:00:00,Building_C,46.5,False,normal
2026-03-11 20:00:00,Building_C,38.57,False,normal
2026-03-11 21:00:00,Building_C,46.61,False,normal
2026-03-11 22:00:00,Building_C,45.22,False,normal
2026-03-11 23:00:00,Building_C,49.8,False,normal
2026-03-12 00:00:00,Building_C,48.52,False,normal
2026-03-12 01:00:00,Building_C,30.56,False,normal
2026-03-12 02:00:00,Building_C,48.21,False,normal
2026-03-12 03:00:00,Building_C,40.47,False,normal
2026-03-12 04:00:00,Building_C,38.38,False,normal
2026-03-12 05:00:00,Building_C,44.54,False,normal
2026-03-12 06:00:00,Building_C,47.54,False,normal
2026-03-12 07:00:00,Building_C,37.28,False,normal
2026-03-12 08:00:00,Building_C,108.49,False,normal
2026-03-12 09:00:00,Building_C,108.78,False,normal
2026-03-12 10:00:00,Building_C,105.2,False,normal
2026-03-12 11:00:00,Building_C,100.63,False,normal
2026-03-12 12:00:00,Building_C,100.07,False,normal
2026-03-12 13:00:00,Building_C,110.09,False,normal
2026-03-12 14:00:00,Building_C,97.41,False,normal
2026-03-12 15:00:00,Building_C,110.29,False,normal
2026-03-12 16:00:00,Building_C,104.14,False,normal
2026-03-12 17:00:00,Building_C,104.48,False,normal
2026-03-12 18:00:00,Building_C,96.42,False,normal
2026-03-12 19:00:00,Building_C,44.75,False,normal
2026-03-12 20:00:00,Building_C,48.55,False,normal
2026-03-12 21:00:00,Building_C,38.8,False,normal
2026-03-12 22:00:00,Building_C,47.98,False,normal
2026-03-12 23:00:00,Building_C,45.93,False,normal
2026-03-13 00:00:00,Building_C,42.27,False,normal
2026-03-13 01:00:00,Building_C,49.76,False,normal
2026-03-13 02:00:00,Building_C,34.47,False,normal
2026-03-13 03:00:00,Building_C,47.22,False,normal
2026-03-13 04:00:00,Building_C,53.58,False,normal
2026-03-13 05:00:00,Building_C,52.68,False,normal
2026-03-13 06:00:00,Building_C,47.43,False,normal
2026-03-13 07:00:00,Building_C,43.98,False,normal
2026-03-13 08:00:00,Building_C,101.78,False,normal
2026-03-13 09:00:00,Building_C,103.45,False,normal
2026-03-13 10:00:00,Building_C,107.68,False,normal
2026-03-13 11:00:00,Building_C,100.93,False,normal
2026-03-13 12:00:00,Building_C,108.75,False,normal
2026-03-13 13:00:00,Building_C,115.63,False,normal
2026-03-13 14:00:00,Building_C,104.65,False,normal
2026-03-13 15:00:00,Building_C,98.24,False,normal
2026-03-13 16:00:00,Building_C,98.24,False,normal
2026-03-13 17:00:00,Building_C,108.85,False,normal
2026-03-13 18:00:00,Building_C,104.67,False,normal
2026-03-13 19:00:00,Building_C,49.87,False,normal
2026-03-13 20:00:00,Building_C,42.82,False,normal
2026-03-13 21:00:00,Building_C,49.64,False,normal
2026-03-13 22:00:00,Building_C,44.69,False,normal
2026-03-13 23:00:00,Building_C,41.82,False,normal
2026-03-14 00:00:00,Building_C,43.48,False,normal
2026-03-14 01:00:00,Building_C,39.5,False,normal
2026-03-14 02:00:00,Building_C,55.43,False,normal
2026-03-14 03:00:00,Building_C,45.0,False,normal
2026-03-14 04:00:00,Building_C,48.71,False,normal
2026-03-14 05:00:00,Building_C,42.8,False,normal
2026-03-14 06:00:00,Building_C,40.22,False,normal
2026-03-14 07:00:00,Building_C,44.31,False,normal
2026-03-14 08:00:00,Building_C,50.99,False,normal
2026-03-14 09:00:00,Building_C,42.88,False,normal
2026-03-14 10:00:00,Building_C,41.13,False,normal
2026-03-14 11:00:00,Building_C,46.26,False,normal
2026-03-14 12:00:00,Building_C,47.98,False,normal
2026-03-14 13:00:00,Building_C,53.7,False,normal
2026-03-14 14:00:00,Building_C,47.25,False,normal
2026-03-14 15:00:00,Building_C,48.7,False,normal
2026-03-14 16:00:00,Building_C,49.08,False,normal
2026-03-14 17:00:00,Building_C,39.72,False,normal
2026-03-14 18:00:00,Building_C,40.67,False,normal
2026-03-14 19:00:00,Building_C,40.06,False,normal
2026-03-14 20:00:00,Building_C,38.82,False,normal
2026-03-14 21:00:00,Building_C,49.46,False,normal
2026-03-14 22:00:00,Building_C,46.93,False,normal
2026-03-14 23:00:00,Building_C,45.88,False,normal
2026-03-15 00:00:00,Building_C,32.52,False,normal
2026-03-15 01:00:00,Building_C,55.76,False,normal
2026-03-15 02:00:00,Building_C,41.01,False,normal
2026-03-15 03:00:00,Building_C,55.74,False,normal
2026-03-15 04:00:00,Building_C,38.24,False,normal
2026-03-15 05:00:00,Building_C,41.42,False,normal
2026-03-15 06:00:00,Building_C,34.47,False,normal
2026-03-15 07:00:00,Building_C,47.29,False,normal
2026-03-15 08:00:00,Building_C,39.98,False,normal
2026-03-15 09:00:00,Building_C,40.12,False,normal
2026-03-15 10:00:00,Building_C,38.62,False,normal
2026-03-15 11:00:00,Building_C,49.37,False,normal
2026-03-15 12:00:00,Building_C,49.04,False,normal
2026-03-15 13:00:00,Building_C,54.54,False,normal
2026-03-15 14:00:00,Building_C,42.06,False,normal
2026-03-15 15:00:00,Building_C,46.58,False,normal
2026-03-15 16:00:00,Building_C,39.04,False,normal
2026-03-15 17:00:00,Building_C,43.81,False,normal
2026-03-15 18:00:00,Building_C,42.89,False,normal
2026-03-15 19:00:00,Building_C,47.81,False,normal
2026-03-15 20:00:00,Building_C,50.57,False,normal
2026-03-15 21:00:00,Building_C,50.44,False,normal
2026-03-15 22:00:00,Building_C,41.27,False,normal
2026-03-15 23:00:00,Building_C,50.48,False,normal
2026-03-16 00:00:00,Building_C,45.26,False,normal
2026-03-16 01:00:00,Building_C,43.86,False,normal
2026-03-16 02:00:00,Building_C,41.94,False,normal
2026-03-16 03:00:00,Building_C,42.68,False,normal
2026-03-16 04:00:00,Building_C,54.2,False,normal
2026-03-16 05:00:00,Building_C,47.02,False,normal
2026-03-16 06:00:00,Building_C,46.36,False,normal
2026-03-16 07:00:00,Building_C,44.17,False,normal
2026-03-16 08:00:00,Building_C,117.19,False,normal
2026-03-16 09:00:00,Building_C,111.49,False,normal
2026-03-16 10:00:00,Building_C,101.36,False,normal
2026-03-16 11:00:00,Building_C,103.6,False,normal
2026-03-16 12:00:00,Building_C,103.89,False,normal
2026-03-16 13:00:00,Building_C,105.69,False,normal
2026-03-16 14:00:00,Building_C,101.46,False,normal
2026-03-16 15:00:00,Building_C,107.16,False,normal
2026-03-16 16:00:00,Building_C,112.22,False,normal
2026-03-16 17:00:00,Building_C,98.4,False,normal
2026-03-16 18:00:00,Building_C,99.32,False,normal
2026-03-16 19:00:00,Building_C,43.07,False,normal
2026-03-16 20:00:00,Building_C,43.3,False,normal
2026-03-16 21:00:00,Building_C,55.48,False,normal
2026-03-16 22:00:00,Building_C,50.49,False,normal
2026-03-16 23:00:00,Building_C,50.21,False,normal
2026-03-17 00:00:00,Building_C,44.16,False,normal
2026-03-17 01:00:00,Building_C,44.05,False,normal
2026-03-17 02:00:00,Building_C,38.23,False,normal
2026-03-17 03:00:00,Building_C,49.39,False,normal
2026-03-17 04:00:00,Building_C,47.94,False,normal
2026-03-17 05:00:00,Building_C,51.91,False,normal
2026-03-17 06:00:00,Building_C,44.43,False,normal
2026-03-17 07:00:00,Building_C,44.78,False,normal
2026-03-17 08:00:00,Building_C,105.81,False,normal
2026-03-17 09:00:00,Building_C,109.42,False,normal
2026-03-17 10:00:00,Building_C,97.61,False,normal
2026-03-17 11:00:00,Building_C,108.64,False,normal
2026-03-17 12:00:00,Building_C,104.86,False,normal
2026-03-17 13:00:00,Building_C,99.67,False,normal
2026-03-17 14:00:00,Building_C,94.54,False,normal
2026-03-17 15:00:00,Building_C,104.28,False,normal
2026-03-17 16:00:00,Building_C,112.2,False,normal
2026-03-17 17:00:00,Building_C,113.34,False,normal
2026-03-17 18:00:00,Building_C,106.74,False,normal
2026-03-17 19:00:00,Building_C,55.29,False,normal
2026-03-17 20:00:00,Building_C,45.27,False,normal
2026-03-17 21:00:00,Building_C,50.25,False,normal
2026-03-17 22:00:00,Building_C,43.23,False,normal
2026-03-17 23:00:00,Building_C,42.91,False,normal
2026-03-18 00:00:00,Building_C,42.1,False,normal
2026-03-18 01:00:00,Building_C,35.18,False,normal
2026-03-18 02:00:00,Building_C,51.92,False,normal
2026-03-18 03:00:00,Building_C,42.28,False,normal
2026-03-18 04:00:00,Building_C,41.48,False,normal
2026-03-18 05:00:00,Building_C,39.58,False,normal
2026-03-18 06:00:00,Building_C,44.46,False,normal
2026-03-18 07:00:00,Building_C,54.3,False,normal
2026-03-18 08:00:00,Building_C,115.43,False,normal
2026-03-18 09:00:00,Building_C,96.66,False,normal
2026-03-18 10:00:00,Building_C,103.19,False,normal
2026-03-18 11:00:00,Building_C,99.79,False,normal
2026-03-18 12:00:00,Building_C,109.91,False,normal
2026-03-18 13:00:00,Building_C,106.4,False,normal
2026-03-18 14:00:00,Building_C,101.78,False,normal
2026-03-18 15:00:00,Building_C,105.33,False,normal
2026-03-18 16:00:00,Building_C,102.58,False,normal
2026-03-18 17:00:00,Building_C,113.04,False,normal
2026-03-18 18:00:00,Building_C,107.7,False,normal
2026-03-18 19:00:00,Building_C,48.83,False,normal
2026-03-18 20:00:00,Building_C,32.15,False,normal
2026-03-18 21:00:00,Building_C,45.15,False,normal
2026-03-18 22:00:00,Building_C,55.9,False,normal
2026-03-18 23:00:00,Building_C,52.11,False,normal
2026-03-19 00:00:00,Building_C,36.25,False,normal
2026-03-19 01:00:00,Building_C,43.92,False,normal
2026-03-19 02:00:00,Building_C,39.48,False,normal
2026-03-19 03:00:00,Building_C,54.04,False,normal
2026-03-19 04:00:00,Building_C,46.71,False,normal
2026-03-19 05:00:00,Building_C,41.65,False,normal
2026-03-19 06:00:00,Building_C,45.66,False,normal
2026-03-19 07:00:00,Building_C,32.45,False,normal
2026-03-19 08:00:00,Building_C,99.54,False,normal
2026-03-19 09:00:00,Building_C,105.15,False,normal
2026-03-19 10:00:00,Building_C,109.19,False,normal
2026-03-19 11:00:00,Building_C,95.26,False,normal
2026-03-19 12:00:00,Building_C,103.06,False,normal
2026-03-19 13:00:00,Building_C,110.01,False,normal
2026-03-19 14:00:00,Building_C,97.71,False,normal
2026-03-19 15:00:00,Building_C,106.11,False,normal
2026-03-19 16:00:00,Building_C,105.29,False,normal
2026-03-19 17:00:00,Building_C,113.54,False,normal
2026-03-19 18:00:00,Building_C,103.81,False,normal
2026-03-19 19:00:00,Building_C,44.63,False,normal
2026-03-19 20:00:00,Building_C,49.76,False,normal
2026-03-19 21:00:00,Building_C,38.85,False,normal
2026-03-19 22:00:00,Building_C,44.38,False,normal
2026-03-19 23:00:00,Building_C,43.21,False,normal
2026-03-20 00:00:00,Building_C,44.79,False,normal
2026-03-20 01:00:00,Building_C,49.73,False,normal
2026-03-20 02:00:00,Building_C,48.26,False,normal
2026-03-20 03:00:00,Building_C,41.74,False,normal
2026-03-20 04:00:00,Building_C,46.17,False,normal
2026-03-20 05:00:00,Building_C,52.94,False,normal
2026-03-20 06:00:00,Building_C,41.33,False,normal
2026-03-20 07:00:00,Building_C,46.21,False,normal
2026-03-20 08:00:00,Building_C,104.0,False,normal
2026-03-20 09:00:00,Building_C,104.65,False,normal
2026-03-20 10:00:00,Building_C,96.81,False,normal
2026-03-20 11:00:00,Building_C,112.02,False,normal
2026-03-20 12:00:00,Building_C,101.09,False,normal
2026-03-20 13:00:00,Building_C,110.09,False,normal
2026-03-20 14:00:00,Building_C,101.86,False,normal
2026-03-20 15:00:00,Building_C,101.84,False,normal
2026-03-20 16:00:00,Building_C,111.03,False,normal
2026-03-20 17:00:00,Building_C,109.93,False,normal
2026-03-20 18:00:00,Building_C,106.01,False,normal
2026-03-20 19:00:00,Building_C,49.29,False,normal
2026-03-20 20:00:00,Building_C,44.04,False,normal
2026-03-20 21:00:00,Building_C,45.44,False,normal
2026-03-20 22:00:00,Building_C,42.18,False,normal
2026-03-20 23:00:00,Building_C,50.0,False,normal
2026-03-21 00:00:00,Building_C,42.02,False,normal
2026-03-21 01:00:00,Building_C,52.91,False,normal
2026-03-21 02:00:00,Building_C,43.91,False,normal
2026-03-21 03:00:00,Building_C,45.59,False,normal
2026-03-21 04:00:00,Building_C,49.28,False,normal
2026-03-21 05:00:00,Building_C,45.6,False,normal
2026-03-21 06:00:00,Building_C,43.99,False,normal
2026-03-21 07:00:00,Building_C,45.33,False,normal
2026-03-21 08:00:00,Building_C,49.95,False,normal
2026-03-21 09:00:00,Building_C,42.17,False,normal
2026-03-21 10:00:00,Building_C,44.85,False,normal
2026-03-21 11:00:00,Building_C,45.54,False,normal
2026-03-21 12:00:00,Building_C,49.81,False,normal
2026-03-21 13:00:00,Building_C,44.99,False,normal
2026-03-21 14:00:00,Building_C,54.53,False,normal
2026-03-21 15:00:00,Building_C,44.7,False,normal
2026-03-21 16:00:00,Building_C,44.3,False,normal
2026-03-21 17:00:00,Building_C,44.63,False,normal
2026-03-21 18:00:00,Building_C,38.9,False,normal
2026-03-21 19:00:00,Building_C,40.3,False,normal
2026-03-21 20:00:00,Building_C,42.83,False,normal
2026-03-21 21:00:00,Building_C,51.16,False,normal
2026-03-21 22:00:00,Building_C,45.32,False,normal
2026-03-21 23:00:00,Building_C,43.06,False,normal
2026-03-22 00:00:00,Building_C,51.62,False,normal
2026-03-22 01:00:00,Building_C,53.24,False,normal
2026-03-22 02:00:00,Building_C,51.76,False,normal
2026-03-22 03:00:00,Building_C,41.22,False,normal
2026-03-22 04:00:00,Building_C,43.01,False,normal
2026-03-22 05:00:00,Building_C,54.55,False,normal
2026-03-22 06:00:00,Building_C,46.69,False,normal
2026-03-22 07:00:00,Building_C,44.15,False,normal
2026-03-22 08:00:00,Building_C,49.08,False,normal
2026-03-22 09:00:00,Building_C,50.52,False,normal
2026-03-22 10:00:00,Building_C,42.63,False,normal
2026-03-22 11:00:00,Building_C,46.58,False,normal
2026-03-22 12:00:00,Building_C,50.12,False,normal
2026-03-22 13:00:00,Building_C,39.68,False,normal
2026-03-22 14:00:00,Building_C,45.55,False,normal
2026-03-22 15:00:00,Building_C,39.91,False,normal
2026-03-22 16:00:00,Building_C,40.57,False,normal
2026-03-22 17:00:00,Building_C,42.67,False,normal
2026-03-22 18:00:00,Building_C,47.87,False,normal
2026-03-22 19:00:00,Building_C,43.87,False,normal
2026-03-22 20:00:00,Building_C,42.24,False,normal
2026-03-22 21:00:00,Building_C,45.74,False,normal
2026-03-22 22:00:00,Building_C,39.75,False,normal
2026-03-22 23:00:00,Building_C,47.63,False,normal
2026-03-23 00:00:00,Building_C,51.14,False,normal
2026-03-23 01:00:00,Building_C,45.09,False,normal
2026-03-23 02:00:00,Building_C,44.47,False,normal
2026-03-23 03:00:00,Building_C,47.35,False,normal
2026-03-23 04:00:00,Building_C,35.34,False,normal
2026-03-23 05:00:00,Building_C,48.17,False,normal
2026-03-23 06:00:00,Building_C,60.99,False,normal
2026-03-23 07:00:00,Building_C,44.87,False,normal
2026-03-23 08:00:00,Building_C,104.37,False,normal
2026-03-23 09:00:00,Building_C,108.68,False,normal
2026-03-23 10:00:00,Building_C,113.19,False,normal
2026-03-23 11:00:00,Building_C,109.84,False,normal
2026-03-23 12:00:00,Building_C,94.19,False,normal
2026-03-23 13:00:00,Building_C,107.78,False,normal
2026-03-23 14:00:00,Building_C,117.82,False,normal
2026-03-23 15:00:00,Building_C,108.08,False,normal
2026-03-23 16:00:00,Building_C,99.19,False,normal
2026-03-23 17:00:00,Building_C,106.37,False,normal
2026-03-23 18:00:00,Building_C,98.56,False,normal
2026-03-23 19:00:00,Building_C,51.65,False,normal
2026-03-23 20:00:00,Building_C,40.7,False,normal
2026-03-23 21:00:00,Building_C,45.86,False,normal
2026-03-23 22:00:00,Building_C,41.2,False,normal
2026-03-23 23:00:00,Building_C,42.75,False,normal
2026-03-24 00:00:00,Building_C,52.92,False,normal
2026-03-24 01:00:00,Building_C,46.0,False,normal
2026-03-24 02:00:00,Building_C,42.69,False,normal
2026-03-24 03:00:00,Building_C,39.76,False,normal
2026-03-24 04:00:00,Building_C,36.13,False,normal
2026-03-24 05:00:00,Building_C,39.23,False,normal
2026-03-24 06:00:00,Building_C,46.04,False,normal
2026-03-24 07:00:00,Building_C,50.39,False,normal
2026-03-24 08:00:00,Building_C,102.16,False,normal
2026-03-24 09:00:00,Building_C,112.82,False,normal
2026-03-24 10:00:00,Building_C,101.38,False,normal
2026-03-24 11:00:00,Building_C,103.77,False,normal
2026-03-24 12:00:00,Building_C,99.57,False,normal
2026-03-24 13:00:00,Building_C,109.92,False,normal
2026-03-24 14:00:00,Building_C,115.45,False,normal
2026-03-24 15:00:00,Building_C,96.15,False,normal
2026-03-24 16:00:00,Building_C,103.23,False,normal
2026-03-24 17:00:00,Building_C,111.29,False,normal
2026-03-24 18:00:00,Building_C,97.73,False,normal
2026-03-24 19:00:00,Building_C,48.32,False,normal
2026-03-24 20:00:00,Building_C,51.59,False,normal
2026-03-24 21:00:00,Building_C,45.88,False,normal
2026-03-24 22:00:00,Building_C,48.24,False,normal
2026-03-24 23:00:00,Building_C,54.29,False,normal
2026-03-25 00:00:00,Building_C,55.23,False,normal
2026-03-25 01:00:00,Building_C,45.17,False,normal
2026-03-25 02:00:00,Building_C,42.82,False,normal
2026-03-25 03:00:00,Building_C,40.88,False,normal
2026-03-25 04:00:00,Building_C,50.37,False,normal
2026-03-25 05:00:00,Building_C,38.63,False,normal
2026-03-25 06:00:00,Building_C,44.22,False,normal
2026-03-25 07:00:00,Building_C,46.0,False,normal
2026-03-25 08:00:00,Building_C,102.45,False,normal
2026-03-25 09:00:00,Building_C,106.36,False,normal
2026-03-25 10:00:00,Building_C,117.79,False,normal
2026-03-25 11:00:00,Building_C,104.36,False,normal
2026-03-25 12:00:00,Building_C,102.79,False,normal
2026-03-25 13:00:00,Building_C,110.04,False,normal
2026-03-25 14:00:00,Building_C,106.16,False,normal
2026-03-25 15:00:00,Building_C,112.16,False,normal
2026-03-25 16:00:00,Building_C,105.79,False,normal
2026-03-25 17:00:00,Building_C,103.72,False,normal
2026-03-25 18:00:00,Building_C,96.05,False,normal
2026-03-25 19:00:00,Building_C,37.39,False,normal
2026-03-25 20:00:00,Building_C,36.31,False,normal
2026-03-25 21:00:00,Building_C,47.38,False,normal
2026-03-25 22:00:00,Building_C,38.67,False,normal
2026-03-25 23:00:00,Building_C,51.76,False,normal
2026-03-26 00:00:00,Building_C,45.64,False,normal
2026-03-26 01:00:00,Building_C,44.26,False,normal
2026-03-26 02:00:00,Building_C,41.27,False,normal
2026-03-26 03:00:00,Building_C,48.6,False,normal
2026-03-26 04:00:00,Building_C,41.46,False,normal
2026-03-26 05:00:00,Building_C,40.56,False,normal
2026-03-26 06:00:00,Building_C,51.43,False,normal
2026-03-26 07:00:00,Building_C,47.26,False,normal
2026-03-26 08:00:00,Building_C,103.79,False,normal
2026-03-26 09:00:00,Building_C,108.17,False,normal
2026-03-26 10:00:00,Building_C,105.01,False,normal
2026-03-26 11:00:00,Building_C,106.88,False,normal
2026-03-26 12:00:00,Building_C,100.88,False,normal
2026-03-26 13:00:00,Building_C,115.32,False,normal
2026-03-26 14:00:00,Building_C,102.07,False,normal
2026-03-26 15:00:00,Building_C,112.74,False,normal
2026-03-26 16:00:00,Building_C,104.02,False,normal
2026-03-26 17:00:00,Building_C,109.0,False,normal
2026-03-26 18:00:00,Building_C,108.63,False,normal
2026-03-26 19:00:00,Building_C,51.22,False,normal
2026-03-26 20:00:00,Building_C,41.28,False,normal
2026-03-26 21:00:00,Building_C,50.86,False,normal
2026-03-26 22:00:00,Building_C,54.72,False,normal
2026-03-26 23:00:00,Building_C,44.19,False,normal
2026-03-27 00:00:00,Building_C,45.66,False,normal
2026-03-27 01:00:00,Building_C,42.87,False,normal
2026-03-27 02:00:00,Building_C,43.75,False,normal
2026-03-27 03:00:00,Building_C,54.04,False,normal
2026-03-27 04:00:00,Building_C,40.46,False,normal
2026-03-27 05:00:00,Building_C,40.77,False,normal
2026-03-27 06:00:00,Building_C,53.54,False,normal
2026-03-27 07:00:00,Building_C,48.61,False,normal
2026-03-27 08:00:00,Building_C,115.57,False,normal
2026-03-27 09:00:00,Building_C,102.71,False,normal
2026-03-27 10:00:00,Building_C,105.6,False,normal
2026-03-27 11:00:00,Building_C,101.66,False,normal
2026-03-27 12:00:00,Building_C,105.68,False,normal
2026-03-27 13:00:00,Building_C,96.09,False,normal
2026-03-27 14:00:00,Building_C,108.39,False,normal
2026-03-27 15:00:00,Building_C,106.58,False,normal
2026-03-27 16:00:00,Building_C,104.68,False,normal
2026-03-27 17:00:00,Building_C,103.01,False,normal
2026-03-27 18:00:00,Building_C,100.49,False,normal
2026-03-27 19:00:00,Building_C,49.12,False,normal
2026-03-27 20:00:00,Building_C,39.63,False,normal
2026-03-27 21:00:00,Building_C,48.04,False,normal
2026-03-27 22:00:00,Building_C,55.86,False,normal
2026-03-27 23:00:00,Building_C,52.91,False,normal
2026-03-28 00:00:00,Building_C,37.96,False,normal
2026-03-28 01:00:00,Building_C,42.8,False,normal
2026-03-28 02:00:00,Building_C,47.59,False,normal
2026-03-28 03:00:00,Building_C,45.13,False,normal
2026-03-28 04:00:00,Building_C,38.49,False,normal
2026-03-28 05:00:00,Building_C,47.41,False,normal
2026-03-28 06:00:00,Building_C,45.43,False,normal
2026-03-28 07:00:00,Building_C,55.06,False,normal
2026-03-28 08:00:00,Building_C,44.22,False,normal
2026-03-28 09:00:00,Building_C,51.32,False,normal
2026-03-28 10:00:00,Building_C,39.15,False,normal
2026-03-28 11:00:00,Building_C,40.34,False,normal
2026-03-28 12:00:00,Building_C,49.09,False,normal
2026-03-28 13:00:00,Building_C,50.9,False,normal
2026-03-28 14:00:00,Building_C,40.7,False,normal
2026-03-28 15:00:00,Building_C,45.6,False,normal
2026-03-28 16:00:00,Building_C,38.58,False,normal
2026-03-28 17:00:00,Building_C,44.58,False,normal
2026-03-28 18:00:00,Building_C,49.67,False,normal
2026-03-28 19:00:00,Building_C,43.31,False,normal
2026-03-28 20:00:00,Building_C,44.24,False,normal
2026-03-28 21:00:00,Building_C,39.84,False,normal
2026-03-28 22:00:00,Building_C,42.24,False,normal
2026-03-28 23:00:00,Building_C,54.27,False,normal
2026-03-29 00:00:00,Building_C,45.85,False,normal
2026-03-29 01:00:00,Building_C,40.47,False,normal
2026-03-29 02:00:00,Building_C,43.91,False,normal
2026-03-29 03:00:00,Building_C,37.5,False,normal
2026-03-29 04:00:00,Building_C,40.41,False,normal
2026-03-29 05:00:00,Building_C,52.29,False,normal
2026-03-29 06:00:00,Building_C,44.77,False,normal
2026-03-29 07:00:00,Building_C,54.94,False,normal
2026-03-29 08:00:00,Building_C,45.01,False,normal
2026-03-29 09:00:00,Building_C,45.3,False,normal
2026-03-29 10:00:00,Building_C,48.69,False,normal
2026-03-29 11:00:00,Building_C,32.12,False,normal
2026-03-29 12:00:00,Building_C,46.51,False,normal
2026-03-29 13:00:00,Building_C,45.24,False,normal
2026-03-29 14:00:00,Building_C,52.91,False,normal
2026-03-29 15:00:00,Building_C,50.31,False,normal
2026-03-29 16:00:00,Building_C,39.82,False,normal
2026-03-29 17:00:00,Building_C,51.7,False,normal
2026-03-29 18:00:00,Building_C,44.17,False,normal
2026-03-29 19:00:00,Building_C,40.96,False,normal
2026-03-29 20:00:00,Building_C,46.47,False,normal
2026-03-29 21:00:00,Building_C,44.47,False,normal
2026-03-29 22:00:00,Building_C,53.18,False,normal
2026-03-29 23:00:00,Building_C,47.19,False,normal
2026-03-30 00:00:00,Building_C,46.51,False,normal
2026-03-30 01:00:00,Building_C,49.99,False,normal
2026-03-30 02:00:00,Building_C,50.95,False,normal
2026-03-30 03:00:00,Building_C,49.4,False,normal
2026-03-30 04:00:00,Building_C,52.58,False,normal
2026-03-30 05:00:00,Building_C,48.53,False,normal
2026-03-30 06:00:00,Building_C,46.32,False,normal
2026-03-30 07:00:00,Building_C,51.68,False,normal
2026-03-30 08:00:00,Building_C,104.51,False,normal
2026-03-30 09:00:00,Building_C,105.13,False,normal
2026-03-30 10:00:00,Building_C,113.57,False,normal
2026-03-30 11:00:00,Building_C,113.07,False,normal
2026-03-30 12:00:00,Building_C,104.92,False,normal
2026-03-30 13:00:00,Building_C,102.7,False,normal
2026-03-30 14:00:00,Building_C,112.28,False,normal
2026-03-30 15:00:00,Building_C,108.97,False,normal
2026-03-30 16:00:00,Building_C,106.54,False,normal
2026-03-30 17:00:00,Building_C,103.35,False,normal
2026-03-30 18:00:00,Building_C,106.62,False,normal
2026-03-30 19:00:00,Building_C,45.38,False,normal
2026-03-30 20:00:00,Building_C,42.16,False,normal
2026-03-30 21:00:00,Building_C,46.13,False,normal
2026-03-30 22:00:00,Building_C,46.81,False,normal
2026-03-30 23:00:00,Building_C,43.61,False,normal
2026-03-31 00:00:00,Building_C,50.0,False,normal
2026-03-31 01:00:00,Building_C,51.93,False,normal
2026-03-31 02:00:00,Building_C,50.33,False,normal
2026-03-31 03:00:00,Building_C,44.1,False,normal
2026-03-31 04:00:00,Building_C,49.26,False,normal
2026-03-31 05:00:00,Building_C,45.87,False,normal
2026-03-31 06:00:00,Building_C,39.31,False,normal
2026-03-31 07:00:00,Building_C,48.85,False,normal
2026-03-31 08:00:00,Building_C,105.69,False,normal
2026-03-31 09:00:00,Building_C,117.93,False,normal
2026-03-31 10:00:00,Building_C,112.25,False,normal
2026-03-31 11:00:00,Building_C,108.52,False,normal
2026-03-31 12:00:00,Building_C,106.21,False,normal
2026-03-31 13:00:00,Building_C,105.78,False,normal
2026-03-31 14:00:00,Building_C,99.95,False,normal
2026-03-31 15:00:00,Building_C,96.27,False,normal
2026-03-31 16:00:00,Building_C,100.6,False,normal
2026-03-31 17:00:00,Building_C,104.73,False,normal
2026-03-31 18:00:00,Building_C,94.44,False,normal
2026-03-31 19:00:00,Building_C,42.76,False,normal
2026-03-31 20:00:00,Building_C,44.25,False,normal
2026-03-31 21:00:00,Building_C,44.41,False,normal
2026-03-31 22:00:00,Building_C,42.18,False,normal
2026-03-31 23:00:00,Building_C,43.78,False,normal
2026-01-01 00:00:00,Building_D,65.49,False,normal
2026-01-01 01:00:00,Building_D,59.37,False,normal
2026-01-01 02:00:00,Building_D,61.83,False,normal
2026-01-01 03:00:00,Building_D,62.03,False,normal
2026-01-01 04:00:00,Building_D,58.34,False,normal
2026-01-01 05:00:00,Building_D,58.33,False,normal
2026-01-01 06:00:00,Building_D,67.23,False,normal
2026-01-01 07:00:00,Building_D,60.08,False,normal
2026-01-01 08:00:00,Building_D,138.01,False,normal
2026-01-01 09:00:00,Building_D,143.27,False,normal
2026-01-01 10:00:00,Building_D,144.07,False,normal
2026-01-01 11:00:00,Building_D,133.62,False,normal
2026-01-01 12:00:00,Building_D,143.28,False,normal
2026-01-01 13:00:00,Building_D,147.82,False,normal
2026-01-01 14:00:00,Building_D,145.74,False,normal
2026-01-01 15:00:00,Building_D,154.63,False,normal
2026-01-01 16:00:00,Building_D,149.74,False,normal
2026-01-01 17:00:00,Building_D,150.73,False,normal
2026-01-01 18:00:00,Building_D,157.48,False,normal
2026-01-01 19:00:00,Building_D,65.97,False,normal
2026-01-01 20:00:00,Building_D,62.99,False,normal
2026-01-01 21:00:00,Building_D,67.04,False,normal
2026-01-01 22:00:00,Building_D,59.38,False,normal
2026-01-01 23:00:00,Building_D,62.71,False,normal
2026-01-02 00:00:00,Building_D,58.94,False,normal
2026-01-02 01:00:00,Building_D,64.17,False,normal
2026-01-02 02:00:00,Building_D,58.92,False,normal
2026-01-02 03:00:00,Building_D,58.74,False,normal
2026-01-02 04:00:00,Building_D,64.24,False,normal
2026-01-02 05:00:00,Building_D,61.49,False,normal
2026-01-02 06:00:00,Building_D,52.54,False,normal
2026-01-02 07:00:00,Building_D,54.9,False,normal
2026-01-02 08:00:00,Building_D,137.75,False,normal
2026-01-02 09:00:00,Building_D,139.07,False,normal
2026-01-02 10:00:00,Building_D,145.56,False,normal
2026-01-02 11:00:00,Building_D,144.58,False,normal
2026-01-02 12:00:00,Building_D,148.81,False,normal
2026-01-02 13:00:00,Building_D,147.25,False,normal
2026-01-02 14:00:00,Building_D,148.84,False,normal
2026-01-02 15:00:00,Building_D,146.53,False,normal
2026-01-02 16:00:00,Building_D,144.53,False,normal
2026-01-02 17:00:00,Building_D,148.98,False,normal
2026-01-02 18:00:00,Building_D,148.08,False,normal
2026-01-02 19:00:00,Building_D,64.06,False,normal
2026-01-02 20:00:00,Building_D,68.53,False,normal
2026-01-02 21:00:00,Building_D,50.45,False,normal
2026-01-02 22:00:00,Building_D,60.72,False,normal
2026-01-02 23:00:00,Building_D,60.65,False,normal
2026-01-03 00:00:00,Building_D,67.94,False,normal
2026-01-03 01:00:00,Building_D,70.03,False,normal
2026-01-03 02:00:00,Building_D,54.93,False,normal
2026-01-03 03:00:00,Building_D,69.23,False,normal
2026-01-03 04:00:00,Building_D,56.32,False,normal
2026-01-03 05:00:00,Building_D,56.47,False,normal
2026-01-03 06:00:00,Building_D,61.0,False,normal
2026-01-03 07:00:00,Building_D,60.59,False,normal
2026-01-03 08:00:00,Building_D,54.38,False,normal
2026-01-03 09:00:00,Building_D,65.43,False,normal
2026-01-03 10:00:00,Building_D,65.57,False,normal
2026-01-03 11:00:00,Building_D,67.45,False,normal
2026-01-03 12:00:00,Building_D,60.01,False,normal
2026-01-03 13:00:00,Building_D,61.98,False,normal
2026-01-03 14:00:00,Building_D,62.02,False,normal
2026-01-03 15:00:00,Building_D,70.62,False,normal
2026-01-03 16:00:00,Building_D,48.0,False,normal
2026-01-03 17:00:00,Building_D,57.39,False,normal
2026-01-03 18:00:00,Building_D,62.2,False,normal
2026-01-03 19:00:00,Building_D,56.75,False,normal
2026-01-03 20:00:00,Building_D,60.88,False,normal
2026-01-03 21:00:00,Building_D,61.55,False,normal
2026-01-03 22:00:00,Building_D,58.89,False,normal
2026-01-03 23:00:00,Building_D,62.5,False,normal
2026-01-04 00:00:00,Building_D,65.32,False,normal
2026-01-04 01:00:00,Building_D,60.99,False,normal
2026-01-04 02:00:00,Building_D,59.91,False,normal
2026-01-04 03:00:00,Building_D,61.35,False,normal
2026-01-04 04:00:00,Building_D,62.14,False,normal
2026-01-04 05:00:00,Building_D,53.47,False,normal
2026-01-04 06:00:00,Building_D,64.48,False,normal
2026-01-04 07:00:00,Building_D,59.92,False,normal
2026-01-04 08:00:00,Building_D,68.48,False,normal
2026-01-04 09:00:00,Building_D,65.13,False,normal
2026-01-04 10:00:00,Building_D,68.03,False,normal
2026-01-04 11:00:00,Building_D,57.12,False,normal
2026-01-04 12:00:00,Building_D,60.32,False,normal
2026-01-04 13:00:00,Building_D,55.96,False,normal
2026-01-04 14:00:00,Building_D,58.65,False,normal
2026-01-04 15:00:00,Building_D,68.44,False,normal
2026-01-04 16:00:00,Building_D,69.61,False,normal
2026-01-04 17:00:00,Building_D,56.44,False,normal
2026-01-04 18:00:00,Building_D,59.88,False,normal
2026-01-04 19:00:00,Building_D,61.8,False,normal
2026-01-04 20:00:00,Building_D,65.1,False,normal
2026-01-04 21:00:00,Building_D,53.38,False,normal
2026-01-04 22:00:00,Building_D,54.16,False,normal
2026-01-04 23:00:00,Building_D,64.62,False,normal
2026-01-05 00:00:00,Building_D,52.43,False,normal
2026-01-05 01:00:00,Building_D,59.94,False,normal
2026-01-05 02:00:00,Building_D,62.99,False,normal
2026-01-05 03:00:00,Building_D,64.25,False,normal
2026-01-05 04:00:00,Building_D,61.47,False,normal
2026-01-05 05:00:00,Building_D,60.35,False,normal
2026-01-05 06:00:00,Building_D,66.4,False,normal
2026-01-05 07:00:00,Building_D,63.6,False,normal
2026-01-05 08:00:00,Building_D,140.25,False,normal
2026-01-05 09:00:00,Building_D,143.67,False,normal
2026-01-05 10:00:00,Building_D,145.4,False,normal
2026-01-05 11:00:00,Building_D,152.07,False,normal
2026-01-05 12:00:00,Building_D,147.41,False,normal
2026-01-05 13:00:00,Building_D,149.56,False,normal
2026-01-05 14:00:00,Building_D,140.43,False,normal
2026-01-05 15:00:00,Building_D,140.86,False,normal
2026-01-05 16:00:00,Building_D,142.31,False,normal
2026-01-05 17:00:00,Building_D,142.77,False,normal
2026-01-05 18:00:00,Building_D,138.44,False,normal
2026-01-05 19:00:00,Building_D,68.51,False,normal
2026-01-05 20:00:00,Building_D,66.59,False,normal
2026-01-05 21:00:00,Building_D,60.65,False,normal
2026-01-05 22:00:00,Building_D,65.38,False,normal
2026-01-05 23:00:00,Building_D,63.29,False,normal
2026-01-06 00:00:00,Building_D,65.78,False,normal
2026-01-06 01:00:00,Building_D,55.45,False,normal
2026-01-06 02:00:00,Building_D,61.45,False,normal
2026-01-06 03:00:00,Building_D,61.89,False,normal
2026-01-06 04:00:00,Building_D,65.29,False,normal
2026-01-06 05:00:00,Building_D,59.03,False,normal
2026-01-06 06:00:00,Building_D,49.68,False,normal
2026-01-06 07:00:00,Building_D,56.77,False,normal
2026-01-06 08:00:00,Building_D,143.18,False,normal
2026-01-06 09:00:00,Building_D,143.8,False,normal
2026-01-06 10:00:00,Building_D,151.9,False,normal
2026-01-06 11:00:00,Building_D,146.4,False,normal
2026-01-06 12:00:00,Building_D,143.89,False,normal
2026-01-06 13:00:00,Building_D,143.32,False,normal
2026-01-06 14:00:00,Building_D,149.0,False,normal
2026-01-06 15:00:00,Building_D,140.53,False,normal
2026-01-06 16:00:00,Building_D,142.78,False,normal
2026-01-06 17:00:00,Building_D,138.04,False,normal
2026-01-06 18:00:00,Building_D,150.58,False,normal
2026-01-06 19:00:00,Building_D,64.14,False,normal
2026-01-06 20:00:00,Building_D,58.64,False,normal
2026-01-06 21:00:00,Building_D,61.6,False,normal
2026-01-06 22:00:00,Building_D,64.72,False,normal
2026-01-06 23:00:00,Building_D,60.92,False,normal
2026-01-07 00:00:00,Building_D,59.5,False,normal
2026-01-07 01:00:00,Building_D,58.9,False,normal
2026-01-07 02:00:00,Building_D,63.87,False,normal
2026-01-07 03:00:00,Building_D,60.39,False,normal
2026-01-07 04:00:00,Building_D,59.91,False,normal
2026-01-07 05:00:00,Building_D,55.5,False,normal
2026-01-07 06:00:00,Building_D,62.56,False,normal
2026-01-07 07:00:00,Building_D,61.27,False,normal
2026-01-07 08:00:00,Building_D,141.88,False,normal
2026-01-07 09:00:00,Building_D,144.48,False,normal
2026-01-07 10:00:00,Building_D,147.22,False,normal
2026-01-07 11:00:00,Building_D,146.99,False,normal
2026-01-07 12:00:00,Building_D,146.25,False,normal
2026-01-07 13:00:00,Building_D,142.28,False,normal
2026-01-07 14:00:00,Building_D,140.65,False,normal
2026-01-07 15:00:00,Building_D,138.26,False,normal
2026-01-07 16:00:00,Building_D,140.52,False,normal
2026-01-07 17:00:00,Building_D,143.58,False,normal
2026-01-07 18:00:00,Building_D,139.55,False,normal
2026-01-07 19:00:00,Building_D,62.66,False,normal
2026-01-07 20:00:00,Building_D,57.35,False,normal
2026-01-07 21:00:00,Building_D,53.87,False,normal
2026-01-07 22:00:00,Building_D,66.27,False,normal
2026-01-07 23:00:00,Building_D,59.8,False,normal
2026-01-08 00:00:00,Building_D,57.99,False,normal
2026-01-08 01:00:00,Building_D,56.71,False,normal
2026-01-08 02:00:00,Building_D,64.29,False,normal
2026-01-08 03:00:00,Building_D,69.05,False,normal
2026-01-08 04:00:00,Building_D,60.16,False,normal
2026-01-08 05:00:00,Building_D,61.1,False,normal
2026-01-08 06:00:00,Building_D,67.53,False,normal
2026-01-08 07:00:00,Building_D,53.12,False,normal
2026-01-08 08:00:00,Building_D,153.32,False,normal
2026-01-08 09:00:00,Building_D,155.7,False,normal
2026-01-08 10:00:00,Building_D,129.95,False,normal
2026-01-08 11:00:00,Building_D,143.0,False,normal
2026-01-08 12:00:00,Building_D,139.89,False,normal
2026-01-08 13:00:00,Building_D,142.16,False,normal
2026-01-08 14:00:00,Building_D,141.39,False,normal
2026-01-08 15:00:00,Building_D,147.54,False,normal
2026-01-08 16:00:00,Building_D,142.92,False,normal
2026-01-08 17:00:00,Building_D,138.93,False,normal
2026-01-08 18:00:00,Building_D,142.62,False,normal
2026-01-08 19:00:00,Building_D,64.75,False,normal
2026-01-08 20:00:00,Building_D,56.26,False,normal
2026-01-08 21:00:00,Building_D,53.94,False,normal
2026-01-08 22:00:00,Building_D,72.14,False,normal
2026-01-08 23:00:00,Building_D,58.96,False,normal
2026-01-09 00:00:00,Building_D,61.49,False,normal
2026-01-09 01:00:00,Building_D,60.19,False,normal
2026-01-09 02:00:00,Building_D,64.92,False,normal
2026-01-09 03:00:00,Building_D,71.04,False,normal
2026-01-09 04:00:00,Building_D,65.08,False,normal
2026-01-09 05:00:00,Building_D,54.58,False,normal
2026-01-09 06:00:00,Building_D,55.26,False,normal
2026-01-09 07:00:00,Building_D,60.18,False,normal
2026-01-09 08:00:00,Building_D,142.14,False,normal
2026-01-09 09:00:00,Building_D,134.87,False,normal
2026-01-09 10:00:00,Building_D,147.58,False,normal
2026-01-09 11:00:00,Building_D,138.05,False,normal
2026-01-09 12:00:00,Building_D,150.95,False,normal
2026-01-09 13:00:00,Building_D,152.59,False,normal
2026-01-09 14:00:00,Building_D,142.24,False,normal
2026-01-09 15:00:00,Building_D,145.68,False,normal
2026-01-09 16:00:00,Building_D,137.32,False,normal
2026-01-09 17:00:00,Building_D,146.6,False,normal
2026-01-09 18:00:00,Building_D,140.99,False,normal
2026-01-09 19:00:00,Building_D,56.74,False,normal
2026-01-09 20:00:00,Building_D,60.73,False,normal
2026-01-09 21:00:00,Building_D,59.85,False,normal
2026-01-09 22:00:00,Building_D,60.55,False,normal
2026-01-09 23:00:00,Building_D,66.92,False,normal
2026-01-10 00:00:00,Building_D,58.25,False,normal
2026-01-10 01:00:00,Building_D,70.85,False,normal
2026-01-10 02:00:00,Building_D,55.55,False,normal
2026-01-10 03:00:00,Building_D,70.25,False,normal
2026-01-10 04:00:00,Building_D,57.09,False,normal
2026-01-10 05:00:00,Building_D,62.17,False,normal
2026-01-10 06:00:00,Building_D,59.73,False,normal
2026-01-10 07:00:00,Building_D,60.46,False,normal
2026-01-10 08:00:00,Building_D,66.18,False,normal
2026-01-10 09:00:00,Building_D,69.68,False,normal
2026-01-10 10:00:00,Building_D,68.13,False,normal
2026-01-10 11:00:00,Building_D,60.15,False,normal
2026-01-10 12:00:00,Building_D,63.1,False,normal
2026-01-10 13:00:00,Building_D,58.27,False,normal
2026-01-10 14:00:00,Building_D,57.22,False,normal
2026-01-10 15:00:00,Building_D,56.44,False,normal
2026-01-10 16:00:00,Building_D,59.99,False,normal
2026-01-10 17:00:00,Building_D,63.42,False,normal
2026-01-10 18:00:00,Building_D,52.62,False,normal
2026-01-10 19:00:00,Building_D,61.94,False,normal
2026-01-10 20:00:00,Building_D,69.76,False,normal
2026-01-10 21:00:00,Building_D,67.79,False,normal
2026-01-10 22:00:00,Building_D,59.25,False,normal
2026-01-10 23:00:00,Building_D,55.19,False,normal
2026-01-11 00:00:00,Building_D,64.48,False,normal
2026-01-11 01:00:00,Building_D,50.59,False,normal
2026-01-11 02:00:00,Building_D,67.73,False,normal
2026-01-11 03:00:00,Building_D,61.11,False,normal
2026-01-11 04:00:00,Building_D,71.33,False,normal
2026-01-11 05:00:00,Building_D,53.54,False,normal
2026-01-11 06:00:00,Building_D,66.77,False,normal
2026-01-11 07:00:00,Building_D,61.67,False,normal
2026-01-11 08:00:00,Building_D,60.52,False,normal
2026-01-11 09:00:00,Building_D,55.33,False,normal
2026-01-11 10:00:00,Building_D,65.15,False,normal
2026-01-11 11:00:00,Building_D,65.56,False,normal
2026-01-11 12:00:00,Building_D,71.1,False,normal
2026-01-11 13:00:00,Building_D,67.22,False,normal
2026-01-11 14:00:00,Building_D,59.21,False,normal
2026-01-11 15:00:00,Building_D,57.16,False,normal
2026-01-11 16:00:00,Building_D,55.33,False,normal
2026-01-11 17:00:00,Building_D,69.54,False,normal
2026-01-11 18:00:00,Building_D,58.29,False,normal
2026-01-11 19:00:00,Building_D,69.58,False,normal
2026-01-11 20:00:00,Building_D,64.8,False,normal
2026-01-11 21:00:00,Building_D,63.83,False,normal
2026-01-11 22:00:00,Building_D,60.64,False,normal
2026-01-11 23:00:00,Building_D,65.48,False,normal
2026-01-12 00:00:00,Building_D,62.1,False,normal
2026-01-12 01:00:00,Building_D,60.33,False,normal
2026-01-12 02:00:00,Building_D,65.66,False,normal
2026-01-12 03:00:00,Building_D,61.46,False,normal
2026-01-12 04:00:00,Building_D,58.18,False,normal
2026-01-12 05:00:00,Building_D,65.18,False,normal
2026-01-12 06:00:00,Building_D,61.86,False,normal
2026-01-12 07:00:00,Building_D,64.62,False,normal
2026-01-12 08:00:00,Building_D,141.21,False,normal
2026-01-12 09:00:00,Building_D,137.44,False,normal
2026-01-12 10:00:00,Building_D,152.16,False,normal
2026-01-12 11:00:00,Building_D,151.22,False,normal
2026-01-12 12:00:00,Building_D,147.9,False,normal
2026-01-12 13:00:00,Building_D,141.54,False,normal
2026-01-12 14:00:00,Building_D,141.98,False,normal
2026-01-12 15:00:00,Building_D,150.39,False,normal
2026-01-12 16:00:00,Building_D,141.71,False,normal
2026-01-12 17:00:00,Building_D,140.32,False,normal
2026-01-12 18:00:00,Building_D,152.84,False,normal
2026-01-12 19:00:00,Building_D,61.94,False,normal
2026-01-12 20:00:00,Building_D,71.02,False,normal
2026-01-12 21:00:00,Building_D,55.18,False,normal
2026-01-12 22:00:00,Building_D,64.77,False,normal
2026-01-12 23:00:00,Building_D,72.53,False,normal
2026-01-13 00:00:00,Building_D,62.32,False,normal
2026-01-13 01:00:00,Building_D,60.86,False,normal
2026-01-13 02:00:00,Building_D,56.34,False,normal
2026-01-13 03:00:00,Building_D,67.59,False,normal
2026-01-13 04:00:00,Building_D,58.33,False,normal
2026-01-13 05:00:00,Building_D,61.7,False,normal
2026-01-13 06:00:00,Building_D,56.0,False,normal
2026-01-13 07:00:00,Building_D,69.96,False,normal
2026-01-13 08:00:00,Building_D,149.26,False,normal
2026-01-13 09:00:00,Building_D,143.33,False,normal
2026-01-13 10:00:00,Building_D,137.71,False,normal
2026-01-13 11:00:00,Building_D,151.16,False,normal
2026-01-13 12:00:00,Building_D,141.65,False,normal
2026-01-13 13:00:00,Building_D,137.96,False,normal
2026-01-13 14:00:00,Building_D,134.67,False,normal
2026-01-13 15:00:00,Building_D,140.25,False,normal
2026-01-13 16:00:00,Building_D,136.21,False,normal
2026-01-13 17:00:00,Building_D,140.37,False,normal
2026-01-13 18:00:00,Building_D,147.21,False,normal
2026-01-13 19:00:00,Building_D,60.3,False,normal
2026-01-13 20:00:00,Building_D,63.95,False,normal
2026-01-13 21:00:00,Building_D,58.56,False,normal
2026-01-13 22:00:00,Building_D,62.5,False,normal
2026-01-13 23:00:00,Building_D,71.78,False,normal
2026-01-14 00:00:00,Building_D,60.43,False,normal
2026-01-14 01:00:00,Building_D,64.1,False,normal
2026-01-14 02:00:00,Building_D,54.35,False,normal
2026-01-14 03:00:00,Building_D,69.78,False,normal
2026-01-14 04:00:00,Building_D,59.79,False,normal
2026-01-14 05:00:00,Building_D,67.43,False,normal
2026-01-14 06:00:00,Building_D,61.56,False,normal
2026-01-14 07:00:00,Building_D,65.23,False,normal
2026-01-14 08:00:00,Building_D,146.84,False,normal
2026-01-14 09:00:00,Building_D,141.22,False,normal
2026-01-14 10:00:00,Building_D,148.94,False,normal
2026-01-14 11:00:00,Building_D,139.69,False,normal
2026-01-14 12:00:00,Building_D,147.37,False,normal
2026-01-14 13:00:00,Building_D,141.53,False,normal
2026-01-14 14:00:00,Building_D,145.23,False,normal
2026-01-14 15:00:00,Building_D,141.17,False,normal
2026-01-14 16:00:00,Building_D,143.73,False,normal
2026-01-14 17:00:00,Building_D,138.11,False,normal
2026-01-14 18:00:00,Building_D,144.72,False,normal
2026-01-14 19:00:00,Building_D,62.4,False,normal
2026-01-14 20:00:00,Building_D,59.48,False,normal
2026-01-14 21:00:00,Building_D,61.9,False,normal
2026-01-14 22:00:00,Building_D,62.85,False,normal
2026-01-14 23:00:00,Building_D,59.09,False,normal
2026-01-15 00:00:00,Building_D,61.53,False,normal
2026-01-15 01:00:00,Building_D,57.15,False,normal
2026-01-15 02:00:00,Building_D,73.9,False,normal
2026-01-15 03:00:00,Building_D,67.47,False,normal
2026-01-15 04:00:00,Building_D,63.54,False,normal
2026-01-15 05:00:00,Building_D,68.04,False,normal
2026-01-15 06:00:00,Building_D,52.28,False,normal
2026-01-15 07:00:00,Building_D,49.39,False,normal
2026-01-15 08:00:00,Building_D,141.49,False,normal
2026-01-15 09:00:00,Building_D,136.59,False,normal
2026-01-15 10:00:00,Building_D,142.3,False,normal
2026-01-15 11:00:00,Building_D,144.51,False,normal
2026-01-15 12:00:00,Building_D,148.09,False,normal
2026-01-15 13:00:00,Building_D,137.79,False,normal
2026-01-15 14:00:00,Building_D,145.48,False,normal
2026-01-15 15:00:00,Building_D,143.56,False,normal
2026-01-15 16:00:00,Building_D,145.22,False,normal
2026-01-15 17:00:00,Building_D,140.88,False,normal
2026-01-15 18:00:00,Building_D,150.4,False,normal
2026-01-15 19:00:00,Building_D,61.66,False,normal
2026-01-15 20:00:00,Building_D,71.05,False,normal
2026-01-15 21:00:00,Building_D,58.22,False,normal
2026-01-15 22:00:00,Building_D,65.89,False,normal
2026-01-15 23:00:00,Building_D,61.88,False,normal
2026-01-16 00:00:00,Building_D,60.54,False,normal
2026-01-16 01:00:00,Building_D,65.34,False,normal
2026-01-16 02:00:00,Building_D,60.68,False,normal
2026-01-16 03:00:00,Building_D,48.87,False,normal
2026-01-16 04:00:00,Building_D,46.86,False,normal
2026-01-16 05:00:00,Building_D,68.54,False,normal
2026-01-16 06:00:00,Building_D,68.33,False,normal
2026-01-16 07:00:00,Building_D,71.61,False,normal
2026-01-16 08:00:00,Building_D,143.4,False,normal
2026-01-16 09:00:00,Building_D,137.02,False,normal
2026-01-16 10:00:00,Building_D,141.39,False,normal
2026-01-16 11:00:00,Building_D,143.54,False,normal
2026-01-16 12:00:00,Building_D,138.45,False,normal
2026-01-16 13:00:00,Building_D,151.73,False,normal
2026-01-16 14:00:00,Building_D,154.68,False,normal
2026-01-16 15:00:00,Building_D,145.87,False,normal
2026-01-16 16:00:00,Building_D,143.43,False,normal
2026-01-16 17:00:00,Building_D,137.01,False,normal
2026-01-16 18:00:00,Building_D,151.22,False,normal
2026-01-16 19:00:00,Building_D,62.56,False,normal
2026-01-16 20:00:00,Building_D,60.73,False,normal
2026-01-16 21:00:00,Building_D,64.58,False,normal
2026-01-16 22:00:00,Building_D,59.25,False,normal
2026-01-16 23:00:00,Building_D,62.91,False,normal
2026-01-17 00:00:00,Building_D,54.96,False,normal
2026-01-17 01:00:00,Building_D,67.61,False,normal
2026-01-17 02:00:00,Building_D,61.65,False,normal
2026-01-17 03:00:00,Building_D,67.97,False,normal
2026-01-17 04:00:00,Building_D,61.17,False,normal
2026-01-17 05:00:00,Building_D,61.5,False,normal
2026-01-17 06:00:00,Building_D,56.11,False,normal
2026-01-17 07:00:00,Building_D,65.97,False,normal
2026-01-17 08:00:00,Building_D,57.8,False,normal
2026-01-17 09:00:00,Building_D,59.74,False,normal
2026-01-17 10:00:00,Building_D,62.18,False,normal
2026-01-17 11:00:00,Building_D,62.78,False,normal
2026-01-17 12:00:00,Building_D,53.65,False,normal
2026-01-17 13:00:00,Building_D,61.02,False,normal
2026-01-17 14:00:00,Building_D,66.15,False,normal
2026-01-17 15:00:00,Building_D,60.28,False,normal
2026-01-17 16:00:00,Building_D,61.05,False,normal
2026-01-17 17:00:00,Building_D,62.99,False,normal
2026-01-17 18:00:00,Building_D,61.55,False,normal
2026-01-17 19:00:00,Building_D,57.02,False,normal
2026-01-17 20:00:00,Building_D,61.99,False,normal
2026-01-17 21:00:00,Building_D,67.15,False,normal
2026-01-17 22:00:00,Building_D,56.92,False,normal
2026-01-17 23:00:00,Building_D,60.3,False,normal
2026-01-18 00:00:00,Building_D,55.27,False,normal
2026-01-18 01:00:00,Building_D,66.88,False,normal
2026-01-18 02:00:00,Building_D,61.71,False,normal
2026-01-18 03:00:00,Building_D,57.93,False,normal
2026-01-18 04:00:00,Building_D,62.64,False,normal
2026-01-18 05:00:00,Building_D,56.16,False,normal
2026-01-18 06:00:00,Building_D,57.01,False,normal
2026-01-18 07:00:00,Building_D,54.88,False,normal
2026-01-18 08:00:00,Building_D,56.84,False,normal
2026-01-18 09:00:00,Building_D,68.96,False,normal
2026-01-18 10:00:00,Building_D,58.51,False,normal
2026-01-18 11:00:00,Building_D,64.51,False,normal
2026-01-18 12:00:00,Building_D,57.99,False,normal
2026-01-18 13:00:00,Building_D,65.97,False,normal
2026-01-18 14:00:00,Building_D,57.05,False,normal
2026-01-18 15:00:00,Building_D,62.37,False,normal
2026-01-18 16:00:00,Building_D,62.44,False,normal
2026-01-18 17:00:00,Building_D,73.82,False,normal
2026-01-18 18:00:00,Building_D,65.33,False,normal
2026-01-18 19:00:00,Building_D,59.21,False,normal
2026-01-18 20:00:00,Building_D,65.6,False,normal
2026-01-18 21:00:00,Building_D,72.87,False,normal
2026-01-18 22:00:00,Building_D,54.03,False,normal
2026-01-18 23:00:00,Building_D,57.96,False,normal
2026-01-19 00:00:00,Building_D,60.99,False,normal
2026-01-19 01:00:00,Building_D,60.09,False,normal
2026-01-19 02:00:00,Building_D,60.51,False,normal
2026-01-19 03:00:00,Building_D,55.65,False,normal
2026-01-19 04:00:00,Building_D,69.2,False,normal
2026-01-19 05:00:00,Building_D,55.06,False,normal
2026-01-19 06:00:00,Building_D,61.18,False,normal
2026-01-19 07:00:00,Building_D,67.41,False,normal
2026-01-19 08:00:00,Building_D,143.33,False,normal
2026-01-19 09:00:00,Building_D,138.59,False,normal
2026-01-19 10:00:00,Building_D,136.74,False,normal
2026-01-19 11:00:00,Building_D,142.33,False,normal
2026-01-19 12:00:00,Building_D,139.7,False,normal
2026-01-19 13:00:00,Building_D,144.51,False,normal
2026-01-19 14:00:00,Building_D,136.48,False,normal
2026-01-19 15:00:00,Building_D,147.55,False,normal
2026-01-19 16:00:00,Building_D,144.06,False,normal
2026-01-19 17:00:00,Building_D,144.43,False,normal
2026-01-19 18:00:00,Building_D,150.69,False,normal
2026-01-19 19:00:00,Building_D,59.99,False,normal
2026-01-19 20:00:00,Building_D,58.55,False,normal
2026-01-19 21:00:00,Building_D,59.44,False,normal
2026-01-19 22:00:00,Building_D,61.21,False,normal
2026-01-19 23:00:00,Building_D,61.72,False,normal
2026-01-20 00:00:00,Building_D,58.02,False,normal
2026-01-20 01:00:00,Building_D,52.06,False,normal
2026-01-20 02:00:00,Building_D,59.37,False,normal
2026-01-20 03:00:00,Building_D,63.98,False,normal
2026-01-20 04:00:00,Building_D,62.86,False,normal
2026-01-20 05:00:00,Building_D,68.17,False,normal
2026-01-20 06:00:00,Building_D,71.95,False,normal
2026-01-20 07:00:00,Building_D,65.97,False,normal
2026-01-20 08:00:00,Building_D,150.4,False,normal
2026-01-20 09:00:00,Building_D,147.32,False,normal
2026-01-20 10:00:00,Building_D,152.03,False,normal
2026-01-20 11:00:00,Building_D,152.74,False,normal
2026-01-20 12:00:00,Building_D,148.24,False,normal
2026-01-20 13:00:00,Building_D,147.02,False,normal
2026-01-20 14:00:00,Building_D,142.46,False,normal
2026-01-20 15:00:00,Building_D,143.28,False,normal
2026-01-20 16:00:00,Building_D,141.79,False,normal
2026-01-20 17:00:00,Building_D,146.59,False,normal
2026-01-20 18:00:00,Building_D,139.88,False,normal
2026-01-20 19:00:00,Building_D,61.22,False,normal
2026-01-20 20:00:00,Building_D,50.4,False,normal
2026-01-20 21:00:00,Building_D,70.79,False,normal
2026-01-20 22:00:00,Building_D,61.07,False,normal
2026-01-20 23:00:00,Building_D,64.45,False,normal
2026-01-21 00:00:00,Building_D,69.47,False,normal
2026-01-21 01:00:00,Building_D,63.68,False,normal
2026-01-21 02:00:00,Building_D,69.4,False,normal
2026-01-21 03:00:00,Building_D,55.97,False,normal
2026-01-21 04:00:00,Building_D,74.16,False,normal
2026-01-21 05:00:00,Building_D,67.61,False,normal
2026-01-21 06:00:00,Building_D,63.22,False,normal
2026-01-21 07:00:00,Building_D,69.3,False,normal
2026-01-21 08:00:00,Building_D,137.64,False,normal
2026-01-21 09:00:00,Building_D,142.04,False,normal
2026-01-21 10:00:00,Building_D,150.7,False,normal
2026-01-21 11:00:00,Building_D,134.15,False,normal
2026-01-21 12:00:00,Building_D,146.29,False,normal
2026-01-21 13:00:00,Building_D,146.14,False,normal
2026-01-21 14:00:00,Building_D,153.33,False,normal
2026-01-21 15:00:00,Building_D,135.57,False,normal
2026-01-21 16:00:00,Building_D,151.53,False,normal
2026-01-21 17:00:00,Building_D,140.69,False,normal
2026-01-21 18:00:00,Building_D,141.25,False,normal
2026-01-21 19:00:00,Building_D,56.07,False,normal
2026-01-21 20:00:00,Building_D,56.74,False,normal
2026-01-21 21:00:00,Building_D,64.19,False,normal
2026-01-21 22:00:00,Building_D,56.61,False,normal
2026-01-21 23:00:00,Building_D,65.88,False,normal
2026-01-22 00:00:00,Building_D,58.86,False,normal
2026-01-22 01:00:00,Building_D,56.11,False,normal
2026-01-22 02:00:00,Building_D,59.54,False,normal
2026-01-22 03:00:00,Building_D,63.86,False,normal
2026-01-22 04:00:00,Building_D,60.79,False,normal
2026-01-22 05:00:00,Building_D,62.35,False,normal
2026-01-22 06:00:00,Building_D,65.66,False,normal
2026-01-22 07:00:00,Building_D,67.59,False,normal
2026-01-22 08:00:00,Building_D,141.93,False,normal
2026-01-22 09:00:00,Building_D,138.26,False,normal
2026-01-22 10:00:00,Building_D,143.86,False,normal
2026-01-22 11:00:00,Building_D,145.84,False,normal
2026-01-22 12:00:00,Building_D,136.18,False,normal
2026-01-22 13:00:00,Building_D,139.03,False,normal
2026-01-22 14:00:00,Building_D,139.89,False,normal
2026-01-22 15:00:00,Building_D,142.44,False,normal
2026-01-22 16:00:00,Building_D,139.68,False,normal
2026-01-22 17:00:00,Building_D,147.02,False,normal
2026-01-22 18:00:00,Building_D,135.46,False,normal
2026-01-22 19:00:00,Building_D,54.28,False,normal
2026-01-22 20:00:00,Building_D,60.51,False,normal
2026-01-22 21:00:00,Building_D,61.3,False,normal
2026-01-22 22:00:00,Building_D,54.9,False,normal
2026-01-22 23:00:00,Building_D,59.14,False,normal
2026-01-23 00:00:00,Building_D,60.17,False,normal
2026-01-23 01:00:00,Building_D,60.21,False,normal
2026-01-23 02:00:00,Building_D,62.94,False,normal
2026-01-23 03:00:00,Building_D,58.87,False,normal
2026-01-23 04:00:00,Building_D,69.57,False,normal
2026-01-23 05:00:00,Building_D,64.62,False,normal
2026-01-23 06:00:00,Building_D,58.14,False,normal
2026-01-23 07:00:00,Building_D,62.65,False,normal
2026-01-23 08:00:00,Building_D,144.1,False,normal
2026-01-23 09:00:00,Building_D,149.56,False,normal
2026-01-23 10:00:00,Building_D,140.48,False,normal
2026-01-23 11:00:00,Building_D,147.32,False,normal
2026-01-23 12:00:00,Building_D,143.69,False,normal
2026-01-23 13:00:00,Building_D,150.94,False,normal
2026-01-23 14:00:00,Building_D,149.94,False,normal
2026-01-23 15:00:00,Building_D,144.47,False,normal
2026-01-23 16:00:00,Building_D,142.17,False,normal
2026-01-23 17:00:00,Building_D,146.02,False,normal
2026-01-23 18:00:00,Building_D,142.58,False,normal
2026-01-23 19:00:00,Building_D,70.58,False,normal
2026-01-23 20:00:00,Building_D,62.57,False,normal
2026-01-23 21:00:00,Building_D,60.15,False,normal
2026-01-23 22:00:00,Building_D,59.88,False,normal
2026-01-23 23:00:00,Building_D,56.11,False,normal
2026-01-24 00:00:00,Building_D,64.96,False,normal
2026-01-24 01:00:00,Building_D,58.08,False,normal
2026-01-24 02:00:00,Building_D,67.67,False,normal
2026-01-24 03:00:00,Building_D,55.71,False,normal
2026-01-24 04:00:00,Building_D,62.81,False,normal
2026-01-24 05:00:00,Building_D,67.93,False,normal
2026-01-24 06:00:00,Building_D,51.41,False,normal
2026-01-24 07:00:00,Building_D,72.27,False,normal
2026-01-24 08:00:00,Building_D,60.05,False,normal
2026-01-24 09:00:00,Building_D,62.88,False,normal
2026-01-24 10:00:00,Building_D,65.03,False,normal
2026-01-24 11:00:00,Building_D,65.81,False,normal
2026-01-24 12:00:00,Building_D,63.55,False,normal
2026-01-24 13:00:00,Building_D,67.16,False,normal
2026-01-24 14:00:00,Building_D,64.77,False,normal
2026-01-24 15:00:00,Building_D,70.98,False,normal
2026-01-24 16:00:00,Building_D,64.79,False,normal
2026-01-24 17:00:00,Building_D,72.0,False,normal
2026-01-24 18:00:00,Building_D,66.68,False,normal
2026-01-24 19:00:00,Building_D,53.15,False,normal
2026-01-24 20:00:00,Building_D,75.23,False,normal
2026-01-24 21:00:00,Building_D,59.3,False,normal
2026-01-24 22:00:00,Building_D,69.65,False,normal
2026-01-24 23:00:00,Building_D,62.31,False,normal
2026-01-25 00:00:00,Building_D,67.48,False,normal
2026-01-25 01:00:00,Building_D,58.73,False,normal
2026-01-25 02:00:00,Building_D,65.3,False,normal
2026-01-25 03:00:00,Building_D,60.91,False,normal
2026-01-25 04:00:00,Building_D,70.07,False,normal
2026-01-25 05:00:00,Building_D,64.37,False,normal
2026-01-25 06:00:00,Building_D,66.86,False,normal
2026-01-25 07:00:00,Building_D,51.36,False,normal
2026-01-25 08:00:00,Building_D,61.75,False,normal
2026-01-25 09:00:00,Building_D,64.23,False,normal
2026-01-25 10:00:00,Building_D,63.29,False,normal
2026-01-25 11:00:00,Building_D,66.98,False,normal
2026-01-25 12:00:00,Building_D,60.35,False,normal
2026-01-25 13:00:00,Building_D,62.42,False,normal
2026-01-25 14:00:00,Building_D,68.08,False,normal
2026-01-25 15:00:00,Building_D,50.78,False,normal
2026-01-25 16:00:00,Building_D,65.12,False,normal
2026-01-25 17:00:00,Building_D,60.51,False,normal
2026-01-25 18:00:00,Building_D,57.61,False,normal
2026-01-25 19:00:00,Building_D,63.86,False,normal
2026-01-25 20:00:00,Building_D,68.31,False,normal
2026-01-25 21:00:00,Building_D,67.37,False,normal
2026-01-25 22:00:00,Building_D,61.5,False,normal
2026-01-25 23:00:00,Building_D,66.55,False,normal
2026-01-26 00:00:00,Building_D,66.52,False,normal
2026-01-26 01:00:00,Building_D,61.74,False,normal
2026-01-26 02:00:00,Building_D,58.71,False,normal
2026-01-26 03:00:00,Building_D,59.0,False,normal
2026-01-26 04:00:00,Building_D,66.37,False,normal
2026-01-26 05:00:00,Building_D,61.97,False,normal
2026-01-26 06:00:00,Building_D,56.95,False,normal
2026-01-26 07:00:00,Building_D,53.75,False,normal
2026-01-26 08:00:00,Building_D,147.64,False,normal
2026-01-26 09:00:00,Building_D,140.75,False,normal
2026-01-26 10:00:00,Building_D,145.14,False,normal
2026-01-26 11:00:00,Building_D,149.68,False,normal
2026-01-26 12:00:00,Building_D,136.94,False,normal
2026-01-26 13:00:00,Building_D,143.26,False,normal
2026-01-26 14:00:00,Building_D,142.63,False,normal
2026-01-26 15:00:00,Building_D,145.38,False,normal
2026-01-26 16:00:00,Building_D,149.68,False,normal
2026-01-26 17:00:00,Building_D,136.84,False,normal
2026-01-26 18:00:00,Building_D,146.33,False,normal
2026-01-26 19:00:00,Building_D,67.33,False,normal
2026-01-26 20:00:00,Building_D,61.24,False,normal
2026-01-26 21:00:00,Building_D,61.49,False,normal
2026-01-26 22:00:00,Building_D,64.27,False,normal
2026-01-26 23:00:00,Building_D,63.9,False,normal
2026-01-27 00:00:00,Building_D,65.09,False,normal
2026-01-27 01:00:00,Building_D,64.98,False,normal
2026-01-27 02:00:00,Building_D,57.27,False,normal
2026-01-27 03:00:00,Building_D,67.13,False,normal
2026-01-27 04:00:00,Building_D,68.01,False,normal
2026-01-27 05:00:00,Building_D,63.11,False,normal
2026-01-27 06:00:00,Building_D,54.71,False,normal
2026-01-27 07:00:00,Building_D,61.6,False,normal
2026-01-27 08:00:00,Building_D,144.46,False,normal
2026-01-27 09:00:00,Building_D,137.76,False,normal
2026-01-27 10:00:00,Building_D,141.68,False,normal
2026-01-27 11:00:00,Building_D,136.44,False,normal
2026-01-27 12:00:00,Building_D,146.52,False,normal
2026-01-27 13:00:00,Building_D,144.31,False,normal
2026-01-27 14:00:00,Building_D,135.25,False,normal
2026-01-27 15:00:00,Building_D,145.24,False,normal
2026-01-27 16:00:00,Building_D,143.2,False,normal
2026-01-27 17:00:00,Building_D,146.07,False,normal
2026-01-27 18:00:00,Building_D,141.53,False,normal
2026-01-27 19:00:00,Building_D,58.17,False,normal
2026-01-27 20:00:00,Building_D,58.32,False,normal
2026-01-27 21:00:00,Building_D,59.49,False,normal
2026-01-27 22:00:00,Building_D,62.27,False,normal
2026-01-27 23:00:00,Building_D,62.92,False,normal
2026-01-28 00:00:00,Building_D,61.22,False,normal
2026-01-28 01:00:00,Building_D,60.06,False,normal
2026-01-28 02:00:00,Building_D,60.42,False,normal
2026-01-28 03:00:00,Building_D,74.71,False,normal
2026-01-28 04:00:00,Building_D,58.32,False,normal
2026-01-28 05:00:00,Building_D,59.39,False,normal
2026-01-28 06:00:00,Building_D,78.65,False,normal
2026-01-28 07:00:00,Building_D,64.28,False,normal
2026-01-28 08:00:00,Building_D,136.58,False,normal
2026-01-28 09:00:00,Building_D,147.7,False,normal
2026-01-28 10:00:00,Building_D,138.93,False,normal
2026-01-28 11:00:00,Building_D,148.03,False,normal
2026-01-28 12:00:00,Building_D,142.43,False,normal
2026-01-28 13:00:00,Building_D,141.28,False,normal
2026-01-28 14:00:00,Building_D,151.53,False,normal
2026-01-28 15:00:00,Building_D,146.32,False,normal
2026-01-28 16:00:00,Building_D,148.35,False,normal
2026-01-28 17:00:00,Building_D,145.66,False,normal
2026-01-28 18:00:00,Building_D,141.26,False,normal
2026-01-28 19:00:00,Building_D,65.23,False,normal
2026-01-28 20:00:00,Building_D,68.22,False,normal
2026-01-28 21:00:00,Building_D,62.85,False,normal
2026-01-28 22:00:00,Building_D,71.18,False,normal
2026-01-28 23:00:00,Building_D,66.43,False,normal
2026-01-29 00:00:00,Building_D,63.24,False,normal
2026-01-29 01:00:00,Building_D,63.43,False,normal
2026-01-29 02:00:00,Building_D,62.86,False,normal
2026-01-29 03:00:00,Building_D,55.92,False,normal
2026-01-29 04:00:00,Building_D,61.73,False,normal
2026-01-29 05:00:00,Building_D,63.28,False,normal
2026-01-29 06:00:00,Building_D,60.1,False,normal
2026-01-29 07:00:00,Building_D,63.86,False,normal
2026-01-29 08:00:00,Building_D,143.59,False,normal
2026-01-29 09:00:00,Building_D,147.35,False,normal
2026-01-29 10:00:00,Building_D,146.8,False,normal
2026-01-29 11:00:00,Building_D,144.32,False,normal
2026-01-29 12:00:00,Building_D,136.65,False,normal
2026-01-29 13:00:00,Building_D,152.44,False,normal
2026-01-29 14:00:00,Building_D,142.77,False,normal
2026-01-29 15:00:00,Building_D,143.08,False,normal
2026-01-29 16:00:00,Building_D,141.77,False,normal
2026-01-29 17:00:00,Building_D,141.04,False,normal
2026-01-29 18:00:00,Building_D,151.2,False,normal
2026-01-29 19:00:00,Building_D,69.11,False,normal
2026-01-29 20:00:00,Building_D,64.4,False,normal
2026-01-29 21:00:00,Building_D,61.64,False,normal
2026-01-29 22:00:00,Building_D,65.27,False,normal
2026-01-29 23:00:00,Building_D,62.55,False,normal
2026-01-30 00:00:00,Building_D,61.22,False,normal
2026-01-30 01:00:00,Building_D,63.87,False,normal
2026-01-30 02:00:00,Building_D,59.97,False,normal
2026-01-30 03:00:00,Building_D,63.44,False,normal
2026-01-30 04:00:00,Building_D,63.2,False,normal
2026-01-30 05:00:00,Building_D,65.19,False,normal
2026-01-30 06:00:00,Building_D,59.08,False,normal
2026-01-30 07:00:00,Building_D,65.73,False,normal
2026-01-30 08:00:00,Building_D,138.95,False,normal
2026-01-30 09:00:00,Building_D,140.62,False,normal
2026-01-30 10:00:00,Building_D,140.84,False,normal
2026-01-30 11:00:00,Building_D,138.12,False,normal
2026-01-30 12:00:00,Building_D,148.56,False,normal
2026-01-30 13:00:00,Building_D,138.64,False,normal
2026-01-30 14:00:00,Building_D,139.99,False,normal
2026-01-30 15:00:00,Building_D,149.76,False,normal
2026-01-30 16:00:00,Building_D,140.63,False,normal
2026-01-30 17:00:00,Building_D,142.54,False,normal
2026-01-30 18:00:00,Building_D,138.42,False,normal
2026-01-30 19:00:00,Building_D,66.34,False,normal
2026-01-30 20:00:00,Building_D,66.41,False,normal
2026-01-30 21:00:00,Building_D,65.87,False,normal
2026-01-30 22:00:00,Building_D,64.86,False,normal
2026-01-30 23:00:00,Building_D,62.54,False,normal
2026-01-31 00:00:00,Building_D,59.55,False,normal
2026-01-31 01:00:00,Building_D,58.1,False,normal
2026-01-31 02:00:00,Building_D,68.63,False,normal
2026-01-31 03:00:00,Building_D,66.0,False,normal
2026-01-31 04:00:00,Building_D,58.71,False,normal
2026-01-31 05:00:00,Building_D,62.38,False,normal
2026-01-31 06:00:00,Building_D,60.68,False,normal
2026-01-31 07:00:00,Building_D,56.54,False,normal
2026-01-31 08:00:00,Building_D,63.06,False,normal
2026-01-31 09:00:00,Building_D,60.1,False,normal
2026-01-31 10:00:00,Building_D,57.41,False,normal
2026-01-31 11:00:00,Building_D,54.78,False,normal
2026-01-31 12:00:00,Building_D,54.36,False,normal
2026-01-31 13:00:00,Building_D,60.32,False,normal
2026-01-31 14:00:00,Building_D,61.75,False,normal
2026-01-31 15:00:00,Building_D,57.8,False,normal
2026-01-31 16:00:00,Building_D,65.43,False,normal
2026-01-31 17:00:00,Building_D,61.85,False,normal
2026-01-31 18:00:00,Building_D,65.06,False,normal
2026-01-31 19:00:00,Building_D,61.26,False,normal
2026-01-31 20:00:00,Building_D,58.24,False,normal
2026-01-31 21:00:00,Building_D,62.75,False,normal
2026-01-31 22:00:00,Building_D,55.86,False,normal
2026-01-31 23:00:00,Building_D,64.87,False,normal
2026-02-01 00:00:00,Building_D,57.49,False,normal
2026-02-01 01:00:00,Building_D,66.77,False,normal
2026-02-01 02:00:00,Building_D,60.48,False,normal
2026-02-01 03:00:00,Building_D,67.49,False,normal
2026-02-01 04:00:00,Building_D,56.56,False,normal
2026-02-01 05:00:00,Building_D,58.79,False,normal
2026-02-01 06:00:00,Building_D,64.08,False,normal
2026-02-01 07:00:00,Building_D,68.03,False,normal
2026-02-01 08:00:00,Building_D,70.51,False,normal
2026-02-01 09:00:00,Building_D,62.38,False,normal
2026-02-01 10:00:00,Building_D,71.36,False,normal
2026-02-01 11:00:00,Building_D,60.73,False,normal
2026-02-01 12:00:00,Building_D,67.67,False,normal
2026-02-01 13:00:00,Building_D,57.47,False,normal
2026-02-01 14:00:00,Building_D,64.28,False,normal
2026-02-01 15:00:00,Building_D,50.47,False,normal
2026-02-01 16:00:00,Building_D,56.57,False,normal
2026-02-01 17:00:00,Building_D,64.51,False,normal
2026-02-01 18:00:00,Building_D,55.61,False,normal
2026-02-01 19:00:00,Building_D,64.31,False,normal
2026-02-01 20:00:00,Building_D,66.71,False,normal
2026-02-01 21:00:00,Building_D,59.67,False,normal
2026-02-01 22:00:00,Building_D,57.33,False,normal
2026-02-01 23:00:00,Building_D,59.81,False,normal
2026-02-02 00:00:00,Building_D,57.35,False,normal
2026-02-02 01:00:00,Building_D,61.67,False,normal
2026-02-02 02:00:00,Building_D,62.69,False,normal
2026-02-02 03:00:00,Building_D,60.65,False,normal
2026-02-02 04:00:00,Building_D,70.55,False,normal
2026-02-02 05:00:00,Building_D,58.58,False,normal
2026-02-02 06:00:00,Building_D,69.13,False,normal
2026-02-02 07:00:00,Building_D,56.97,False,normal
2026-02-02 08:00:00,Building_D,143.85,False,normal
2026-02-02 09:00:00,Building_D,149.4,False,normal
2026-02-02 10:00:00,Building_D,149.14,False,normal
2026-02-02 11:00:00,Building_D,141.38,False,normal
2026-02-02 12:00:00,Building_D,146.26,False,normal
2026-02-02 13:00:00,Building_D,145.59,False,normal
2026-02-02 14:00:00,Building_D,140.78,False,normal
2026-02-02 15:00:00,Building_D,146.56,False,normal
2026-02-02 16:00:00,Building_D,152.8,False,normal
2026-02-02 17:00:00,Building_D,145.84,False,normal
2026-02-02 18:00:00,Building_D,146.32,False,normal
2026-02-02 19:00:00,Building_D,65.54,False,normal
2026-02-02 20:00:00,Building_D,54.87,False,normal
2026-02-02 21:00:00,Building_D,64.48,False,normal
2026-02-02 22:00:00,Building_D,57.09,False,normal
2026-02-02 23:00:00,Building_D,59.23,False,normal
2026-02-03 00:00:00,Building_D,72.99,False,normal
2026-02-03 01:00:00,Building_D,60.91,False,normal
2026-02-03 02:00:00,Building_D,58.48,False,normal
2026-02-03 03:00:00,Building_D,67.94,False,normal
2026-02-03 04:00:00,Building_D,57.44,False,normal
2026-02-03 05:00:00,Building_D,59.94,False,normal
2026-02-03 06:00:00,Building_D,68.42,False,normal
2026-02-03 07:00:00,Building_D,62.39,False,normal
2026-02-03 08:00:00,Building_D,135.68,False,normal
2026-02-03 09:00:00,Building_D,146.2,False,normal
2026-02-03 10:00:00,Building_D,141.5,False,normal
2026-02-03 11:00:00,Building_D,151.18,False,normal
2026-02-03 12:00:00,Building_D,140.45,False,normal
2026-02-03 13:00:00,Building_D,148.74,False,normal
2026-02-03 14:00:00,Building_D,152.36,False,normal
2026-02-03 15:00:00,Building_D,139.23,False,normal
2026-02-03 16:00:00,Building_D,142.52,False,normal
2026-02-03 17:00:00,Building_D,145.43,False,normal
2026-02-03 18:00:00,Building_D,139.2,False,normal
2026-02-03 19:00:00,Building_D,63.53,False,normal
2026-02-03 20:00:00,Building_D,61.05,False,normal
2026-02-03 21:00:00,Building_D,60.95,False,normal
2026-02-03 22:00:00,Building_D,62.42,False,normal
2026-02-03 23:00:00,Building_D,62.53,False,normal
2026-02-04 00:00:00,Building_D,63.0,False,normal
2026-02-04 01:00:00,Building_D,59.18,False,normal
2026-02-04 02:00:00,Building_D,59.4,False,normal
2026-02-04 03:00:00,Building_D,61.58,False,normal
2026-02-04 04:00:00,Building_D,61.95,False,normal
2026-02-04 05:00:00,Building_D,59.98,False,normal
2026-02-04 06:00:00,Building_D,63.8,False,normal
2026-02-04 07:00:00,Building_D,53.1,False,normal
2026-02-04 08:00:00,Building_D,139.83,False,normal
2026-02-04 09:00:00,Building_D,142.08,False,normal
2026-02-04 10:00:00,Building_D,139.2,False,normal
2026-02-04 11:00:00,Building_D,151.63,False,normal
2026-02-04 12:00:00,Building_D,143.58,False,normal
2026-02-04 13:00:00,Building_D,144.37,False,normal
2026-02-04 14:00:00,Building_D,141.07,False,normal
2026-02-04 15:00:00,Building_D,143.4,False,normal
2026-02-04 16:00:00,Building_D,137.41,False,normal
2026-02-04 17:00:00,Building_D,142.63,False,normal
2026-02-04 18:00:00,Building_D,138.8,False,normal
2026-02-04 19:00:00,Building_D,60.79,False,normal
2026-02-04 20:00:00,Building_D,49.38,False,normal
2026-02-04 21:00:00,Building_D,56.54,False,normal
2026-02-04 22:00:00,Building_D,69.5,False,normal
2026-02-04 23:00:00,Building_D,66.33,False,normal
2026-02-05 00:00:00,Building_D,68.77,False,normal
2026-02-05 01:00:00,Building_D,69.11,False,normal
2026-02-05 02:00:00,Building_D,65.54,False,normal
2026-02-05 03:00:00,Building_D,59.91,False,normal
2026-02-05 04:00:00,Building_D,56.99,False,normal
2026-02-05 05:00:00,Building_D,67.91,False,normal
2026-02-05 06:00:00,Building_D,62.5,False,normal
2026-02-05 07:00:00,Building_D,74.65,False,normal
2026-02-05 08:00:00,Building_D,141.66,False,normal
2026-02-05 09:00:00,Building_D,153.35,False,normal
2026-02-05 10:00:00,Building_D,142.7,False,normal
2026-02-05 11:00:00,Building_D,150.16,False,normal
2026-02-05 12:00:00,Building_D,151.97,False,normal
2026-02-05 13:00:00,Building_D,138.37,False,normal
2026-02-05 14:00:00,Building_D,141.06,False,normal
2026-02-05 15:00:00,Building_D,138.32,False,normal
2026-02-05 16:00:00,Building_D,137.33,False,normal
2026-02-05 17:00:00,Building_D,146.82,False,normal
2026-02-05 18:00:00,Building_D,142.5,False,normal
2026-02-05 19:00:00,Building_D,62.44,False,normal
2026-02-05 20:00:00,Building_D,64.96,False,normal
2026-02-05 21:00:00,Building_D,52.89,False,normal
2026-02-05 22:00:00,Building_D,68.61,False,normal
2026-02-05 23:00:00,Building_D,60.43,False,normal
2026-02-06 00:00:00,Building_D,64.84,False,normal
2026-02-06 01:00:00,Building_D,65.28,False,normal
2026-02-06 02:00:00,Building_D,69.03,False,normal
2026-02-06 03:00:00,Building_D,61.65,False,normal
2026-02-06 04:00:00,Building_D,51.56,False,normal
2026-02-06 05:00:00,Building_D,62.46,False,normal
2026-02-06 06:00:00,Building_D,63.18,False,normal
2026-02-06 07:00:00,Building_D,57.0,False,normal
2026-02-06 08:00:00,Building_D,144.22,False,normal
2026-02-06 09:00:00,Building_D,141.68,False,normal
2026-02-06 10:00:00,Building_D,136.77,False,normal
2026-02-06 11:00:00,Building_D,146.84,False,normal
2026-02-06 12:00:00,Building_D,140.66,False,normal
2026-02-06 13:00:00,Building_D,141.45,False,normal
2026-02-06 14:00:00,Building_D,141.17,False,normal
2026-02-06 15:00:00,Building_D,149.66,False,normal
2026-02-06 16:00:00,Building_D,143.28,False,normal
2026-02-06 17:00:00,Building_D,143.88,False,normal
2026-02-06 18:00:00,Building_D,141.28,False,normal
2026-02-06 19:00:00,Building_D,64.49,False,normal
2026-02-06 20:00:00,Building_D,68.92,False,normal
2026-02-06 21:00:00,Building_D,65.42,False,normal
2026-02-06 22:00:00,Building_D,65.61,False,normal
2026-02-06 23:00:00,Building_D,65.21,False,normal
2026-02-07 00:00:00,Building_D,55.27,False,normal
2026-02-07 01:00:00,Building_D,57.8,False,normal
2026-02-07 02:00:00,Building_D,61.15,False,normal
2026-02-07 03:00:00,Building_D,58.55,False,normal
2026-02-07 04:00:00,Building_D,56.85,False,normal
2026-02-07 05:00:00,Building_D,52.82,False,normal
2026-02-07 06:00:00,Building_D,55.44,False,normal
2026-02-07 07:00:00,Building_D,60.89,False,normal
2026-02-07 08:00:00,Building_D,61.83,False,normal
2026-02-07 09:00:00,Building_D,58.21,False,normal
2026-02-07 10:00:00,Building_D,62.57,False,normal
2026-02-07 11:00:00,Building_D,60.01,False,normal
2026-02-07 12:00:00,Building_D,67.63,False,normal
2026-02-07 13:00:00,Building_D,61.37,False,normal
2026-02-07 14:00:00,Building_D,65.66,False,normal
2026-02-07 15:00:00,Building_D,63.19,False,normal
2026-02-07 16:00:00,Building_D,55.17,False,normal
2026-02-07 17:00:00,Building_D,61.72,False,normal
2026-02-07 18:00:00,Building_D,56.0,False,normal
2026-02-07 19:00:00,Building_D,61.64,False,normal
2026-02-07 20:00:00,Building_D,58.45,False,normal
2026-02-07 21:00:00,Building_D,64.09,False,normal
2026-02-07 22:00:00,Building_D,55.46,False,normal
2026-02-07 23:00:00,Building_D,62.25,False,normal
2026-02-08 00:00:00,Building_D,65.04,False,normal
2026-02-08 01:00:00,Building_D,66.71,False,normal
2026-02-08 02:00:00,Building_D,58.36,False,normal
2026-02-08 03:00:00,Building_D,62.26,False,normal
2026-02-08 04:00:00,Building_D,63.1,False,normal
2026-02-08 05:00:00,Building_D,69.91,False,normal
2026-02-08 06:00:00,Building_D,54.77,False,normal
2026-02-08 07:00:00,Building_D,57.62,False,normal
2026-02-08 08:00:00,Building_D,76.2,False,normal
2026-02-08 09:00:00,Building_D,60.81,False,normal
2026-02-08 10:00:00,Building_D,52.72,False,normal
2026-02-08 11:00:00,Building_D,59.26,False,normal
2026-02-08 12:00:00,Building_D,48.33,False,normal
2026-02-08 13:00:00,Building_D,63.38,False,normal
2026-02-08 14:00:00,Building_D,66.23,False,normal
2026-02-08 15:00:00,Building_D,57.62,False,normal
2026-02-08 16:00:00,Building_D,59.82,False,normal
2026-02-08 17:00:00,Building_D,66.79,False,normal
2026-02-08 18:00:00,Building_D,53.43,False,normal
2026-02-08 19:00:00,Building_D,55.57,False,normal
2026-02-08 20:00:00,Building_D,61.04,False,normal
2026-02-08 21:00:00,Building_D,58.41,False,normal
2026-02-08 22:00:00,Building_D,60.71,False,normal
2026-02-08 23:00:00,Building_D,55.86,False,normal
2026-02-09 00:00:00,Building_D,63.25,False,normal
2026-02-09 01:00:00,Building_D,61.43,False,normal
2026-02-09 02:00:00,Building_D,64.92,False,normal
2026-02-09 03:00:00,Building_D,63.18,False,normal
2026-02-09 04:00:00,Building_D,63.21,False,normal
2026-02-09 05:00:00,Building_D,54.94,False,normal
2026-02-09 06:00:00,Building_D,64.64,False,normal
2026-02-09 07:00:00,Building_D,60.52,False,normal
2026-02-09 08:00:00,Building_D,142.65,False,normal
2026-02-09 09:00:00,Building_D,148.72,False,normal
2026-02-09 10:00:00,Building_D,139.89,False,normal
2026-02-09 11:00:00,Building_D,150.24,False,normal
2026-02-09 12:00:00,Building_D,150.71,False,normal
2026-02-09 13:00:00,Building_D,147.25,False,normal
2026-02-09 14:00:00,Building_D,138.58,False,normal
2026-02-09 15:00:00,Building_D,132.55,False,normal
2026-02-09 16:00:00,Building_D,148.88,False,normal
2026-02-09 17:00:00,Building_D,144.04,False,normal
2026-02-09 18:00:00,Building_D,139.76,False,normal
2026-02-09 19:00:00,Building_D,68.04,False,normal
2026-02-09 20:00:00,Building_D,57.87,False,normal
2026-02-09 21:00:00,Building_D,60.06,False,normal
2026-02-09 22:00:00,Building_D,64.8,False,normal
2026-02-09 23:00:00,Building_D,56.61,False,normal
2026-02-10 00:00:00,Building_D,61.63,False,normal
2026-02-10 01:00:00,Building_D,67.62,False,normal
2026-02-10 02:00:00,Building_D,63.23,False,normal
2026-02-10 03:00:00,Building_D,68.41,False,normal
2026-02-10 04:00:00,Building_D,67.84,False,normal
2026-02-10 05:00:00,Building_D,62.21,False,normal
2026-02-10 06:00:00,Building_D,50.49,False,normal
2026-02-10 07:00:00,Building_D,56.65,False,normal
2026-02-10 08:00:00,Building_D,147.3,False,normal
2026-02-10 09:00:00,Building_D,135.73,False,normal
2026-02-10 10:00:00,Building_D,141.85,False,normal
2026-02-10 11:00:00,Building_D,145.18,False,normal
2026-02-10 12:00:00,Building_D,150.83,False,normal
2026-02-10 13:00:00,Building_D,140.61,False,normal
2026-02-10 14:00:00,Building_D,140.27,False,normal
2026-02-10 15:00:00,Building_D,143.22,False,normal
2026-02-10 16:00:00,Building_D,145.24,False,normal
2026-02-10 17:00:00,Building_D,142.71,False,normal
2026-02-10 18:00:00,Building_D,148.73,False,normal
2026-02-10 19:00:00,Building_D,58.18,False,normal
2026-02-10 20:00:00,Building_D,62.78,False,normal
2026-02-10 21:00:00,Building_D,64.4,False,normal
2026-02-10 22:00:00,Building_D,60.17,False,normal
2026-02-10 23:00:00,Building_D,66.37,False,normal
2026-02-11 00:00:00,Building_D,62.92,False,normal
2026-02-11 01:00:00,Building_D,66.12,False,normal
2026-02-11 02:00:00,Building_D,63.15,False,normal
2026-02-11 03:00:00,Building_D,64.06,False,normal
2026-02-11 04:00:00,Building_D,59.01,False,normal
2026-02-11 05:00:00,Building_D,59.02,False,normal
2026-02-11 06:00:00,Building_D,68.3,False,normal
2026-02-11 07:00:00,Building_D,65.35,False,normal
2026-02-11 08:00:00,Building_D,138.37,False,normal
2026-02-11 09:00:00,Building_D,144.39,False,normal
2026-02-11 10:00:00,Building_D,131.61,False,normal
2026-02-11 11:00:00,Building_D,140.61,False,normal
2026-02-11 12:00:00,Building_D,148.29,False,normal
2026-02-11 13:00:00,Building_D,142.86,False,normal
2026-02-11 14:00:00,Building_D,144.07,False,normal
2026-02-11 15:00:00,Building_D,128.4,False,normal
2026-02-11 16:00:00,Building_D,141.52,False,normal
2026-02-11 17:00:00,Building_D,145.17,False,normal
2026-02-11 18:00:00,Building_D,145.81,False,normal
2026-02-11 19:00:00,Building_D,66.99,False,normal
2026-02-11 20:00:00,Building_D,61.12,False,normal
2026-02-11 21:00:00,Building_D,61.35,False,normal
2026-02-11 22:00:00,Building_D,55.52,False,normal
2026-02-11 23:00:00,Building_D,61.15,False,normal
2026-02-12 00:00:00,Building_D,55.87,False,normal
2026-02-12 01:00:00,Building_D,52.94,False,normal
2026-02-12 02:00:00,Building_D,56.75,False,normal
2026-02-12 03:00:00,Building_D,69.72,False,normal
2026-02-12 04:00:00,Building_D,60.82,False,normal
2026-02-12 05:00:00,Building_D,63.28,False,normal
2026-02-12 06:00:00,Building_D,59.61,False,normal
2026-02-12 07:00:00,Building_D,53.22,False,normal
2026-02-12 08:00:00,Building_D,148.16,False,normal
2026-02-12 09:00:00,Building_D,132.62,False,normal
2026-02-12 10:00:00,Building_D,140.71,False,normal
2026-02-12 11:00:00,Building_D,143.21,False,normal
2026-02-12 12:00:00,Building_D,144.64,False,normal
2026-02-12 13:00:00,Building_D,139.85,False,normal
2026-02-12 14:00:00,Building_D,134.29,False,normal
2026-02-12 15:00:00,Building_D,139.48,False,normal
2026-02-12 16:00:00,Building_D,139.74,False,normal
2026-02-12 17:00:00,Building_D,139.62,False,normal
2026-02-12 18:00:00,Building_D,148.33,False,normal
2026-02-12 19:00:00,Building_D,56.11,False,normal
2026-02-12 20:00:00,Building_D,63.68,False,normal
2026-02-12 21:00:00,Building_D,62.97,False,normal
2026-02-12 22:00:00,Building_D,66.98,False,normal
2026-02-12 23:00:00,Building_D,61.51,False,normal
2026-02-13 00:00:00,Building_D,66.13,False,normal
2026-02-13 01:00:00,Building_D,61.31,False,normal
2026-02-13 02:00:00,Building_D,64.35,False,normal
2026-02-13 03:00:00,Building_D,54.66,False,normal
2026-02-13 04:00:00,Building_D,48.98,False,normal
2026-02-13 05:00:00,Building_D,64.06,False,normal
2026-02-13 06:00:00,Building_D,64.33,False,normal
2026-02-13 07:00:00,Building_D,64.55,False,normal
2026-02-13 08:00:00,Building_D,140.86,False,normal
2026-02-13 09:00:00,Building_D,150.93,False,normal
2026-02-13 10:00:00,Building_D,141.18,False,normal
2026-02-13 11:00:00,Building_D,145.59,False,normal
2026-02-13 12:00:00,Building_D,146.46,False,normal
2026-02-13 13:00:00,Building_D,152.08,False,normal
2026-02-13 14:00:00,Building_D,141.9,False,normal
2026-02-13 15:00:00,Building_D,140.22,False,normal
2026-02-13 16:00:00,Building_D,135.99,False,normal
2026-02-13 17:00:00,Building_D,151.25,False,normal
2026-02-13 18:00:00,Building_D,145.59,False,normal
2026-02-13 19:00:00,Building_D,64.44,False,normal
2026-02-13 20:00:00,Building_D,77.76,False,normal
2026-02-13 21:00:00,Building_D,63.8,False,normal
2026-02-13 22:00:00,Building_D,55.66,False,normal
2026-02-13 23:00:00,Building_D,61.2,False,normal
2026-02-14 00:00:00,Building_D,57.3,False,normal
2026-02-14 01:00:00,Building_D,60.2,False,normal
2026-02-14 02:00:00,Building_D,60.16,False,normal
2026-02-14 03:00:00,Building_D,59.24,False,normal
2026-02-14 04:00:00,Building_D,55.21,False,normal
2026-02-14 05:00:00,Building_D,70.14,False,normal
2026-02-14 06:00:00,Building_D,63.67,False,normal
2026-02-14 07:00:00,Building_D,61.05,False,normal
2026-02-14 08:00:00,Building_D,65.96,False,normal
2026-02-14 09:00:00,Building_D,64.53,False,normal
2026-02-14 10:00:00,Building_D,63.55,False,normal
2026-02-14 11:00:00,Building_D,65.6,False,normal
2026-02-14 12:00:00,Building_D,62.85,False,normal
2026-02-14 13:00:00,Building_D,65.53,False,normal
2026-02-14 14:00:00,Building_D,65.94,False,normal
2026-02-14 15:00:00,Building_D,62.99,False,normal
2026-02-14 16:00:00,Building_D,61.07,False,normal
2026-02-14 17:00:00,Building_D,69.83,False,normal
2026-02-14 18:00:00,Building_D,59.79,False,normal
2026-02-14 19:00:00,Building_D,64.13,False,normal
2026-02-14 20:00:00,Building_D,64.25,False,normal
2026-02-14 21:00:00,Building_D,59.13,False,normal
2026-02-14 22:00:00,Building_D,58.14,False,normal
2026-02-14 23:00:00,Building_D,60.41,False,normal
2026-02-15 00:00:00,Building_D,59.72,False,normal
2026-02-15 01:00:00,Building_D,54.89,False,normal
2026-02-15 02:00:00,Building_D,58.92,False,normal
2026-02-15 03:00:00,Building_D,63.51,False,normal
2026-02-15 04:00:00,Building_D,68.51,False,normal
2026-02-15 05:00:00,Building_D,64.95,False,normal
2026-02-15 06:00:00,Building_D,49.18,False,normal
2026-02-15 07:00:00,Building_D,65.38,False,normal
2026-02-15 08:00:00,Building_D,59.39,False,normal
2026-02-15 09:00:00,Building_D,64.44,False,normal
2026-02-15 10:00:00,Building_D,62.11,False,normal
2026-02-15 11:00:00,Building_D,61.21,False,normal
2026-02-15 12:00:00,Building_D,61.66,False,normal
2026-02-15 13:00:00,Building_D,62.06,False,normal
2026-02-15 14:00:00,Building_D,68.9,False,normal
2026-02-15 15:00:00,Building_D,62.08,False,normal
2026-02-15 16:00:00,Building_D,67.6,False,normal
2026-02-15 17:00:00,Building_D,66.88,False,normal
2026-02-15 18:00:00,Building_D,65.51,False,normal
2026-02-15 19:00:00,Building_D,53.24,False,normal
2026-02-15 20:00:00,Building_D,67.76,False,normal
2026-02-15 21:00:00,Building_D,59.89,False,normal
2026-02-15 22:00:00,Building_D,65.75,False,normal
2026-02-15 23:00:00,Building_D,57.31,False,normal
2026-02-16 00:00:00,Building_D,56.25,False,normal
2026-02-16 01:00:00,Building_D,72.06,False,normal
2026-02-16 02:00:00,Building_D,57.39,False,normal
2026-02-16 03:00:00,Building_D,67.91,False,normal
2026-02-16 04:00:00,Building_D,62.77,False,normal
2026-02-16 05:00:00,Building_D,60.08,False,normal
2026-02-16 06:00:00,Building_D,61.95,False,normal
2026-02-16 07:00:00,Building_D,55.67,False,normal
2026-02-16 08:00:00,Building_D,143.41,False,normal
2026-02-16 09:00:00,Building_D,138.07,False,normal
2026-02-16 10:00:00,Building_D,141.51,False,normal
2026-02-16 11:00:00,Building_D,148.11,False,normal
2026-02-16 12:00:00,Building_D,144.75,False,normal
2026-02-16 13:00:00,Building_D,136.07,False,normal
2026-02-16 14:00:00,Building_D,147.74,False,normal
2026-02-16 15:00:00,Building_D,143.45,False,normal
2026-02-16 16:00:00,Building_D,140.77,False,normal
2026-02-16 17:00:00,Building_D,147.22,False,normal
2026-02-16 18:00:00,Building_D,142.65,False,normal
2026-02-16 19:00:00,Building_D,56.35,False,normal
2026-02-16 20:00:00,Building_D,71.42,False,normal
2026-02-16 21:00:00,Building_D,62.09,False,normal
2026-02-16 22:00:00,Building_D,61.77,False,normal
2026-02-16 23:00:00,Building_D,60.15,False,normal
2026-02-17 00:00:00,Building_D,68.08,False,normal
2026-02-17 01:00:00,Building_D,59.55,False,normal
2026-02-17 02:00:00,Building_D,54.45,False,normal
2026-02-17 03:00:00,Building_D,58.78,False,normal
2026-02-17 04:00:00,Building_D,68.81,False,normal
2026-02-17 05:00:00,Building_D,66.34,False,normal
2026-02-17 06:00:00,Building_D,60.9,False,normal
2026-02-17 07:00:00,Building_D,69.04,False,normal
2026-02-17 08:00:00,Building_D,147.22,False,normal
2026-02-17 09:00:00,Building_D,142.15,False,normal
2026-02-17 10:00:00,Building_D,142.65,False,normal
2026-02-17 11:00:00,Building_D,145.13,False,normal
2026-02-17 12:00:00,Building_D,139.32,False,normal
2026-02-17 13:00:00,Building_D,143.51,False,normal
2026-02-17 14:00:00,Building_D,145.03,False,normal
2026-02-17 15:00:00,Building_D,135.05,False,normal
2026-02-17 16:00:00,Building_D,142.54,False,normal
2026-02-17 17:00:00,Building_D,141.97,False,normal
2026-02-17 18:00:00,Building_D,148.62,False,normal
2026-02-17 19:00:00,Building_D,52.95,False,normal
2026-02-17 20:00:00,Building_D,60.27,False,normal
2026-02-17 21:00:00,Building_D,59.77,False,normal
2026-02-17 22:00:00,Building_D,66.98,False,normal
2026-02-17 23:00:00,Building_D,61.96,False,normal
2026-02-18 00:00:00,Building_D,71.16,False,normal
2026-02-18 01:00:00,Building_D,65.49,False,normal
2026-02-18 02:00:00,Building_D,60.12,False,normal
2026-02-18 03:00:00,Building_D,63.37,False,normal
2026-02-18 04:00:00,Building_D,60.41,False,normal
2026-02-18 05:00:00,Building_D,66.47,False,normal
2026-02-18 06:00:00,Building_D,55.52,False,normal
2026-02-18 07:00:00,Building_D,58.06,False,normal
2026-02-18 08:00:00,Building_D,145.76,False,normal
2026-02-18 09:00:00,Building_D,149.61,False,normal
2026-02-18 10:00:00,Building_D,132.47,False,normal
2026-02-18 11:00:00,Building_D,150.36,False,normal
2026-02-18 12:00:00,Building_D,142.78,False,normal
2026-02-18 13:00:00,Building_D,134.06,False,normal
2026-02-18 14:00:00,Building_D,128.47,False,normal
2026-02-18 15:00:00,Building_D,135.84,False,normal
2026-02-18 16:00:00,Building_D,143.38,False,normal
2026-02-18 17:00:00,Building_D,143.15,False,normal
2026-02-18 18:00:00,Building_D,146.65,False,normal
2026-02-18 19:00:00,Building_D,59.43,False,normal
2026-02-18 20:00:00,Building_D,56.64,False,normal
2026-02-18 21:00:00,Building_D,60.11,False,normal
2026-02-18 22:00:00,Building_D,62.34,False,normal
2026-02-18 23:00:00,Building_D,63.33,False,normal
2026-02-19 00:00:00,Building_D,58.23,False,normal
2026-02-19 01:00:00,Building_D,66.68,False,normal
2026-02-19 02:00:00,Building_D,59.07,False,normal
2026-02-19 03:00:00,Building_D,57.83,False,normal
2026-02-19 04:00:00,Building_D,59.46,False,normal
2026-02-19 05:00:00,Building_D,67.55,False,normal
2026-02-19 06:00:00,Building_D,61.51,False,normal
2026-02-19 07:00:00,Building_D,58.7,False,normal
2026-02-19 08:00:00,Building_D,148.11,False,normal
2026-02-19 09:00:00,Building_D,154.2,False,normal
2026-02-19 10:00:00,Building_D,144.53,False,normal
2026-02-19 11:00:00,Building_D,149.65,False,normal
2026-02-19 12:00:00,Building_D,148.66,False,normal
2026-02-19 13:00:00,Building_D,140.46,False,normal
2026-02-19 14:00:00,Building_D,143.62,False,normal
2026-02-19 15:00:00,Building_D,137.07,False,normal
2026-02-19 16:00:00,Building_D,142.46,False,normal
2026-02-19 17:00:00,Building_D,140.35,False,normal
2026-02-19 18:00:00,Building_D,141.47,False,normal
2026-02-19 19:00:00,Building_D,58.43,False,normal
2026-02-19 20:00:00,Building_D,60.74,False,normal
2026-02-19 21:00:00,Building_D,64.84,False,normal
2026-02-19 22:00:00,Building_D,61.58,False,normal
2026-02-19 23:00:00,Building_D,52.85,False,normal
2026-02-20 00:00:00,Building_D,58.45,False,normal
2026-02-20 01:00:00,Building_D,54.58,False,normal
2026-02-20 02:00:00,Building_D,63.4,False,normal
2026-02-20 03:00:00,Building_D,64.69,False,normal
2026-02-20 04:00:00,Building_D,63.46,False,normal
2026-02-20 05:00:00,Building_D,58.24,False,normal
2026-02-20 06:00:00,Building_D,63.41,False,normal
2026-02-20 07:00:00,Building_D,59.83,False,normal
2026-02-20 08:00:00,Building_D,137.79,False,normal
2026-02-20 09:00:00,Building_D,147.19,False,normal
2026-02-20 10:00:00,Building_D,147.57,False,normal
2026-02-20 11:00:00,Building_D,148.23,False,normal
2026-02-20 12:00:00,Building_D,140.44,False,normal
2026-02-20 13:00:00,Building_D,149.38,False,normal
2026-02-20 14:00:00,Building_D,141.02,False,normal
2026-02-20 15:00:00,Building_D,146.75,False,normal
2026-02-20 16:00:00,Building_D,140.93,False,normal
2026-02-20 17:00:00,Building_D,142.36,False,normal
2026-02-20 18:00:00,Building_D,131.38,False,normal
2026-02-20 19:00:00,Building_D,60.67,False,normal
2026-02-20 20:00:00,Building_D,62.63,False,normal
2026-02-20 21:00:00,Building_D,60.13,False,normal
2026-02-20 22:00:00,Building_D,70.96,False,normal
2026-02-20 23:00:00,Building_D,56.36,False,normal
2026-02-21 00:00:00,Building_D,59.36,False,normal
2026-02-21 01:00:00,Building_D,57.65,False,normal
2026-02-21 02:00:00,Building_D,59.36,False,normal
2026-02-21 03:00:00,Building_D,67.33,False,normal
2026-02-21 04:00:00,Building_D,69.57,False,normal
2026-02-21 05:00:00,Building_D,58.67,False,normal
2026-02-21 06:00:00,Building_D,58.56,False,normal
2026-02-21 07:00:00,Building_D,56.39,False,normal
2026-02-21 08:00:00,Building_D,68.71,False,normal
2026-02-21 09:00:00,Building_D,67.78,False,normal
2026-02-21 10:00:00,Building_D,61.65,False,normal
2026-02-21 11:00:00,Building_D,55.2,False,normal
2026-02-21 12:00:00,Building_D,55.64,False,normal
2026-02-21 13:00:00,Building_D,63.03,False,normal
2026-02-21 14:00:00,Building_D,64.92,False,normal
2026-02-21 15:00:00,Building_D,51.85,False,normal
2026-02-21 16:00:00,Building_D,60.57,False,normal
2026-02-21 17:00:00,Building_D,70.27,False,normal
2026-02-21 18:00:00,Building_D,61.09,False,normal
2026-02-21 19:00:00,Building_D,69.62,False,normal
2026-02-21 20:00:00,Building_D,65.42,False,normal
2026-02-21 21:00:00,Building_D,56.75,False,normal
2026-02-21 22:00:00,Building_D,60.71,False,normal
2026-02-21 23:00:00,Building_D,61.53,False,normal
2026-02-22 00:00:00,Building_D,57.41,False,normal
2026-02-22 01:00:00,Building_D,57.33,False,normal
2026-02-22 02:00:00,Building_D,69.71,False,normal
2026-02-22 03:00:00,Building_D,57.29,False,normal
2026-02-22 04:00:00,Building_D,67.57,False,normal
2026-02-22 05:00:00,Building_D,59.99,False,normal
2026-02-22 06:00:00,Building_D,62.05,False,normal
2026-02-22 07:00:00,Building_D,64.99,False,normal
2026-02-22 08:00:00,Building_D,59.18,False,normal
2026-02-22 09:00:00,Building_D,65.02,False,normal
2026-02-22 10:00:00,Building_D,51.94,False,normal
2026-02-22 11:00:00,Building_D,64.37,False,normal
2026-02-22 12:00:00,Building_D,49.83,False,normal
2026-02-22 13:00:00,Building_D,61.04,False,normal
2026-02-22 14:00:00,Building_D,66.45,False,normal
2026-02-22 15:00:00,Building_D,65.29,False,normal
2026-02-22 16:00:00,Building_D,55.68,False,normal
2026-02-22 17:00:00,Building_D,56.33,False,normal
2026-02-22 18:00:00,Building_D,58.73,False,normal
2026-02-22 19:00:00,Building_D,63.11,False,normal
2026-02-22 20:00:00,Building_D,52.02,False,normal
2026-02-22 21:00:00,Building_D,62.11,False,normal
2026-02-22 22:00:00,Building_D,63.73,False,normal
2026-02-22 23:00:00,Building_D,60.76,False,normal
2026-02-23 00:00:00,Building_D,64.8,False,normal
2026-02-23 01:00:00,Building_D,63.29,False,normal
2026-02-23 02:00:00,Building_D,59.47,False,normal
2026-02-23 03:00:00,Building_D,52.5,False,normal
2026-02-23 04:00:00,Building_D,62.84,False,normal
2026-02-23 05:00:00,Building_D,57.41,False,normal
2026-02-23 06:00:00,Building_D,59.28,False,normal
2026-02-23 07:00:00,Building_D,64.57,False,normal
2026-02-23 08:00:00,Building_D,150.57,False,normal
2026-02-23 09:00:00,Building_D,143.29,False,normal
2026-02-23 10:00:00,Building_D,146.25,False,normal
2026-02-23 11:00:00,Building_D,136.26,False,normal
2026-02-23 12:00:00,Building_D,144.71,False,normal
2026-02-23 13:00:00,Building_D,143.18,False,normal
2026-02-23 14:00:00,Building_D,149.63,False,normal
2026-02-23 15:00:00,Building_D,140.78,False,normal
2026-02-23 16:00:00,Building_D,142.28,False,normal
2026-02-23 17:00:00,Building_D,148.78,False,normal
2026-02-23 18:00:00,Building_D,143.02,False,normal
2026-02-23 19:00:00,Building_D,56.63,False,normal
2026-02-23 20:00:00,Building_D,74.93,False,normal
2026-02-23 21:00:00,Building_D,56.78,False,normal
2026-02-23 22:00:00,Building_D,61.85,False,normal
2026-02-23 23:00:00,Building_D,63.91,False,normal
2026-02-24 00:00:00,Building_D,63.51,False,normal
2026-02-24 01:00:00,Building_D,61.23,False,normal
2026-02-24 02:00:00,Building_D,61.25,False,normal
2026-02-24 03:00:00,Building_D,61.0,False,normal
2026-02-24 04:00:00,Building_D,56.6,False,normal
2026-02-24 05:00:00,Building_D,72.93,False,normal
2026-02-24 06:00:00,Building_D,61.08,False,normal
2026-02-24 07:00:00,Building_D,65.16,False,normal
2026-02-24 08:00:00,Building_D,141.81,False,normal
2026-02-24 09:00:00,Building_D,141.71,False,normal
2026-02-24 10:00:00,Building_D,141.21,False,normal
2026-02-24 11:00:00,Building_D,135.73,False,normal
2026-02-24 12:00:00,Building_D,142.68,False,normal
2026-02-24 13:00:00,Building_D,141.45,False,normal
2026-02-24 14:00:00,Building_D,149.34,False,normal
2026-02-24 15:00:00,Building_D,137.5,False,normal
2026-02-24 16:00:00,Building_D,140.6,False,normal
2026-02-24 17:00:00,Building_D,138.99,False,normal
2026-02-24 18:00:00,Building_D,150.7,False,normal
2026-02-24 19:00:00,Building_D,57.83,False,normal
2026-02-24 20:00:00,Building_D,64.99,False,normal
2026-02-24 21:00:00,Building_D,67.03,False,normal
2026-02-24 22:00:00,Building_D,61.45,False,normal
2026-02-24 23:00:00,Building_D,55.29,False,normal
2026-02-25 00:00:00,Building_D,55.36,False,normal
2026-02-25 01:00:00,Building_D,66.47,False,normal
2026-02-25 02:00:00,Building_D,55.87,False,normal
2026-02-25 03:00:00,Building_D,64.14,False,normal
2026-02-25 04:00:00,Building_D,62.75,False,normal
2026-02-25 05:00:00,Building_D,64.06,False,normal
2026-02-25 06:00:00,Building_D,64.53,False,normal
2026-02-25 07:00:00,Building_D,57.51,False,normal
2026-02-25 08:00:00,Building_D,138.61,False,normal
2026-02-25 09:00:00,Building_D,147.06,False,normal
2026-02-25 10:00:00,Building_D,140.34,False,normal
2026-02-25 11:00:00,Building_D,129.73,False,normal
2026-02-25 12:00:00,Building_D,146.73,False,normal
2026-02-25 13:00:00,Building_D,138.3,False,normal
2026-02-25 14:00:00,Building_D,145.82,False,normal
2026-02-25 15:00:00,Building_D,150.45,False,normal
2026-02-25 16:00:00,Building_D,143.57,False,normal
2026-02-25 17:00:00,Building_D,148.46,False,normal
2026-02-25 18:00:00,Building_D,144.25,False,normal
2026-02-25 19:00:00,Building_D,70.11,False,normal
2026-02-25 20:00:00,Building_D,56.87,False,normal
2026-02-25 21:00:00,Building_D,62.14,False,normal
2026-02-25 22:00:00,Building_D,65.54,False,normal
2026-02-25 23:00:00,Building_D,61.22,False,normal
2026-02-26 00:00:00,Building_D,67.94,False,normal
2026-02-26 01:00:00,Building_D,60.02,False,normal
2026-02-26 02:00:00,Building_D,72.52,False,normal
2026-02-26 03:00:00,Building_D,72.79,False,normal
2026-02-26 04:00:00,Building_D,63.59,False,normal
2026-02-26 05:00:00,Building_D,64.94,False,normal
2026-02-26 06:00:00,Building_D,68.13,False,normal
2026-02-26 07:00:00,Building_D,56.24,False,normal
2026-02-26 08:00:00,Building_D,136.92,False,normal
2026-02-26 09:00:00,Building_D,149.77,False,normal
2026-02-26 10:00:00,Building_D,144.85,False,normal
2026-02-26 11:00:00,Building_D,142.35,False,normal
2026-02-26 12:00:00,Building_D,143.54,False,normal
2026-02-26 13:00:00,Building_D,131.55,False,normal
2026-02-26 14:00:00,Building_D,142.53,False,normal
2026-02-26 15:00:00,Building_D,139.72,False,normal
2026-02-26 16:00:00,Building_D,148.07,False,normal
2026-02-26 17:00:00,Building_D,148.46,False,normal
2026-02-26 18:00:00,Building_D,146.37,False,normal
2026-02-26 19:00:00,Building_D,64.15,False,normal
2026-02-26 20:00:00,Building_D,54.69,False,normal
2026-02-26 21:00:00,Building_D,65.13,False,normal
2026-02-26 22:00:00,Building_D,65.32,False,normal
2026-02-26 23:00:00,Building_D,68.4,False,normal
2026-02-27 00:00:00,Building_D,72.77,False,normal
2026-02-27 01:00:00,Building_D,53.71,False,normal
2026-02-27 02:00:00,Building_D,60.23,False,normal
2026-02-27 03:00:00,Building_D,58.46,False,normal
2026-02-27 04:00:00,Building_D,63.04,False,normal
2026-02-27 05:00:00,Building_D,62.24,False,normal
2026-02-27 06:00:00,Building_D,61.01,False,normal
2026-02-27 07:00:00,Building_D,67.31,False,normal
2026-02-27 08:00:00,Building_D,137.98,False,normal
2026-02-27 09:00:00,Building_D,138.28,False,normal
2026-02-27 10:00:00,Building_D,138.36,False,normal
2026-02-27 11:00:00,Building_D,141.68,False,normal
2026-02-27 12:00:00,Building_D,137.34,False,normal
2026-02-27 13:00:00,Building_D,143.24,False,normal
2026-02-27 14:00:00,Building_D,142.66,False,normal
2026-02-27 15:00:00,Building_D,139.55,False,normal
2026-02-27 16:00:00,Building_D,147.85,False,normal
2026-02-27 17:00:00,Building_D,143.19,False,normal
2026-02-27 18:00:00,Building_D,148.8,False,normal
2026-02-27 19:00:00,Building_D,61.2,False,normal
2026-02-27 20:00:00,Building_D,62.06,False,normal
2026-02-27 21:00:00,Building_D,59.36,False,normal
2026-02-27 22:00:00,Building_D,62.14,False,normal
2026-02-27 23:00:00,Building_D,65.74,False,normal
2026-02-28 00:00:00,Building_D,60.12,False,normal
2026-02-28 01:00:00,Building_D,64.77,False,normal
2026-02-28 02:00:00,Building_D,58.11,False,normal
2026-02-28 03:00:00,Building_D,65.97,False,normal
2026-02-28 04:00:00,Building_D,59.28,False,normal
2026-02-28 05:00:00,Building_D,66.43,False,normal
2026-02-28 06:00:00,Building_D,62.48,False,normal
2026-02-28 07:00:00,Building_D,69.78,False,normal
2026-02-28 08:00:00,Building_D,56.41,False,normal
2026-02-28 09:00:00,Building_D,54.8,False,normal
2026-02-28 10:00:00,Building_D,59.1,False,normal
2026-02-28 11:00:00,Building_D,55.25,False,normal
2026-02-28 12:00:00,Building_D,55.26,False,normal
2026-02-28 13:00:00,Building_D,65.28,False,normal
2026-02-28 14:00:00,Building_D,62.16,False,normal
2026-02-28 15:00:00,Building_D,59.78,False,normal
2026-02-28 16:00:00,Building_D,60.24,False,normal
2026-02-28 17:00:00,Building_D,59.19,False,normal
2026-02-28 18:00:00,Building_D,70.43,False,normal
2026-02-28 19:00:00,Building_D,58.5,False,normal
2026-02-28 20:00:00,Building_D,55.57,False,normal
2026-02-28 21:00:00,Building_D,66.16,False,normal
2026-02-28 22:00:00,Building_D,61.1,False,normal
2026-02-28 23:00:00,Building_D,72.37,False,normal
2026-03-01 00:00:00,Building_D,59.55,False,normal
2026-03-01 01:00:00,Building_D,66.41,False,normal
2026-03-01 02:00:00,Building_D,67.59,False,normal
2026-03-01 03:00:00,Building_D,59.57,False,normal
2026-03-01 04:00:00,Building_D,58.46,False,normal
2026-03-01 05:00:00,Building_D,65.88,False,normal
2026-03-01 06:00:00,Building_D,65.05,False,normal
2026-03-01 07:00:00,Building_D,55.12,False,normal
2026-03-01 08:00:00,Building_D,56.53,False,normal
2026-03-01 09:00:00,Building_D,49.49,False,normal
2026-03-01 10:00:00,Building_D,65.15,False,normal
2026-03-01 11:00:00,Building_D,60.87,False,normal
2026-03-01 12:00:00,Building_D,61.37,False,normal
2026-03-01 13:00:00,Building_D,53.72,False,normal
2026-03-01 14:00:00,Building_D,56.69,False,normal
2026-03-01 15:00:00,Building_D,59.79,False,normal
2026-03-01 16:00:00,Building_D,58.81,False,normal
2026-03-01 17:00:00,Building_D,62.77,False,normal
2026-03-01 18:00:00,Building_D,65.09,False,normal
2026-03-01 19:00:00,Building_D,73.52,False,normal
2026-03-01 20:00:00,Building_D,62.08,False,normal
2026-03-01 21:00:00,Building_D,67.75,False,normal
2026-03-01 22:00:00,Building_D,58.03,False,normal
2026-03-01 23:00:00,Building_D,53.8,False,normal
2026-03-02 00:00:00,Building_D,60.41,False,normal
2026-03-02 01:00:00,Building_D,54.19,False,normal
2026-03-02 02:00:00,Building_D,62.25,False,normal
2026-03-02 03:00:00,Building_D,58.27,False,normal
2026-03-02 04:00:00,Building_D,52.4,False,normal
2026-03-02 05:00:00,Building_D,70.86,False,normal
2026-03-02 06:00:00,Building_D,59.49,False,normal
2026-03-02 07:00:00,Building_D,53.99,False,normal
2026-03-02 08:00:00,Building_D,147.97,False,normal
2026-03-02 09:00:00,Building_D,139.84,False,normal
2026-03-02 10:00:00,Building_D,148.93,False,normal
2026-03-02 11:00:00,Building_D,139.82,False,normal
2026-03-02 12:00:00,Building_D,140.78,False,normal
2026-03-02 13:00:00,Building_D,145.21,False,normal
2026-03-02 14:00:00,Building_D,146.45,False,normal
2026-03-02 15:00:00,Building_D,147.33,False,normal
2026-03-02 16:00:00,Building_D,143.03,False,normal
2026-03-02 17:00:00,Building_D,146.13,False,normal
2026-03-02 18:00:00,Building_D,147.21,False,normal
2026-03-02 19:00:00,Building_D,63.18,False,normal
2026-03-02 20:00:00,Building_D,61.46,False,normal
2026-03-02 21:00:00,Building_D,54.95,False,normal
2026-03-02 22:00:00,Building_D,65.17,False,normal
2026-03-02 23:00:00,Building_D,62.39,False,normal
2026-03-03 00:00:00,Building_D,60.11,False,normal
2026-03-03 01:00:00,Building_D,68.56,False,normal
2026-03-03 02:00:00,Building_D,55.04,False,normal
2026-03-03 03:00:00,Building_D,70.4,False,normal
2026-03-03 04:00:00,Building_D,62.06,False,normal
2026-03-03 05:00:00,Building_D,63.76,False,normal
2026-03-03 06:00:00,Building_D,60.2,False,normal
2026-03-03 07:00:00,Building_D,53.84,False,normal
2026-03-03 08:00:00,Building_D,142.79,False,normal
2026-03-03 09:00:00,Building_D,145.16,False,normal
2026-03-03 10:00:00,Building_D,146.86,False,normal
2026-03-03 11:00:00,Building_D,142.49,False,normal
2026-03-03 12:00:00,Building_D,132.52,False,normal
2026-03-03 13:00:00,Building_D,135.77,False,normal
2026-03-03 14:00:00,Building_D,153.74,False,normal
2026-03-03 15:00:00,Building_D,138.02,False,normal
2026-03-03 16:00:00,Building_D,150.62,False,normal
2026-03-03 17:00:00,Building_D,138.81,False,normal
2026-03-03 18:00:00,Building_D,142.57,False,normal
2026-03-03 19:00:00,Building_D,65.3,False,normal
2026-03-03 20:00:00,Building_D,58.08,False,normal
2026-03-03 21:00:00,Building_D,70.14,False,normal
2026-03-03 22:00:00,Building_D,62.55,False,normal
2026-03-03 23:00:00,Building_D,64.48,False,normal
2026-03-04 00:00:00,Building_D,60.84,False,normal
2026-03-04 01:00:00,Building_D,65.47,False,normal
2026-03-04 02:00:00,Building_D,70.07,False,normal
2026-03-04 03:00:00,Building_D,61.52,False,normal
2026-03-04 04:00:00,Building_D,70.82,False,normal
2026-03-04 05:00:00,Building_D,59.12,False,normal
2026-03-04 06:00:00,Building_D,66.0,False,normal
2026-03-04 07:00:00,Building_D,64.62,False,normal
2026-03-04 08:00:00,Building_D,138.14,False,normal
2026-03-04 09:00:00,Building_D,144.55,False,normal
2026-03-04 10:00:00,Building_D,143.52,False,normal
2026-03-04 11:00:00,Building_D,139.22,False,normal
2026-03-04 12:00:00,Building_D,145.27,False,normal
2026-03-04 13:00:00,Building_D,144.21,False,normal
2026-03-04 14:00:00,Building_D,143.12,False,normal
2026-03-04 15:00:00,Building_D,143.14,False,normal
2026-03-04 16:00:00,Building_D,143.03,False,normal
2026-03-04 17:00:00,Building_D,141.64,False,normal
2026-03-04 18:00:00,Building_D,144.18,False,normal
2026-03-04 19:00:00,Building_D,58.96,False,normal
2026-03-04 20:00:00,Building_D,75.46,False,normal
2026-03-04 21:00:00,Building_D,55.13,False,normal
2026-03-04 22:00:00,Building_D,59.25,False,normal
2026-03-04 23:00:00,Building_D,59.65,False,normal
2026-03-05 00:00:00,Building_D,72.38,False,normal
2026-03-05 01:00:00,Building_D,55.58,False,normal
2026-03-05 02:00:00,Building_D,64.31,False,normal
2026-03-05 03:00:00,Building_D,63.42,False,normal
2026-03-05 04:00:00,Building_D,63.84,False,normal
2026-03-05 05:00:00,Building_D,68.36,False,normal
2026-03-05 06:00:00,Building_D,68.26,False,normal
2026-03-05 07:00:00,Building_D,59.92,False,normal
2026-03-05 08:00:00,Building_D,144.45,False,normal
2026-03-05 09:00:00,Building_D,134.16,False,normal
2026-03-05 10:00:00,Building_D,143.98,False,normal
2026-03-05 11:00:00,Building_D,139.51,False,normal
2026-03-05 12:00:00,Building_D,142.55,False,normal
2026-03-05 13:00:00,Building_D,135.06,False,normal
2026-03-05 14:00:00,Building_D,145.51,False,normal
2026-03-05 15:00:00,Building_D,135.0,False,normal
2026-03-05 16:00:00,Building_D,144.22,False,normal
2026-03-05 17:00:00,Building_D,137.35,False,normal
2026-03-05 18:00:00,Building_D,139.24,False,normal
2026-03-05 19:00:00,Building_D,67.95,False,normal
2026-03-05 20:00:00,Building_D,65.12,False,normal
2026-03-05 21:00:00,Building_D,67.92,False,normal
2026-03-05 22:00:00,Building_D,69.97,False,normal
2026-03-05 23:00:00,Building_D,58.31,False,normal
2026-03-06 00:00:00,Building_D,69.67,False,normal
2026-03-06 01:00:00,Building_D,54.85,False,normal
2026-03-06 02:00:00,Building_D,65.91,False,normal
2026-03-06 03:00:00,Building_D,59.71,False,normal
2026-03-06 04:00:00,Building_D,57.52,False,normal
2026-03-06 05:00:00,Building_D,65.25,False,normal
2026-03-06 06:00:00,Building_D,66.9,False,normal
2026-03-06 07:00:00,Building_D,66.75,False,normal
2026-03-06 08:00:00,Building_D,144.56,False,normal
2026-03-06 09:00:00,Building_D,144.14,False,normal
2026-03-06 10:00:00,Building_D,146.12,False,normal
2026-03-06 11:00:00,Building_D,145.0,False,normal
2026-03-06 12:00:00,Building_D,146.19,False,normal
2026-03-06 13:00:00,Building_D,144.5,False,normal
2026-03-06 14:00:00,Building_D,147.7,False,normal
2026-03-06 15:00:00,Building_D,135.35,False,normal
2026-03-06 16:00:00,Building_D,142.83,False,normal
2026-03-06 17:00:00,Building_D,136.56,False,normal
2026-03-06 18:00:00,Building_D,144.87,False,normal
2026-03-06 19:00:00,Building_D,70.39,False,normal
2026-03-06 20:00:00,Building_D,59.81,False,normal
2026-03-06 21:00:00,Building_D,62.81,False,normal
2026-03-06 22:00:00,Building_D,65.96,False,normal
2026-03-06 23:00:00,Building_D,51.84,False,normal
2026-03-07 00:00:00,Building_D,59.57,False,normal
2026-03-07 01:00:00,Building_D,64.0,False,normal
2026-03-07 02:00:00,Building_D,47.69,False,normal
2026-03-07 03:00:00,Building_D,57.29,False,normal
2026-03-07 04:00:00,Building_D,67.68,False,normal
2026-03-07 05:00:00,Building_D,67.19,False,normal
2026-03-07 06:00:00,Building_D,64.05,False,normal
2026-03-07 07:00:00,Building_D,66.59,False,normal
2026-03-07 08:00:00,Building_D,63.25,False,normal
2026-03-07 09:00:00,Building_D,64.95,False,normal
2026-03-07 10:00:00,Building_D,60.6,False,normal
2026-03-07 11:00:00,Building_D,62.76,False,normal
2026-03-07 12:00:00,Building_D,59.01,False,normal
2026-03-07 13:00:00,Building_D,68.49,False,normal
2026-03-07 14:00:00,Building_D,69.78,False,normal
2026-03-07 15:00:00,Building_D,69.08,False,normal
2026-03-07 16:00:00,Building_D,60.14,False,normal
2026-03-07 17:00:00,Building_D,57.41,False,normal
2026-03-07 18:00:00,Building_D,68.56,False,normal
2026-03-07 19:00:00,Building_D,64.9,False,normal
2026-03-07 20:00:00,Building_D,63.82,False,normal
2026-03-07 21:00:00,Building_D,59.01,False,normal
2026-03-07 22:00:00,Building_D,64.3,False,normal
2026-03-07 23:00:00,Building_D,56.75,False,normal
2026-03-08 00:00:00,Building_D,65.35,False,normal
2026-03-08 01:00:00,Building_D,69.07,False,normal
2026-03-08 02:00:00,Building_D,70.33,False,normal
2026-03-08 03:00:00,Building_D,65.72,False,normal
2026-03-08 04:00:00,Building_D,55.27,False,normal
2026-03-08 05:00:00,Building_D,63.16,False,normal
2026-03-08 06:00:00,Building_D,72.87,False,normal
2026-03-08 07:00:00,Building_D,57.83,False,normal
2026-03-08 08:00:00,Building_D,61.88,False,normal
2026-03-08 09:00:00,Building_D,69.24,False,normal
2026-03-08 10:00:00,Building_D,65.26,False,normal
2026-03-08 11:00:00,Building_D,74.58,False,normal
2026-03-08 12:00:00,Building_D,58.51,False,normal
2026-03-08 13:00:00,Building_D,57.23,False,normal
2026-03-08 14:00:00,Building_D,68.3,False,normal
2026-03-08 15:00:00,Building_D,56.2,False,normal
2026-03-08 16:00:00,Building_D,61.19,False,normal
2026-03-08 17:00:00,Building_D,61.85,False,normal
2026-03-08 18:00:00,Building_D,67.36,False,normal
2026-03-08 19:00:00,Building_D,65.25,False,normal
2026-03-08 20:00:00,Building_D,64.46,False,normal
2026-03-08 21:00:00,Building_D,60.16,False,normal
2026-03-08 22:00:00,Building_D,68.25,False,normal
2026-03-08 23:00:00,Building_D,82.31,False,normal
2026-03-09 00:00:00,Building_D,65.63,False,normal
2026-03-09 01:00:00,Building_D,62.67,False,normal
2026-03-09 02:00:00,Building_D,55.69,False,normal
2026-03-09 03:00:00,Building_D,58.99,False,normal
2026-03-09 04:00:00,Building_D,61.11,False,normal
2026-03-09 05:00:00,Building_D,59.5,False,normal
2026-03-09 06:00:00,Building_D,62.1,False,normal
2026-03-09 07:00:00,Building_D,71.07,False,normal
2026-03-09 08:00:00,Building_D,149.72,False,normal
2026-03-09 09:00:00,Building_D,142.69,False,normal
2026-03-09 10:00:00,Building_D,137.44,False,normal
2026-03-09 11:00:00,Building_D,150.17,False,normal
2026-03-09 12:00:00,Building_D,143.24,False,normal
2026-03-09 13:00:00,Building_D,134.85,False,normal
2026-03-09 14:00:00,Building_D,147.05,False,normal
2026-03-09 15:00:00,Building_D,148.61,False,normal
2026-03-09 16:00:00,Building_D,131.35,False,normal
2026-03-09 17:00:00,Building_D,139.36,False,normal
2026-03-09 18:00:00,Building_D,142.93,False,normal
2026-03-09 19:00:00,Building_D,65.85,False,normal
2026-03-09 20:00:00,Building_D,59.6,False,normal
2026-03-09 21:00:00,Building_D,58.02,False,normal
2026-03-09 22:00:00,Building_D,65.81,False,normal
2026-03-09 23:00:00,Building_D,59.83,False,normal
2026-03-10 00:00:00,Building_D,64.89,False,normal
2026-03-10 01:00:00,Building_D,56.62,False,normal
2026-03-10 02:00:00,Building_D,55.41,False,normal
2026-03-10 03:00:00,Building_D,65.95,False,normal
2026-03-10 04:00:00,Building_D,63.44,False,normal
2026-03-10 05:00:00,Building_D,66.79,False,normal
2026-03-10 06:00:00,Building_D,59.51,False,normal
2026-03-10 07:00:00,Building_D,58.2,False,normal
2026-03-10 08:00:00,Building_D,150.29,False,normal
2026-03-10 09:00:00,Building_D,135.87,False,normal
2026-03-10 10:00:00,Building_D,149.74,False,normal
2026-03-10 11:00:00,Building_D,150.09,False,normal
2026-03-10 12:00:00,Building_D,147.78,False,normal
2026-03-10 13:00:00,Building_D,140.04,False,normal
2026-03-10 14:00:00,Building_D,139.4,False,normal
2026-03-10 15:00:00,Building_D,142.43,False,normal
2026-03-10 16:00:00,Building_D,137.01,False,normal
2026-03-10 17:00:00,Building_D,138.67,False,normal
2026-03-10 18:00:00,Building_D,146.71,False,normal
2026-03-10 19:00:00,Building_D,65.42,False,normal
2026-03-10 20:00:00,Building_D,56.93,False,normal
2026-03-10 21:00:00,Building_D,65.56,False,normal
2026-03-10 22:00:00,Building_D,64.45,False,normal
2026-03-10 23:00:00,Building_D,69.73,False,normal
2026-03-11 00:00:00,Building_D,65.02,False,normal
2026-03-11 01:00:00,Building_D,67.47,False,normal
2026-03-11 02:00:00,Building_D,64.56,False,normal
2026-03-11 03:00:00,Building_D,67.08,False,normal
2026-03-11 04:00:00,Building_D,55.74,False,normal
2026-03-11 05:00:00,Building_D,61.57,False,normal
2026-03-11 06:00:00,Building_D,61.98,False,normal
2026-03-11 07:00:00,Building_D,60.96,False,normal
2026-03-11 08:00:00,Building_D,145.7,False,normal
2026-03-11 09:00:00,Building_D,146.66,False,normal
2026-03-11 10:00:00,Building_D,145.44,False,normal
2026-03-11 11:00:00,Building_D,142.6,False,normal
2026-03-11 12:00:00,Building_D,139.8,False,normal
2026-03-11 13:00:00,Building_D,148.97,False,normal
2026-03-11 14:00:00,Building_D,145.23,False,normal
2026-03-11 15:00:00,Building_D,138.39,False,normal
2026-03-11 16:00:00,Building_D,142.51,False,normal
2026-03-11 17:00:00,Building_D,134.77,False,normal
2026-03-11 18:00:00,Building_D,143.66,False,normal
2026-03-11 19:00:00,Building_D,61.18,False,normal
2026-03-11 20:00:00,Building_D,59.3,False,normal
2026-03-11 21:00:00,Building_D,70.1,False,normal
2026-03-11 22:00:00,Building_D,56.4,False,normal
2026-03-11 23:00:00,Building_D,65.71,False,normal
2026-03-12 00:00:00,Building_D,73.11,False,normal
2026-03-12 01:00:00,Building_D,67.56,False,normal
2026-03-12 02:00:00,Building_D,62.02,False,normal
2026-03-12 03:00:00,Building_D,56.51,False,normal
2026-03-12 04:00:00,Building_D,55.37,False,normal
2026-03-12 05:00:00,Building_D,60.12,False,normal
2026-03-12 06:00:00,Building_D,58.74,False,normal
2026-03-12 07:00:00,Building_D,58.58,False,normal
2026-03-12 08:00:00,Building_D,141.85,False,normal
2026-03-12 09:00:00,Building_D,142.97,False,normal
2026-03-12 10:00:00,Building_D,145.91,False,normal
2026-03-12 11:00:00,Building_D,137.29,False,normal
2026-03-12 12:00:00,Building_D,140.07,False,normal
2026-03-12 13:00:00,Building_D,142.68,False,normal
2026-03-12 14:00:00,Building_D,142.51,False,normal
2026-03-12 15:00:00,Building_D,152.67,False,normal
2026-03-12 16:00:00,Building_D,144.64,False,normal
2026-03-12 17:00:00,Building_D,135.42,False,normal
2026-03-12 18:00:00,Building_D,145.57,False,normal
2026-03-12 19:00:00,Building_D,64.9,False,normal
2026-03-12 20:00:00,Building_D,61.55,False,normal
2026-03-12 21:00:00,Building_D,56.11,False,normal
2026-03-12 22:00:00,Building_D,70.97,False,normal
2026-03-12 23:00:00,Building_D,56.83,False,normal
2026-03-13 00:00:00,Building_D,65.48,False,normal
2026-03-13 01:00:00,Building_D,63.18,False,normal
2026-03-13 02:00:00,Building_D,65.18,False,normal
2026-03-13 03:00:00,Building_D,70.71,False,normal
2026-03-13 04:00:00,Building_D,64.98,False,normal
2026-03-13 05:00:00,Building_D,59.38,False,normal
2026-03-13 06:00:00,Building_D,67.71,False,normal
2026-03-13 07:00:00,Building_D,59.02,False,normal
2026-03-13 08:00:00,Building_D,144.3,False,normal
2026-03-13 09:00:00,Building_D,137.02,False,normal
2026-03-13 10:00:00,Building_D,138.32,False,normal
2026-03-13 11:00:00,Building_D,143.74,False,normal
2026-03-13 12:00:00,Building_D,145.32,False,normal
2026-03-13 13:00:00,Building_D,134.97,False,normal
2026-03-13 14:00:00,Building_D,145.97,False,normal
2026-03-13 15:00:00,Building_D,139.39,False,normal
2026-03-13 16:00:00,Building_D,149.88,False,normal
2026-03-13 17:00:00,Building_D,141.72,False,normal
2026-03-13 18:00:00,Building_D,137.87,False,normal
2026-03-13 19:00:00,Building_D,62.56,False,normal
2026-03-13 20:00:00,Building_D,57.59,False,normal
2026-03-13 21:00:00,Building_D,68.52,False,normal
2026-03-13 22:00:00,Building_D,62.18,False,normal
2026-03-13 23:00:00,Building_D,61.42,False,normal
2026-03-14 00:00:00,Building_D,65.14,False,normal
2026-03-14 01:00:00,Building_D,57.15,False,normal
2026-03-14 02:00:00,Building_D,55.73,False,normal
2026-03-14 03:00:00,Building_D,64.22,False,normal
2026-03-14 04:00:00,Building_D,56.68,False,normal
2026-03-14 05:00:00,Building_D,56.68,False,normal
2026-03-14 06:00:00,Building_D,66.36,False,normal
2026-03-14 07:00:00,Building_D,64.8,False,normal
2026-03-14 08:00:00,Building_D,55.91,False,normal
2026-03-14 09:00:00,Building_D,59.08,False,normal
2026-03-14 10:00:00,Building_D,57.66,False,normal
2026-03-14 11:00:00,Building_D,71.06,False,normal
2026-03-14 12:00:00,Building_D,66.71,False,normal
2026-03-14 13:00:00,Building_D,60.07,False,normal
2026-03-14 14:00:00,Building_D,65.06,False,normal
2026-03-14 15:00:00,Building_D,55.4,False,normal
2026-03-14 16:00:00,Building_D,58.81,False,normal
2026-03-14 17:00:00,Building_D,62.7,False,normal
2026-03-14 18:00:00,Building_D,64.44,False,normal
2026-03-14 19:00:00,Building_D,61.69,False,normal
2026-03-14 20:00:00,Building_D,63.42,False,normal
2026-03-14 21:00:00,Building_D,62.57,False,normal
2026-03-14 22:00:00,Building_D,61.36,False,normal
2026-03-14 23:00:00,Building_D,60.7,False,normal
2026-03-15 00:00:00,Building_D,60.04,False,normal
2026-03-15 01:00:00,Building_D,114.01200000000001,True,off_hours
2026-03-15 02:00:00,Building_D,115.614,True,off_hours
2026-03-15 03:00:00,Building_D,113.706,True,off_hours
2026-03-15 04:00:00,Building_D,101.304,True,off_hours
2026-03-15 05:00:00,Building_D,57.18,False,normal
2026-03-15 06:00:00,Building_D,64.17,False,normal
2026-03-15 07:00:00,Building_D,69.53,False,normal
2026-03-15 08:00:00,Building_D,62.94,False,normal
2026-03-15 09:00:00,Building_D,60.12,False,normal
2026-03-15 10:00:00,Building_D,63.3,False,normal
2026-03-15 11:00:00,Building_D,56.49,False,normal
2026-03-15 12:00:00,Building_D,68.72,False,normal
2026-03-15 13:00:00,Building_D,63.11,False,normal
2026-03-15 14:00:00,Building_D,58.83,False,normal
2026-03-15 15:00:00,Building_D,61.34,False,normal
2026-03-15 16:00:00,Building_D,59.54,False,normal
2026-03-15 17:00:00,Building_D,68.73,False,normal
2026-03-15 18:00:00,Building_D,61.16,False,normal
2026-03-15 19:00:00,Building_D,62.95,False,normal
2026-03-15 20:00:00,Building_D,65.04,False,normal
2026-03-15 21:00:00,Building_D,58.47,False,normal
2026-03-15 22:00:00,Building_D,63.14,False,normal
2026-03-15 23:00:00,Building_D,63.55,False,normal
2026-03-16 00:00:00,Building_D,54.41,False,normal
2026-03-16 01:00:00,Building_D,114.192,True,off_hours
2026-03-16 02:00:00,Building_D,111.51,True,off_hours
2026-03-16 03:00:00,Building_D,113.094,True,off_hours
2026-03-16 04:00:00,Building_D,112.23,True,off_hours
2026-03-16 05:00:00,Building_D,63.47,False,normal
2026-03-16 06:00:00,Building_D,68.86,False,normal
2026-03-16 07:00:00,Building_D,56.28,False,normal
2026-03-16 08:00:00,Building_D,141.77,False,normal
2026-03-16 09:00:00,Building_D,146.82,False,normal
2026-03-16 10:00:00,Building_D,145.89,False,normal
2026-03-16 11:00:00,Building_D,145.78,False,normal
2026-03-16 12:00:00,Building_D,157.25,False,normal
2026-03-16 13:00:00,Building_D,146.55,False,normal
2026-03-16 14:00:00,Building_D,149.14,False,normal
2026-03-16 15:00:00,Building_D,141.95,False,normal
2026-03-16 16:00:00,Building_D,138.52,False,normal
2026-03-16 17:00:00,Building_D,141.91,False,normal
2026-03-16 18:00:00,Building_D,147.04,False,normal
2026-03-16 19:00:00,Building_D,64.21,False,normal
2026-03-16 20:00:00,Building_D,64.19,False,normal
2026-03-16 21:00:00,Building_D,61.1,False,normal
2026-03-16 22:00:00,Building_D,60.31,False,normal
2026-03-16 23:00:00,Building_D,61.28,False,normal
2026-03-17 00:00:00,Building_D,65.8,False,normal
2026-03-17 01:00:00,Building_D,119.484,True,off_hours
2026-03-17 02:00:00,Building_D,102.852,True,off_hours
2026-03-17 03:00:00,Building_D,118.782,True,off_hours
2026-03-17 04:00:00,Building_D,106.05600000000001,True,off_hours
2026-03-17 05:00:00,Building_D,64.52,False,normal
2026-03-17 06:00:00,Building_D,61.22,False,normal
2026-03-17 07:00:00,Building_D,70.01,False,normal
2026-03-17 08:00:00,Building_D,141.39,False,normal
2026-03-17 09:00:00,Building_D,144.38,False,normal
2026-03-17 10:00:00,Building_D,146.52,False,normal
2026-03-17 11:00:00,Building_D,139.11,False,normal
2026-03-17 12:00:00,Building_D,143.12,False,normal
2026-03-17 13:00:00,Building_D,142.15,False,normal
2026-03-17 14:00:00,Building_D,140.91,False,normal
2026-03-17 15:00:00,Building_D,141.28,False,normal
2026-03-17 16:00:00,Building_D,149.04,False,normal
2026-03-17 17:00:00,Building_D,140.49,False,normal
2026-03-17 18:00:00,Building_D,146.32,False,normal
2026-03-17 19:00:00,Building_D,63.75,False,normal
2026-03-17 20:00:00,Building_D,55.19,False,normal
2026-03-17 21:00:00,Building_D,64.77,False,normal
2026-03-17 22:00:00,Building_D,55.11,False,normal
2026-03-17 23:00:00,Building_D,65.32,False,normal
2026-03-18 00:00:00,Building_D,59.64,False,normal
2026-03-18 01:00:00,Building_D,62.22,False,normal
2026-03-18 02:00:00,Building_D,55.7,False,normal
2026-03-18 03:00:00,Building_D,62.79,False,normal
2026-03-18 04:00:00,Building_D,66.81,False,normal
2026-03-18 05:00:00,Building_D,58.14,False,normal
2026-03-18 06:00:00,Building_D,59.14,False,normal
2026-03-18 07:00:00,Building_D,64.45,False,normal
2026-03-18 08:00:00,Building_D,145.88,False,normal
2026-03-18 09:00:00,Building_D,131.31,False,normal
2026-03-18 10:00:00,Building_D,153.56,False,normal
2026-03-18 11:00:00,Building_D,146.13,False,normal
2026-03-18 12:00:00,Building_D,146.97,False,normal
2026-03-18 13:00:00,Building_D,142.77,False,normal
2026-03-18 14:00:00,Building_D,134.21,False,normal
2026-03-18 15:00:00,Building_D,146.86,False,normal
2026-03-18 16:00:00,Building_D,140.66,False,normal
2026-03-18 17:00:00,Building_D,146.2,False,normal
2026-03-18 18:00:00,Building_D,142.39,False,normal
2026-03-18 19:00:00,Building_D,63.37,False,normal
2026-03-18 20:00:00,Building_D,58.3,False,normal
2026-03-18 21:00:00,Building_D,66.5,False,normal
2026-03-18 22:00:00,Building_D,56.23,False,normal
2026-03-18 23:00:00,Building_D,73.4,False,normal
2026-03-19 00:00:00,Building_D,73.37,False,normal
2026-03-19 01:00:00,Building_D,70.34,False,normal
2026-03-19 02:00:00,Building_D,68.55,False,normal
2026-03-19 03:00:00,Building_D,61.75,False,normal
2026-03-19 04:00:00,Building_D,68.01,False,normal
2026-03-19 05:00:00,Building_D,61.7,False,normal
2026-03-19 06:00:00,Building_D,54.41,False,normal
2026-03-19 07:00:00,Building_D,69.69,False,normal
2026-03-19 08:00:00,Building_D,149.13,False,normal
2026-03-19 09:00:00,Building_D,143.33,False,normal
2026-03-19 10:00:00,Building_D,137.36,False,normal
2026-03-19 11:00:00,Building_D,140.55,False,normal
2026-03-19 12:00:00,Building_D,134.38,False,normal
2026-03-19 13:00:00,Building_D,148.21,False,normal
2026-03-19 14:00:00,Building_D,135.47,False,normal
2026-03-19 15:00:00,Building_D,144.92,False,normal
2026-03-19 16:00:00,Building_D,139.26,False,normal
2026-03-19 17:00:00,Building_D,136.35,False,normal
2026-03-19 18:00:00,Building_D,144.68,False,normal
2026-03-19 19:00:00,Building_D,60.51,False,normal
2026-03-19 20:00:00,Building_D,66.37,False,normal
2026-03-19 21:00:00,Building_D,55.84,False,normal
2026-03-19 22:00:00,Building_D,58.39,False,normal
2026-03-19 23:00:00,Building_D,50.24,False,normal
2026-03-20 00:00:00,Building_D,51.25,False,normal
2026-03-20 01:00:00,Building_D,71.17,False,normal
2026-03-20 02:00:00,Building_D,72.59,False,normal
2026-03-20 03:00:00,Building_D,62.64,False,normal
2026-03-20 04:00:00,Building_D,58.06,False,normal
2026-03-20 05:00:00,Building_D,60.68,False,normal
2026-03-20 06:00:00,Building_D,66.54,False,normal
2026-03-20 07:00:00,Building_D,59.6,False,normal
2026-03-20 08:00:00,Building_D,144.67,False,normal
2026-03-20 09:00:00,Building_D,143.42,False,normal
2026-03-20 10:00:00,Building_D,140.64,False,normal
2026-03-20 11:00:00,Building_D,140.85,False,normal
2026-03-20 12:00:00,Building_D,144.95,False,normal
2026-03-20 13:00:00,Building_D,138.6,False,normal
2026-03-20 14:00:00,Building_D,145.74,False,normal
2026-03-20 15:00:00,Building_D,141.13,False,normal
2026-03-20 16:00:00,Building_D,144.12,False,normal
2026-03-20 17:00:00,Building_D,150.4,False,normal
2026-03-20 18:00:00,Building_D,142.64,False,normal
2026-03-20 19:00:00,Building_D,66.78,False,normal
2026-03-20 20:00:00,Building_D,53.22,False,normal
2026-03-20 21:00:00,Building_D,59.82,False,normal
2026-03-20 22:00:00,Building_D,62.31,False,normal
2026-03-20 23:00:00,Building_D,71.79,False,normal
2026-03-21 00:00:00,Building_D,52.38,False,normal
2026-03-21 01:00:00,Building_D,61.7,False,normal
2026-03-21 02:00:00,Building_D,69.46,False,normal
2026-03-21 03:00:00,Building_D,58.25,False,normal
2026-03-21 04:00:00,Building_D,61.11,False,normal
2026-03-21 05:00:00,Building_D,63.83,False,normal
2026-03-21 06:00:00,Building_D,63.1,False,normal
2026-03-21 07:00:00,Building_D,70.0,False,normal
2026-03-21 08:00:00,Building_D,64.42,False,normal
2026-03-21 09:00:00,Building_D,68.81,False,normal
2026-03-21 10:00:00,Building_D,60.38,False,normal
2026-03-21 11:00:00,Building_D,58.47,False,normal
2026-03-21 12:00:00,Building_D,61.05,False,normal
2026-03-21 13:00:00,Building_D,56.38,False,normal
2026-03-21 14:00:00,Building_D,64.59,False,normal
2026-03-21 15:00:00,Building_D,60.25,False,normal
2026-03-21 16:00:00,Building_D,58.82,False,normal
2026-03-21 17:00:00,Building_D,64.67,False,normal
2026-03-21 18:00:00,Building_D,56.46,False,normal
2026-03-21 19:00:00,Building_D,66.03,False,normal
2026-03-21 20:00:00,Building_D,59.78,False,normal
2026-03-21 21:00:00,Building_D,67.97,False,normal
2026-03-21 22:00:00,Building_D,60.21,False,normal
2026-03-21 23:00:00,Building_D,65.34,False,normal
2026-03-22 00:00:00,Building_D,63.07,False,normal
2026-03-22 01:00:00,Building_D,65.9,False,normal
2026-03-22 02:00:00,Building_D,62.73,False,normal
2026-03-22 03:00:00,Building_D,53.86,False,normal
2026-03-22 04:00:00,Building_D,67.22,False,normal
2026-03-22 05:00:00,Building_D,61.74,False,normal
2026-03-22 06:00:00,Building_D,66.12,False,normal
2026-03-22 07:00:00,Building_D,65.63,False,normal
2026-03-22 08:00:00,Building_D,58.31,False,normal
2026-03-22 09:00:00,Building_D,57.6,False,normal
2026-03-22 10:00:00,Building_D,65.45,False,normal
2026-03-22 11:00:00,Building_D,60.66,False,normal
2026-03-22 12:00:00,Building_D,66.86,False,normal
2026-03-22 13:00:00,Building_D,61.29,False,normal
2026-03-22 14:00:00,Building_D,67.29,False,normal
2026-03-22 15:00:00,Building_D,64.29,False,normal
2026-03-22 16:00:00,Building_D,63.62,False,normal
2026-03-22 17:00:00,Building_D,60.31,False,normal
2026-03-22 18:00:00,Building_D,63.34,False,normal
2026-03-22 19:00:00,Building_D,68.14,False,normal
2026-03-22 20:00:00,Building_D,61.91,False,normal
2026-03-22 21:00:00,Building_D,64.83,False,normal
2026-03-22 22:00:00,Building_D,62.41,False,normal
2026-03-22 23:00:00,Building_D,62.8,False,normal
2026-03-23 00:00:00,Building_D,70.79,False,normal
2026-03-23 01:00:00,Building_D,68.18,False,normal
2026-03-23 02:00:00,Building_D,62.57,False,normal
2026-03-23 03:00:00,Building_D,63.25,False,normal
2026-03-23 04:00:00,Building_D,58.67,False,normal
2026-03-23 05:00:00,Building_D,61.31,False,normal
2026-03-23 06:00:00,Building_D,63.72,False,normal
2026-03-23 07:00:00,Building_D,66.43,False,normal
2026-03-23 08:00:00,Building_D,147.23,False,normal
2026-03-23 09:00:00,Building_D,137.94,False,normal
2026-03-23 10:00:00,Building_D,148.37,False,normal
2026-03-23 11:00:00,Building_D,143.04,False,normal
2026-03-23 12:00:00,Building_D,138.55,False,normal
2026-03-23 13:00:00,Building_D,150.17,False,normal
2026-03-23 14:00:00,Building_D,150.8,False,normal
2026-03-23 15:00:00,Building_D,144.8,False,normal
2026-03-23 16:00:00,Building_D,147.03,False,normal
2026-03-23 17:00:00,Building_D,147.32,False,normal
2026-03-23 18:00:00,Building_D,150.46,False,normal
2026-03-23 19:00:00,Building_D,65.82,False,normal
2026-03-23 20:00:00,Building_D,55.54,False,normal
2026-03-23 21:00:00,Building_D,72.23,False,normal
2026-03-23 22:00:00,Building_D,67.5,False,normal
2026-03-23 23:00:00,Building_D,59.63,False,normal
2026-03-24 00:00:00,Building_D,57.03,False,normal
2026-03-24 01:00:00,Building_D,64.7,False,normal
2026-03-24 02:00:00,Building_D,60.78,False,normal
2026-03-24 03:00:00,Building_D,63.83,False,normal
2026-03-24 04:00:00,Building_D,65.89,False,normal
2026-03-24 05:00:00,Building_D,59.34,False,normal
2026-03-24 06:00:00,Building_D,56.6,False,normal
2026-03-24 07:00:00,Building_D,64.11,False,normal
2026-03-24 08:00:00,Building_D,140.82,False,normal
2026-03-24 09:00:00,Building_D,144.21,False,normal
2026-03-24 10:00:00,Building_D,136.77,False,normal
2026-03-24 11:00:00,Building_D,142.22,False,normal
2026-03-24 12:00:00,Building_D,147.06,False,normal
2026-03-24 13:00:00,Building_D,146.51,False,normal
2026-03-24 14:00:00,Building_D,139.54,False,normal
2026-03-24 15:00:00,Building_D,137.64,False,normal
2026-03-24 16:00:00,Building_D,143.56,False,normal
2026-03-24 17:00:00,Building_D,146.29,False,normal
2026-03-24 18:00:00,Building_D,145.51,False,normal
2026-03-24 19:00:00,Building_D,59.62,False,normal
2026-03-24 20:00:00,Building_D,63.67,False,normal
2026-03-24 21:00:00,Building_D,69.69,False,normal
2026-03-24 22:00:00,Building_D,63.2,False,normal
2026-03-24 23:00:00,Building_D,54.01,False,normal
2026-03-25 00:00:00,Building_D,63.19,False,normal
2026-03-25 01:00:00,Building_D,72.4,False,normal
2026-03-25 02:00:00,Building_D,55.74,False,normal
2026-03-25 03:00:00,Building_D,62.32,False,normal
2026-03-25 04:00:00,Building_D,61.04,False,normal
2026-03-25 05:00:00,Building_D,62.66,False,normal
2026-03-25 06:00:00,Building_D,63.15,False,normal
2026-03-25 07:00:00,Building_D,67.88,False,normal
2026-03-25 08:00:00,Building_D,143.91,False,normal
2026-03-25 09:00:00,Building_D,149.87,False,normal
2026-03-25 10:00:00,Building_D,142.9,False,normal
2026-03-25 11:00:00,Building_D,141.73,False,normal
2026-03-25 12:00:00,Building_D,140.14,False,normal
2026-03-25 13:00:00,Building_D,134.4,False,normal
2026-03-25 14:00:00,Building_D,144.86,False,normal
2026-03-25 15:00:00,Building_D,153.75,False,normal
2026-03-25 16:00:00,Building_D,145.77,False,normal
2026-03-25 17:00:00,Building_D,146.92,False,normal
2026-03-25 18:00:00,Building_D,141.42,False,normal
2026-03-25 19:00:00,Building_D,60.95,False,normal
2026-03-25 20:00:00,Building_D,67.1,False,normal
2026-03-25 21:00:00,Building_D,72.22,False,normal
2026-03-25 22:00:00,Building_D,69.62,False,normal
2026-03-25 23:00:00,Building_D,66.2,False,normal
2026-03-26 00:00:00,Building_D,62.35,False,normal
2026-03-26 01:00:00,Building_D,63.22,False,normal
2026-03-26 02:00:00,Building_D,58.41,False,normal
2026-03-26 03:00:00,Building_D,54.94,False,normal
2026-03-26 04:00:00,Building_D,56.54,False,normal
2026-03-26 05:00:00,Building_D,62.43,False,normal
2026-03-26 06:00:00,Building_D,60.72,False,normal
2026-03-26 07:00:00,Building_D,54.83,False,normal
2026-03-26 08:00:00,Building_D,143.3,False,normal
2026-03-26 09:00:00,Building_D,141.89,False,normal
2026-03-26 10:00:00,Building_D,137.62,False,normal
2026-03-26 11:00:00,Building_D,141.63,False,normal
2026-03-26 12:00:00,Building_D,141.88,False,normal
2026-03-26 13:00:00,Building_D,140.4,False,normal
2026-03-26 14:00:00,Building_D,148.12,False,normal
2026-03-26 15:00:00,Building_D,133.97,False,normal
2026-03-26 16:00:00,Building_D,133.55,False,normal
2026-03-26 17:00:00,Building_D,143.5,False,normal
2026-03-26 18:00:00,Building_D,143.96,False,normal
2026-03-26 19:00:00,Building_D,64.2,False,normal
2026-03-26 20:00:00,Building_D,59.48,False,normal
2026-03-26 21:00:00,Building_D,57.59,False,normal
2026-03-26 22:00:00,Building_D,62.14,False,normal
2026-03-26 23:00:00,Building_D,59.97,False,normal
2026-03-27 00:00:00,Building_D,69.93,False,normal
2026-03-27 01:00:00,Building_D,60.55,False,normal
2026-03-27 02:00:00,Building_D,61.91,False,normal
2026-03-27 03:00:00,Building_D,74.55,False,normal
2026-03-27 04:00:00,Building_D,61.2,False,normal
2026-03-27 05:00:00,Building_D,64.96,False,normal
2026-03-27 06:00:00,Building_D,65.41,False,normal
2026-03-27 07:00:00,Building_D,65.83,False,normal
2026-03-27 08:00:00,Building_D,144.93,False,normal
2026-03-27 09:00:00,Building_D,144.45,False,normal
2026-03-27 10:00:00,Building_D,143.98,False,normal
2026-03-27 11:00:00,Building_D,140.6,False,normal
2026-03-27 12:00:00,Building_D,145.11,False,normal
2026-03-27 13:00:00,Building_D,153.63,False,normal
2026-03-27 14:00:00,Building_D,149.54,False,normal
2026-03-27 15:00:00,Building_D,145.0,False,normal
2026-03-27 16:00:00,Building_D,147.76,False,normal
2026-03-27 17:00:00,Building_D,139.14,False,normal
2026-03-27 18:00:00,Building_D,142.18,False,normal
2026-03-27 19:00:00,Building_D,66.92,False,normal
2026-03-27 20:00:00,Building_D,69.61,False,normal
2026-03-27 21:00:00,Building_D,58.32,False,normal
2026-03-27 22:00:00,Building_D,59.76,False,normal
2026-03-27 23:00:00,Building_D,73.08,False,normal
2026-03-28 00:00:00,Building_D,62.66,False,normal
2026-03-28 01:00:00,Building_D,71.29,False,normal
2026-03-28 02:00:00,Building_D,63.21,False,normal
2026-03-28 03:00:00,Building_D,63.41,False,normal
2026-03-28 04:00:00,Building_D,60.65,False,normal
2026-03-28 05:00:00,Building_D,66.89,False,normal
2026-03-28 06:00:00,Building_D,68.96,False,normal
2026-03-28 07:00:00,Building_D,57.0,False,normal
2026-03-28 08:00:00,Building_D,60.41,False,normal
2026-03-28 09:00:00,Building_D,66.75,False,normal
2026-03-28 10:00:00,Building_D,61.53,False,normal
2026-03-28 11:00:00,Building_D,59.71,False,normal
2026-03-28 12:00:00,Building_D,67.22,False,normal
2026-03-28 13:00:00,Building_D,67.69,False,normal
2026-03-28 14:00:00,Building_D,59.93,False,normal
2026-03-28 15:00:00,Building_D,63.24,False,normal
2026-03-28 16:00:00,Building_D,56.13,False,normal
2026-03-28 17:00:00,Building_D,57.7,False,normal
2026-03-28 18:00:00,Building_D,62.8,False,normal
2026-03-28 19:00:00,Building_D,62.33,False,normal
2026-03-28 20:00:00,Building_D,57.34,False,normal
2026-03-28 21:00:00,Building_D,58.6,False,normal
2026-03-28 22:00:00,Building_D,56.85,False,normal
2026-03-28 23:00:00,Building_D,64.45,False,normal
2026-03-29 00:00:00,Building_D,52.34,False,normal
2026-03-29 01:00:00,Building_D,57.12,False,normal
2026-03-29 02:00:00,Building_D,52.86,False,normal
2026-03-29 03:00:00,Building_D,64.27,False,normal
2026-03-29 04:00:00,Building_D,53.16,False,normal
2026-03-29 05:00:00,Building_D,62.33,False,normal
2026-03-29 06:00:00,Building_D,70.37,False,normal
2026-03-29 07:00:00,Building_D,70.54,False,normal
2026-03-29 08:00:00,Building_D,53.15,False,normal
2026-03-29 09:00:00,Building_D,63.67,False,normal
2026-03-29 10:00:00,Building_D,57.23,False,normal
2026-03-29 11:00:00,Building_D,56.21,False,normal
2026-03-29 12:00:00,Building_D,61.61,False,normal
2026-03-29 13:00:00,Building_D,68.32,False,normal
2026-03-29 14:00:00,Building_D,65.17,False,normal
2026-03-29 15:00:00,Building_D,58.6,False,normal
2026-03-29 16:00:00,Building_D,65.7,False,normal
2026-03-29 17:00:00,Building_D,50.96,False,normal
2026-03-29 18:00:00,Building_D,58.41,False,normal
2026-03-29 19:00:00,Building_D,58.06,False,normal
2026-03-29 20:00:00,Building_D,62.57,False,normal
2026-03-29 21:00:00,Building_D,61.16,False,normal
2026-03-29 22:00:00,Building_D,61.47,False,normal
2026-03-29 23:00:00,Building_D,61.3,False,normal
2026-03-30 00:00:00,Building_D,62.29,False,normal
2026-03-30 01:00:00,Building_D,64.88,False,normal
2026-03-30 02:00:00,Building_D,62.92,False,normal
2026-03-30 03:00:00,Building_D,60.75,False,normal
2026-03-30 04:00:00,Building_D,64.18,False,normal
2026-03-30 05:00:00,Building_D,66.31,False,normal
2026-03-30 06:00:00,Building_D,59.4,False,normal
2026-03-30 07:00:00,Building_D,61.88,False,normal
2026-03-30 08:00:00,Building_D,149.29,False,normal
2026-03-30 09:00:00,Building_D,137.97,False,normal
2026-03-30 10:00:00,Building_D,152.51,False,normal
2026-03-30 11:00:00,Building_D,136.79,False,normal
2026-03-30 12:00:00,Building_D,141.76,False,normal
2026-03-30 13:00:00,Building_D,138.73,False,normal
2026-03-30 14:00:00,Building_D,154.42,False,normal
2026-03-30 15:00:00,Building_D,140.97,False,normal
2026-03-30 16:00:00,Building_D,140.98,False,normal
2026-03-30 17:00:00,Building_D,141.63,False,normal
2026-03-30 18:00:00,Building_D,143.96,False,normal
2026-03-30 19:00:00,Building_D,60.53,False,normal
2026-03-30 20:00:00,Building_D,61.51,False,normal
2026-03-30 21:00:00,Building_D,44.53,False,normal
2026-03-30 22:00:00,Building_D,62.46,False,normal
2026-03-30 23:00:00,Building_D,62.27,False,normal
2026-03-31 00:00:00,Building_D,67.37,False,normal
2026-03-31 01:00:00,Building_D,68.72,False,normal
2026-03-31 02:00:00,Building_D,61.24,False,normal
2026-03-31 03:00:00,Building_D,66.26,False,normal
2026-03-31 04:00:00,Building_D,56.67,False,normal
2026-03-31 05:00:00,Building_D,66.01,False,normal
2026-03-31 06:00:00,Building_D,59.31,False,normal
2026-03-31 07:00:00,Building_D,56.25,False,normal
2026-03-31 08:00:00,Building_D,142.56,False,normal
2026-03-31 09:00:00,Building_D,150.49,False,normal
2026-03-31 10:00:00,Building_D,144.39,False,normal
2026-03-31 11:00:00,Building_D,150.97,False,normal
2026-03-31 12:00:00,Building_D,139.74,False,normal
2026-03-31 13:00:00,Building_D,148.72,False,normal
2026-03-31 14:00:00,Building_D,140.22,False,normal
2026-03-31 15:00:00,Building_D,144.61,False,normal
2026-03-31 16:00:00,Building_D,144.57,False,normal
2026-03-31 17:00:00,Building_D,146.79,False,normal
2026-03-31 18:00:00,Building_D,144.74,False,normal
2026-03-31 19:00:00,Building_D,58.48,False,normal
2026-03-31 20:00:00,Building_D,66.58,False,normal
2026-03-31 21:00:00,Building_D,70.83,False,normal
2026-03-31 22:00:00,Building_D,59.26,False,normal
2026-03-31 23:00:00,Building_D,53.0,False,normal
