timestamp,building,energy_kwh,water_m3,waste_kg,diverted_kg,landfill_kg,diversion_rate,is_injected_anomaly,anomaly_resource,anomaly_type
2026-01-01 00:00:00,Building_A,26.89,0.97,2.07,0.98,1.09,47.2,False,none,normal
2026-01-01 01:00:00,Building_A,25.85,0.75,0.56,0.31,0.25,54.9,False,none,normal
2026-01-01 02:00:00,Building_A,27.64,1.01,1.87,1.03,0.84,55.3,False,none,normal
2026-01-01 03:00:00,Building_A,35.56,0.87,0.5,0.28,0.22,56.5,False,none,normal
2026-01-01 04:00:00,Building_A,27.22,1.01,0.88,0.48,0.4,54.3,False,none,normal
2026-01-01 05:00:00,Building_A,28.33,1.13,0.75,0.4,0.35,53.3,False,none,normal
2026-01-01 06:00:00,Building_A,78.44,4.18,15.47,8.76,6.71,56.7,False,none,normal
2026-01-01 07:00:00,Building_A,81.58,4.74,14.54,7.7,6.84,53.0,False,none,normal
2026-01-01 08:00:00,Building_A,134.27,8.2,40.81,22.26,18.55,54.5,False,none,normal
2026-01-01 09:00:00,Building_A,134.16,7.7,40.24,23.33,16.91,58.0,False,none,normal
2026-01-01 10:00:00,Building_A,139.7,7.75,39.74,22.04,17.7,55.5,False,none,normal
2026-01-01 11:00:00,Building_A,138.4,8.29,39.73,22.93,16.8,57.7,False,none,normal
2026-01-01 12:00:00,Building_A,137.8,8.09,40.21,19.77,20.44,49.2,False,none,normal
2026-01-01 13:00:00,Building_A,136.25,7.82,38.69,20.85,17.84,53.9,False,none,normal
2026-01-01 14:00:00,Building_A,143.5,7.68,40.62,19.61,21.01,48.3,False,none,normal
2026-01-01 15:00:00,Building_A,136.19,8.04,40.16,23.23,16.93,57.8,False,none,normal
2026-01-01 16:00:00,Building_A,140.7,7.86,38.9,22.73,16.17,58.4,False,none,normal
2026-01-01 17:00:00,Building_A,136.76,7.54,38.1,19.55,18.55,51.3,False,none,normal
2026-01-01 18:00:00,Building_A,139.51,8.04,40.29,21.47,18.82,53.3,False,none,normal
2026-01-01 19:00:00,Building_A,80.49,4.21,14.66,8.33,6.33,56.8,False,none,normal
2026-01-01 20:00:00,Building_A,77.21,3.87,14.57,7.32,7.25,50.2,False,none,normal
2026-01-01 21:00:00,Building_A,81.8,3.83,15.05,8.57,6.48,56.9,False,none,normal
2026-01-01 22:00:00,Building_A,81.64,4.23,14.91,7.95,6.96,53.3,False,none,normal
2026-01-01 23:00:00,Building_A,30.74,0.2,0.5,0.25,0.25,49.7,False,none,normal
2026-01-02 00:00:00,Building_A,27.07,0.84,0.5,0.27,0.23,53.5,False,none,normal
2026-01-02 01:00:00,Building_A,36.25,0.58,1.82,0.93,0.89,51.3,False,none,normal
2026-01-02 02:00:00,Building_A,30.23,0.37,0.53,0.31,0.22,58.4,False,none,normal
2026-01-02 03:00:00,Building_A,24.14,0.86,1.22,0.64,0.58,52.6,False,none,normal
2026-01-02 04:00:00,Building_A,25.27,0.73,0.5,0.28,0.22,55.9,False,none,normal
2026-01-02 05:00:00,Building_A,31.14,1.27,0.65,0.33,0.32,50.9,False,none,normal
2026-01-02 06:00:00,Building_A,80.57,4.07,16.66,9.72,6.94,58.3,False,none,normal
2026-01-02 07:00:00,Building_A,81.28,4.5,13.6,7.13,6.47,52.4,False,none,normal
2026-01-02 08:00:00,Building_A,133.82,7.85,37.8,21.75,16.05,57.5,False,none,normal
2026-01-02 09:00:00,Building_A,136.64,7.47,38.24,21.51,16.73,56.3,False,none,normal
2026-01-02 10:00:00,Building_A,140.88,8.68,42.95,24.33,18.62,56.7,False,none,normal
2026-01-02 11:00:00,Building_A,133.57,7.24,39.78,20.59,19.19,51.7,False,none,normal
2026-01-02 12:00:00,Building_A,135.86,7.77,39.29,23.28,16.01,59.3,False,none,normal
2026-01-02 13:00:00,Building_A,138.15,7.93,38.21,18.46,19.75,48.3,False,none,normal
2026-01-02 14:00:00,Building_A,135.58,7.97,41.58,23.09,18.49,55.5,False,none,normal
2026-01-02 15:00:00,Building_A,141.46,7.81,38.03,19.45,18.58,51.1,False,none,normal
2026-01-02 16:00:00,Building_A,134.62,8.73,38.47,22.45,16.02,58.4,False,none,normal
2026-01-02 17:00:00,Building_A,133.91,8.31,39.92,21.71,18.21,54.4,False,none,normal
2026-01-02 18:00:00,Building_A,137.36,7.76,39.99,21.27,18.72,53.2,False,none,normal
2026-01-02 19:00:00,Building_A,74.95,3.55,15.24,9.34,5.9,61.3,False,none,normal
2026-01-02 20:00:00,Building_A,80.49,3.95,15.37,9.26,6.11,60.2,False,none,normal
2026-01-02 21:00:00,Building_A,80.73,3.85,16.36,9.28,7.08,56.7,False,none,normal
2026-01-02 22:00:00,Building_A,86.0,4.06,13.56,6.72,6.84,49.5,False,none,normal
2026-01-02 23:00:00,Building_A,37.66,1.31,0.72,0.38,0.34,53.5,False,none,normal
2026-01-03 00:00:00,Building_A,36.9,0.32,0.5,0.29,0.21,57.6,False,none,normal
2026-01-03 01:00:00,Building_A,29.48,0.7,0.74,0.42,0.32,56.4,False,none,normal
2026-01-03 02:00:00,Building_A,36.68,0.74,1.71,0.8,0.91,46.8,False,none,normal
2026-01-03 03:00:00,Building_A,30.86,0.41,0.5,0.26,0.24,51.5,False,none,normal
2026-01-03 04:00:00,Building_A,29.72,1.03,0.5,0.28,0.22,55.1,False,none,normal
2026-01-03 05:00:00,Building_A,29.12,0.59,2.14,1.22,0.92,57.2,False,none,normal
2026-01-03 06:00:00,Building_A,36.4,0.65,0.5,0.27,0.23,54.1,False,none,normal
2026-01-03 07:00:00,Building_A,32.02,0.77,0.5,0.28,0.22,55.4,False,none,normal
2026-01-03 08:00:00,Building_A,31.97,1.59,3.19,1.65,1.54,51.6,False,none,normal
2026-01-03 09:00:00,Building_A,29.9,0.2,0.5,0.28,0.22,56.3,False,none,normal
2026-01-03 10:00:00,Building_A,49.19,1.15,5.79,2.69,3.1,46.4,False,none,normal
2026-01-03 11:00:00,Building_A,43.71,1.04,5.94,3.06,2.88,51.5,False,none,normal
2026-01-03 12:00:00,Building_A,43.99,0.79,4.82,3.06,1.76,63.5,False,none,normal
2026-01-03 13:00:00,Building_A,39.21,1.03,8.78,5.85,2.93,66.6,False,none,normal
2026-01-03 14:00:00,Building_A,39.68,1.28,6.99,4.33,2.66,61.9,False,none,normal
2026-01-03 15:00:00,Building_A,40.42,1.32,7.51,4.26,3.25,56.7,False,none,normal
2026-01-03 16:00:00,Building_A,42.86,1.36,4.93,2.66,2.27,54.0,False,none,normal
2026-01-03 17:00:00,Building_A,43.3,1.49,5.91,3.36,2.55,56.9,False,none,normal
2026-01-03 18:00:00,Building_A,48.41,1.46,7.0,3.86,3.14,55.2,False,none,normal
2026-01-03 19:00:00,Building_A,31.05,0.45,1.32,0.72,0.6,54.6,False,none,normal
2026-01-03 20:00:00,Building_A,39.43,1.26,1.4,0.73,0.67,51.9,False,none,normal
2026-01-03 21:00:00,Building_A,26.6,1.12,1.25,0.71,0.54,56.9,False,none,normal
2026-01-03 22:00:00,Building_A,24.08,1.03,1.48,0.75,0.73,50.6,False,none,normal
2026-01-03 23:00:00,Building_A,29.17,0.8,1.0,0.54,0.46,53.8,False,none,normal
2026-01-04 00:00:00,Building_A,30.64,0.62,1.12,0.68,0.44,60.9,False,none,normal
2026-01-04 01:00:00,Building_A,20.79,0.62,1.15,0.65,0.5,56.2,False,none,normal
2026-01-04 02:00:00,Building_A,29.57,0.2,1.33,0.82,0.51,61.9,False,none,normal
2026-01-04 03:00:00,Building_A,24.92,1.01,0.55,0.3,0.25,54.8,False,none,normal
2026-01-04 04:00:00,Building_A,26.84,0.59,2.5,1.43,1.07,57.3,False,none,normal
2026-01-04 05:00:00,Building_A,37.98,1.12,1.47,0.91,0.56,62.0,False,none,normal
2026-01-04 06:00:00,Building_A,32.81,0.99,0.58,0.32,0.26,55.3,False,none,normal
2026-01-04 07:00:00,Building_A,28.26,1.05,0.5,0.29,0.21,58.1,False,none,normal
2026-01-04 08:00:00,Building_A,30.29,1.11,1.84,1.15,0.69,62.3,False,none,normal
2026-01-04 09:00:00,Building_A,33.98,0.2,0.86,0.43,0.43,50.3,False,none,normal
2026-01-04 10:00:00,Building_A,42.29,1.94,7.34,3.83,3.51,52.2,False,none,normal
2026-01-04 11:00:00,Building_A,40.31,1.42,5.12,2.68,2.44,52.3,False,none,normal
2026-01-04 12:00:00,Building_A,45.61,1.81,7.31,3.35,3.96,45.8,False,none,normal
2026-01-04 13:00:00,Building_A,45.58,1.43,7.07,4.35,2.72,61.5,False,none,normal
2026-01-04 14:00:00,Building_A,36.11,1.2,7.29,3.55,3.74,48.7,False,none,normal
2026-01-04 15:00:00,Building_A,50.27,1.54,7.59,4.0,3.59,52.7,False,none,normal
2026-01-04 16:00:00,Building_A,47.62,1.78,6.86,3.84,3.02,55.9,False,none,normal
2026-01-04 17:00:00,Building_A,45.44,1.11,6.4,3.48,2.92,54.4,False,none,normal
2026-01-04 18:00:00,Building_A,45.9,1.76,5.31,2.89,2.42,54.5,False,none,normal
2026-01-04 19:00:00,Building_A,36.98,0.44,0.5,0.28,0.22,55.8,False,none,normal
2026-01-04 20:00:00,Building_A,34.43,0.71,2.53,1.48,1.05,58.4,False,none,normal
2026-01-04 21:00:00,Building_A,34.42,0.9,3.73,2.02,1.71,54.2,False,none,normal
2026-01-04 22:00:00,Building_A,23.04,1.27,0.5,0.28,0.22,55.4,False,none,normal
2026-01-04 23:00:00,Building_A,36.29,0.2,0.5,0.24,0.26,48.6,False,none,normal
2026-01-05 00:00:00,Building_A,27.88,0.86,1.57,0.88,0.69,56.1,False,none,normal
2026-01-05 01:00:00,Building_A,25.4,0.2,1.0,0.53,0.47,53.1,False,none,normal
2026-01-05 02:00:00,Building_A,32.89,0.95,1.11,0.64,0.47,58.0,False,none,normal
2026-01-05 03:00:00,Building_A,31.97,0.89,0.5,0.27,0.23,54.3,False,none,normal
2026-01-05 04:00:00,Building_A,31.84,0.99,0.5,0.29,0.21,57.1,False,none,normal
2026-01-05 05:00:00,Building_A,29.99,0.66,1.93,0.91,1.02,47.0,False,none,normal
2026-01-05 06:00:00,Building_A,74.67,3.47,12.23,6.39,5.84,52.3,False,none,normal
2026-01-05 07:00:00,Building_A,82.85,3.89,15.27,9.06,6.21,59.4,False,none,normal
2026-01-05 08:00:00,Building_A,142.84,7.96,41.08,22.75,18.33,55.4,False,none,normal
2026-01-05 09:00:00,Building_A,134.18,7.78,37.68,19.39,18.29,51.4,False,none,normal
2026-01-05 10:00:00,Building_A,136.09,8.27,41.52,20.54,20.98,49.5,False,none,normal
2026-01-05 11:00:00,Building_A,139.1,7.62,40.03,21.81,18.22,54.5,False,none,normal
2026-01-05 12:00:00,Building_A,130.2,8.31,38.73,20.47,18.26,52.9,False,none,normal
2026-01-05 13:00:00,Building_A,133.25,7.76,39.97,21.68,18.29,54.2,False,none,normal
2026-01-05 14:00:00,Building_A,138.84,8.11,41.04,22.01,19.03,53.6,False,none,normal
2026-01-05 15:00:00,Building_A,131.62,8.36,39.06,23.22,15.84,59.5,False,none,normal
2026-01-05 16:00:00,Building_A,139.06,7.94,39.88,25.05,14.83,62.8,False,none,normal
2026-01-05 17:00:00,Building_A,145.83,8.01,39.65,23.51,16.14,59.3,False,none,normal
2026-01-05 18:00:00,Building_A,134.14,8.1,39.43,22.18,17.25,56.3,False,none,normal
2026-01-05 19:00:00,Building_A,76.52,3.44,12.54,6.34,6.2,50.5,False,none,normal
2026-01-05 20:00:00,Building_A,78.02,3.89,17.36,10.32,7.04,59.4,False,none,normal
2026-01-05 21:00:00,Building_A,76.0,4.11,14.54,7.83,6.71,53.9,False,none,normal
2026-01-05 22:00:00,Building_A,80.59,4.21,14.62,8.66,5.96,59.3,False,none,normal
2026-01-05 23:00:00,Building_A,26.49,0.71,4.06,2.27,1.79,55.9,False,none,normal
2026-01-06 00:00:00,Building_A,36.79,0.74,1.64,0.9,0.74,54.8,False,none,normal
2026-01-06 01:00:00,Building_A,30.37,0.43,1.46,0.75,0.71,51.6,False,none,normal
2026-01-06 02:00:00,Building_A,33.72,1.08,1.38,0.74,0.64,53.9,False,none,normal
2026-01-06 03:00:00,Building_A,32.87,0.6,2.06,0.98,1.08,47.7,False,none,normal
2026-01-06 04:00:00,Building_A,29.71,0.2,0.5,0.3,0.2,60.5,False,none,normal
2026-01-06 05:00:00,Building_A,34.63,0.45,0.5,0.22,0.28,43.1,False,none,normal
2026-01-06 06:00:00,Building_A,77.68,4.84,15.55,8.2,7.35,52.8,False,none,normal
2026-01-06 07:00:00,Building_A,81.71,3.45,14.67,8.13,6.54,55.4,False,none,normal
2026-01-06 08:00:00,Building_A,137.18,8.26,39.87,22.99,16.88,57.7,False,none,normal
2026-01-06 09:00:00,Building_A,134.77,8.3,41.41,21.17,20.24,51.1,False,none,normal
2026-01-06 10:00:00,Building_A,133.97,8.45,39.23,23.78,15.45,60.6,False,none,normal
2026-01-06 11:00:00,Building_A,135.75,8.49,39.61,22.19,17.42,56.0,False,none,normal
2026-01-06 12:00:00,Building_A,143.78,7.86,38.33,20.39,17.94,53.2,False,none,normal
2026-01-06 13:00:00,Building_A,139.33,7.44,40.22,21.25,18.97,52.8,False,none,normal
2026-01-06 14:00:00,Building_A,142.12,7.15,38.51,18.58,19.93,48.3,False,none,normal
2026-01-06 15:00:00,Building_A,134.22,8.07,39.24,21.18,18.06,54.0,False,none,normal
2026-01-06 16:00:00,Building_A,136.89,8.06,38.25,22.12,16.13,57.8,False,none,normal
2026-01-06 17:00:00,Building_A,140.18,8.12,40.12,22.54,17.58,56.2,False,none,normal
2026-01-06 18:00:00,Building_A,145.67,7.95,39.09,20.32,18.77,52.0,False,none,normal
2026-01-06 19:00:00,Building_A,75.72,3.56,13.96,7.64,6.32,54.7,False,none,normal
2026-01-06 20:00:00,Building_A,81.19,4.01,14.11,8.27,5.84,58.6,False,none,normal
2026-01-06 21:00:00,Building_A,82.81,3.94,14.25,8.15,6.1,57.2,False,none,normal
2026-01-06 22:00:00,Building_A,80.61,3.49,14.95,8.38,6.57,56.0,False,none,normal
2026-01-06 23:00:00,Building_A,27.46,0.77,0.5,0.3,0.2,60.3,False,none,normal
2026-01-07 00:00:00,Building_A,36.05,0.62,1.38,0.63,0.75,45.4,False,none,normal
2026-01-07 01:00:00,Building_A,26.43,0.6,0.5,0.29,0.21,57.9,False,none,normal
2026-01-07 02:00:00,Building_A,39.04,0.29,0.5,0.28,0.22,55.9,False,none,normal
2026-01-07 03:00:00,Building_A,37.5,0.28,1.24,0.77,0.47,62.3,False,none,normal
2026-01-07 04:00:00,Building_A,24.45,0.26,0.5,0.26,0.24,52.9,False,none,normal
2026-01-07 05:00:00,Building_A,34.3,0.79,0.5,0.29,0.21,57.1,False,none,normal
2026-01-07 06:00:00,Building_A,77.54,4.44,14.28,7.49,6.79,52.5,False,none,normal
2026-01-07 07:00:00,Building_A,82.02,4.26,15.57,7.51,8.06,48.3,False,none,normal
2026-01-07 08:00:00,Building_A,139.68,7.62,39.74,19.59,20.15,49.3,False,none,normal
2026-01-07 09:00:00,Building_A,139.31,7.7,37.92,21.94,15.98,57.9,False,none,normal
2026-01-07 10:00:00,Building_A,138.49,7.77,41.2,21.93,19.27,53.2,False,none,normal
2026-01-07 11:00:00,Building_A,137.65,8.08,38.71,22.02,16.69,56.9,False,none,normal
2026-01-07 12:00:00,Building_A,135.39,7.84,41.09,20.89,20.2,50.8,False,none,normal
2026-01-07 13:00:00,Building_A,127.87,8.55,42.52,22.7,19.82,53.4,False,none,normal
2026-01-07 14:00:00,Building_A,129.78,7.88,39.11,21.21,17.9,54.2,False,none,normal
2026-01-07 15:00:00,Building_A,133.07,8.19,40.09,19.65,20.44,49.0,False,none,normal
2026-01-07 16:00:00,Building_A,140.32,8.7,39.66,21.28,18.38,53.7,False,none,normal
2026-01-07 17:00:00,Building_A,136.96,8.2,37.38,20.8,16.58,55.7,False,none,normal
2026-01-07 18:00:00,Building_A,135.96,8.63,39.25,24.21,15.04,61.7,False,none,normal
2026-01-07 19:00:00,Building_A,75.44,4.2,15.41,7.94,7.47,51.5,False,none,normal
2026-01-07 20:00:00,Building_A,80.56,4.42,14.64,7.06,7.58,48.2,False,none,normal
2026-01-07 21:00:00,Building_A,79.78,3.68,14.62,7.99,6.63,54.7,False,none,normal
2026-01-07 22:00:00,Building_A,73.03,3.43,15.61,8.26,7.35,52.9,False,none,normal
2026-01-07 23:00:00,Building_A,20.8,0.98,1.27,0.66,0.61,52.1,False,none,normal
2026-01-08 00:00:00,Building_A,25.79,1.0,1.36,0.88,0.48,64.5,False,none,normal
2026-01-08 01:00:00,Building_A,32.73,0.84,0.74,0.43,0.31,58.3,False,none,normal
2026-01-08 02:00:00,Building_A,33.55,1.14,0.5,0.27,0.23,53.3,False,none,normal
2026-01-08 03:00:00,Building_A,29.14,0.98,2.74,1.46,1.28,53.2,False,none,normal
2026-01-08 04:00:00,Building_A,29.35,0.81,0.64,0.38,0.26,58.8,False,none,normal
2026-01-08 05:00:00,Building_A,22.05,0.42,0.5,0.23,0.27,45.7,False,none,normal
2026-01-08 06:00:00,Building_A,76.0,3.67,14.79,8.79,6.0,59.5,False,none,normal
2026-01-08 07:00:00,Building_A,78.87,3.63,14.96,8.86,6.1,59.2,False,none,normal
2026-01-08 08:00:00,Building_A,133.62,7.67,40.13,21.72,18.41,54.1,False,none,normal
2026-01-08 09:00:00,Building_A,140.11,7.98,40.3,20.5,19.8,50.9,False,none,normal
2026-01-08 10:00:00,Building_A,137.48,7.91,38.0,18.52,19.48,48.7,False,none,normal
2026-01-08 11:00:00,Building_A,140.27,7.86,38.23,20.88,17.35,54.6,False,none,normal
2026-01-08 12:00:00,Building_A,142.04,7.19,37.66,19.32,18.34,51.3,False,none,normal
2026-01-08 13:00:00,Building_A,143.37,8.08,40.38,20.37,20.01,50.4,False,none,normal
2026-01-08 14:00:00,Building_A,133.05,8.14,39.53,22.61,16.92,57.2,False,none,normal
2026-01-08 15:00:00,Building_A,136.77,8.08,39.65,23.04,16.61,58.1,False,none,normal
2026-01-08 16:00:00,Building_A,140.75,7.42,36.76,21.69,15.07,59.0,False,none,normal
2026-01-08 17:00:00,Building_A,142.28,7.63,37.23,20.62,16.61,55.4,False,none,normal
2026-01-08 18:00:00,Building_A,141.25,8.61,40.08,21.45,18.63,53.5,False,none,normal
2026-01-08 19:00:00,Building_A,76.28,4.0,14.67,7.47,7.2,50.9,False,none,normal
2026-01-08 20:00:00,Building_A,88.05,4.62,16.39,8.41,7.98,51.3,False,none,normal
2026-01-08 21:00:00,Building_A,83.27,4.22,15.56,9.34,6.22,60.0,False,none,normal
2026-01-08 22:00:00,Building_A,82.39,4.25,15.8,8.91,6.89,56.4,False,none,normal
2026-01-08 23:00:00,Building_A,23.92,0.73,0.5,0.25,0.25,49.9,False,none,normal
2026-01-09 00:00:00,Building_A,37.78,1.31,2.57,1.44,1.13,56.0,False,none,normal
2026-01-09 01:00:00,Building_A,36.46,0.71,1.18,0.6,0.58,50.6,False,none,normal
2026-01-09 02:00:00,Building_A,32.64,0.73,0.5,0.27,0.23,54.8,False,none,normal
2026-01-09 03:00:00,Building_A,30.74,1.33,2.01,1.11,0.9,55.0,False,none,normal
2026-01-09 04:00:00,Building_A,32.05,0.72,0.7,0.35,0.35,50.7,False,none,normal
2026-01-09 05:00:00,Building_A,30.45,0.44,0.5,0.29,0.21,57.0,False,none,normal
2026-01-09 06:00:00,Building_A,81.42,3.37,14.88,8.78,6.1,59.0,False,none,normal
2026-01-09 07:00:00,Building_A,84.09,4.35,15.08,7.78,7.3,51.6,False,none,normal
2026-01-09 08:00:00,Building_A,133.19,8.11,39.91,24.01,15.9,60.1,False,none,normal
2026-01-09 09:00:00,Building_A,141.92,7.94,37.96,20.39,17.57,53.7,False,none,normal
2026-01-09 10:00:00,Building_A,138.39,7.91,38.76,21.71,17.05,56.0,False,none,normal
2026-01-09 11:00:00,Building_A,135.51,7.77,39.83,21.27,18.56,53.4,False,none,normal
2026-01-09 12:00:00,Building_A,138.5,8.08,38.09,20.22,17.87,53.1,False,none,normal
2026-01-09 13:00:00,Building_A,143.28,7.58,36.92,17.56,19.36,47.6,False,none,normal
2026-01-09 14:00:00,Building_A,137.64,8.0,39.32,23.54,15.78,59.9,False,none,normal
2026-01-09 15:00:00,Building_A,126.83,8.12,41.33,20.87,20.46,50.5,False,none,normal
2026-01-09 16:00:00,Building_A,136.01,7.72,38.38,20.61,17.77,53.7,False,none,normal
2026-01-09 17:00:00,Building_A,143.23,8.63,39.05,24.45,14.6,62.6,False,none,normal
2026-01-09 18:00:00,Building_A,137.67,8.6,39.34,21.84,17.5,55.5,False,none,normal
2026-01-09 19:00:00,Building_A,81.32,5.11,16.05,8.37,7.68,52.2,False,none,normal
2026-01-09 20:00:00,Building_A,83.73,3.87,14.44,8.47,5.97,58.6,False,none,normal
2026-01-09 21:00:00,Building_A,79.98,4.09,15.05,8.48,6.57,56.3,False,none,normal
2026-01-09 22:00:00,Building_A,81.55,3.31,15.83,8.08,7.75,51.1,False,none,normal
2026-01-09 23:00:00,Building_A,25.28,0.68,1.04,0.54,0.5,52.2,False,none,normal
2026-01-10 00:00:00,Building_A,34.38,0.23,0.5,0.26,0.24,52.7,False,none,normal
2026-01-10 01:00:00,Building_A,30.87,0.8,0.5,0.29,0.21,57.9,False,none,normal
2026-01-10 02:00:00,Building_A,31.31,0.2,0.5,0.27,0.23,55.0,False,none,normal
2026-01-10 03:00:00,Building_A,30.17,0.67,0.91,0.51,0.4,55.9,False,none,normal
2026-01-10 04:00:00,Building_A,34.84,0.32,0.5,0.25,0.25,50.6,False,none,normal
2026-01-10 05:00:00,Building_A,32.21,1.14,0.5,0.22,0.28,45.0,False,none,normal
2026-01-10 06:00:00,Building_A,24.24,0.41,0.5,0.27,0.23,53.4,False,none,normal
2026-01-10 07:00:00,Building_A,31.21,0.6,2.2,1.15,1.05,52.3,False,none,normal
2026-01-10 08:00:00,Building_A,27.6,0.87,0.5,0.28,0.22,56.6,False,none,normal
2026-01-10 09:00:00,Building_A,31.46,0.65,2.85,1.5,1.35,52.5,False,none,normal
2026-01-10 10:00:00,Building_A,52.6,1.33,5.04,2.79,2.25,55.3,False,none,normal
2026-01-10 11:00:00,Building_A,40.06,1.15,7.05,4.03,3.02,57.2,False,none,normal
2026-01-10 12:00:00,Building_A,41.87,1.75,7.97,4.84,3.13,60.7,False,none,normal
2026-01-10 13:00:00,Building_A,46.48,1.89,4.32,2.32,2.0,53.7,False,none,normal
2026-01-10 14:00:00,Building_A,40.89,1.45,5.89,3.2,2.69,54.3,False,none,normal
2026-01-10 15:00:00,Building_A,51.89,1.35,7.07,3.82,3.25,54.1,False,none,normal
2026-01-10 16:00:00,Building_A,44.67,1.41,7.11,4.24,2.87,59.7,False,none,normal
2026-01-10 17:00:00,Building_A,50.95,1.52,7.28,3.67,3.61,50.4,False,none,normal
2026-01-10 18:00:00,Building_A,44.01,1.74,7.62,4.26,3.36,55.8,False,none,normal
2026-01-10 19:00:00,Building_A,34.6,0.88,2.38,1.34,1.04,56.2,False,none,normal
2026-01-10 20:00:00,Building_A,29.63,0.82,0.5,0.28,0.22,56.5,False,none,normal
2026-01-10 21:00:00,Building_A,16.46,0.2,1.48,0.84,0.64,56.9,False,none,normal
2026-01-10 22:00:00,Building_A,26.4,0.46,2.58,1.37,1.21,53.1,False,none,normal
2026-01-10 23:00:00,Building_A,40.03,0.7,1.43,0.88,0.55,61.5,False,none,normal
2026-01-11 00:00:00,Building_A,31.58,0.35,0.81,0.44,0.37,54.9,False,none,normal
2026-01-11 01:00:00,Building_A,25.6,0.62,0.5,0.29,0.21,58.7,False,none,normal
2026-01-11 02:00:00,Building_A,31.19,0.61,0.81,0.45,0.36,55.9,False,none,normal
2026-01-11 03:00:00,Building_A,33.52,0.35,0.5,0.3,0.2,59.4,False,none,normal
2026-01-11 04:00:00,Building_A,29.4,0.21,1.47,0.84,0.63,56.9,False,none,normal
2026-01-11 05:00:00,Building_A,24.93,0.78,1.82,1.03,0.79,56.5,False,none,normal
2026-01-11 06:00:00,Building_A,33.58,0.21,1.34,0.72,0.62,53.8,False,none,normal
2026-01-11 07:00:00,Building_A,29.12,1.01,2.71,1.69,1.02,62.2,False,none,normal
2026-01-11 08:00:00,Building_A,36.31,0.67,1.36,0.79,0.57,58.1,False,none,normal
2026-01-11 09:00:00,Building_A,31.54,0.75,1.93,1.06,0.87,54.8,False,none,normal
2026-01-11 10:00:00,Building_A,41.45,1.26,7.34,4.04,3.3,55.0,False,none,normal
2026-01-11 11:00:00,Building_A,45.72,1.64,6.13,3.56,2.57,58.0,False,none,normal
2026-01-11 12:00:00,Building_A,45.88,0.98,8.31,4.4,3.91,53.0,False,none,normal
2026-01-11 13:00:00,Building_A,37.74,1.04,5.35,2.95,2.4,55.2,False,none,normal
2026-01-11 14:00:00,Building_A,43.27,1.29,7.32,4.13,3.19,56.4,False,none,normal
2026-01-11 15:00:00,Building_A,45.63,1.55,7.32,3.41,3.91,46.6,False,none,normal
2026-01-11 16:00:00,Building_A,42.91,0.65,6.62,3.64,2.98,55.0,False,none,normal
2026-01-11 17:00:00,Building_A,48.55,1.82,6.82,3.61,3.21,53.0,False,none,normal
2026-01-11 18:00:00,Building_A,46.3,1.22,6.57,3.87,2.7,58.9,False,none,normal
2026-01-11 19:00:00,Building_A,28.82,0.99,1.75,0.9,0.85,51.2,False,none,normal
2026-01-11 20:00:00,Building_A,34.95,0.95,1.06,0.55,0.51,52.0,False,none,normal
2026-01-11 21:00:00,Building_A,27.62,0.52,1.59,0.81,0.78,51.2,False,none,normal
2026-01-11 22:00:00,Building_A,32.8,0.27,0.69,0.38,0.31,55.4,False,none,normal
2026-01-11 23:00:00,Building_A,40.83,0.22,2.71,1.51,1.2,55.6,False,none,normal
2026-01-12 00:00:00,Building_A,32.7,0.75,1.47,0.8,0.67,54.4,False,none,normal
2026-01-12 01:00:00,Building_A,36.87,0.54,2.3,1.21,1.09,52.4,False,none,normal
2026-01-12 02:00:00,Building_A,30.81,0.33,1.49,0.91,0.58,60.8,False,none,normal
2026-01-12 03:00:00,Building_A,30.74,0.64,0.5,0.27,0.23,54.1,False,none,normal
2026-01-12 04:00:00,Building_A,24.68,0.39,1.21,0.73,0.48,60.3,False,none,normal
2026-01-12 05:00:00,Building_A,42.29,0.5,2.66,1.49,1.17,56.0,False,none,normal
2026-01-12 06:00:00,Building_A,79.25,4.14,15.11,8.38,6.73,55.4,False,none,normal
2026-01-12 07:00:00,Building_A,78.22,3.5,13.18,7.59,5.59,57.6,False,none,normal
2026-01-12 08:00:00,Building_A,136.42,7.78,39.47,22.96,16.51,58.2,False,none,normal
2026-01-12 09:00:00,Building_A,138.25,7.76,40.93,25.1,15.83,61.3,False,none,normal
2026-01-12 10:00:00,Building_A,139.5,8.33,40.95,24.37,16.58,59.5,False,none,normal
2026-01-12 11:00:00,Building_A,139.98,8.19,40.08,20.28,19.8,50.6,False,none,normal
2026-01-12 12:00:00,Building_A,140.33,7.51,38.5,23.18,15.32,60.2,False,none,normal
2026-01-12 13:00:00,Building_A,140.89,8.51,39.13,19.72,19.41,50.4,False,none,normal
2026-01-12 14:00:00,Building_A,136.56,8.02,39.55,23.55,16.0,59.5,False,none,normal
2026-01-12 15:00:00,Building_A,136.08,8.11,38.27,21.74,16.53,56.8,False,none,normal
2026-01-12 16:00:00,Building_A,137.54,7.72,39.17,21.25,17.92,54.3,False,none,normal
2026-01-12 17:00:00,Building_A,136.44,8.61,39.34,21.25,18.09,54.0,False,none,normal
2026-01-12 18:00:00,Building_A,129.14,7.67,39.14,20.45,18.69,52.3,False,none,normal
2026-01-12 19:00:00,Building_A,85.38,3.93,16.58,9.16,7.42,55.2,False,none,normal
2026-01-12 20:00:00,Building_A,80.0,3.96,15.04,9.31,5.73,61.9,False,none,normal
2026-01-12 21:00:00,Building_A,70.57,3.29,14.38,7.92,6.46,55.1,False,none,normal
2026-01-12 22:00:00,Building_A,82.61,4.16,14.57,8.61,5.96,59.1,False,none,normal
2026-01-12 23:00:00,Building_A,35.17,0.77,2.09,1.17,0.92,56.1,False,none,normal
2026-01-13 00:00:00,Building_A,28.81,0.95,1.07,0.59,0.48,55.0,False,none,normal
2026-01-13 01:00:00,Building_A,36.95,0.2,0.5,0.25,0.25,50.3,False,none,normal
2026-01-13 02:00:00,Building_A,29.6,0.62,0.5,0.26,0.24,51.1,False,none,normal
2026-01-13 03:00:00,Building_A,27.61,1.56,3.1,1.65,1.45,53.4,False,none,normal
2026-01-13 04:00:00,Building_A,29.6,0.3,0.5,0.27,0.23,54.5,False,none,normal
2026-01-13 05:00:00,Building_A,27.06,0.67,0.5,0.26,0.24,52.0,False,none,normal
2026-01-13 06:00:00,Building_A,80.45,4.12,15.53,7.72,7.81,49.7,False,none,normal
2026-01-13 07:00:00,Building_A,83.27,3.71,15.79,8.68,7.11,55.0,False,none,normal
2026-01-13 08:00:00,Building_A,132.02,7.87,39.9,22.92,16.98,57.5,False,none,normal
2026-01-13 09:00:00,Building_A,136.96,8.52,40.67,21.95,18.72,54.0,False,none,normal
2026-01-13 10:00:00,Building_A,140.53,8.66,41.81,20.94,20.87,50.1,False,none,normal
2026-01-13 11:00:00,Building_A,133.82,8.51,38.19,18.98,19.21,49.7,False,none,normal
2026-01-13 12:00:00,Building_A,135.58,8.13,39.33,20.61,18.72,52.4,False,none,normal
2026-01-13 13:00:00,Building_A,134.83,7.74,38.4,24.62,13.78,64.1,False,none,normal
2026-01-13 14:00:00,Building_A,138.72,8.3,38.87,21.09,17.78,54.3,False,none,normal
2026-01-13 15:00:00,Building_A,134.67,7.06,37.8,18.05,19.75,47.8,False,none,normal
2026-01-13 16:00:00,Building_A,128.53,7.57,41.05,22.5,18.55,54.8,False,none,normal
2026-01-13 17:00:00,Building_A,142.69,8.13,40.4,20.76,19.64,51.4,False,none,normal
2026-01-13 18:00:00,Building_A,139.62,8.24,38.76,22.19,16.57,57.2,False,none,normal
2026-01-13 19:00:00,Building_A,82.12,3.8,13.68,6.88,6.8,50.3,False,none,normal
2026-01-13 20:00:00,Building_A,80.2,4.11,14.08,7.76,6.32,55.1,False,none,normal
2026-01-13 21:00:00,Building_A,82.14,4.21,16.89,10.15,6.74,60.1,False,none,normal
2026-01-13 22:00:00,Building_A,75.85,4.58,14.39,8.52,5.87,59.2,False,none,normal
2026-01-13 23:00:00,Building_A,31.33,0.56,0.5,0.27,0.23,54.3,False,none,normal
2026-01-14 00:00:00,Building_A,24.82,1.04,2.76,1.43,1.33,51.8,False,none,normal
2026-01-14 01:00:00,Building_A,32.26,0.45,0.5,0.29,0.21,58.1,False,none,normal
2026-01-14 02:00:00,Building_A,30.9,1.31,0.5,0.29,0.21,59.0,False,none,normal
2026-01-14 03:00:00,Building_A,31.44,0.98,0.5,0.27,0.23,54.8,False,none,normal
2026-01-14 04:00:00,Building_A,30.59,0.41,1.73,1.0,0.73,57.6,False,none,normal
2026-01-14 05:00:00,Building_A,33.43,1.24,2.68,1.43,1.25,53.5,False,none,normal
2026-01-14 06:00:00,Building_A,81.35,3.77,15.06,7.92,7.14,52.6,False,none,normal
2026-01-14 07:00:00,Building_A,86.33,4.12,14.77,8.83,5.94,59.8,False,none,normal
2026-01-14 08:00:00,Building_A,128.84,7.28,40.41,22.32,18.09,55.2,False,none,normal
2026-01-14 09:00:00,Building_A,138.53,7.52,39.43,24.85,14.58,63.0,False,none,normal
2026-01-14 10:00:00,Building_A,140.82,8.04,38.93,20.8,18.13,53.4,False,none,normal
2026-01-14 11:00:00,Building_A,129.01,8.08,40.47,19.71,20.76,48.7,False,none,normal
2026-01-14 12:00:00,Building_A,134.88,7.58,38.3,21.15,17.15,55.2,False,none,normal
2026-01-14 13:00:00,Building_A,129.19,8.2,40.36,21.79,18.57,54.0,False,none,normal
2026-01-14 14:00:00,Building_A,127.6,7.64,40.94,17.97,22.97,43.9,False,none,normal
2026-01-14 15:00:00,Building_A,136.13,7.57,40.42,21.14,19.28,52.3,False,none,normal
2026-01-14 16:00:00,Building_A,139.14,8.18,41.66,22.57,19.09,54.2,False,none,normal
2026-01-14 17:00:00,Building_A,139.03,7.47,40.89,21.25,19.64,52.0,False,none,normal
2026-01-14 18:00:00,Building_A,135.28,7.98,37.58,21.01,16.57,55.9,False,none,normal
2026-01-14 19:00:00,Building_A,83.72,4.1,13.12,7.15,5.97,54.5,False,none,normal
2026-01-14 20:00:00,Building_A,82.82,3.34,13.74,8.04,5.7,58.5,False,none,normal
2026-01-14 21:00:00,Building_A,80.93,4.14,17.26,9.82,7.44,56.9,False,none,normal
2026-01-14 22:00:00,Building_A,82.48,4.94,14.77,7.65,7.12,51.8,False,none,normal
2026-01-14 23:00:00,Building_A,32.77,0.86,0.5,0.25,0.25,50.9,False,none,normal
2026-01-15 00:00:00,Building_A,40.29,0.82,0.5,0.29,0.21,58.7,False,none,normal
2026-01-15 01:00:00,Building_A,30.62,0.62,1.61,0.8,0.81,49.8,False,none,normal
2026-01-15 02:00:00,Building_A,32.46,1.37,1.5,0.8,0.7,53.5,False,none,normal
2026-01-15 03:00:00,Building_A,29.03,0.56,0.63,0.34,0.29,53.5,False,none,normal
2026-01-15 04:00:00,Building_A,34.72,0.2,1.97,1.05,0.92,53.5,False,none,normal
2026-01-15 05:00:00,Building_A,32.56,0.31,2.53,1.52,1.01,60.0,False,none,normal
2026-01-15 06:00:00,Building_A,83.69,3.46,16.03,9.08,6.95,56.6,False,none,normal
2026-01-15 07:00:00,Building_A,73.43,3.98,15.47,8.85,6.62,57.2,False,none,normal
2026-01-15 08:00:00,Building_A,138.23,8.09,41.23,24.7,16.53,59.9,False,none,normal
2026-01-15 09:00:00,Building_A,126.06,7.87,39.26,18.84,20.42,48.0,False,none,normal
2026-01-15 10:00:00,Building_A,137.9,8.42,38.15,21.5,16.65,56.3,False,none,normal
2026-01-15 11:00:00,Building_A,133.86,7.75,41.23,21.78,19.45,52.8,False,none,normal
2026-01-15 12:00:00,Building_A,139.37,7.33,41.69,23.93,17.76,57.4,False,none,normal
2026-01-15 13:00:00,Building_A,136.79,8.19,37.77,22.56,15.21,59.7,False,none,normal
2026-01-15 14:00:00,Building_A,136.23,7.91,38.87,20.48,18.39,52.7,False,none,normal
2026-01-15 15:00:00,Building_A,140.3,8.07,40.24,22.12,18.12,55.0,False,none,normal
2026-01-15 16:00:00,Building_A,139.58,7.84,42.13,20.53,21.6,48.7,False,none,normal
2026-01-15 17:00:00,Building_A,142.57,8.46,38.43,24.56,13.87,63.9,False,none,normal
2026-01-15 18:00:00,Building_A,141.51,8.33,39.49,21.38,18.11,54.1,False,none,normal
2026-01-15 19:00:00,Building_A,79.02,4.13,16.71,9.31,7.4,55.7,False,none,normal
2026-01-15 20:00:00,Building_A,76.21,4.28,16.14,9.3,6.84,57.6,False,none,normal
2026-01-15 21:00:00,Building_A,82.84,3.9,13.92,7.17,6.75,51.5,False,none,normal
2026-01-15 22:00:00,Building_A,73.31,4.08,14.93,7.95,6.98,53.2,False,none,normal
2026-01-15 23:00:00,Building_A,19.23,0.27,2.28,1.19,1.09,52.3,False,none,normal
2026-01-16 00:00:00,Building_A,32.5,0.22,2.67,1.45,1.22,54.4,False,none,normal
2026-01-16 01:00:00,Building_A,32.21,1.52,2.76,1.48,1.28,53.8,False,none,normal
2026-01-16 02:00:00,Building_A,28.68,0.59,1.55,0.85,0.7,54.6,False,none,normal
2026-01-16 03:00:00,Building_A,29.47,1.22,0.8,0.51,0.29,64.2,False,none,normal
2026-01-16 04:00:00,Building_A,31.42,1.33,1.37,0.81,0.56,58.9,False,none,normal
2026-01-16 05:00:00,Building_A,28.16,0.41,1.49,0.88,0.61,59.0,False,none,normal
2026-01-16 06:00:00,Building_A,80.01,3.54,13.4,6.61,6.79,49.3,False,none,normal
2026-01-16 07:00:00,Building_A,72.78,4.03,16.38,9.0,7.38,54.9,False,none,normal
2026-01-16 08:00:00,Building_A,128.48,7.92,39.26,24.88,14.38,63.4,False,none,normal
2026-01-16 09:00:00,Building_A,131.7,7.85,41.5,23.57,17.93,56.8,False,none,normal
2026-01-16 10:00:00,Building_A,139.78,8.03,39.85,23.16,16.69,58.1,False,none,normal
2026-01-16 11:00:00,Building_A,134.29,8.29,37.81,21.29,16.52,56.3,False,none,normal
2026-01-16 12:00:00,Building_A,138.24,7.77,39.43,20.7,18.73,52.5,False,none,normal
2026-01-16 13:00:00,Building_A,133.24,7.86,38.13,21.46,16.67,56.3,False,none,normal
2026-01-16 14:00:00,Building_A,132.92,8.23,38.04,20.06,17.98,52.7,False,none,normal
2026-01-16 15:00:00,Building_A,135.03,8.45,39.85,21.58,18.27,54.2,False,none,normal
2026-01-16 16:00:00,Building_A,139.52,7.25,39.41,24.82,14.59,63.0,False,none,normal
2026-01-16 17:00:00,Building_A,138.05,8.01,40.11,23.5,16.61,58.6,False,none,normal
2026-01-16 18:00:00,Building_A,129.54,7.4,39.71,20.7,19.01,52.1,False,none,normal
2026-01-16 19:00:00,Building_A,85.1,3.88,12.71,6.35,6.36,49.9,False,none,normal
2026-01-16 20:00:00,Building_A,68.85,3.91,14.81,7.89,6.92,53.3,False,none,normal
2026-01-16 21:00:00,Building_A,84.17,4.41,14.83,6.89,7.94,46.5,False,none,normal
2026-01-16 22:00:00,Building_A,82.32,4.19,15.4,9.07,6.33,58.9,False,none,normal
2026-01-16 23:00:00,Building_A,26.39,1.41,0.5,0.29,0.21,58.0,False,none,normal
2026-01-17 00:00:00,Building_A,24.3,0.38,2.76,1.49,1.27,54.0,False,none,normal
2026-01-17 01:00:00,Building_A,34.41,0.79,0.81,0.49,0.32,60.5,False,none,normal
2026-01-17 02:00:00,Building_A,30.11,0.2,0.5,0.29,0.21,57.2,False,none,normal
2026-01-17 03:00:00,Building_A,32.64,0.2,0.5,0.26,0.24,52.7,False,none,normal
2026-01-17 04:00:00,Building_A,29.59,0.22,0.5,0.26,0.24,52.1,False,none,normal
2026-01-17 05:00:00,Building_A,34.14,0.99,0.76,0.41,0.35,53.4,False,none,normal
2026-01-17 06:00:00,Building_A,31.61,0.42,0.5,0.26,0.24,51.2,False,none,normal
2026-01-17 07:00:00,Building_A,28.51,0.3,1.13,0.65,0.48,57.9,False,none,normal
2026-01-17 08:00:00,Building_A,24.71,0.71,0.68,0.38,0.3,56.4,False,none,normal
2026-01-17 09:00:00,Building_A,31.0,0.2,0.5,0.28,0.22,55.1,False,none,normal
2026-01-17 10:00:00,Building_A,48.48,0.63,6.99,4.18,2.81,59.8,False,none,normal
2026-01-17 11:00:00,Building_A,43.75,1.6,5.73,3.12,2.61,54.5,False,none,normal
2026-01-17 12:00:00,Building_A,37.88,0.59,7.71,3.94,3.77,51.1,False,none,normal
2026-01-17 13:00:00,Building_A,42.54,0.92,4.88,2.65,2.23,54.3,False,none,normal
2026-01-17 14:00:00,Building_A,41.44,1.54,7.12,4.01,3.11,56.3,False,none,normal
2026-01-17 15:00:00,Building_A,45.32,1.96,5.3,2.9,2.4,54.8,False,none,normal
2026-01-17 16:00:00,Building_A,48.89,1.85,4.87,2.62,2.25,53.8,False,none,normal
2026-01-17 17:00:00,Building_A,49.8,1.59,6.81,3.69,3.12,54.1,False,none,normal
2026-01-17 18:00:00,Building_A,42.83,1.51,6.27,3.44,2.83,54.8,False,none,normal
2026-01-17 19:00:00,Building_A,31.37,0.47,1.58,1.05,0.53,66.7,False,none,normal
2026-01-17 20:00:00,Building_A,23.95,0.82,0.5,0.29,0.21,57.3,False,none,normal
2026-01-17 21:00:00,Building_A,31.24,0.97,2.35,1.31,1.04,55.8,False,none,normal
2026-01-17 22:00:00,Building_A,35.58,0.2,2.85,1.61,1.24,56.5,False,none,normal
2026-01-17 23:00:00,Building_A,35.37,0.28,0.5,0.28,0.22,55.6,False,none,normal
2026-01-18 00:00:00,Building_A,30.99,0.8,2.24,1.07,1.17,47.9,False,none,normal
2026-01-18 01:00:00,Building_A,34.95,0.71,0.69,0.34,0.35,49.1,False,none,normal
2026-01-18 02:00:00,Building_A,33.07,0.2,1.72,0.84,0.88,49.0,False,none,normal
2026-01-18 03:00:00,Building_A,31.27,0.66,2.34,1.27,1.07,54.3,False,none,normal
2026-01-18 04:00:00,Building_A,28.28,0.53,2.47,1.41,1.06,57.1,False,none,normal
2026-01-18 05:00:00,Building_A,29.51,0.62,0.5,0.28,0.22,56.6,False,none,normal
2026-01-18 06:00:00,Building_A,24.01,0.97,1.09,0.7,0.39,64.5,False,none,normal
2026-01-18 07:00:00,Building_A,26.65,0.67,3.1,1.85,1.25,59.8,False,none,normal
2026-01-18 08:00:00,Building_A,28.27,0.78,0.94,0.53,0.41,56.1,False,none,normal
2026-01-18 09:00:00,Building_A,28.26,0.67,0.5,0.28,0.22,55.5,False,none,normal
2026-01-18 10:00:00,Building_A,46.16,1.33,4.64,2.74,1.9,59.0,False,none,normal
2026-01-18 11:00:00,Building_A,45.82,1.16,6.24,3.06,3.18,49.0,False,none,normal
2026-01-18 12:00:00,Building_A,40.26,1.22,8.05,4.22,3.83,52.4,False,none,normal
2026-01-18 13:00:00,Building_A,46.92,1.22,6.87,3.74,3.13,54.4,False,none,normal
2026-01-18 14:00:00,Building_A,47.86,1.22,4.69,2.32,2.37,49.5,False,none,normal
2026-01-18 15:00:00,Building_A,42.24,0.97,7.07,3.76,3.31,53.1,False,none,normal
2026-01-18 16:00:00,Building_A,53.86,0.8,6.82,3.44,3.38,50.5,False,none,normal
2026-01-18 17:00:00,Building_A,42.39,1.46,3.79,2.12,1.67,55.9,False,none,normal
2026-01-18 18:00:00,Building_A,51.97,1.25,6.89,4.07,2.82,59.1,False,none,normal
2026-01-18 19:00:00,Building_A,30.4,0.5,0.5,0.29,0.21,57.6,False,none,normal
2026-01-18 20:00:00,Building_A,30.6,0.35,1.09,0.57,0.52,52.7,False,none,normal
2026-01-18 21:00:00,Building_A,28.94,0.92,0.5,0.3,0.2,59.2,False,none,normal
2026-01-18 22:00:00,Building_A,25.46,0.47,3.25,1.93,1.32,59.5,False,none,normal
2026-01-18 23:00:00,Building_A,31.44,0.38,0.5,0.28,0.22,55.3,False,none,normal
2026-01-19 00:00:00,Building_A,31.2,0.67,0.9,0.49,0.41,54.1,False,none,normal
2026-01-19 01:00:00,Building_A,25.29,0.52,2.04,1.01,1.03,49.5,False,none,normal
2026-01-19 02:00:00,Building_A,30.3,0.42,1.07,0.57,0.5,53.4,False,none,normal
2026-01-19 03:00:00,Building_A,36.96,0.88,0.5,0.29,0.21,57.7,False,none,normal
2026-01-19 04:00:00,Building_A,27.96,0.5,1.32,0.7,0.62,53.0,False,none,normal
2026-01-19 05:00:00,Building_A,34.63,0.43,0.5,0.26,0.24,52.4,False,none,normal
2026-01-19 06:00:00,Building_A,77.59,4.38,15.79,9.76,6.03,61.8,False,none,normal
2026-01-19 07:00:00,Building_A,88.92,3.63,15.12,7.6,7.52,50.3,False,none,normal
2026-01-19 08:00:00,Building_A,134.41,7.76,38.19,19.4,18.79,50.8,False,none,normal
2026-01-19 09:00:00,Building_A,136.95,7.56,40.47,20.77,19.7,51.3,False,none,normal
2026-01-19 10:00:00,Building_A,148.76,7.83,39.54,19.7,19.84,49.8,False,none,normal
2026-01-19 11:00:00,Building_A,144.35,8.38,39.81,19.75,20.06,49.6,False,none,normal
2026-01-19 12:00:00,Building_A,138.37,7.59,41.21,24.0,17.21,58.2,False,none,normal
2026-01-19 13:00:00,Building_A,137.91,7.13,38.28,22.11,16.17,57.8,False,none,normal
2026-01-19 14:00:00,Building_A,142.38,8.37,37.55,21.11,16.44,56.2,False,none,normal
2026-01-19 15:00:00,Building_A,141.59,7.4,39.45,22.13,17.32,56.1,False,none,normal
2026-01-19 16:00:00,Building_A,136.32,7.34,39.07,20.98,18.09,53.7,False,none,normal
2026-01-19 17:00:00,Building_A,136.93,7.79,38.93,21.35,17.58,54.8,False,none,normal
2026-01-19 18:00:00,Building_A,139.29,7.88,38.97,21.58,17.39,55.4,False,none,normal
2026-01-19 19:00:00,Building_A,72.17,4.16,15.03,8.29,6.74,55.2,False,none,normal
2026-01-19 20:00:00,Building_A,83.7,3.31,12.66,7.1,5.56,56.1,False,none,normal
2026-01-19 21:00:00,Building_A,79.82,4.05,14.48,8.35,6.13,57.7,False,none,normal
2026-01-19 22:00:00,Building_A,83.58,4.16,14.72,6.85,7.87,46.6,False,none,normal
2026-01-19 23:00:00,Building_A,34.13,1.13,1.71,0.88,0.83,51.5,False,none,normal
2026-01-20 00:00:00,Building_A,33.75,1.01,2.81,1.45,1.36,51.5,False,none,normal
2026-01-20 01:00:00,Building_A,30.15,0.97,1.01,0.51,0.5,50.5,False,none,normal
2026-01-20 02:00:00,Building_A,32.71,0.91,1.05,0.59,0.46,55.9,False,none,normal
2026-01-20 03:00:00,Building_A,30.02,1.22,0.5,0.26,0.24,52.7,False,none,normal
2026-01-20 04:00:00,Building_A,31.1,1.01,0.5,0.25,0.25,49.8,False,none,normal
2026-01-20 05:00:00,Building_A,22.9,0.72,0.5,0.27,0.23,53.5,False,none,normal
2026-01-20 06:00:00,Building_A,82.5,3.77,15.31,8.24,7.07,53.8,False,none,normal
2026-01-20 07:00:00,Building_A,82.54,4.16,14.2,7.71,6.49,54.3,False,none,normal
2026-01-20 08:00:00,Building_A,141.7,8.12,37.78,21.77,16.01,57.6,False,none,normal
2026-01-20 09:00:00,Building_A,133.19,8.48,40.69,22.85,17.84,56.2,False,none,normal
2026-01-20 10:00:00,Building_A,138.15,7.91,40.27,21.55,18.72,53.5,False,none,normal
2026-01-20 11:00:00,Building_A,138.47,8.29,38.78,20.37,18.41,52.5,False,none,normal
2026-01-20 12:00:00,Building_A,132.75,7.61,37.26,21.58,15.68,57.9,False,none,normal
2026-01-20 13:00:00,Building_A,144.76,8.48,37.51,21.72,15.79,57.9,False,none,normal
2026-01-20 14:00:00,Building_A,143.21,7.83,39.58,18.59,20.99,47.0,False,none,normal
2026-01-20 15:00:00,Building_A,138.59,7.61,39.7,19.36,20.34,48.8,False,none,normal
2026-01-20 16:00:00,Building_A,139.7,8.34,38.52,19.43,19.09,50.5,False,none,normal
2026-01-20 17:00:00,Building_A,128.9,7.89,38.76,18.91,19.85,48.8,False,none,normal
2026-01-20 18:00:00,Building_A,139.34,7.83,38.17,20.15,18.02,52.8,False,none,normal
2026-01-20 19:00:00,Building_A,84.14,4.2,14.88,8.55,6.33,57.5,False,none,normal
2026-01-20 20:00:00,Building_A,75.21,4.0,15.21,8.08,7.13,53.1,False,none,normal
2026-01-20 21:00:00,Building_A,81.6,3.72,15.64,8.95,6.69,57.2,False,none,normal
2026-01-20 22:00:00,Building_A,68.18,4.41,11.37,5.97,5.4,52.5,False,none,normal
2026-01-20 23:00:00,Building_A,35.16,0.59,0.5,0.25,0.25,50.6,False,none,normal
2026-01-21 00:00:00,Building_A,35.16,0.2,2.29,1.25,1.04,54.8,False,none,normal
2026-01-21 01:00:00,Building_A,26.28,0.5,0.5,0.29,0.21,58.5,False,none,normal
2026-01-21 02:00:00,Building_A,33.98,0.2,0.5,0.26,0.24,51.5,False,none,normal
2026-01-21 03:00:00,Building_A,36.23,0.23,2.86,1.57,1.29,54.9,False,none,normal
2026-01-21 04:00:00,Building_A,26.41,0.47,0.5,0.25,0.25,49.9,False,none,normal
2026-01-21 05:00:00,Building_A,31.43,0.27,0.5,0.27,0.23,53.5,False,none,normal
2026-01-21 06:00:00,Building_A,72.64,3.73,13.94,7.18,6.76,51.5,False,none,normal
2026-01-21 07:00:00,Building_A,87.86,4.01,15.33,7.34,7.99,47.9,False,none,normal
2026-01-21 08:00:00,Building_A,134.91,8.06,38.23,22.42,15.81,58.6,False,none,normal
2026-01-21 09:00:00,Building_A,132.71,7.89,38.75,21.57,17.18,55.7,False,none,normal
2026-01-21 10:00:00,Building_A,134.96,7.89,39.17,20.39,18.78,52.1,False,none,normal
2026-01-21 11:00:00,Building_A,139.47,8.07,39.35,20.96,18.39,53.3,False,none,normal
2026-01-21 12:00:00,Building_A,140.71,7.9,39.09,21.66,17.43,55.4,False,none,normal
2026-01-21 13:00:00,Building_A,144.31,7.52,40.38,19.15,21.23,47.4,False,none,normal
2026-01-21 14:00:00,Building_A,138.39,8.54,40.04,22.3,17.74,55.7,False,none,normal
2026-01-21 15:00:00,Building_A,135.28,8.0,39.15,20.3,18.85,51.9,False,none,normal
2026-01-21 16:00:00,Building_A,136.37,8.05,38.54,19.95,18.59,51.8,False,none,normal
2026-01-21 17:00:00,Building_A,132.08,8.12,40.11,22.43,17.68,55.9,False,none,normal
2026-01-21 18:00:00,Building_A,141.39,8.02,39.93,22.45,17.48,56.2,False,none,normal
2026-01-21 19:00:00,Building_A,79.49,3.81,17.69,9.41,8.28,53.2,False,none,normal
2026-01-21 20:00:00,Building_A,77.19,4.14,15.33,7.57,7.76,49.4,False,none,normal
2026-01-21 21:00:00,Building_A,84.34,3.96,13.7,8.19,5.51,59.8,False,none,normal
2026-01-21 22:00:00,Building_A,82.36,3.55,17.16,9.89,7.27,57.6,False,none,normal
2026-01-21 23:00:00,Building_A,31.01,1.26,1.13,0.62,0.51,54.9,False,none,normal
2026-01-22 00:00:00,Building_A,28.41,7.91,1.51,0.83,0.68,55.1,True,water,pipe_leak
2026-01-22 01:00:00,Building_A,27.89,7.4,0.86,0.43,0.43,49.7,True,water,pipe_leak
2026-01-22 02:00:00,Building_A,25.17,7.88,0.5,0.28,0.22,55.8,True,water,pipe_leak
2026-01-22 03:00:00,Building_A,29.14,8.71,0.5,0.29,0.21,57.6,True,water,pipe_leak
2026-01-22 04:00:00,Building_A,29.47,7.37,1.82,0.97,0.85,53.1,True,water,pipe_leak
2026-01-22 05:00:00,Building_A,35.04,6.15,1.29,0.76,0.53,58.7,True,water,pipe_leak
2026-01-22 06:00:00,Building_A,82.49,19.91,14.12,6.99,7.13,49.5,True,water,pipe_leak
2026-01-22 07:00:00,Building_A,75.88,18.5,15.63,8.66,6.97,55.4,True,water,pipe_leak
2026-01-22 08:00:00,Building_A,133.03,31.4,37.99,22.66,15.33,59.6,True,water,pipe_leak
2026-01-22 09:00:00,Building_A,148.95,30.95,40.16,21.3,18.86,53.0,True,water,pipe_leak
2026-01-22 10:00:00,Building_A,130.28,29.86,38.15,18.77,19.38,49.2,True,water,pipe_leak
2026-01-22 11:00:00,Building_A,144.41,30.86,39.91,21.46,18.45,53.8,True,water,pipe_leak
2026-01-22 12:00:00,Building_A,136.83,31.62,39.42,22.52,16.9,57.1,True,water,pipe_leak
2026-01-22 13:00:00,Building_A,136.74,30.18,37.77,17.79,19.98,47.1,True,water,pipe_leak
2026-01-22 14:00:00,Building_A,136.48,30.63,37.91,20.8,17.11,54.9,True,water,pipe_leak
2026-01-22 15:00:00,Building_A,137.74,28.14,38.36,21.72,16.64,56.6,True,water,pipe_leak
2026-01-22 16:00:00,Building_A,139.07,29.26,39.65,23.43,16.22,59.1,True,water,pipe_leak
2026-01-22 17:00:00,Building_A,140.63,30.44,38.9,20.42,18.48,52.5,True,water,pipe_leak
2026-01-22 18:00:00,Building_A,139.4,30.76,40.21,22.33,17.88,55.5,True,water,pipe_leak
2026-01-22 19:00:00,Building_A,83.13,17.9,15.97,9.34,6.63,58.5,True,water,pipe_leak
2026-01-22 20:00:00,Building_A,76.64,15.75,16.88,9.46,7.42,56.0,True,water,pipe_leak
2026-01-22 21:00:00,Building_A,73.0,16.97,15.96,8.6,7.36,53.9,True,water,pipe_leak
2026-01-22 22:00:00,Building_A,77.8,19.34,13.77,7.13,6.64,51.8,True,water,pipe_leak
2026-01-22 23:00:00,Building_A,31.9,7.69,1.54,0.9,0.64,58.6,True,water,pipe_leak
2026-01-23 00:00:00,Building_A,31.85,7.82,0.63,0.35,0.28,55.3,True,water,pipe_leak
2026-01-23 01:00:00,Building_A,31.48,7.5,1.87,1.07,0.8,57.2,True,water,pipe_leak
2026-01-23 02:00:00,Building_A,31.23,6.34,1.02,0.56,0.46,54.9,True,water,pipe_leak
2026-01-23 03:00:00,Building_A,31.83,9.74,0.5,0.28,0.22,56.7,True,water,pipe_leak
2026-01-23 04:00:00,Building_A,35.33,7.37,3.74,2.0,1.74,53.5,True,water,pipe_leak
2026-01-23 05:00:00,Building_A,32.35,6.38,0.52,0.29,0.23,56.0,True,water,pipe_leak
2026-01-23 06:00:00,Building_A,83.24,18.12,16.54,9.03,7.51,54.6,True,water,pipe_leak
2026-01-23 07:00:00,Building_A,78.52,20.81,15.5,8.08,7.42,52.1,True,water,pipe_leak
2026-01-23 08:00:00,Building_A,134.75,29.51,40.58,21.73,18.85,53.5,True,water,pipe_leak
2026-01-23 09:00:00,Building_A,138.03,30.47,40.33,20.82,19.51,51.6,True,water,pipe_leak
2026-01-23 10:00:00,Building_A,133.22,30.79,40.18,22.63,17.55,56.3,True,water,pipe_leak
2026-01-23 11:00:00,Building_A,134.29,31.3,38.56,20.4,18.16,52.9,True,water,pipe_leak
2026-01-23 12:00:00,Building_A,133.75,32.01,40.22,23.09,17.13,57.4,True,water,pipe_leak
2026-01-23 13:00:00,Building_A,142.51,33.7,37.41,19.47,17.94,52.0,True,water,pipe_leak
2026-01-23 14:00:00,Building_A,135.06,29.61,38.16,20.53,17.63,53.8,True,water,pipe_leak
2026-01-23 15:00:00,Building_A,132.66,30.92,39.52,22.5,17.02,56.9,True,water,pipe_leak
2026-01-23 16:00:00,Building_A,139.56,31.24,39.01,24.77,14.24,63.5,True,water,pipe_leak
2026-01-23 17:00:00,Building_A,138.46,28.46,38.25,18.37,19.88,48.0,True,water,pipe_leak
2026-01-23 18:00:00,Building_A,137.59,30.41,38.89,24.52,14.37,63.0,True,water,pipe_leak
2026-01-23 19:00:00,Building_A,82.05,18.6,13.91,7.09,6.82,51.0,True,water,pipe_leak
2026-01-23 20:00:00,Building_A,80.0,17.96,12.8,6.95,5.85,54.3,True,water,pipe_leak
2026-01-23 21:00:00,Building_A,79.91,17.54,14.06,7.43,6.63,52.8,True,water,pipe_leak
2026-01-23 22:00:00,Building_A,79.15,17.86,15.76,9.35,6.41,59.3,True,water,pipe_leak
2026-01-23 23:00:00,Building_A,29.88,6.73,1.46,0.84,0.62,57.4,True,water,pipe_leak
2026-01-24 00:00:00,Building_A,29.32,8.14,2.11,1.27,0.84,60.2,True,water,pipe_leak
2026-01-24 01:00:00,Building_A,38.17,6.28,0.96,0.53,0.43,55.0,True,water,pipe_leak
2026-01-24 02:00:00,Building_A,30.66,6.54,0.5,0.28,0.22,55.4,True,water,pipe_leak
2026-01-24 03:00:00,Building_A,27.98,7.34,0.5,0.25,0.25,50.6,True,water,pipe_leak
2026-01-24 04:00:00,Building_A,31.99,7.43,1.63,1.04,0.59,63.7,True,water,pipe_leak
2026-01-24 05:00:00,Building_A,32.16,7.78,0.5,0.25,0.25,49.9,True,water,pipe_leak
2026-01-24 06:00:00,Building_A,37.39,6.22,0.5,0.27,0.23,54.8,True,water,pipe_leak
2026-01-24 07:00:00,Building_A,30.69,6.25,0.57,0.34,0.23,59.9,True,water,pipe_leak
2026-01-24 08:00:00,Building_A,27.83,5.7,2.07,1.18,0.89,57.0,True,water,pipe_leak
2026-01-24 09:00:00,Building_A,28.57,5.64,0.5,0.27,0.23,54.8,True,water,pipe_leak
2026-01-24 10:00:00,Building_A,49.03,8.36,6.47,3.73,2.74,57.7,True,water,pipe_leak
2026-01-24 11:00:00,Building_A,34.84,10.66,5.16,2.91,2.25,56.3,True,water,pipe_leak
2026-01-24 12:00:00,Building_A,45.35,10.73,7.24,3.29,3.95,45.5,True,water,pipe_leak
2026-01-24 13:00:00,Building_A,41.22,9.67,6.34,3.61,2.73,56.9,True,water,pipe_leak
2026-01-24 14:00:00,Building_A,47.52,10.18,6.32,3.01,3.31,47.6,True,water,pipe_leak
2026-01-24 15:00:00,Building_A,42.54,9.96,5.27,3.03,2.24,57.5,True,water,pipe_leak
2026-01-24 16:00:00,Building_A,48.0,9.64,2.9,1.45,1.45,49.9,True,water,pipe_leak
2026-01-24 17:00:00,Building_A,51.91,8.9,4.2,2.52,1.68,59.9,True,water,pipe_leak
2026-01-24 18:00:00,Building_A,44.42,10.76,6.91,3.93,2.98,56.8,True,water,pipe_leak
2026-01-24 19:00:00,Building_A,32.51,8.04,3.67,2.16,1.51,58.9,True,water,pipe_leak
2026-01-24 20:00:00,Building_A,24.73,7.75,2.31,1.38,0.93,59.8,True,water,pipe_leak
2026-01-24 21:00:00,Building_A,29.35,8.55,2.05,1.34,0.71,65.3,True,water,pipe_leak
2026-01-24 22:00:00,Building_A,28.05,6.7,0.57,0.3,0.27,53.0,True,water,pipe_leak
2026-01-24 23:00:00,Building_A,27.49,5.64,0.5,0.28,0.22,56.5,True,water,pipe_leak
2026-01-25 00:00:00,Building_A,29.08,9.42,0.96,0.58,0.38,60.2,True,water,pipe_leak
2026-01-25 01:00:00,Building_A,32.1,8.17,1.27,0.77,0.5,60.5,True,water,pipe_leak
2026-01-25 02:00:00,Building_A,31.28,7.82,1.38,0.74,0.64,53.8,True,water,pipe_leak
2026-01-25 03:00:00,Building_A,32.67,9.77,0.61,0.35,0.26,56.7,True,water,pipe_leak
2026-01-25 04:00:00,Building_A,36.09,8.52,0.95,0.43,0.52,45.5,True,water,pipe_leak
2026-01-25 05:00:00,Building_A,33.12,5.64,2.7,1.5,1.2,55.7,True,water,pipe_leak
2026-01-25 06:00:00,Building_A,35.05,6.25,0.5,0.28,0.22,56.0,True,water,pipe_leak
2026-01-25 07:00:00,Building_A,30.92,6.7,1.04,0.69,0.35,66.1,True,water,pipe_leak
2026-01-25 08:00:00,Building_A,34.39,8.42,1.95,1.19,0.76,60.9,True,water,pipe_leak
2026-01-25 09:00:00,Building_A,30.29,5.64,0.71,0.41,0.3,58.2,True,water,pipe_leak
2026-01-25 10:00:00,Building_A,40.48,9.32,5.75,3.51,2.24,61.0,True,water,pipe_leak
2026-01-25 11:00:00,Building_A,47.36,10.25,7.32,4.02,3.3,54.9,True,water,pipe_leak
2026-01-25 12:00:00,Building_A,45.15,8.17,3.95,2.2,1.75,55.6,True,water,pipe_leak
2026-01-25 13:00:00,Building_A,45.66,10.86,8.46,5.18,3.28,61.3,True,water,pipe_leak
2026-01-25 14:00:00,Building_A,40.37,9.13,7.15,4.66,2.49,65.1,True,water,pipe_leak
2026-01-25 15:00:00,Building_A,50.28,10.76,6.11,3.14,2.97,51.5,True,water,pipe_leak
2026-01-25 16:00:00,Building_A,47.52,8.26,6.29,3.43,2.86,54.5,True,water,pipe_leak
2026-01-25 17:00:00,Building_A,50.73,9.13,3.65,2.08,1.57,57.0,True,water,pipe_leak
2026-01-25 18:00:00,Building_A,41.57,9.54,6.47,3.49,2.98,53.9,True,water,pipe_leak
2026-01-25 19:00:00,Building_A,34.22,0.2,0.5,0.29,0.21,57.7,False,none,normal
2026-01-25 20:00:00,Building_A,28.6,0.2,1.74,1.04,0.7,59.5,False,none,normal
2026-01-25 21:00:00,Building_A,30.87,0.2,1.79,0.87,0.92,48.4,False,none,normal
2026-01-25 22:00:00,Building_A,32.29,0.39,0.5,0.27,0.23,53.2,False,none,normal
2026-01-25 23:00:00,Building_A,30.32,0.48,1.65,0.88,0.77,53.2,False,none,normal
2026-01-26 00:00:00,Building_A,34.97,0.8,0.5,0.26,0.24,51.5,False,none,normal
2026-01-26 01:00:00,Building_A,24.46,0.81,0.51,0.23,0.28,45.5,False,none,normal
2026-01-26 02:00:00,Building_A,28.91,0.39,2.83,1.36,1.47,48.2,False,none,normal
2026-01-26 03:00:00,Building_A,25.29,1.09,2.57,1.34,1.23,52.0,False,none,normal
2026-01-26 04:00:00,Building_A,28.53,0.92,0.5,0.24,0.26,47.6,False,none,normal
2026-01-26 05:00:00,Building_A,29.93,1.25,0.5,0.28,0.22,55.4,False,none,normal
2026-01-26 06:00:00,Building_A,84.39,4.73,14.34,7.88,6.46,54.9,False,none,normal
2026-01-26 07:00:00,Building_A,87.14,3.46,16.26,8.28,7.98,50.9,False,none,normal
2026-01-26 08:00:00,Building_A,137.93,7.9,38.31,19.56,18.75,51.1,False,none,normal
2026-01-26 09:00:00,Building_A,138.63,8.33,39.3,21.73,17.57,55.3,False,none,normal
2026-01-26 10:00:00,Building_A,139.81,7.65,40.34,23.51,16.83,58.3,False,none,normal
2026-01-26 11:00:00,Building_A,147.94,7.85,38.91,22.6,16.31,58.1,False,none,normal
2026-01-26 12:00:00,Building_A,140.8,7.8,38.97,22.28,16.69,57.2,False,none,normal
2026-01-26 13:00:00,Building_A,134.21,7.84,39.56,23.33,16.23,59.0,False,none,normal
2026-01-26 14:00:00,Building_A,135.11,7.34,37.16,18.57,18.59,50.0,False,none,normal
2026-01-26 15:00:00,Building_A,132.27,7.93,38.03,19.85,18.18,52.2,False,none,normal
2026-01-26 16:00:00,Building_A,134.43,7.83,41.04,23.66,17.38,57.6,False,none,normal
2026-01-26 17:00:00,Building_A,137.59,7.82,38.94,21.93,17.01,56.3,False,none,normal
2026-01-26 18:00:00,Building_A,139.86,7.67,39.5,18.52,20.98,46.9,False,none,normal
2026-01-26 19:00:00,Building_A,80.7,4.26,14.7,9.15,5.55,62.3,False,none,normal
2026-01-26 20:00:00,Building_A,76.33,4.07,14.99,8.18,6.81,54.6,False,none,normal
2026-01-26 21:00:00,Building_A,79.4,4.03,16.05,9.71,6.34,60.5,False,none,normal
2026-01-26 22:00:00,Building_A,79.84,4.28,14.19,8.24,5.95,58.1,False,none,normal
2026-01-26 23:00:00,Building_A,28.01,1.09,3.59,1.96,1.63,54.5,False,none,normal
2026-01-27 00:00:00,Building_A,22.28,0.51,2.42,1.38,1.04,57.2,False,none,normal
2026-01-27 01:00:00,Building_A,32.05,1.06,1.52,0.91,0.61,59.9,False,none,normal
2026-01-27 02:00:00,Building_A,34.73,1.24,1.37,0.8,0.57,58.6,False,none,normal
2026-01-27 03:00:00,Building_A,29.83,0.49,2.99,1.67,1.32,55.9,False,none,normal
2026-01-27 04:00:00,Building_A,34.27,0.75,0.5,0.28,0.22,55.0,False,none,normal
2026-01-27 05:00:00,Building_A,36.8,0.9,0.5,0.27,0.23,54.1,False,none,normal
2026-01-27 06:00:00,Building_A,86.98,3.92,12.87,8.05,4.82,62.6,False,none,normal
2026-01-27 07:00:00,Building_A,82.58,3.97,14.59,8.66,5.93,59.3,False,none,normal
2026-01-27 08:00:00,Building_A,135.36,8.39,40.11,22.45,17.66,56.0,False,none,normal
2026-01-27 09:00:00,Building_A,138.11,7.92,40.71,20.98,19.73,51.5,False,none,normal
2026-01-27 10:00:00,Building_A,131.04,8.2,40.21,22.89,17.32,56.9,False,none,normal
2026-01-27 11:00:00,Building_A,139.16,7.87,40.4,22.15,18.25,54.8,False,none,normal
2026-01-27 12:00:00,Building_A,135.58,7.88,41.88,20.13,21.75,48.1,False,none,normal
2026-01-27 13:00:00,Building_A,139.52,7.4,39.33,20.95,18.38,53.3,False,none,normal
2026-01-27 14:00:00,Building_A,129.18,8.12,39.0,18.18,20.82,46.6,False,none,normal
2026-01-27 15:00:00,Building_A,140.88,8.49,41.25,23.28,17.97,56.4,False,none,normal
2026-01-27 16:00:00,Building_A,137.71,8.45,41.48,24.69,16.79,59.5,False,none,normal
2026-01-27 17:00:00,Building_A,133.76,8.06,39.98,19.1,20.88,47.8,False,none,normal
2026-01-27 18:00:00,Building_A,139.4,8.78,40.22,24.49,15.73,60.9,False,none,normal
2026-01-27 19:00:00,Building_A,80.58,3.97,15.49,8.01,7.48,51.7,False,none,normal
2026-01-27 20:00:00,Building_A,76.0,4.44,16.68,8.51,8.17,51.0,False,none,normal
2026-01-27 21:00:00,Building_A,83.73,3.96,15.44,8.78,6.66,56.8,False,none,normal
2026-01-27 22:00:00,Building_A,83.83,4.02,16.72,9.4,7.32,56.2,False,none,normal
2026-01-27 23:00:00,Building_A,33.55,0.41,3.53,2.01,1.52,56.9,False,none,normal
2026-01-28 00:00:00,Building_A,33.91,0.2,0.5,0.3,0.2,60.0,False,none,normal
2026-01-28 01:00:00,Building_A,32.2,0.2,2.19,1.16,1.03,52.8,False,none,normal
2026-01-28 02:00:00,Building_A,36.7,0.67,1.19,0.71,0.48,59.7,False,none,normal
2026-01-28 03:00:00,Building_A,27.46,0.36,0.7,0.41,0.29,58.3,False,none,normal
2026-01-28 04:00:00,Building_A,25.73,0.2,1.93,1.01,0.92,52.6,False,none,normal
2026-01-28 05:00:00,Building_A,29.49,0.2,0.5,0.27,0.23,55.0,False,none,normal
2026-01-28 06:00:00,Building_A,83.57,3.72,17.02,8.89,8.13,52.3,False,none,normal
2026-01-28 07:00:00,Building_A,77.12,4.53,15.28,8.07,7.21,52.8,False,none,normal
2026-01-28 08:00:00,Building_A,136.9,8.46,41.22,21.32,19.9,51.7,False,none,normal
2026-01-28 09:00:00,Building_A,137.36,8.02,38.27,20.96,17.31,54.8,False,none,normal
2026-01-28 10:00:00,Building_A,137.55,8.38,40.91,21.96,18.95,53.7,False,none,normal
2026-01-28 11:00:00,Building_A,136.67,8.22,38.75,22.22,16.53,57.4,False,none,normal
2026-01-28 12:00:00,Building_A,137.17,7.65,38.31,23.29,15.02,60.8,False,none,normal
2026-01-28 13:00:00,Building_A,136.9,8.56,38.84,21.81,17.03,56.2,False,none,normal
2026-01-28 14:00:00,Building_A,147.1,7.62,37.18,22.36,14.82,60.1,False,none,normal
2026-01-28 15:00:00,Building_A,134.22,7.98,38.75,21.73,17.02,56.1,False,none,normal
2026-01-28 16:00:00,Building_A,133.72,7.92,40.0,20.39,19.61,51.0,False,none,normal
2026-01-28 17:00:00,Building_A,134.72,7.86,37.74,20.12,17.62,53.3,False,none,normal
2026-01-28 18:00:00,Building_A,138.0,7.85,39.13,21.49,17.64,54.9,False,none,normal
2026-01-28 19:00:00,Building_A,77.23,4.23,16.75,8.9,7.85,53.1,False,none,normal
2026-01-28 20:00:00,Building_A,81.79,3.91,15.47,9.48,5.99,61.3,False,none,normal
2026-01-28 21:00:00,Building_A,81.89,3.37,15.58,9.34,6.24,59.9,False,none,normal
2026-01-28 22:00:00,Building_A,78.97,4.34,14.2,6.97,7.23,49.1,False,none,normal
2026-01-28 23:00:00,Building_A,31.62,0.2,0.65,0.39,0.26,60.1,False,none,normal
2026-01-29 00:00:00,Building_A,23.41,0.26,0.5,0.27,0.23,54.7,False,none,normal
2026-01-29 01:00:00,Building_A,29.59,1.19,2.08,1.19,0.89,57.0,False,none,normal
2026-01-29 02:00:00,Building_A,31.64,0.84,0.5,0.29,0.21,58.4,False,none,normal
2026-01-29 03:00:00,Building_A,26.61,1.0,2.36,1.32,1.04,55.8,False,none,normal
2026-01-29 04:00:00,Building_A,30.35,0.84,0.5,0.28,0.22,56.2,False,none,normal
2026-01-29 05:00:00,Building_A,30.6,0.69,1.79,0.98,0.81,54.7,False,none,normal
2026-01-29 06:00:00,Building_A,75.29,3.94,15.11,8.38,6.73,55.5,False,none,normal
2026-01-29 07:00:00,Building_A,80.5,4.36,13.73,7.65,6.08,55.7,False,none,normal
2026-01-29 08:00:00,Building_A,142.68,7.38,39.67,20.89,18.78,52.7,False,none,normal
2026-01-29 09:00:00,Building_A,136.04,7.67,39.25,24.48,14.77,62.4,False,none,normal
2026-01-29 10:00:00,Building_A,132.47,7.58,37.89,23.46,14.43,61.9,False,none,normal
2026-01-29 11:00:00,Building_A,135.68,7.98,38.97,19.96,19.01,51.2,False,none,normal
2026-01-29 12:00:00,Building_A,136.58,8.85,41.13,21.22,19.91,51.6,False,none,normal
2026-01-29 13:00:00,Building_A,140.12,7.69,37.33,22.05,15.28,59.1,False,none,normal
2026-01-29 14:00:00,Building_A,142.17,8.35,38.89,21.13,17.76,54.3,False,none,normal
2026-01-29 15:00:00,Building_A,140.52,8.12,38.98,18.91,20.07,48.5,False,none,normal
2026-01-29 16:00:00,Building_A,137.98,8.36,38.02,21.88,16.14,57.6,False,none,normal
2026-01-29 17:00:00,Building_A,138.85,8.25,40.5,21.15,19.35,52.2,False,none,normal
2026-01-29 18:00:00,Building_A,131.06,7.8,40.52,21.41,19.11,52.8,False,none,normal
2026-01-29 19:00:00,Building_A,77.08,3.36,17.13,9.99,7.14,58.3,False,none,normal
2026-01-29 20:00:00,Building_A,82.93,4.33,15.72,8.49,7.23,54.0,False,none,normal
2026-01-29 21:00:00,Building_A,79.2,3.84,18.19,10.41,7.78,57.2,False,none,normal
2026-01-29 22:00:00,Building_A,78.0,4.16,13.82,8.43,5.39,61.0,False,none,normal
2026-01-29 23:00:00,Building_A,28.41,0.88,2.22,1.26,0.96,56.5,False,none,normal
2026-01-30 00:00:00,Building_A,31.43,0.71,0.87,0.46,0.41,52.7,False,none,normal
2026-01-30 01:00:00,Building_A,29.26,1.22,0.81,0.42,0.39,51.9,False,none,normal
2026-01-30 02:00:00,Building_A,28.99,1.09,1.75,1.0,0.75,57.2,False,none,normal
2026-01-30 03:00:00,Building_A,30.02,0.91,0.5,0.27,0.23,54.0,False,none,normal
2026-01-30 04:00:00,Building_A,34.93,1.01,0.5,0.26,0.24,51.6,False,none,normal
2026-01-30 05:00:00,Building_A,31.49,1.31,0.5,0.28,0.22,56.1,False,none,normal
2026-01-30 06:00:00,Building_A,74.35,3.77,14.59,7.78,6.81,53.3,False,none,normal
2026-01-30 07:00:00,Building_A,77.72,4.0,14.39,7.07,7.32,49.2,False,none,normal
2026-01-30 08:00:00,Building_A,140.64,8.25,40.47,19.76,20.71,48.8,False,none,normal
2026-01-30 09:00:00,Building_A,138.72,8.22,38.22,21.04,17.18,55.0,False,none,normal
2026-01-30 10:00:00,Building_A,137.06,8.63,41.77,20.19,21.58,48.3,False,none,normal
2026-01-30 11:00:00,Building_A,147.5,7.66,40.63,23.92,16.71,58.9,False,none,normal
2026-01-30 12:00:00,Building_A,133.54,8.16,39.33,22.5,16.83,57.2,False,none,normal
2026-01-30 13:00:00,Building_A,138.45,8.4,39.55,21.49,18.06,54.3,False,none,normal
2026-01-30 14:00:00,Building_A,141.91,8.19,40.34,21.11,19.23,52.3,False,none,normal
2026-01-30 15:00:00,Building_A,133.34,7.79,38.71,22.51,16.2,58.1,False,none,normal
2026-01-30 16:00:00,Building_A,141.43,7.93,41.17,24.9,16.27,60.5,False,none,normal
2026-01-30 17:00:00,Building_A,138.5,7.7,41.35,22.64,18.71,54.8,False,none,normal
2026-01-30 18:00:00,Building_A,138.03,7.87,38.39,18.86,19.53,49.1,False,none,normal
2026-01-30 19:00:00,Building_A,82.38,3.72,18.7,9.47,9.23,50.7,False,none,normal
2026-01-30 20:00:00,Building_A,74.82,4.17,16.87,9.32,7.55,55.3,False,none,normal
2026-01-30 21:00:00,Building_A,82.14,3.35,14.22,7.21,7.01,50.7,False,none,normal
2026-01-30 22:00:00,Building_A,72.27,4.03,12.34,6.13,6.21,49.7,False,none,normal
2026-01-30 23:00:00,Building_A,28.91,0.41,1.42,0.8,0.62,56.2,False,none,normal
2026-01-31 00:00:00,Building_A,34.63,0.97,2.31,1.27,1.04,55.0,False,none,normal
2026-01-31 01:00:00,Building_A,32.27,0.88,1.11,0.59,0.52,53.4,False,none,normal
2026-01-31 02:00:00,Building_A,29.72,0.42,1.45,0.79,0.66,54.6,False,none,normal
2026-01-31 03:00:00,Building_A,28.4,0.47,0.5,0.29,0.21,58.9,False,none,normal
2026-01-31 04:00:00,Building_A,31.37,0.4,1.91,1.01,0.9,52.8,False,none,normal
2026-01-31 05:00:00,Building_A,25.43,1.06,0.5,0.27,0.23,53.4,False,none,normal
2026-01-31 06:00:00,Building_A,31.22,1.1,0.96,0.48,0.48,50.2,False,none,normal
2026-01-31 07:00:00,Building_A,33.23,0.53,3.2,1.76,1.44,55.0,False,none,normal
2026-01-31 08:00:00,Building_A,22.11,0.83,3.27,2.0,1.27,61.3,False,none,normal
2026-01-31 09:00:00,Building_A,38.38,0.35,2.03,1.06,0.97,52.1,False,none,normal
2026-01-31 10:00:00,Building_A,45.26,0.96,5.8,3.03,2.77,52.3,False,none,normal
2026-01-31 11:00:00,Building_A,47.96,1.69,6.91,3.43,3.48,49.6,False,none,normal
2026-01-31 12:00:00,Building_A,43.12,1.15,7.62,4.55,3.07,59.7,False,none,normal
2026-01-31 13:00:00,Building_A,48.59,1.14,3.29,1.58,1.71,47.9,False,none,normal
2026-01-31 14:00:00,Building_A,50.05,1.27,5.68,3.5,2.18,61.6,False,none,normal
2026-01-31 15:00:00,Building_A,49.42,1.42,6.22,3.39,2.83,54.5,False,none,normal
2026-01-31 16:00:00,Building_A,45.27,1.97,7.08,4.1,2.98,57.9,False,none,normal
2026-01-31 17:00:00,Building_A,49.04,1.0,7.48,4.03,3.45,53.8,False,none,normal
2026-01-31 18:00:00,Building_A,34.3,0.66,5.35,3.06,2.29,57.1,False,none,normal
2026-01-31 19:00:00,Building_A,31.51,0.77,3.28,1.64,1.64,49.9,False,none,normal
2026-01-31 20:00:00,Building_A,30.94,0.81,0.5,0.28,0.22,55.1,False,none,normal
2026-01-31 21:00:00,Building_A,24.65,1.2,0.5,0.32,0.18,63.1,False,none,normal
2026-01-31 22:00:00,Building_A,30.92,1.06,0.88,0.48,0.4,54.9,False,none,normal
2026-01-31 23:00:00,Building_A,28.72,0.75,1.32,0.68,0.64,51.9,False,none,normal
2026-02-01 00:00:00,Building_A,30.55,0.49,3.7,2.02,1.68,54.6,False,none,normal
2026-02-01 01:00:00,Building_A,37.23,0.64,1.25,0.62,0.63,49.7,False,none,normal
2026-02-01 02:00:00,Building_A,29.27,0.78,2.84,1.59,1.25,55.9,False,none,normal
2026-02-01 03:00:00,Building_A,36.59,0.93,2.89,1.58,1.31,54.8,False,none,normal
2026-02-01 04:00:00,Building_A,40.61,0.53,0.5,0.25,0.25,50.2,False,none,normal
2026-02-01 05:00:00,Building_A,40.38,0.99,0.54,0.32,0.22,60.0,False,none,normal
2026-02-01 06:00:00,Building_A,33.8,1.39,0.5,0.27,0.23,53.9,False,none,normal
2026-02-01 07:00:00,Building_A,29.2,0.2,2.21,1.19,1.02,53.9,False,none,normal
2026-02-01 08:00:00,Building_A,34.01,1.53,0.52,0.28,0.24,53.3,False,none,normal
2026-02-01 09:00:00,Building_A,31.53,1.05,0.5,0.26,0.24,52.5,False,none,normal
2026-02-01 10:00:00,Building_A,48.59,1.54,4.12,2.06,2.06,50.1,False,none,normal
2026-02-01 11:00:00,Building_A,50.37,1.55,5.66,3.07,2.59,54.3,False,none,normal
2026-02-01 12:00:00,Building_A,44.42,1.67,4.95,2.56,2.39,51.6,False,none,normal
2026-02-01 13:00:00,Building_A,45.45,1.37,7.26,3.64,3.62,50.1,False,none,normal
2026-02-01 14:00:00,Building_A,45.79,1.79,7.16,3.98,3.18,55.6,False,none,normal
2026-02-01 15:00:00,Building_A,43.98,1.12,6.49,3.9,2.59,60.0,False,none,normal
2026-02-01 16:00:00,Building_A,43.89,1.1,5.99,3.34,2.65,55.8,False,none,normal
2026-02-01 17:00:00,Building_A,42.87,1.58,7.2,4.22,2.98,58.6,False,none,normal
2026-02-01 18:00:00,Building_A,50.06,1.76,5.46,2.81,2.65,51.4,False,none,normal
2026-02-01 19:00:00,Building_A,30.75,0.55,0.5,0.27,0.23,53.2,False,none,normal
2026-02-01 20:00:00,Building_A,29.16,0.47,0.56,0.33,0.23,59.7,False,none,normal
2026-02-01 21:00:00,Building_A,31.85,1.57,1.14,0.61,0.53,53.8,False,none,normal
2026-02-01 22:00:00,Building_A,31.07,0.79,1.46,0.92,0.54,63.3,False,none,normal
2026-02-01 23:00:00,Building_A,27.67,1.01,1.19,0.58,0.61,48.7,False,none,normal
2026-02-02 00:00:00,Building_A,34.14,1.15,0.5,0.27,0.23,55.0,False,none,normal
2026-02-02 01:00:00,Building_A,24.15,0.26,2.2,1.17,1.03,53.1,False,none,normal
2026-02-02 02:00:00,Building_A,26.62,0.78,0.5,0.27,0.23,53.1,False,none,normal
2026-02-02 03:00:00,Building_A,34.01,0.3,0.5,0.28,0.22,55.6,False,none,normal
2026-02-02 04:00:00,Building_A,34.93,1.14,0.5,0.29,0.21,58.7,False,none,normal
2026-02-02 05:00:00,Building_A,27.92,1.34,0.5,0.3,0.2,60.3,False,none,normal
2026-02-02 06:00:00,Building_A,77.23,4.7,15.74,8.02,7.72,50.9,False,none,normal
2026-02-02 07:00:00,Building_A,77.76,4.27,16.29,8.91,7.38,54.7,False,none,normal
2026-02-02 08:00:00,Building_A,137.7,8.25,39.62,19.74,19.88,49.8,False,none,normal
2026-02-02 09:00:00,Building_A,134.27,8.07,40.92,25.15,15.77,61.5,False,none,normal
2026-02-02 10:00:00,Building_A,140.64,8.09,40.36,21.12,19.24,52.3,False,none,normal
2026-02-02 11:00:00,Building_A,136.91,7.7,37.96,21.38,16.58,56.3,False,none,normal
2026-02-02 12:00:00,Building_A,138.27,8.23,40.11,22.45,17.66,56.0,False,none,normal
2026-02-02 13:00:00,Building_A,139.75,7.97,39.95,20.81,19.14,52.1,False,none,normal
2026-02-02 14:00:00,Building_A,139.0,8.22,38.65,21.34,17.31,55.2,False,none,normal
2026-02-02 15:00:00,Building_A,135.03,7.8,38.11,22.89,15.22,60.1,False,none,normal
2026-02-02 16:00:00,Building_A,141.79,8.17,41.82,22.68,19.14,54.2,False,none,normal
2026-02-02 17:00:00,Building_A,149.65,7.91,39.76,21.24,18.52,53.4,False,none,normal
2026-02-02 18:00:00,Building_A,139.01,8.28,39.32,24.42,14.9,62.1,False,none,normal
2026-02-02 19:00:00,Building_A,80.81,4.09,13.94,7.9,6.04,56.7,False,none,normal
2026-02-02 20:00:00,Building_A,79.32,3.78,14.1,9.26,4.84,65.7,False,none,normal
2026-02-02 21:00:00,Building_A,78.8,3.48,14.19,7.78,6.41,54.8,False,none,normal
2026-02-02 22:00:00,Building_A,82.04,4.19,15.84,8.3,7.54,52.4,False,none,normal
2026-02-02 23:00:00,Building_A,32.42,0.4,0.5,0.26,0.24,51.3,False,none,normal
2026-02-03 00:00:00,Building_A,26.3,1.08,1.77,1.04,0.73,58.9,False,none,normal
2026-02-03 01:00:00,Building_A,31.21,0.98,0.5,0.29,0.21,58.5,False,none,normal
2026-02-03 02:00:00,Building_A,31.76,0.92,1.4,0.71,0.69,51.1,False,none,normal
2026-02-03 03:00:00,Building_A,25.06,0.46,1.62,0.94,0.68,57.8,False,none,normal
2026-02-03 04:00:00,Building_A,25.58,0.36,0.5,0.27,0.23,53.6,False,none,normal
2026-02-03 05:00:00,Building_A,25.61,0.21,0.5,0.28,0.22,55.3,False,none,normal
2026-02-03 06:00:00,Building_A,75.13,3.95,16.3,8.12,8.18,49.8,False,none,normal
2026-02-03 07:00:00,Building_A,79.03,4.35,14.53,7.66,6.87,52.7,False,none,normal
2026-02-03 08:00:00,Building_A,142.18,7.88,40.78,23.13,17.65,56.7,False,none,normal
2026-02-03 09:00:00,Building_A,136.15,8.15,39.84,23.54,16.3,59.1,False,none,normal
2026-02-03 10:00:00,Building_A,135.33,8.0,39.38,22.77,16.61,57.8,False,none,normal
2026-02-03 11:00:00,Building_A,133.42,8.34,40.02,19.9,20.12,49.7,False,none,normal
2026-02-03 12:00:00,Building_A,142.36,8.77,40.66,24.68,15.98,60.7,False,none,normal
2026-02-03 13:00:00,Building_A,137.87,7.4,37.24,20.86,16.38,56.0,False,none,normal
2026-02-03 14:00:00,Building_A,135.16,7.67,39.38,22.63,16.75,57.5,False,none,normal
2026-02-03 15:00:00,Building_A,131.71,7.83,41.27,20.92,20.35,50.7,False,none,normal
2026-02-03 16:00:00,Building_A,141.0,7.82,40.11,23.82,16.29,59.4,False,none,normal
2026-02-03 17:00:00,Building_A,140.49,8.3,38.07,22.63,15.44,59.5,False,none,normal
2026-02-03 18:00:00,Building_A,134.11,8.08,39.77,22.65,17.12,56.9,False,none,normal
2026-02-03 19:00:00,Building_A,81.2,3.7,13.41,7.84,5.57,58.5,False,none,normal
2026-02-03 20:00:00,Building_A,80.6,4.39,14.98,7.4,7.58,49.4,False,none,normal
2026-02-03 21:00:00,Building_A,83.72,3.86,15.44,8.09,7.35,52.4,False,none,normal
2026-02-03 22:00:00,Building_A,86.43,3.69,14.63,8.11,6.52,55.4,False,none,normal
2026-02-03 23:00:00,Building_A,26.69,0.82,2.87,1.52,1.35,53.0,False,none,normal
2026-02-04 00:00:00,Building_A,32.63,0.2,0.89,0.48,0.41,53.7,False,none,normal
2026-02-04 01:00:00,Building_A,27.78,1.08,0.55,0.3,0.25,54.3,False,none,normal
2026-02-04 02:00:00,Building_A,29.55,0.2,0.5,0.29,0.21,58.8,False,none,normal
2026-02-04 03:00:00,Building_A,22.61,0.44,0.5,0.31,0.19,62.0,False,none,normal
2026-02-04 04:00:00,Building_A,34.13,0.51,2.5,1.3,1.2,52.0,False,none,normal
2026-02-04 05:00:00,Building_A,35.09,0.23,2.23,1.19,1.04,53.4,False,none,normal
2026-02-04 06:00:00,Building_A,75.74,3.92,15.36,8.14,7.22,53.0,False,none,normal
2026-02-04 07:00:00,Building_A,82.07,3.79,15.78,8.96,6.82,56.8,False,none,normal
2026-02-04 08:00:00,Building_A,137.28,7.83,39.64,22.67,16.97,57.2,False,none,normal
2026-02-04 09:00:00,Building_A,145.77,8.31,40.63,27.37,13.26,67.4,False,none,normal
2026-02-04 10:00:00,Building_A,139.59,8.15,40.3,20.54,19.76,51.0,False,none,normal
2026-02-04 11:00:00,Building_A,135.75,7.81,40.23,21.85,18.38,54.3,False,none,normal
2026-02-04 12:00:00,Building_A,138.08,8.37,40.49,22.01,18.48,54.4,False,none,normal
2026-02-04 13:00:00,Building_A,134.85,8.38,40.39,19.62,20.77,48.6,False,none,normal
2026-02-04 14:00:00,Building_A,136.27,8.04,40.39,23.68,16.71,58.6,False,none,normal
2026-02-04 15:00:00,Building_A,138.66,8.19,39.53,20.68,18.85,52.3,False,none,normal
2026-02-04 16:00:00,Building_A,136.48,7.99,39.42,18.71,20.71,47.5,False,none,normal
2026-02-04 17:00:00,Building_A,135.94,8.0,39.12,21.13,17.99,54.0,False,none,normal
2026-02-04 18:00:00,Building_A,139.48,7.61,37.5,20.1,17.4,53.6,False,none,normal
2026-02-04 19:00:00,Building_A,82.91,4.58,15.97,7.85,8.12,49.1,False,none,normal
2026-02-04 20:00:00,Building_A,78.92,4.08,15.24,8.71,6.53,57.2,False,none,normal
2026-02-04 21:00:00,Building_A,76.19,4.02,15.54,9.06,6.48,58.3,False,none,normal
2026-02-04 22:00:00,Building_A,76.63,3.87,11.79,6.19,5.6,52.5,False,none,normal
2026-02-04 23:00:00,Building_A,28.96,0.35,1.14,0.62,0.52,54.8,False,none,normal
2026-02-05 00:00:00,Building_A,22.02,0.78,0.5,0.28,0.22,56.9,False,none,normal
2026-02-05 01:00:00,Building_A,25.93,0.72,0.6,0.34,0.26,56.2,False,none,normal
2026-02-05 02:00:00,Building_A,31.55,0.62,0.5,0.25,0.25,49.1,False,none,normal
2026-02-05 03:00:00,Building_A,28.72,0.7,0.5,0.29,0.21,57.5,False,none,normal
2026-02-05 04:00:00,Building_A,29.94,0.37,0.61,0.34,0.27,55.9,False,none,normal
2026-02-05 05:00:00,Building_A,32.35,1.36,0.5,0.27,0.23,54.7,False,none,normal
2026-02-05 06:00:00,Building_A,81.56,3.98,14.43,7.04,7.39,48.8,False,none,normal
2026-02-05 07:00:00,Building_A,77.81,3.62,12.96,6.72,6.24,51.8,False,none,normal
2026-02-05 08:00:00,Building_A,133.34,8.19,40.18,20.65,19.53,51.4,False,none,normal
2026-02-05 09:00:00,Building_A,136.48,7.33,38.86,21.99,16.87,56.6,False,none,normal
2026-02-05 10:00:00,Building_A,140.82,7.74,40.72,19.93,20.79,48.9,False,none,normal
2026-02-05 11:00:00,Building_A,132.53,8.23,41.46,23.62,17.84,57.0,False,none,normal
2026-02-05 12:00:00,Building_A,137.36,7.22,37.03,20.56,16.47,55.5,False,none,normal
2026-02-05 13:00:00,Building_A,136.09,7.6,39.54,21.93,17.61,55.5,False,none,normal
2026-02-05 14:00:00,Building_A,141.3,8.03,40.93,22.52,18.41,55.0,False,none,normal
2026-02-05 15:00:00,Building_A,137.06,8.36,38.28,25.36,12.92,66.3,False,none,normal
2026-02-05 16:00:00,Building_A,139.03,8.12,40.09,25.06,15.03,62.5,False,none,normal
2026-02-05 17:00:00,Building_A,140.7,7.42,41.14,22.07,19.07,53.6,False,none,normal
2026-02-05 18:00:00,Building_A,137.95,7.54,40.09,21.0,19.09,52.4,False,none,normal
2026-02-05 19:00:00,Building_A,80.25,3.89,17.34,10.91,6.43,62.9,False,none,normal
2026-02-05 20:00:00,Building_A,80.04,4.02,14.58,8.66,5.92,59.4,False,none,normal
2026-02-05 21:00:00,Building_A,78.54,3.85,16.21,8.57,7.64,52.8,False,none,normal
2026-02-05 22:00:00,Building_A,79.7,3.44,15.88,9.97,5.91,62.8,False,none,normal
2026-02-05 23:00:00,Building_A,33.94,1.22,0.5,0.28,0.22,55.9,False,none,normal
2026-02-06 00:00:00,Building_A,27.28,0.62,1.87,1.04,0.83,55.4,False,none,normal
2026-02-06 01:00:00,Building_A,25.4,0.24,0.5,0.28,0.22,57.0,False,none,normal
2026-02-06 02:00:00,Building_A,39.31,1.18,0.5,0.3,0.2,60.7,False,none,normal
2026-02-06 03:00:00,Building_A,34.8,0.2,0.58,0.34,0.24,59.4,False,none,normal
2026-02-06 04:00:00,Building_A,33.26,0.25,1.67,0.78,0.89,46.4,False,none,normal
2026-02-06 05:00:00,Building_A,30.16,1.1,0.96,0.51,0.45,53.0,False,none,normal
2026-02-06 06:00:00,Building_A,83.41,4.33,16.6,9.71,6.89,58.5,False,none,normal
2026-02-06 07:00:00,Building_A,84.18,4.25,15.35,8.5,6.85,55.4,False,none,normal
2026-02-06 08:00:00,Building_A,136.58,7.56,38.31,20.64,17.67,53.9,False,none,normal
2026-02-06 09:00:00,Building_A,138.49,8.49,39.41,23.26,16.15,59.0,False,none,normal
2026-02-06 10:00:00,Building_A,141.84,7.9,40.17,21.7,18.47,54.0,False,none,normal
2026-02-06 11:00:00,Building_A,142.81,8.21,38.03,21.16,16.87,55.6,False,none,normal
2026-02-06 12:00:00,Building_A,144.12,7.92,39.99,22.87,17.12,57.2,False,none,normal
2026-02-06 13:00:00,Building_A,133.38,8.16,37.78,19.83,17.95,52.5,False,none,normal
2026-02-06 14:00:00,Building_A,141.83,8.11,39.09,22.2,16.89,56.8,False,none,normal
2026-02-06 15:00:00,Building_A,137.28,7.99,40.25,20.97,19.28,52.1,False,none,normal
2026-02-06 16:00:00,Building_A,137.69,7.88,37.55,19.27,18.28,51.3,False,none,normal
2026-02-06 17:00:00,Building_A,143.8,8.12,37.87,18.5,19.37,48.8,False,none,normal
2026-02-06 18:00:00,Building_A,137.08,8.53,39.23,23.63,15.6,60.2,False,none,normal
2026-02-06 19:00:00,Building_A,81.26,4.16,13.43,7.89,5.54,58.8,False,none,normal
2026-02-06 20:00:00,Building_A,78.51,4.29,14.05,7.83,6.22,55.7,False,none,normal
2026-02-06 21:00:00,Building_A,81.26,3.94,15.52,8.37,7.15,53.9,False,none,normal
2026-02-06 22:00:00,Building_A,77.26,4.55,16.29,8.46,7.83,52.0,False,none,normal
2026-02-06 23:00:00,Building_A,33.33,0.44,0.5,0.3,0.2,59.1,False,none,normal
2026-02-07 00:00:00,Building_A,24.24,1.03,0.64,0.35,0.29,54.2,False,none,normal
2026-02-07 01:00:00,Building_A,32.69,0.91,0.5,0.29,0.21,57.9,False,none,normal
2026-02-07 02:00:00,Building_A,31.51,0.26,0.74,0.45,0.29,60.5,False,none,normal
2026-02-07 03:00:00,Building_A,37.76,0.96,0.5,0.28,0.22,57.0,False,none,normal
2026-02-07 04:00:00,Building_A,34.46,0.96,1.88,1.06,0.82,56.5,False,none,normal
2026-02-07 05:00:00,Building_A,30.76,0.49,0.5,0.28,0.22,56.4,False,none,normal
2026-02-07 06:00:00,Building_A,31.8,0.9,0.5,0.29,0.21,57.6,False,none,normal
2026-02-07 07:00:00,Building_A,39.27,0.73,0.87,0.49,0.38,56.2,False,none,normal
2026-02-07 08:00:00,Building_A,39.18,0.35,1.18,0.61,0.57,51.8,False,none,normal
2026-02-07 09:00:00,Building_A,28.87,0.69,2.56,1.59,0.97,62.2,False,none,normal
2026-02-07 10:00:00,Building_A,46.16,1.28,9.57,5.1,4.47,53.3,False,none,normal
2026-02-07 11:00:00,Building_A,42.08,0.79,8.25,4.86,3.39,58.9,False,none,normal
2026-02-07 12:00:00,Building_A,54.03,0.92,8.33,4.6,3.73,55.3,False,none,normal
2026-02-07 13:00:00,Building_A,47.59,0.83,8.34,4.85,3.49,58.1,False,none,normal
2026-02-07 14:00:00,Building_A,44.21,1.63,5.66,2.98,2.68,52.7,False,none,normal
2026-02-07 15:00:00,Building_A,42.51,0.76,7.61,4.55,3.06,59.8,False,none,normal
2026-02-07 16:00:00,Building_A,41.56,1.53,6.26,3.53,2.73,56.3,False,none,normal
2026-02-07 17:00:00,Building_A,41.85,1.1,7.84,4.29,3.55,54.7,False,none,normal
2026-02-07 18:00:00,Building_A,52.45,1.43,5.46,3.27,2.19,59.9,False,none,normal
2026-02-07 19:00:00,Building_A,33.58,0.96,2.37,1.24,1.13,52.4,False,none,normal
2026-02-07 20:00:00,Building_A,30.55,0.64,0.5,0.27,0.23,53.9,False,none,normal
2026-02-07 21:00:00,Building_A,36.4,0.79,0.5,0.24,0.26,48.8,False,none,normal
2026-02-07 22:00:00,Building_A,37.71,0.67,0.5,0.27,0.23,53.9,False,none,normal
2026-02-07 23:00:00,Building_A,25.14,1.2,0.5,0.3,0.2,60.5,False,none,normal
2026-02-08 00:00:00,Building_A,31.26,1.2,1.25,0.73,0.52,58.4,False,none,normal
2026-02-08 01:00:00,Building_A,33.93,0.92,1.36,0.74,0.62,54.1,False,none,normal
2026-02-08 02:00:00,Building_A,38.72,0.39,0.94,0.52,0.42,55.1,False,none,normal
2026-02-08 03:00:00,Building_A,32.66,0.55,1.32,0.72,0.6,54.3,False,none,normal
2026-02-08 04:00:00,Building_A,24.73,0.71,0.5,0.24,0.26,48.1,False,none,normal
2026-02-08 05:00:00,Building_A,31.6,0.88,1.57,0.9,0.67,57.3,False,none,normal
2026-02-08 06:00:00,Building_A,23.32,0.23,3.31,1.68,1.63,50.8,False,none,normal
2026-02-08 07:00:00,Building_A,33.5,0.46,1.04,0.55,0.49,52.5,False,none,normal
2026-02-08 08:00:00,Building_A,33.3,0.75,0.5,0.25,0.25,50.8,False,none,normal
2026-02-08 09:00:00,Building_A,32.13,0.28,1.45,0.95,0.5,65.5,False,none,normal
2026-02-08 10:00:00,Building_A,49.76,1.66,6.47,3.06,3.41,47.2,False,none,normal
2026-02-08 11:00:00,Building_A,39.07,1.86,5.63,2.94,2.69,52.2,False,none,normal
2026-02-08 12:00:00,Building_A,43.7,1.04,5.1,2.79,2.31,54.8,False,none,normal
2026-02-08 13:00:00,Building_A,40.8,1.15,5.64,3.22,2.42,57.1,False,none,normal
2026-02-08 14:00:00,Building_A,43.43,1.35,7.29,3.97,3.32,54.4,False,none,normal
2026-02-08 15:00:00,Building_A,43.25,1.57,7.38,4.02,3.36,54.4,False,none,normal
2026-02-08 16:00:00,Building_A,44.69,1.14,5.54,3.22,2.32,58.1,False,none,normal
2026-02-08 17:00:00,Building_A,46.14,1.57,6.91,3.81,3.1,55.2,False,none,normal
2026-02-08 18:00:00,Building_A,47.15,1.74,7.67,4.19,3.48,54.6,False,none,normal
2026-02-08 19:00:00,Building_A,36.6,0.78,1.7,0.95,0.75,56.1,False,none,normal
2026-02-08 20:00:00,Building_A,32.04,0.45,1.78,1.18,0.6,66.4,False,none,normal
2026-02-08 21:00:00,Building_A,29.55,0.73,0.5,0.27,0.23,53.0,False,none,normal
2026-02-08 22:00:00,Building_A,37.23,0.47,0.5,0.24,0.26,48.7,False,none,normal
2026-02-08 23:00:00,Building_A,28.02,0.2,1.7,1.13,0.57,66.2,False,none,normal
2026-02-09 00:00:00,Building_A,29.59,0.2,2.02,1.05,0.97,52.1,False,none,normal
2026-02-09 01:00:00,Building_A,36.25,0.61,0.5,0.27,0.23,54.3,False,none,normal
2026-02-09 02:00:00,Building_A,34.09,0.62,0.5,0.27,0.23,54.2,False,none,normal
2026-02-09 03:00:00,Building_A,25.97,0.84,0.5,0.27,0.23,53.2,False,none,normal
2026-02-09 04:00:00,Building_A,34.09,0.81,1.65,0.9,0.75,54.7,False,none,normal
2026-02-09 05:00:00,Building_A,35.73,1.03,1.47,0.86,0.61,58.7,False,none,normal
2026-02-09 06:00:00,Building_A,82.85,3.84,13.42,7.61,5.81,56.7,False,none,normal
2026-02-09 07:00:00,Building_A,82.04,4.37,13.91,7.15,6.76,51.4,False,none,normal
2026-02-09 08:00:00,Building_A,139.36,7.96,37.19,21.01,16.18,56.5,False,none,normal
2026-02-09 09:00:00,Building_A,130.12,7.65,41.08,25.59,15.49,62.3,False,none,normal
2026-02-09 10:00:00,Building_A,132.66,7.87,39.51,24.55,14.96,62.1,False,none,normal
2026-02-09 11:00:00,Building_A,135.55,7.82,41.32,22.11,19.21,53.5,False,none,normal
2026-02-09 12:00:00,Building_A,140.41,7.47,39.25,18.98,20.27,48.4,False,none,normal
2026-02-09 13:00:00,Building_A,133.3,8.28,39.4,21.17,18.23,53.7,False,none,normal
2026-02-09 14:00:00,Building_A,134.53,7.91,39.82,23.47,16.35,58.9,False,none,normal
2026-02-09 15:00:00,Building_A,127.02,7.69,39.65,21.65,18.0,54.6,False,none,normal
2026-02-09 16:00:00,Building_A,139.14,8.08,39.09,20.68,18.41,52.9,False,none,normal
2026-02-09 17:00:00,Building_A,136.54,8.39,38.58,21.12,17.46,54.7,False,none,normal
2026-02-09 18:00:00,Building_A,138.26,8.53,39.1,23.0,16.1,58.8,False,none,normal
2026-02-09 19:00:00,Building_A,84.78,3.97,14.78,7.93,6.85,53.7,False,none,normal
2026-02-09 20:00:00,Building_A,78.83,4.29,15.31,8.56,6.75,55.9,False,none,normal
2026-02-09 21:00:00,Building_A,75.35,3.65,17.6,9.55,8.05,54.3,False,none,normal
2026-02-09 22:00:00,Building_A,76.75,4.49,15.37,8.81,6.56,57.3,False,none,normal
2026-02-09 23:00:00,Building_A,30.5,0.59,0.74,0.37,0.37,49.5,False,none,normal
2026-02-10 00:00:00,Building_A,30.7,0.81,3.16,1.75,1.41,55.3,False,none,normal
2026-02-10 01:00:00,Building_A,21.72,0.67,4.23,2.47,1.76,58.5,False,none,normal
2026-02-10 02:00:00,Building_A,27.81,0.91,0.5,0.25,0.25,49.6,False,none,normal
2026-02-10 03:00:00,Building_A,29.66,0.74,0.5,0.25,0.25,50.4,False,none,normal
2026-02-10 04:00:00,Building_A,31.1,0.56,1.41,0.71,0.7,50.1,False,none,normal
2026-02-10 05:00:00,Building_A,33.91,0.29,2.91,1.4,1.51,48.1,False,none,normal
2026-02-10 06:00:00,Building_A,75.48,4.14,17.03,9.58,7.45,56.3,False,none,normal
2026-02-10 07:00:00,Building_A,82.1,4.0,13.8,7.32,6.48,53.0,False,none,normal
2026-02-10 08:00:00,Building_A,132.68,7.54,39.94,20.17,19.77,50.5,False,none,normal
2026-02-10 09:00:00,Building_A,305.36,7.53,39.81,21.12,18.69,53.0,True,energy,sudden_spike
2026-02-10 10:00:00,Building_A,314.93,8.1,40.94,21.28,19.66,52.0,True,energy,sudden_spike
2026-02-10 11:00:00,Building_A,303.05,7.64,38.96,21.02,17.94,54.0,True,energy,sudden_spike
2026-02-10 12:00:00,Building_A,296.16,7.56,37.76,17.23,20.53,45.6,True,energy,sudden_spike
2026-02-10 13:00:00,Building_A,293.26,8.2,37.54,18.59,18.95,49.5,True,energy,sudden_spike
2026-02-10 14:00:00,Building_A,318.32,7.76,39.84,22.94,16.9,57.6,True,energy,sudden_spike
2026-02-10 15:00:00,Building_A,308.4,7.45,39.18,19.01,20.17,48.5,True,energy,sudden_spike
2026-02-10 16:00:00,Building_A,324.08,7.43,38.2,19.42,18.78,50.8,True,energy,sudden_spike
2026-02-10 17:00:00,Building_A,289.39,8.46,42.36,22.49,19.87,53.1,True,energy,sudden_spike
2026-02-10 18:00:00,Building_A,132.24,7.2,39.16,21.04,18.12,53.7,False,none,normal
2026-02-10 19:00:00,Building_A,77.25,4.07,15.51,8.73,6.78,56.3,False,none,normal
2026-02-10 20:00:00,Building_A,78.59,3.61,15.83,8.71,7.12,55.1,False,none,normal
2026-02-10 21:00:00,Building_A,83.41,4.27,13.33,6.57,6.76,49.3,False,none,normal
2026-02-10 22:00:00,Building_A,76.83,3.62,15.94,8.99,6.95,56.4,False,none,normal
2026-02-10 23:00:00,Building_A,35.45,0.84,1.19,0.71,0.48,59.8,False,none,normal
2026-02-11 00:00:00,Building_A,32.93,0.73,2.72,1.51,1.21,55.5,False,none,normal
2026-02-11 01:00:00,Building_A,29.84,0.41,1.78,1.07,0.71,59.9,False,none,normal
2026-02-11 02:00:00,Building_A,30.85,1.16,0.5,0.27,0.23,54.8,False,none,normal
2026-02-11 03:00:00,Building_A,30.89,0.45,3.8,2.08,1.72,54.7,False,none,normal
2026-02-11 04:00:00,Building_A,29.42,0.71,0.5,0.26,0.24,52.0,False,none,normal
2026-02-11 05:00:00,Building_A,34.99,0.48,0.5,0.3,0.2,60.2,False,none,normal
2026-02-11 06:00:00,Building_A,85.21,4.17,14.49,7.83,6.66,54.0,False,none,normal
2026-02-11 07:00:00,Building_A,76.64,3.64,13.78,7.24,6.54,52.5,False,none,normal
2026-02-11 08:00:00,Building_A,133.39,7.44,39.72,22.22,17.5,55.9,False,none,normal
2026-02-11 09:00:00,Building_A,144.33,7.75,39.81,22.39,17.42,56.3,False,none,normal
2026-02-11 10:00:00,Building_A,136.51,8.25,40.39,22.74,17.65,56.3,False,none,normal
2026-02-11 11:00:00,Building_A,136.5,7.86,37.82,19.58,18.24,51.8,False,none,normal
2026-02-11 12:00:00,Building_A,135.04,7.59,39.98,23.9,16.08,59.8,False,none,normal
2026-02-11 13:00:00,Building_A,133.89,8.08,38.22,20.55,17.67,53.8,False,none,normal
2026-02-11 14:00:00,Building_A,134.76,8.2,38.64,22.82,15.82,59.0,False,none,normal
2026-02-11 15:00:00,Building_A,136.54,7.76,37.95,21.26,16.69,56.0,False,none,normal
2026-02-11 16:00:00,Building_A,141.11,8.08,42.14,25.59,16.55,60.7,False,none,normal
2026-02-11 17:00:00,Building_A,136.29,7.87,40.02,20.67,19.35,51.6,False,none,normal
2026-02-11 18:00:00,Building_A,142.19,8.11,39.76,22.96,16.8,57.7,False,none,normal
2026-02-11 19:00:00,Building_A,86.74,4.05,14.9,9.09,5.81,61.0,False,none,normal
2026-02-11 20:00:00,Building_A,83.72,3.88,15.04,8.39,6.65,55.8,False,none,normal
2026-02-11 21:00:00,Building_A,81.3,3.52,13.18,6.78,6.4,51.5,False,none,normal
2026-02-11 22:00:00,Building_A,75.99,3.77,15.79,8.58,7.21,54.3,False,none,normal
2026-02-11 23:00:00,Building_A,31.84,0.28,0.5,0.29,0.21,57.3,False,none,normal
2026-02-12 00:00:00,Building_A,33.43,0.45,1.13,0.72,0.41,63.8,False,none,normal
2026-02-12 01:00:00,Building_A,30.98,0.46,0.73,0.4,0.33,55.4,False,none,normal
2026-02-12 02:00:00,Building_A,30.45,0.69,0.5,0.26,0.24,51.1,False,none,normal
2026-02-12 03:00:00,Building_A,30.46,0.65,0.5,0.27,0.23,54.3,False,none,normal
2026-02-12 04:00:00,Building_A,31.3,1.02,0.82,0.46,0.36,56.6,False,none,normal
2026-02-12 05:00:00,Building_A,28.89,0.9,1.39,0.81,0.58,58.5,False,none,normal
2026-02-12 06:00:00,Building_A,82.71,4.2,14.91,8.35,6.56,56.0,False,none,normal
2026-02-12 07:00:00,Building_A,84.11,3.76,14.28,7.96,6.32,55.7,False,none,normal
2026-02-12 08:00:00,Building_A,139.19,7.7,39.37,21.51,17.86,54.6,False,none,normal
2026-02-12 09:00:00,Building_A,128.66,7.91,39.27,21.35,17.92,54.4,False,none,normal
2026-02-12 10:00:00,Building_A,143.19,7.56,38.47,17.14,21.33,44.6,False,none,normal
2026-02-12 11:00:00,Building_A,135.6,7.85,38.84,23.08,15.76,59.4,False,none,normal
2026-02-12 12:00:00,Building_A,140.97,8.01,39.01,23.06,15.95,59.1,False,none,normal
2026-02-12 13:00:00,Building_A,137.45,7.7,37.4,19.91,17.49,53.2,False,none,normal
2026-02-12 14:00:00,Building_A,140.54,8.78,39.53,20.53,19.0,51.9,False,none,normal
2026-02-12 15:00:00,Building_A,132.79,8.18,37.34,21.36,15.98,57.2,False,none,normal
2026-02-12 16:00:00,Building_A,140.8,8.14,39.19,22.44,16.75,57.3,False,none,normal
2026-02-12 17:00:00,Building_A,138.21,7.71,41.68,22.34,19.34,53.6,False,none,normal
2026-02-12 18:00:00,Building_A,140.63,7.14,40.99,24.95,16.04,60.9,False,none,normal
2026-02-12 19:00:00,Building_A,79.97,4.19,15.7,8.23,7.47,52.4,False,none,normal
2026-02-12 20:00:00,Building_A,82.04,3.71,14.3,8.51,5.79,59.5,False,none,normal
2026-02-12 21:00:00,Building_A,83.75,3.75,14.15,7.42,6.73,52.4,False,none,normal
2026-02-12 22:00:00,Building_A,82.78,3.64,15.46,8.96,6.5,58.0,False,none,normal
2026-02-12 23:00:00,Building_A,30.7,1.06,0.57,0.31,0.26,54.1,False,none,normal
2026-02-13 00:00:00,Building_A,27.15,1.06,0.5,0.28,0.22,56.4,False,none,normal
2026-02-13 01:00:00,Building_A,30.77,0.34,0.5,0.3,0.2,60.5,False,none,normal
2026-02-13 02:00:00,Building_A,31.86,0.35,1.31,0.71,0.6,54.4,False,none,normal
2026-02-13 03:00:00,Building_A,44.87,0.8,0.5,0.3,0.2,60.7,False,none,normal
2026-02-13 04:00:00,Building_A,23.69,0.74,3.33,1.82,1.51,54.5,False,none,normal
2026-02-13 05:00:00,Building_A,24.12,0.57,2.68,1.51,1.17,56.5,False,none,normal
2026-02-13 06:00:00,Building_A,76.5,3.75,14.36,8.11,6.25,56.4,False,none,normal
2026-02-13 07:00:00,Building_A,85.21,4.36,15.58,7.74,7.84,49.7,False,none,normal
2026-02-13 08:00:00,Building_A,132.21,8.17,37.84,20.47,17.37,54.1,False,none,normal
2026-02-13 09:00:00,Building_A,138.74,7.59,38.23,20.88,17.35,54.6,False,none,normal
2026-02-13 10:00:00,Building_A,139.54,8.36,40.19,22.22,17.97,55.3,False,none,normal
2026-02-13 11:00:00,Building_A,134.54,7.61,38.84,22.0,16.84,56.6,False,none,normal
2026-02-13 12:00:00,Building_A,138.87,7.25,38.51,23.04,15.47,59.8,False,none,normal
2026-02-13 13:00:00,Building_A,137.84,7.49,42.28,23.21,19.07,54.9,False,none,normal
2026-02-13 14:00:00,Building_A,139.06,8.13,39.02,20.33,18.69,52.1,False,none,normal
2026-02-13 15:00:00,Building_A,146.01,8.34,40.44,23.17,17.27,57.3,False,none,normal
2026-02-13 16:00:00,Building_A,133.51,8.43,38.45,21.58,16.87,56.1,False,none,normal
2026-02-13 17:00:00,Building_A,130.97,7.27,39.84,20.62,19.22,51.8,False,none,normal
2026-02-13 18:00:00,Building_A,129.57,8.17,42.0,25.43,16.57,60.6,False,none,normal
2026-02-13 19:00:00,Building_A,78.82,4.0,16.1,9.58,6.52,59.5,False,none,normal
2026-02-13 20:00:00,Building_A,78.48,4.0,15.39,8.81,6.58,57.2,False,none,normal
2026-02-13 21:00:00,Building_A,79.32,3.95,16.69,9.99,6.7,59.8,False,none,normal
2026-02-13 22:00:00,Building_A,81.76,4.59,14.57,8.96,5.61,61.5,False,none,normal
2026-02-13 23:00:00,Building_A,33.22,1.85,0.5,0.26,0.24,52.2,False,none,normal
2026-02-14 00:00:00,Building_A,32.73,0.84,3.28,1.72,1.56,52.3,False,none,normal
2026-02-14 01:00:00,Building_A,34.67,1.11,1.79,0.92,0.87,51.2,False,none,normal
2026-02-14 02:00:00,Building_A,36.69,1.13,1.66,0.93,0.73,55.8,False,none,normal
2026-02-14 03:00:00,Building_A,31.96,0.68,1.71,0.94,0.77,55.1,False,none,normal
2026-02-14 04:00:00,Building_A,27.66,0.34,0.5,0.28,0.22,55.9,False,none,normal
2026-02-14 05:00:00,Building_A,30.95,0.78,1.54,0.81,0.73,52.5,False,none,normal
2026-02-14 06:00:00,Building_A,36.92,0.61,0.5,0.28,0.22,56.9,False,none,normal
2026-02-14 07:00:00,Building_A,23.71,0.43,2.12,1.02,1.1,48.1,False,none,normal
2026-02-14 08:00:00,Building_A,35.52,1.23,0.5,0.28,0.22,56.2,False,none,normal
2026-02-14 09:00:00,Building_A,35.53,0.54,1.98,1.04,0.94,52.3,False,none,normal
2026-02-14 10:00:00,Building_A,42.45,1.13,6.99,4.17,2.82,59.6,False,none,normal
2026-02-14 11:00:00,Building_A,43.63,0.96,5.28,2.99,2.29,56.6,False,none,normal
2026-02-14 12:00:00,Building_A,51.74,1.55,6.11,3.55,2.56,58.1,False,none,normal
2026-02-14 13:00:00,Building_A,43.4,1.28,5.43,3.29,2.14,60.6,False,none,normal
2026-02-14 14:00:00,Building_A,34.21,1.69,6.02,3.21,2.81,53.4,False,none,normal
2026-02-14 15:00:00,Building_A,51.13,1.16,5.76,3.14,2.62,54.5,False,none,normal
2026-02-14 16:00:00,Building_A,46.02,1.25,4.69,2.42,2.27,51.5,False,none,normal
2026-02-14 17:00:00,Building_A,49.49,1.44,7.12,3.84,3.28,54.0,False,none,normal
2026-02-14 18:00:00,Building_A,41.72,2.0,6.35,3.38,2.97,53.2,False,none,normal
2026-02-14 19:00:00,Building_A,35.44,0.45,0.5,0.28,0.22,55.0,False,none,normal
2026-02-14 20:00:00,Building_A,31.06,0.8,3.45,1.94,1.51,56.3,False,none,normal
2026-02-14 21:00:00,Building_A,21.54,0.82,0.98,0.54,0.44,55.2,False,none,normal
2026-02-14 22:00:00,Building_A,32.04,0.69,0.88,0.51,0.37,57.5,False,none,normal
2026-02-14 23:00:00,Building_A,28.89,0.37,4.57,2.38,2.19,52.1,False,none,normal
2026-02-15 00:00:00,Building_A,31.45,0.2,1.08,0.55,0.53,51.3,False,none,normal
2026-02-15 01:00:00,Building_A,29.28,1.07,1.51,0.86,0.65,57.3,False,none,normal
2026-02-15 02:00:00,Building_A,23.97,1.35,0.5,0.31,0.19,61.1,False,none,normal
2026-02-15 03:00:00,Building_A,35.14,0.91,0.5,0.28,0.22,55.6,False,none,normal
2026-02-15 04:00:00,Building_A,29.17,0.71,0.64,0.3,0.34,46.8,False,none,normal
2026-02-15 05:00:00,Building_A,35.54,0.68,0.5,0.26,0.24,52.8,False,none,normal
2026-02-15 06:00:00,Building_A,32.49,0.39,0.5,0.28,0.22,56.6,False,none,normal
2026-02-15 07:00:00,Building_A,33.13,0.63,0.5,0.28,0.22,55.4,False,none,normal
2026-02-15 08:00:00,Building_A,25.2,0.35,0.5,0.29,0.21,58.4,False,none,normal
2026-02-15 09:00:00,Building_A,29.6,0.55,3.29,1.86,1.43,56.4,False,none,normal
2026-02-15 10:00:00,Building_A,45.72,1.28,5.86,2.71,3.15,46.3,False,none,normal
2026-02-15 11:00:00,Building_A,48.24,1.57,6.36,3.46,2.9,54.5,False,none,normal
2026-02-15 12:00:00,Building_A,47.31,0.87,5.87,2.96,2.91,50.5,False,none,normal
2026-02-15 13:00:00,Building_A,51.45,1.72,3.93,1.92,2.01,48.9,False,none,normal
2026-02-15 14:00:00,Building_A,43.83,1.24,4.99,3.13,1.86,62.8,False,none,normal
2026-02-15 15:00:00,Building_A,45.61,1.58,5.75,3.33,2.42,57.9,False,none,normal
2026-02-15 16:00:00,Building_A,42.84,1.31,7.31,3.54,3.77,48.5,False,none,normal
2026-02-15 17:00:00,Building_A,50.75,1.47,8.11,4.11,4.0,50.7,False,none,normal
2026-02-15 18:00:00,Building_A,40.67,1.0,6.88,3.8,3.08,55.3,False,none,normal
2026-02-15 19:00:00,Building_A,29.2,0.35,0.5,0.27,0.23,54.8,False,none,normal
2026-02-15 20:00:00,Building_A,29.19,0.46,2.8,1.53,1.27,54.7,False,none,normal
2026-02-15 21:00:00,Building_A,36.13,0.52,1.23,0.67,0.56,54.8,False,none,normal
2026-02-15 22:00:00,Building_A,24.26,1.2,0.78,0.45,0.33,58.0,False,none,normal
2026-02-15 23:00:00,Building_A,28.05,0.65,0.5,0.3,0.2,59.9,False,none,normal
2026-02-16 00:00:00,Building_A,32.3,0.83,2.57,1.53,1.04,59.6,False,none,normal
2026-02-16 01:00:00,Building_A,34.12,0.21,0.5,0.25,0.25,51.0,False,none,normal
2026-02-16 02:00:00,Building_A,33.96,0.76,0.5,0.27,0.23,54.2,False,none,normal
2026-02-16 03:00:00,Building_A,25.08,0.69,0.5,0.29,0.21,57.1,False,none,normal
2026-02-16 04:00:00,Building_A,32.57,1.37,1.96,1.04,0.92,53.3,False,none,normal
2026-02-16 05:00:00,Building_A,34.33,0.22,0.5,0.28,0.22,56.3,False,none,normal
2026-02-16 06:00:00,Building_A,71.22,3.98,13.81,7.65,6.16,55.4,False,none,normal
2026-02-16 07:00:00,Building_A,75.54,4.14,15.05,9.12,5.93,60.6,False,none,normal
2026-02-16 08:00:00,Building_A,137.55,7.72,39.16,19.43,19.73,49.6,False,none,normal
2026-02-16 09:00:00,Building_A,139.15,8.19,42.42,22.28,20.14,52.5,False,none,normal
2026-02-16 10:00:00,Building_A,136.45,7.78,39.71,22.45,17.26,56.5,False,none,normal
2026-02-16 11:00:00,Building_A,137.31,8.37,38.72,22.82,15.9,58.9,False,none,normal
2026-02-16 12:00:00,Building_A,139.68,7.98,39.08,25.29,13.79,64.7,False,none,normal
2026-02-16 13:00:00,Building_A,134.26,8.09,38.56,23.96,14.6,62.1,False,none,normal
2026-02-16 14:00:00,Building_A,141.07,7.75,40.07,22.45,17.62,56.0,False,none,normal
2026-02-16 15:00:00,Building_A,135.46,8.25,39.92,22.3,17.62,55.9,False,none,normal
2026-02-16 16:00:00,Building_A,137.36,8.14,39.73,21.95,17.78,55.2,False,none,normal
2026-02-16 17:00:00,Building_A,134.96,8.58,38.2,21.66,16.54,56.7,False,none,normal
2026-02-16 18:00:00,Building_A,136.24,8.6,38.37,19.98,18.39,52.1,False,none,normal
2026-02-16 19:00:00,Building_A,75.97,4.11,13.38,7.1,6.28,53.1,False,none,normal
2026-02-16 20:00:00,Building_A,71.24,4.08,14.43,7.08,7.35,49.0,False,none,normal
2026-02-16 21:00:00,Building_A,84.2,3.53,15.99,8.35,7.64,52.2,False,none,normal
2026-02-16 22:00:00,Building_A,86.26,4.26,13.82,7.09,6.73,51.3,False,none,normal
2026-02-16 23:00:00,Building_A,33.48,0.61,0.74,0.44,0.3,60.1,False,none,normal
2026-02-17 00:00:00,Building_A,28.06,0.74,2.09,1.22,0.87,58.2,False,none,normal
2026-02-17 01:00:00,Building_A,30.42,0.6,0.5,0.25,0.25,50.8,False,none,normal
2026-02-17 02:00:00,Building_A,32.33,0.66,1.03,0.61,0.42,59.2,False,none,normal
2026-02-17 03:00:00,Building_A,26.3,0.62,1.17,0.61,0.56,52.2,False,none,normal
2026-02-17 04:00:00,Building_A,36.78,1.02,1.29,0.8,0.49,62.2,False,none,normal
2026-02-17 05:00:00,Building_A,25.06,0.7,1.38,0.71,0.67,51.3,False,none,normal
2026-02-17 06:00:00,Building_A,81.06,3.61,15.86,9.39,6.47,59.2,False,none,normal
2026-02-17 07:00:00,Building_A,80.94,3.34,13.87,7.94,5.93,57.3,False,none,normal
2026-02-17 08:00:00,Building_A,137.61,7.04,40.95,22.75,18.2,55.5,False,none,normal
2026-02-17 09:00:00,Building_A,134.25,8.33,38.64,20.19,18.45,52.2,False,none,normal
2026-02-17 10:00:00,Building_A,138.96,8.61,41.41,23.37,18.04,56.4,False,none,normal
2026-02-17 11:00:00,Building_A,139.37,8.26,37.95,21.85,16.1,57.6,False,none,normal
2026-02-17 12:00:00,Building_A,134.59,8.1,39.18,22.33,16.85,57.0,False,none,normal
2026-02-17 13:00:00,Building_A,138.0,6.91,39.67,22.84,16.83,57.6,False,none,normal
2026-02-17 14:00:00,Building_A,139.31,7.95,41.43,23.3,18.13,56.2,False,none,normal
2026-02-17 15:00:00,Building_A,139.28,8.35,39.89,20.51,19.38,51.4,False,none,normal
2026-02-17 16:00:00,Building_A,127.77,7.82,40.37,21.63,18.74,53.6,False,none,normal
2026-02-17 17:00:00,Building_A,140.73,8.04,41.0,22.07,18.93,53.8,False,none,normal
2026-02-17 18:00:00,Building_A,139.4,8.16,41.26,19.88,21.38,48.2,False,none,normal
2026-02-17 19:00:00,Building_A,78.02,4.29,16.89,9.45,7.44,56.0,False,none,normal
2026-02-17 20:00:00,Building_A,78.68,4.26,16.07,8.61,7.46,53.6,False,none,normal
2026-02-17 21:00:00,Building_A,81.17,4.41,17.3,10.03,7.27,58.0,False,none,normal
2026-02-17 22:00:00,Building_A,80.03,3.97,15.7,8.56,7.14,54.5,False,none,normal
2026-02-17 23:00:00,Building_A,31.81,0.33,2.5,1.26,1.24,50.4,False,none,normal
2026-02-18 00:00:00,Building_A,29.33,0.74,3.33,1.78,1.55,53.3,False,none,normal
2026-02-18 01:00:00,Building_A,28.39,0.51,2.93,1.28,1.65,43.8,False,none,normal
2026-02-18 02:00:00,Building_A,27.04,1.66,1.65,0.83,0.82,50.6,False,none,normal
2026-02-18 03:00:00,Building_A,30.89,0.73,1.95,1.22,0.73,62.4,False,none,normal
2026-02-18 04:00:00,Building_A,32.61,0.52,1.88,0.98,0.9,52.2,False,none,normal
2026-02-18 05:00:00,Building_A,26.92,0.2,0.5,0.26,0.24,51.4,False,none,normal
2026-02-18 06:00:00,Building_A,75.14,4.1,13.59,5.77,7.82,42.4,False,none,normal
2026-02-18 07:00:00,Building_A,75.68,3.83,14.3,8.73,5.57,61.1,False,none,normal
2026-02-18 08:00:00,Building_A,135.07,8.29,39.43,21.62,17.81,54.8,False,none,normal
2026-02-18 09:00:00,Building_A,134.18,7.96,38.54,21.46,17.08,55.7,False,none,normal
2026-02-18 10:00:00,Building_A,136.58,7.65,40.65,23.05,17.6,56.7,False,none,normal
2026-02-18 11:00:00,Building_A,135.73,8.04,39.36,20.28,19.08,51.5,False,none,normal
2026-02-18 12:00:00,Building_A,137.81,7.77,38.32,18.59,19.73,48.5,False,none,normal
2026-02-18 13:00:00,Building_A,136.09,8.18,38.62,25.13,13.49,65.1,False,none,normal
2026-02-18 14:00:00,Building_A,141.07,8.44,40.41,25.22,15.19,62.4,False,none,normal
2026-02-18 15:00:00,Building_A,134.38,7.09,38.92,22.28,16.64,57.2,False,none,normal
2026-02-18 16:00:00,Building_A,138.13,8.08,41.04,23.2,17.84,56.5,False,none,normal
2026-02-18 17:00:00,Building_A,140.72,7.66,38.14,23.44,14.7,61.5,False,none,normal
2026-02-18 18:00:00,Building_A,137.93,7.77,38.71,20.29,18.42,52.4,False,none,normal
2026-02-18 19:00:00,Building_A,77.02,3.54,13.23,7.17,6.06,54.2,False,none,normal
2026-02-18 20:00:00,Building_A,77.48,4.38,15.38,8.62,6.76,56.1,False,none,normal
2026-02-18 21:00:00,Building_A,76.88,3.95,15.46,8.95,6.51,57.9,False,none,normal
2026-02-18 22:00:00,Building_A,79.48,4.37,15.04,8.75,6.29,58.2,False,none,normal
2026-02-18 23:00:00,Building_A,29.09,0.2,1.26,0.73,0.53,57.9,False,none,normal
2026-02-19 00:00:00,Building_A,33.36,0.85,0.52,0.27,0.25,51.8,False,none,normal
2026-02-19 01:00:00,Building_A,33.26,0.85,0.5,0.3,0.2,59.4,False,none,normal
2026-02-19 02:00:00,Building_A,27.52,0.5,2.9,1.7,1.2,58.5,False,none,normal
2026-02-19 03:00:00,Building_A,29.62,0.81,1.13,0.5,0.63,44.0,False,none,normal
2026-02-19 04:00:00,Building_A,27.43,0.69,0.51,0.29,0.22,56.0,False,none,normal
2026-02-19 05:00:00,Building_A,35.57,0.59,0.5,0.28,0.22,56.3,False,none,normal
2026-02-19 06:00:00,Building_A,78.55,3.94,14.68,9.39,5.29,64.0,False,none,normal
2026-02-19 07:00:00,Building_A,70.89,3.86,15.03,7.8,7.23,51.9,False,none,normal
2026-02-19 08:00:00,Building_A,141.12,8.27,39.4,21.24,18.16,53.9,False,none,normal
2026-02-19 09:00:00,Building_A,137.08,7.95,39.36,21.35,18.01,54.2,False,none,normal
2026-02-19 10:00:00,Building_A,138.53,8.25,37.98,19.29,18.69,50.8,False,none,normal
2026-02-19 11:00:00,Building_A,130.53,8.29,39.76,22.67,17.09,57.0,False,none,normal
2026-02-19 12:00:00,Building_A,131.81,8.61,38.73,21.56,17.17,55.7,False,none,normal
2026-02-19 13:00:00,Building_A,140.94,7.64,38.8,21.62,17.18,55.7,False,none,normal
2026-02-19 14:00:00,Building_A,148.95,8.09,41.38,24.75,16.63,59.8,False,none,normal
2026-02-19 15:00:00,Building_A,139.0,7.64,40.73,19.96,20.77,49.0,False,none,normal
2026-02-19 16:00:00,Building_A,143.93,8.06,36.28,19.46,16.82,53.6,False,none,normal
2026-02-19 17:00:00,Building_A,140.14,7.9,40.31,20.8,19.51,51.6,False,none,normal
2026-02-19 18:00:00,Building_A,132.3,7.96,39.49,21.17,18.32,53.6,False,none,normal
2026-02-19 19:00:00,Building_A,84.76,3.7,15.41,8.52,6.89,55.3,False,none,normal
2026-02-19 20:00:00,Building_A,73.63,3.53,15.05,9.47,5.58,62.9,False,none,normal
2026-02-19 21:00:00,Building_A,82.17,3.39,11.3,6.55,4.75,57.9,False,none,normal
2026-02-19 22:00:00,Building_A,79.47,4.39,13.97,7.88,6.09,56.4,False,none,normal
2026-02-19 23:00:00,Building_A,34.44,0.55,0.5,0.28,0.22,55.1,False,none,normal
2026-02-20 00:00:00,Building_A,33.22,0.7,2.11,1.12,0.99,53.2,False,none,normal
2026-02-20 01:00:00,Building_A,25.74,1.4,0.5,0.26,0.24,52.7,False,none,normal
2026-02-20 02:00:00,Building_A,30.79,0.73,0.5,0.27,0.23,54.9,False,none,normal
2026-02-20 03:00:00,Building_A,30.89,0.77,0.5,0.31,0.19,62.5,False,none,normal
2026-02-20 04:00:00,Building_A,30.46,0.91,0.5,0.27,0.23,53.1,False,none,normal
2026-02-20 05:00:00,Building_A,28.36,1.22,0.5,0.29,0.21,58.0,False,none,normal
2026-02-20 06:00:00,Building_A,77.25,3.83,14.74,8.86,5.88,60.1,False,none,normal
2026-02-20 07:00:00,Building_A,72.29,3.53,12.69,6.43,6.26,50.6,False,none,normal
2026-02-20 08:00:00,Building_A,134.28,7.42,38.58,18.11,20.47,46.9,False,none,normal
2026-02-20 09:00:00,Building_A,133.45,8.41,39.94,22.27,17.67,55.7,False,none,normal
2026-02-20 10:00:00,Building_A,133.51,7.45,38.09,20.88,17.21,54.8,False,none,normal
2026-02-20 11:00:00,Building_A,141.0,8.3,40.21,20.93,19.28,52.0,False,none,normal
2026-02-20 12:00:00,Building_A,137.62,7.87,39.22,24.77,14.45,63.1,False,none,normal
2026-02-20 13:00:00,Building_A,130.48,7.9,40.91,20.1,20.81,49.1,False,none,normal
2026-02-20 14:00:00,Building_A,134.95,7.8,39.19,19.05,20.14,48.6,False,none,normal
2026-02-20 15:00:00,Building_A,139.91,8.22,40.07,20.64,19.43,51.5,False,none,normal
2026-02-20 16:00:00,Building_A,137.87,7.67,39.06,24.85,14.21,63.6,False,none,normal
2026-02-20 17:00:00,Building_A,137.91,7.57,39.67,19.67,20.0,49.6,False,none,normal
2026-02-20 18:00:00,Building_A,132.73,7.62,38.92,22.86,16.06,58.7,False,none,normal
2026-02-20 19:00:00,Building_A,82.17,4.18,13.71,7.24,6.47,52.8,False,none,normal
2026-02-20 20:00:00,Building_A,80.94,3.77,14.7,8.34,6.36,56.8,False,none,normal
2026-02-20 21:00:00,Building_A,78.46,4.07,16.94,9.2,7.74,54.3,False,none,normal
2026-02-20 22:00:00,Building_A,84.57,4.19,13.27,6.71,6.56,50.6,False,none,normal
2026-02-20 23:00:00,Building_A,27.72,0.41,0.83,0.48,0.35,57.5,False,none,normal
2026-02-21 00:00:00,Building_A,36.07,0.81,0.5,0.23,0.27,46.7,False,none,normal
2026-02-21 01:00:00,Building_A,31.34,0.71,1.16,0.74,0.42,63.4,False,none,normal
2026-02-21 02:00:00,Building_A,36.02,0.98,0.5,0.26,0.24,52.9,False,none,normal
2026-02-21 03:00:00,Building_A,30.67,0.43,1.54,0.87,0.67,56.4,False,none,normal
2026-02-21 04:00:00,Building_A,26.7,1.12,1.06,0.51,0.55,48.1,False,none,normal
2026-02-21 05:00:00,Building_A,30.85,0.8,2.11,1.13,0.98,53.7,False,none,normal
2026-02-21 06:00:00,Building_A,34.37,0.77,0.5,0.25,0.25,49.3,False,none,normal
2026-02-21 07:00:00,Building_A,35.54,1.12,1.33,0.81,0.52,61.0,False,none,normal
2026-02-21 08:00:00,Building_A,35.28,0.94,0.5,0.31,0.19,61.9,False,none,normal
2026-02-21 09:00:00,Building_A,33.2,0.57,0.5,0.28,0.22,56.0,False,none,normal
2026-02-21 10:00:00,Building_A,37.68,1.65,5.43,3.07,2.36,56.5,False,none,normal
2026-02-21 11:00:00,Building_A,42.28,1.32,5.67,3.08,2.59,54.4,False,none,normal
2026-02-21 12:00:00,Building_A,51.92,1.89,7.0,3.84,3.16,54.9,False,none,normal
2026-02-21 13:00:00,Building_A,47.74,1.8,5.58,3.05,2.53,54.7,False,none,normal
2026-02-21 14:00:00,Building_A,37.08,1.8,9.05,5.01,4.04,55.3,False,none,normal
2026-02-21 15:00:00,Building_A,35.86,1.62,5.49,2.87,2.62,52.3,False,none,normal
2026-02-21 16:00:00,Building_A,46.87,1.5,5.99,3.14,2.85,52.4,False,none,normal
2026-02-21 17:00:00,Building_A,44.87,1.27,5.25,2.82,2.43,53.7,False,none,normal
2026-02-21 18:00:00,Building_A,45.72,1.35,4.88,2.88,2.0,59.0,False,none,normal
2026-02-21 19:00:00,Building_A,20.1,0.55,0.5,0.28,0.22,55.6,False,none,normal
2026-02-21 20:00:00,Building_A,33.3,1.1,0.5,0.29,0.21,57.3,False,none,normal
2026-02-21 21:00:00,Building_A,31.84,0.2,3.22,1.59,1.63,49.2,False,none,normal
2026-02-21 22:00:00,Building_A,32.73,0.84,1.27,0.67,0.6,53.0,False,none,normal
2026-02-21 23:00:00,Building_A,34.36,0.2,0.86,0.45,0.41,52.7,False,none,normal
2026-02-22 00:00:00,Building_A,28.34,0.85,2.23,1.2,1.03,53.6,False,none,normal
2026-02-22 01:00:00,Building_A,34.18,0.72,0.5,0.27,0.23,54.0,False,none,normal
2026-02-22 02:00:00,Building_A,29.86,0.46,1.45,0.81,0.64,55.9,False,none,normal
2026-02-22 03:00:00,Building_A,24.69,0.2,1.45,0.75,0.7,51.7,False,none,normal
2026-02-22 04:00:00,Building_A,32.26,0.98,0.5,0.25,0.25,49.4,False,none,normal
2026-02-22 05:00:00,Building_A,37.75,0.83,0.5,0.26,0.24,51.3,False,none,normal
2026-02-22 06:00:00,Building_A,29.01,0.29,2.0,1.04,0.96,51.9,False,none,normal
2026-02-22 07:00:00,Building_A,35.43,0.56,0.5,0.27,0.23,53.3,False,none,normal
2026-02-22 08:00:00,Building_A,20.56,0.66,0.74,0.43,0.31,58.3,False,none,normal
2026-02-22 09:00:00,Building_A,23.51,1.11,1.92,1.15,0.77,60.0,False,none,normal
2026-02-22 10:00:00,Building_A,44.15,1.76,4.81,2.78,2.03,57.9,False,none,normal
2026-02-22 11:00:00,Building_A,41.28,0.83,5.23,2.88,2.35,55.0,False,none,normal
2026-02-22 12:00:00,Building_A,41.07,1.54,4.41,2.05,2.36,46.5,False,none,normal
2026-02-22 13:00:00,Building_A,49.85,1.73,5.32,2.93,2.39,55.0,False,none,normal
2026-02-22 14:00:00,Building_A,48.44,1.56,6.75,4.01,2.74,59.4,False,none,normal
2026-02-22 15:00:00,Building_A,41.44,1.42,6.55,3.53,3.02,53.9,False,none,normal
2026-02-22 16:00:00,Building_A,42.8,1.43,6.62,3.36,3.26,50.8,False,none,normal
2026-02-22 17:00:00,Building_A,47.57,1.07,6.31,3.4,2.91,53.8,False,none,normal
2026-02-22 18:00:00,Building_A,45.8,0.67,7.65,4.0,3.65,52.3,False,none,normal
2026-02-22 19:00:00,Building_A,35.93,0.54,0.88,0.55,0.33,62.7,False,none,normal
2026-02-22 20:00:00,Building_A,29.94,1.14,0.99,0.56,0.43,56.7,False,none,normal
2026-02-22 21:00:00,Building_A,31.33,1.0,0.5,0.26,0.24,51.1,False,none,normal
2026-02-22 22:00:00,Building_A,28.5,0.74,0.67,0.39,0.28,57.8,False,none,normal
2026-02-22 23:00:00,Building_A,36.27,0.36,0.5,0.25,0.25,49.3,False,none,normal
2026-02-23 00:00:00,Building_A,39.18,0.81,1.52,0.75,0.77,49.6,False,none,normal
2026-02-23 01:00:00,Building_A,31.05,0.88,0.64,0.38,0.26,59.3,False,none,normal
2026-02-23 02:00:00,Building_A,40.3,0.37,0.5,0.26,0.24,51.5,False,none,normal
2026-02-23 03:00:00,Building_A,37.48,1.07,0.78,0.43,0.35,55.1,False,none,normal
2026-02-23 04:00:00,Building_A,27.79,1.02,0.5,0.27,0.23,54.0,False,none,normal
2026-02-23 05:00:00,Building_A,33.49,0.64,0.66,0.36,0.3,55.0,False,none,normal
2026-02-23 06:00:00,Building_A,83.03,4.57,15.73,9.16,6.57,58.2,False,none,normal
2026-02-23 07:00:00,Building_A,79.05,3.74,15.82,8.81,7.01,55.7,False,none,normal
2026-02-23 08:00:00,Building_A,131.83,7.87,39.36,20.84,18.52,53.0,False,none,normal
2026-02-23 09:00:00,Building_A,143.45,8.15,41.1,23.04,18.06,56.1,False,none,normal
2026-02-23 10:00:00,Building_A,137.85,7.66,39.47,21.73,17.74,55.1,False,none,normal
2026-02-23 11:00:00,Building_A,132.06,7.8,39.07,22.13,16.94,56.7,False,none,normal
2026-02-23 12:00:00,Building_A,139.37,7.78,40.02,21.72,18.3,54.3,False,none,normal
2026-02-23 13:00:00,Building_A,126.05,7.82,40.75,19.67,21.08,48.3,False,none,normal
2026-02-23 14:00:00,Building_A,137.98,8.54,38.54,21.2,17.34,55.0,False,none,normal
2026-02-23 15:00:00,Building_A,132.31,8.55,39.36,21.72,17.64,55.2,False,none,normal
2026-02-23 16:00:00,Building_A,142.94,8.22,38.41,20.13,18.28,52.4,False,none,normal
2026-02-23 17:00:00,Building_A,139.5,7.77,36.92,20.23,16.69,54.8,False,none,normal
2026-02-23 18:00:00,Building_A,131.6,8.55,39.67,20.38,19.29,51.4,False,none,normal
2026-02-23 19:00:00,Building_A,77.06,3.33,13.71,8.1,5.61,59.1,False,none,normal
2026-02-23 20:00:00,Building_A,88.78,4.25,14.92,7.95,6.97,53.3,False,none,normal
2026-02-23 21:00:00,Building_A,76.03,4.71,14.8,9.39,5.41,63.5,False,none,normal
2026-02-23 22:00:00,Building_A,85.43,3.38,14.23,7.45,6.78,52.3,False,none,normal
2026-02-23 23:00:00,Building_A,30.73,0.68,4.53,2.3,2.23,50.7,False,none,normal
2026-02-24 00:00:00,Building_A,31.97,0.92,0.94,0.52,0.42,55.4,False,none,normal
2026-02-24 01:00:00,Building_A,26.87,0.74,1.55,0.87,0.68,56.3,False,none,normal
2026-02-24 02:00:00,Building_A,33.33,1.2,2.06,1.14,0.92,55.3,False,none,normal
2026-02-24 03:00:00,Building_A,26.37,0.49,0.68,0.38,0.3,56.0,False,none,normal
2026-02-24 04:00:00,Building_A,29.14,0.38,0.5,0.24,0.26,48.4,False,none,normal
2026-02-24 05:00:00,Building_A,30.11,0.2,0.5,0.27,0.23,53.4,False,none,normal
2026-02-24 06:00:00,Building_A,74.51,4.13,15.92,8.41,7.51,52.8,False,none,normal
2026-02-24 07:00:00,Building_A,78.11,4.18,14.17,7.35,6.82,51.9,False,none,normal
2026-02-24 08:00:00,Building_A,142.31,8.29,40.18,23.59,16.59,58.7,False,none,normal
2026-02-24 09:00:00,Building_A,129.62,8.46,39.93,23.58,16.35,59.0,False,none,normal
2026-02-24 10:00:00,Building_A,139.07,8.0,39.13,22.1,17.03,56.5,False,none,normal
2026-02-24 11:00:00,Building_A,136.28,8.29,37.55,19.84,17.71,52.8,False,none,normal
2026-02-24 12:00:00,Building_A,145.7,7.77,39.17,20.16,19.01,51.5,False,none,normal
2026-02-24 13:00:00,Building_A,138.87,7.73,39.23,22.91,16.32,58.4,False,none,normal
2026-02-24 14:00:00,Building_A,134.73,8.26,40.44,23.95,16.49,59.2,False,none,normal
2026-02-24 15:00:00,Building_A,138.09,9.12,40.72,22.93,17.79,56.3,False,none,normal
2026-02-24 16:00:00,Building_A,134.02,7.95,41.17,25.46,15.71,61.8,False,none,normal
2026-02-24 17:00:00,Building_A,143.44,8.26,37.95,21.61,16.34,56.9,False,none,normal
2026-02-24 18:00:00,Building_A,132.56,7.46,39.74,22.69,17.05,57.1,False,none,normal
2026-02-24 19:00:00,Building_A,83.47,4.17,15.67,8.0,7.67,51.1,False,none,normal
2026-02-24 20:00:00,Building_A,79.43,3.47,12.63,7.32,5.31,58.0,False,none,normal
2026-02-24 21:00:00,Building_A,76.84,4.3,16.36,8.59,7.77,52.5,False,none,normal
2026-02-24 22:00:00,Building_A,82.21,3.76,12.82,7.11,5.71,55.5,False,none,normal
2026-02-24 23:00:00,Building_A,29.17,0.55,3.31,1.62,1.69,48.9,False,none,normal
2026-02-25 00:00:00,Building_A,32.59,0.36,2.03,1.14,0.89,56.2,False,none,normal
2026-02-25 01:00:00,Building_A,32.57,0.37,0.5,0.29,0.21,58.7,False,none,normal
2026-02-25 02:00:00,Building_A,38.14,0.87,0.5,0.28,0.22,56.4,False,none,normal
2026-02-25 03:00:00,Building_A,40.76,0.74,2.69,1.4,1.29,52.0,False,none,normal
2026-02-25 04:00:00,Building_A,30.89,0.92,1.42,0.74,0.68,51.9,False,none,normal
2026-02-25 05:00:00,Building_A,27.82,1.05,2.37,1.45,0.92,61.0,False,none,normal
2026-02-25 06:00:00,Building_A,87.07,4.04,14.66,8.86,5.8,60.4,False,none,normal
2026-02-25 07:00:00,Building_A,82.71,3.65,13.79,7.86,5.93,57.0,False,none,normal
2026-02-25 08:00:00,Building_A,136.82,7.98,40.74,23.64,17.1,58.0,False,none,normal
2026-02-25 09:00:00,Building_A,142.84,7.31,39.76,22.97,16.79,57.8,False,none,normal
2026-02-25 10:00:00,Building_A,131.42,7.76,38.45,21.18,17.27,55.1,False,none,normal
2026-02-25 11:00:00,Building_A,144.04,8.69,38.48,21.97,16.51,57.1,False,none,normal
2026-02-25 12:00:00,Building_A,139.76,8.12,39.94,22.45,17.49,56.2,False,none,normal
2026-02-25 13:00:00,Building_A,144.28,8.37,38.18,22.21,15.97,58.2,False,none,normal
2026-02-25 14:00:00,Building_A,141.09,8.1,40.81,22.75,18.06,55.8,False,none,normal
2026-02-25 15:00:00,Building_A,138.33,8.03,37.03,20.25,16.78,54.7,False,none,normal
2026-02-25 16:00:00,Building_A,134.85,7.57,41.18,23.48,17.7,57.0,False,none,normal
2026-02-25 17:00:00,Building_A,137.41,7.79,39.81,23.47,16.34,59.0,False,none,normal
2026-02-25 18:00:00,Building_A,134.22,7.98,40.5,19.14,21.36,47.3,False,none,normal
2026-02-25 19:00:00,Building_A,79.62,3.84,14.87,7.88,6.99,53.0,False,none,normal
2026-02-25 20:00:00,Building_A,80.4,4.67,14.64,8.22,6.42,56.2,False,none,normal
2026-02-25 21:00:00,Building_A,87.83,3.8,17.21,9.47,7.74,55.0,False,none,normal
2026-02-25 22:00:00,Building_A,86.98,4.26,15.4,8.43,6.97,54.7,False,none,normal
2026-02-25 23:00:00,Building_A,28.56,0.73,2.02,1.11,0.91,54.9,False,none,normal
2026-02-26 00:00:00,Building_A,29.79,0.62,2.13,1.28,0.85,59.9,False,none,normal
2026-02-26 01:00:00,Building_A,28.39,0.47,1.39,0.85,0.54,61.1,False,none,normal
2026-02-26 02:00:00,Building_A,35.64,0.27,0.62,0.32,0.3,51.3,False,none,normal
2026-02-26 03:00:00,Building_A,29.98,1.27,0.5,0.24,0.26,48.5,False,none,normal
2026-02-26 04:00:00,Building_A,27.74,0.81,1.68,0.95,0.73,56.7,False,none,normal
2026-02-26 05:00:00,Building_A,35.76,0.2,2.37,1.27,1.1,53.8,False,none,normal
2026-02-26 06:00:00,Building_A,82.78,3.53,15.04,8.41,6.63,55.9,False,none,normal
2026-02-26 07:00:00,Building_A,84.48,3.44,15.07,7.63,7.44,50.7,False,none,normal
2026-02-26 08:00:00,Building_A,139.55,8.26,41.0,21.67,19.33,52.9,False,none,normal
2026-02-26 09:00:00,Building_A,141.23,8.46,37.48,21.53,15.95,57.4,False,none,normal
2026-02-26 10:00:00,Building_A,141.36,7.89,38.0,22.33,15.67,58.8,False,none,normal
2026-02-26 11:00:00,Building_A,132.73,7.92,39.41,22.8,16.61,57.9,False,none,normal
2026-02-26 12:00:00,Building_A,135.02,7.75,39.58,23.36,16.22,59.0,False,none,normal
2026-02-26 13:00:00,Building_A,146.67,7.46,39.84,20.18,19.66,50.7,False,none,normal
2026-02-26 14:00:00,Building_A,141.6,7.66,38.65,20.35,18.3,52.6,False,none,normal
2026-02-26 15:00:00,Building_A,137.22,8.1,40.04,22.01,18.03,55.0,False,none,normal
2026-02-26 16:00:00,Building_A,132.21,8.24,39.39,23.49,15.9,59.6,False,none,normal
2026-02-26 17:00:00,Building_A,134.69,7.42,39.42,23.72,15.7,60.2,False,none,normal
2026-02-26 18:00:00,Building_A,138.17,7.92,38.41,23.83,14.58,62.0,False,none,normal
2026-02-26 19:00:00,Building_A,75.73,3.74,15.72,7.48,8.24,47.6,False,none,normal
2026-02-26 20:00:00,Building_A,84.95,4.21,16.11,9.22,6.89,57.2,False,none,normal
2026-02-26 21:00:00,Building_A,79.21,3.62,14.86,7.59,7.27,51.1,False,none,normal
2026-02-26 22:00:00,Building_A,81.8,4.28,16.8,9.49,7.31,56.5,False,none,normal
2026-02-26 23:00:00,Building_A,34.75,0.6,0.5,0.28,0.22,56.9,False,none,normal
2026-02-27 00:00:00,Building_A,29.51,0.8,0.5,0.26,0.24,51.5,False,none,normal
2026-02-27 01:00:00,Building_A,33.6,1.01,0.5,0.29,0.21,57.7,False,none,normal
2026-02-27 02:00:00,Building_A,28.92,0.71,2.64,1.54,1.1,58.2,False,none,normal
2026-02-27 03:00:00,Building_A,34.24,1.37,0.5,0.26,0.24,51.1,False,none,normal
2026-02-27 04:00:00,Building_A,28.17,0.62,0.5,0.27,0.23,54.2,False,none,normal
2026-02-27 05:00:00,Building_A,28.88,0.98,1.36,0.72,0.64,52.6,False,none,normal
2026-02-27 06:00:00,Building_A,82.21,4.25,14.11,7.48,6.63,53.0,False,none,normal
2026-02-27 07:00:00,Building_A,70.95,3.61,14.14,7.82,6.32,55.3,False,none,normal
2026-02-27 08:00:00,Building_A,133.74,7.81,37.99,21.15,16.84,55.7,False,none,normal
2026-02-27 09:00:00,Building_A,139.23,8.13,39.47,19.28,20.19,48.8,False,none,normal
2026-02-27 10:00:00,Building_A,135.05,7.84,38.97,21.55,17.42,55.3,False,none,normal
2026-02-27 11:00:00,Building_A,143.23,8.27,38.27,22.09,16.18,57.7,False,none,normal
2026-02-27 12:00:00,Building_A,140.09,7.7,141.68,21.25,120.43,15.0,True,waste,waste_surge
2026-02-27 13:00:00,Building_A,131.89,8.14,139.02,20.85,118.17,15.0,True,waste,waste_surge
2026-02-27 14:00:00,Building_A,137.38,7.73,140.66,21.1,119.56,15.0,True,waste,waste_surge
2026-02-27 15:00:00,Building_A,138.19,8.11,133.24,19.99,113.25,15.0,True,waste,waste_surge
2026-02-27 16:00:00,Building_A,128.69,8.18,133.0,19.95,113.05,15.0,True,waste,waste_surge
2026-02-27 17:00:00,Building_A,139.01,8.2,133.04,19.96,113.08,15.0,True,waste,waste_surge
2026-02-27 18:00:00,Building_A,144.21,8.59,142.24,21.34,120.9,15.0,True,waste,waste_surge
2026-02-27 19:00:00,Building_A,75.83,4.24,51.94,7.79,44.15,15.0,True,waste,waste_surge
2026-02-27 20:00:00,Building_A,77.32,3.93,53.3,7.99,45.3,15.0,True,waste,waste_surge
2026-02-27 21:00:00,Building_A,81.83,3.79,13.42,8.25,5.17,61.5,False,none,normal
2026-02-27 22:00:00,Building_A,89.81,4.15,13.44,6.98,6.46,51.9,False,none,normal
2026-02-27 23:00:00,Building_A,33.09,1.17,0.5,0.27,0.23,54.5,False,none,normal
2026-02-28 00:00:00,Building_A,31.84,1.01,0.53,0.26,0.27,48.7,False,none,normal
2026-02-28 01:00:00,Building_A,33.54,1.1,0.84,0.48,0.36,56.6,False,none,normal
2026-02-28 02:00:00,Building_A,29.16,0.41,2.17,1.23,0.94,56.5,False,none,normal
2026-02-28 03:00:00,Building_A,33.02,1.23,0.5,0.26,0.24,52.8,False,none,normal
2026-02-28 04:00:00,Building_A,31.69,0.51,1.88,1.02,0.86,54.3,False,none,normal
2026-02-28 05:00:00,Building_A,27.08,0.73,1.14,0.67,0.47,58.7,False,none,normal
2026-02-28 06:00:00,Building_A,32.63,0.87,1.32,0.72,0.6,54.2,False,none,normal
2026-02-28 07:00:00,Building_A,28.19,0.81,0.54,0.33,0.21,61.8,False,none,normal
2026-02-28 08:00:00,Building_A,36.42,0.93,1.39,0.76,0.63,54.6,False,none,normal
2026-02-28 09:00:00,Building_A,26.01,0.63,1.06,0.59,0.47,55.9,False,none,normal
2026-02-28 10:00:00,Building_A,46.24,1.73,5.75,3.01,2.74,52.3,False,none,normal
2026-02-28 11:00:00,Building_A,50.17,1.68,6.11,3.33,2.78,54.6,False,none,normal
2026-02-28 12:00:00,Building_A,43.95,1.42,7.14,4.65,2.49,65.1,False,none,normal
2026-02-28 13:00:00,Building_A,45.12,1.64,4.55,2.41,2.14,53.1,False,none,normal
2026-02-28 14:00:00,Building_A,49.28,1.55,1.31,0.76,0.55,57.7,False,none,normal
2026-02-28 15:00:00,Building_A,52.04,0.71,8.4,3.69,4.71,43.9,False,none,normal
2026-02-28 16:00:00,Building_A,48.11,1.41,3.76,2.14,1.62,56.8,False,none,normal
2026-02-28 17:00:00,Building_A,48.97,1.54,7.28,3.88,3.4,53.4,False,none,normal
2026-02-28 18:00:00,Building_A,36.92,1.65,8.68,5.17,3.51,59.5,False,none,normal
2026-02-28 19:00:00,Building_A,23.1,0.2,0.5,0.24,0.26,48.6,False,none,normal
2026-02-28 20:00:00,Building_A,31.23,0.84,0.5,0.29,0.21,58.1,False,none,normal
2026-02-28 21:00:00,Building_A,33.46,0.51,0.73,0.34,0.39,47.2,False,none,normal
2026-02-28 22:00:00,Building_A,29.72,0.71,1.14,0.64,0.5,56.5,False,none,normal
2026-02-28 23:00:00,Building_A,32.03,0.61,1.28,0.76,0.52,59.0,False,none,normal
2026-03-01 00:00:00,Building_A,30.67,0.82,0.72,0.38,0.34,52.4,False,none,normal
2026-03-01 01:00:00,Building_A,33.15,0.51,1.4,0.77,0.63,55.1,False,none,normal
2026-03-01 02:00:00,Building_A,29.84,0.59,0.5,0.24,0.26,48.4,False,none,normal
2026-03-01 03:00:00,Building_A,32.59,0.79,1.96,1.04,0.92,52.9,False,none,normal
2026-03-01 04:00:00,Building_A,38.64,0.57,0.5,0.26,0.24,51.0,False,none,normal
2026-03-01 05:00:00,Building_A,24.12,1.24,2.58,1.48,1.1,57.4,False,none,normal
2026-03-01 06:00:00,Building_A,27.47,1.34,0.52,0.28,0.24,53.9,False,none,normal
2026-03-01 07:00:00,Building_A,36.8,0.94,3.58,2.0,1.58,56.0,False,none,normal
2026-03-01 08:00:00,Building_A,29.47,0.49,0.5,0.27,0.23,53.9,False,none,normal
2026-03-01 09:00:00,Building_A,35.63,0.91,0.96,0.49,0.47,51.0,False,none,normal
2026-03-01 10:00:00,Building_A,45.27,1.76,7.09,3.95,3.14,55.7,False,none,normal
2026-03-01 11:00:00,Building_A,41.18,1.71,2.82,1.59,1.23,56.5,False,none,normal
2026-03-01 12:00:00,Building_A,54.64,0.88,6.29,3.46,2.83,55.0,False,none,normal
2026-03-01 13:00:00,Building_A,42.51,1.77,7.14,3.97,3.17,55.6,False,none,normal
2026-03-01 14:00:00,Building_A,47.55,1.42,10.39,5.78,4.61,55.6,False,none,normal
2026-03-01 15:00:00,Building_A,45.14,0.81,5.92,3.53,2.39,59.6,False,none,normal
2026-03-01 16:00:00,Building_A,39.02,0.65,6.61,4.0,2.61,60.5,False,none,normal
2026-03-01 17:00:00,Building_A,44.53,1.29,4.35,2.47,1.88,56.8,False,none,normal
2026-03-01 18:00:00,Building_A,47.01,0.79,7.94,4.61,3.33,58.1,False,none,normal
2026-03-01 19:00:00,Building_A,35.58,0.91,1.72,0.98,0.74,57.1,False,none,normal
2026-03-01 20:00:00,Building_A,34.53,0.2,0.5,0.26,0.24,52.1,False,none,normal
2026-03-01 21:00:00,Building_A,30.53,0.84,1.33,0.79,0.54,59.5,False,none,normal
2026-03-01 22:00:00,Building_A,35.65,0.4,1.23,0.63,0.6,51.6,False,none,normal
2026-03-01 23:00:00,Building_A,30.3,0.82,0.5,0.32,0.18,64.6,False,none,normal
2026-03-02 00:00:00,Building_A,33.32,0.5,3.25,1.74,1.51,53.6,False,none,normal
2026-03-02 01:00:00,Building_A,31.58,0.53,2.92,1.59,1.33,54.6,False,none,normal
2026-03-02 02:00:00,Building_A,31.65,1.13,1.64,0.9,0.74,54.8,False,none,normal
2026-03-02 03:00:00,Building_A,35.5,1.59,1.32,0.73,0.59,55.5,False,none,normal
2026-03-02 04:00:00,Building_A,31.74,1.16,0.5,0.27,0.23,53.9,False,none,normal
2026-03-02 05:00:00,Building_A,24.9,0.29,0.5,0.27,0.23,54.8,False,none,normal
2026-03-02 06:00:00,Building_A,86.93,4.18,13.94,7.26,6.68,52.1,False,none,normal
2026-03-02 07:00:00,Building_A,85.35,4.39,15.06,8.02,7.04,53.2,False,none,normal
2026-03-02 08:00:00,Building_A,142.02,7.64,39.93,25.59,14.34,64.1,False,none,normal
2026-03-02 09:00:00,Building_A,138.35,7.71,39.95,21.22,18.73,53.1,False,none,normal
2026-03-02 10:00:00,Building_A,131.95,8.23,40.8,21.93,18.87,53.8,False,none,normal
2026-03-02 11:00:00,Building_A,136.02,7.65,39.28,20.72,18.56,52.8,False,none,normal
2026-03-02 12:00:00,Building_A,133.48,8.65,40.02,22.93,17.09,57.3,False,none,normal
2026-03-02 13:00:00,Building_A,141.06,8.26,38.96,21.85,17.11,56.1,False,none,normal
2026-03-02 14:00:00,Building_A,136.45,8.14,39.87,21.32,18.55,53.5,False,none,normal
2026-03-02 15:00:00,Building_A,132.21,8.04,39.21,18.6,20.61,47.4,False,none,normal
2026-03-02 16:00:00,Building_A,139.56,8.32,42.49,22.7,19.79,53.4,False,none,normal
2026-03-02 17:00:00,Building_A,135.37,7.6,39.71,22.16,17.55,55.8,False,none,normal
2026-03-02 18:00:00,Building_A,134.28,7.92,37.08,21.77,15.31,58.7,False,none,normal
2026-03-02 19:00:00,Building_A,76.77,3.98,13.32,7.02,6.3,52.7,False,none,normal
2026-03-02 20:00:00,Building_A,78.73,3.99,15.61,9.48,6.13,60.8,False,none,normal
2026-03-02 21:00:00,Building_A,82.78,4.33,16.77,9.61,7.16,57.3,False,none,normal
2026-03-02 22:00:00,Building_A,79.71,4.35,16.32,9.4,6.92,57.6,False,none,normal
2026-03-02 23:00:00,Building_A,25.24,0.41,0.61,0.35,0.26,58.1,False,none,normal
2026-03-03 00:00:00,Building_A,30.97,1.1,2.52,1.51,1.01,59.8,False,none,normal
2026-03-03 01:00:00,Building_A,35.88,0.34,1.52,0.8,0.72,52.6,False,none,normal
2026-03-03 02:00:00,Building_A,24.46,0.6,2.53,1.44,1.09,56.8,False,none,normal
2026-03-03 03:00:00,Building_A,39.13,0.77,3.88,2.16,1.72,55.7,False,none,normal
2026-03-03 04:00:00,Building_A,31.14,0.26,2.27,1.2,1.07,53.0,False,none,normal
2026-03-03 05:00:00,Building_A,28.47,1.15,2.33,1.39,0.94,59.5,False,none,normal
2026-03-03 06:00:00,Building_A,78.4,3.97,14.96,8.7,6.26,58.1,False,none,normal
2026-03-03 07:00:00,Building_A,86.07,4.12,17.4,10.19,7.21,58.6,False,none,normal
2026-03-03 08:00:00,Building_A,136.59,8.28,41.5,26.14,15.36,63.0,False,none,normal
2026-03-03 09:00:00,Building_A,142.27,7.99,39.2,22.46,16.74,57.3,False,none,normal
2026-03-03 10:00:00,Building_A,144.22,8.14,40.0,22.08,17.92,55.2,False,none,normal
2026-03-03 11:00:00,Building_A,136.21,7.93,39.62,24.51,15.11,61.9,False,none,normal
2026-03-03 12:00:00,Building_A,136.57,8.0,38.42,22.23,16.19,57.9,False,none,normal
2026-03-03 13:00:00,Building_A,142.99,8.55,39.7,22.75,16.95,57.3,False,none,normal
2026-03-03 14:00:00,Building_A,136.91,8.17,39.83,22.0,17.83,55.2,False,none,normal
2026-03-03 15:00:00,Building_A,138.08,8.14,39.1,21.13,17.97,54.0,False,none,normal
2026-03-03 16:00:00,Building_A,144.35,8.93,38.01,18.99,19.02,50.0,False,none,normal
2026-03-03 17:00:00,Building_A,133.7,7.95,40.53,23.25,17.28,57.4,False,none,normal
2026-03-03 18:00:00,Building_A,138.21,8.17,38.63,20.87,17.76,54.0,False,none,normal
2026-03-03 19:00:00,Building_A,79.77,3.44,13.64,6.89,6.75,50.5,False,none,normal
2026-03-03 20:00:00,Building_A,82.91,4.08,15.76,7.51,8.25,47.6,False,none,normal
2026-03-03 21:00:00,Building_A,73.92,4.22,11.7,7.01,4.69,59.9,False,none,normal
2026-03-03 22:00:00,Building_A,72.56,4.29,13.96,8.26,5.7,59.2,False,none,normal
2026-03-03 23:00:00,Building_A,43.89,0.2,1.77,0.85,0.92,47.8,False,none,normal
2026-03-04 00:00:00,Building_A,32.76,0.63,1.1,0.56,0.54,51.4,False,none,normal
2026-03-04 01:00:00,Building_A,34.18,0.2,2.43,1.3,1.13,53.4,False,none,normal
2026-03-04 02:00:00,Building_A,25.44,1.26,0.86,0.54,0.32,62.6,False,none,normal
2026-03-04 03:00:00,Building_A,35.94,0.43,0.84,0.47,0.37,55.5,False,none,normal
2026-03-04 04:00:00,Building_A,37.16,0.86,1.15,0.62,0.53,54.2,False,none,normal
2026-03-04 05:00:00,Building_A,30.85,1.16,0.94,0.5,0.44,53.4,False,none,normal
2026-03-04 06:00:00,Building_A,77.6,3.8,13.35,6.94,6.41,52.0,False,none,normal
2026-03-04 07:00:00,Building_A,85.85,3.92,15.88,7.16,8.72,45.1,False,none,normal
2026-03-04 08:00:00,Building_A,139.8,7.93,38.88,21.67,17.21,55.7,False,none,normal
2026-03-04 09:00:00,Building_A,135.54,7.24,40.56,22.7,17.86,56.0,False,none,normal
2026-03-04 10:00:00,Building_A,136.27,7.65,37.69,21.07,16.62,55.9,False,none,normal
2026-03-04 11:00:00,Building_A,143.98,8.06,37.8,21.13,16.67,55.9,False,none,normal
2026-03-04 12:00:00,Building_A,137.31,8.29,40.18,17.3,22.88,43.1,False,none,normal
2026-03-04 13:00:00,Building_A,139.71,7.63,37.75,20.48,17.27,54.2,False,none,normal
2026-03-04 14:00:00,Building_A,139.17,7.41,40.3,23.4,16.9,58.1,False,none,normal
2026-03-04 15:00:00,Building_A,137.71,7.68,38.28,22.62,15.66,59.1,False,none,normal
2026-03-04 16:00:00,Building_A,131.48,8.36,39.26,21.44,17.82,54.6,False,none,normal
2026-03-04 17:00:00,Building_A,130.69,7.93,40.19,19.96,20.23,49.7,False,none,normal
2026-03-04 18:00:00,Building_A,139.52,8.02,38.68,22.6,16.08,58.4,False,none,normal
2026-03-04 19:00:00,Building_A,71.04,4.11,16.97,10.31,6.66,60.8,False,none,normal
2026-03-04 20:00:00,Building_A,81.41,3.89,14.27,7.68,6.59,53.8,False,none,normal
2026-03-04 21:00:00,Building_A,82.03,3.71,15.94,10.13,5.81,63.5,False,none,normal
2026-03-04 22:00:00,Building_A,79.61,3.52,13.42,7.8,5.62,58.1,False,none,normal
2026-03-04 23:00:00,Building_A,30.82,1.01,0.5,0.29,0.21,58.3,False,none,normal
2026-03-05 00:00:00,Building_A,30.42,0.45,0.5,0.25,0.25,50.2,False,none,normal
2026-03-05 01:00:00,Building_A,39.01,0.67,1.71,0.9,0.81,52.9,False,none,normal
2026-03-05 02:00:00,Building_A,26.85,0.62,2.26,1.2,1.06,52.9,False,none,normal
2026-03-05 03:00:00,Building_A,27.57,0.76,1.54,0.95,0.59,61.6,False,none,normal
2026-03-05 04:00:00,Building_A,32.47,0.93,1.8,0.91,0.89,50.4,False,none,normal
2026-03-05 05:00:00,Building_A,27.2,0.33,0.5,0.29,0.21,58.2,False,none,normal
2026-03-05 06:00:00,Building_A,81.01,4.02,11.92,7.54,4.38,63.2,False,none,normal
2026-03-05 07:00:00,Building_A,76.28,4.71,13.29,6.88,6.41,51.8,False,none,normal
2026-03-05 08:00:00,Building_A,128.71,8.11,38.14,19.34,18.8,50.7,False,none,normal
2026-03-05 09:00:00,Building_A,132.03,8.26,40.31,25.09,15.22,62.2,False,none,normal
2026-03-05 10:00:00,Building_A,134.78,8.06,37.91,20.34,17.57,53.7,False,none,normal
2026-03-05 11:00:00,Building_A,135.45,8.15,40.68,23.99,16.69,59.0,False,none,normal
2026-03-05 12:00:00,Building_A,134.15,8.33,39.4,21.16,18.24,53.7,False,none,normal
2026-03-05 13:00:00,Building_A,134.69,7.79,41.55,23.36,18.19,56.2,False,none,normal
2026-03-05 14:00:00,Building_A,138.22,7.89,42.39,25.53,16.86,60.2,False,none,normal
2026-03-05 15:00:00,Building_A,134.64,7.89,39.2,21.79,17.41,55.6,False,none,normal
2026-03-05 16:00:00,Building_A,134.72,8.14,41.2,20.5,20.7,49.7,False,none,normal
2026-03-05 17:00:00,Building_A,133.01,7.82,38.93,24.52,14.41,63.0,False,none,normal
2026-03-05 18:00:00,Building_A,141.53,8.32,39.14,21.08,18.06,53.9,False,none,normal
2026-03-05 19:00:00,Building_A,74.05,4.27,15.62,9.39,6.23,60.1,False,none,normal
2026-03-05 20:00:00,Building_A,79.01,3.94,15.24,8.93,6.31,58.6,False,none,normal
2026-03-05 21:00:00,Building_A,73.97,4.25,15.01,7.62,7.39,50.8,False,none,normal
2026-03-05 22:00:00,Building_A,71.51,3.94,16.77,10.35,6.42,61.7,False,none,normal
2026-03-05 23:00:00,Building_A,32.48,1.39,0.89,0.52,0.37,58.8,False,none,normal
2026-03-06 00:00:00,Building_A,29.25,0.52,0.5,0.23,0.27,46.8,False,none,normal
2026-03-06 01:00:00,Building_A,36.2,0.48,0.5,0.25,0.25,50.3,False,none,normal
2026-03-06 02:00:00,Building_A,30.24,1.32,3.45,1.67,1.78,48.4,False,none,normal
2026-03-06 03:00:00,Building_A,29.64,0.34,2.13,1.2,0.93,56.1,False,none,normal
2026-03-06 04:00:00,Building_A,28.51,0.73,0.5,0.31,0.19,61.5,False,none,normal
2026-03-06 05:00:00,Building_A,33.24,0.94,0.5,0.27,0.23,54.7,False,none,normal
2026-03-06 06:00:00,Building_A,88.19,4.46,12.81,6.88,5.93,53.7,False,none,normal
2026-03-06 07:00:00,Building_A,75.05,4.59,15.32,7.96,7.36,51.9,False,none,normal
2026-03-06 08:00:00,Building_A,137.66,7.07,38.15,21.04,17.11,55.1,False,none,normal
2026-03-06 09:00:00,Building_A,140.91,7.31,39.0,23.03,15.97,59.0,False,none,normal
2026-03-06 10:00:00,Building_A,131.72,8.07,39.54,24.46,15.08,61.9,False,none,normal
2026-03-06 11:00:00,Building_A,136.6,7.93,40.48,20.12,20.36,49.7,False,none,normal
2026-03-06 12:00:00,Building_A,136.64,7.83,39.29,22.94,16.35,58.4,False,none,normal
2026-03-06 13:00:00,Building_A,139.74,7.72,39.62,24.15,15.47,61.0,False,none,normal
2026-03-06 14:00:00,Building_A,134.2,8.04,39.23,21.48,17.75,54.7,False,none,normal
2026-03-06 15:00:00,Building_A,131.0,8.48,38.53,22.77,15.76,59.1,False,none,normal
2026-03-06 16:00:00,Building_A,135.04,7.77,40.91,24.13,16.78,59.0,False,none,normal
2026-03-06 17:00:00,Building_A,138.36,8.25,39.11,21.5,17.61,55.0,False,none,normal
2026-03-06 18:00:00,Building_A,134.88,8.3,38.62,23.54,15.08,60.9,False,none,normal
2026-03-06 19:00:00,Building_A,78.59,4.0,15.94,8.78,7.16,55.1,False,none,normal
2026-03-06 20:00:00,Building_A,78.66,3.98,16.1,8.43,7.67,52.3,False,none,normal
2026-03-06 21:00:00,Building_A,79.35,4.0,16.07,8.77,7.3,54.6,False,none,normal
2026-03-06 22:00:00,Building_A,87.09,3.94,14.75,8.01,6.74,54.3,False,none,normal
2026-03-06 23:00:00,Building_A,25.79,0.34,0.5,0.3,0.2,59.5,False,none,normal
2026-03-07 00:00:00,Building_A,30.92,0.53,2.41,1.48,0.93,61.2,False,none,normal
2026-03-07 01:00:00,Building_A,36.08,0.41,0.5,0.31,0.19,62.3,False,none,normal
2026-03-07 02:00:00,Building_A,32.02,0.61,1.8,1.06,0.74,59.0,False,none,normal
2026-03-07 03:00:00,Building_A,28.77,0.78,2.05,1.03,1.02,50.4,False,none,normal
2026-03-07 04:00:00,Building_A,31.1,0.31,0.5,0.26,0.24,52.7,False,none,normal
2026-03-07 05:00:00,Building_A,32.96,0.59,0.5,0.28,0.22,55.2,False,none,normal
2026-03-07 06:00:00,Building_A,26.47,0.85,2.3,1.26,1.04,54.7,False,none,normal
2026-03-07 07:00:00,Building_A,30.24,0.84,0.5,0.29,0.21,57.1,False,none,normal
2026-03-07 08:00:00,Building_A,43.46,0.66,0.8,0.46,0.34,58.0,False,none,normal
2026-03-07 09:00:00,Building_A,37.64,1.05,0.5,0.29,0.21,57.3,False,none,normal
2026-03-07 10:00:00,Building_A,54.65,1.63,5.19,2.91,2.28,56.1,False,none,normal
2026-03-07 11:00:00,Building_A,39.24,1.84,5.43,3.0,2.43,55.3,False,none,normal
2026-03-07 12:00:00,Building_A,40.93,1.22,8.36,4.63,3.73,55.4,False,none,normal
2026-03-07 13:00:00,Building_A,42.13,1.01,4.33,2.16,2.17,50.0,False,none,normal
2026-03-07 14:00:00,Building_A,44.81,1.75,5.9,3.62,2.28,61.3,False,none,normal
2026-03-07 15:00:00,Building_A,41.49,1.33,5.28,3.11,2.17,59.0,False,none,normal
2026-03-07 16:00:00,Building_A,52.75,0.79,6.16,3.7,2.46,60.1,False,none,normal
2026-03-07 17:00:00,Building_A,38.58,1.61,8.04,4.45,3.59,55.3,False,none,normal
2026-03-07 18:00:00,Building_A,46.56,2.03,8.91,4.88,4.03,54.8,False,none,normal
2026-03-07 19:00:00,Building_A,28.92,0.38,2.11,1.04,1.07,49.5,False,none,normal
2026-03-07 20:00:00,Building_A,30.04,0.74,0.5,0.28,0.22,56.1,False,none,normal
2026-03-07 21:00:00,Building_A,41.31,0.66,0.5,0.3,0.2,59.1,False,none,normal
2026-03-07 22:00:00,Building_A,32.01,1.21,1.14,0.62,0.52,54.0,False,none,normal
2026-03-07 23:00:00,Building_A,23.92,0.2,0.5,0.28,0.22,56.5,False,none,normal
2026-03-08 00:00:00,Building_A,25.61,1.14,0.98,0.53,0.45,54.0,False,none,normal
2026-03-08 01:00:00,Building_A,27.68,0.92,0.5,0.26,0.24,51.1,False,none,normal
2026-03-08 02:00:00,Building_A,35.81,0.83,0.66,0.38,0.28,57.6,False,none,normal
2026-03-08 03:00:00,Building_A,31.09,0.84,0.5,0.32,0.18,63.3,False,none,normal
2026-03-08 04:00:00,Building_A,28.74,1.25,0.71,0.41,0.3,58.2,False,none,normal
2026-03-08 05:00:00,Building_A,33.99,1.11,0.5,0.3,0.2,59.3,False,none,normal
2026-03-08 06:00:00,Building_A,38.44,0.61,0.98,0.52,0.46,52.9,False,none,normal
2026-03-08 07:00:00,Building_A,29.67,1.3,0.5,0.26,0.24,51.2,False,none,normal
2026-03-08 08:00:00,Building_A,37.5,0.92,3.48,1.85,1.63,53.2,False,none,normal
2026-03-08 09:00:00,Building_A,31.56,0.47,1.11,0.53,0.58,47.9,False,none,normal
2026-03-08 10:00:00,Building_A,47.1,1.52,6.51,3.48,3.03,53.4,False,none,normal
2026-03-08 11:00:00,Building_A,40.78,1.66,5.17,2.95,2.22,57.0,False,none,normal
2026-03-08 12:00:00,Building_A,52.66,1.93,4.77,2.52,2.25,52.9,False,none,normal
2026-03-08 13:00:00,Building_A,46.05,1.38,4.9,2.77,2.13,56.5,False,none,normal
2026-03-08 14:00:00,Building_A,44.32,2.08,6.27,3.74,2.53,59.7,False,none,normal
2026-03-08 15:00:00,Building_A,39.29,1.05,7.44,4.41,3.03,59.3,False,none,normal
2026-03-08 16:00:00,Building_A,40.53,1.42,4.92,2.67,2.25,54.3,False,none,normal
2026-03-08 17:00:00,Building_A,47.71,1.26,6.28,3.17,3.11,50.5,False,none,normal
2026-03-08 18:00:00,Building_A,41.77,2.02,6.66,3.4,3.26,51.0,False,none,normal
2026-03-08 19:00:00,Building_A,29.79,0.2,0.5,0.3,0.2,60.4,False,none,normal
2026-03-08 20:00:00,Building_A,30.48,1.37,0.83,0.46,0.37,54.9,False,none,normal
2026-03-08 21:00:00,Building_A,33.62,0.2,1.19,0.65,0.54,54.8,False,none,normal
2026-03-08 22:00:00,Building_A,37.0,1.04,0.5,0.3,0.2,60.0,False,none,normal
2026-03-08 23:00:00,Building_A,30.0,0.39,1.18,0.64,0.54,54.2,False,none,normal
2026-03-09 00:00:00,Building_A,37.21,0.82,1.19,0.7,0.49,58.6,False,none,normal
2026-03-09 01:00:00,Building_A,35.43,0.98,2.64,1.52,1.12,57.4,False,none,normal
2026-03-09 02:00:00,Building_A,31.72,1.14,0.83,0.46,0.37,55.1,False,none,normal
2026-03-09 03:00:00,Building_A,37.94,1.27,0.93,0.49,0.44,53.2,False,none,normal
2026-03-09 04:00:00,Building_A,36.91,0.98,1.32,0.71,0.61,53.7,False,none,normal
2026-03-09 05:00:00,Building_A,32.38,0.7,0.5,0.28,0.22,55.5,False,none,normal
2026-03-09 06:00:00,Building_A,80.91,3.86,16.12,9.7,6.42,60.2,False,none,normal
2026-03-09 07:00:00,Building_A,83.73,3.9,15.94,8.82,7.12,55.3,False,none,normal
2026-03-09 08:00:00,Building_A,132.58,8.22,39.63,25.91,13.72,65.4,False,none,normal
2026-03-09 09:00:00,Building_A,143.35,8.23,39.76,22.13,17.63,55.7,False,none,normal
2026-03-09 10:00:00,Building_A,133.51,7.38,38.41,21.05,17.36,54.8,False,none,normal
2026-03-09 11:00:00,Building_A,129.1,7.79,39.16,21.2,17.96,54.1,False,none,normal
2026-03-09 12:00:00,Building_A,134.88,7.87,41.53,23.94,17.59,57.6,False,none,normal
2026-03-09 13:00:00,Building_A,135.28,7.96,39.42,20.47,18.95,51.9,False,none,normal
2026-03-09 14:00:00,Building_A,134.45,8.34,38.95,19.72,19.23,50.6,False,none,normal
2026-03-09 15:00:00,Building_A,137.35,8.03,37.09,20.34,16.75,54.8,False,none,normal
2026-03-09 16:00:00,Building_A,141.0,8.14,42.13,25.28,16.85,60.0,False,none,normal
2026-03-09 17:00:00,Building_A,143.32,8.97,40.37,22.47,17.9,55.7,False,none,normal
2026-03-09 18:00:00,Building_A,141.42,7.79,39.59,20.75,18.84,52.4,False,none,normal
2026-03-09 19:00:00,Building_A,81.45,3.76,14.21,8.05,6.16,56.7,False,none,normal
2026-03-09 20:00:00,Building_A,79.3,3.32,13.28,6.69,6.59,50.4,False,none,normal
2026-03-09 21:00:00,Building_A,76.32,4.14,15.29,9.06,6.23,59.3,False,none,normal
2026-03-09 22:00:00,Building_A,82.86,4.37,15.76,8.8,6.96,55.8,False,none,normal
2026-03-09 23:00:00,Building_A,35.45,1.03,1.39,0.84,0.55,60.1,False,none,normal
2026-03-10 00:00:00,Building_A,21.67,0.6,0.57,0.34,0.23,59.6,False,none,normal
2026-03-10 01:00:00,Building_A,37.34,0.2,2.63,1.32,1.31,50.3,False,none,normal
2026-03-10 02:00:00,Building_A,26.49,0.62,0.56,0.27,0.29,48.8,False,none,normal
2026-03-10 03:00:00,Building_A,33.65,0.94,2.2,1.17,1.03,53.3,False,none,normal
2026-03-10 04:00:00,Building_A,30.9,0.69,2.97,1.3,1.67,43.7,False,none,normal
2026-03-10 05:00:00,Building_A,27.23,0.71,0.5,0.27,0.23,54.0,False,none,normal
2026-03-10 06:00:00,Building_A,79.35,3.76,15.11,8.69,6.42,57.5,False,none,normal
2026-03-10 07:00:00,Building_A,78.91,3.83,14.83,8.15,6.68,55.0,False,none,normal
2026-03-10 08:00:00,Building_A,130.56,8.15,38.92,23.37,15.55,60.0,False,none,normal
2026-03-10 09:00:00,Building_A,139.89,8.39,38.24,20.46,17.78,53.5,False,none,normal
2026-03-10 10:00:00,Building_A,132.56,7.74,40.96,24.97,15.99,60.9,False,none,normal
2026-03-10 11:00:00,Building_A,132.93,7.82,39.37,22.58,16.79,57.3,False,none,normal
2026-03-10 12:00:00,Building_A,130.49,7.42,40.04,18.9,21.14,47.2,False,none,normal
2026-03-10 13:00:00,Building_A,135.74,8.04,39.96,21.75,18.21,54.4,False,none,normal
2026-03-10 14:00:00,Building_A,136.06,8.28,39.8,20.86,18.94,52.4,False,none,normal
2026-03-10 15:00:00,Building_A,137.68,8.12,41.52,24.14,17.38,58.1,False,none,normal
2026-03-10 16:00:00,Building_A,142.38,7.77,38.83,20.99,17.84,54.1,False,none,normal
2026-03-10 17:00:00,Building_A,136.95,7.63,40.98,23.99,16.99,58.5,False,none,normal
2026-03-10 18:00:00,Building_A,136.3,8.21,39.72,22.99,16.73,57.9,False,none,normal
2026-03-10 19:00:00,Building_A,74.48,3.94,14.96,8.6,6.36,57.5,False,none,normal
2026-03-10 20:00:00,Building_A,77.34,3.12,13.73,7.52,6.21,54.8,False,none,normal
2026-03-10 21:00:00,Building_A,80.11,4.58,15.73,8.7,7.03,55.3,False,none,normal
2026-03-10 22:00:00,Building_A,79.72,4.38,14.32,7.8,6.52,54.4,False,none,normal
2026-03-10 23:00:00,Building_A,26.7,1.2,1.41,0.74,0.67,52.2,False,none,normal
2026-03-11 00:00:00,Building_A,30.6,0.88,0.64,0.34,0.3,52.9,False,none,normal
2026-03-11 01:00:00,Building_A,28.44,0.82,0.51,0.27,0.24,53.2,False,none,normal
2026-03-11 02:00:00,Building_A,25.71,0.73,0.72,0.39,0.33,53.7,False,none,normal
2026-03-11 03:00:00,Building_A,31.85,0.97,1.78,1.02,0.76,57.2,False,none,normal
2026-03-11 04:00:00,Building_A,30.09,0.51,0.5,0.26,0.24,52.6,False,none,normal
2026-03-11 05:00:00,Building_A,31.13,0.43,1.05,0.54,0.51,51.1,False,none,normal
2026-03-11 06:00:00,Building_A,73.21,4.28,14.46,7.47,6.99,51.7,False,none,normal
2026-03-11 07:00:00,Building_A,75.48,4.14,16.68,8.91,7.77,53.4,False,none,normal
2026-03-11 08:00:00,Building_A,136.66,8.36,37.28,23.44,13.84,62.9,False,none,normal
2026-03-11 09:00:00,Building_A,147.3,7.04,39.34,20.51,18.83,52.1,False,none,normal
2026-03-11 10:00:00,Building_A,136.47,7.84,40.43,22.05,18.38,54.5,False,none,normal
2026-03-11 11:00:00,Building_A,133.88,7.93,40.07,20.14,19.93,50.3,False,none,normal
2026-03-11 12:00:00,Building_A,130.94,8.68,38.69,21.07,17.62,54.5,False,none,normal
2026-03-11 13:00:00,Building_A,135.93,8.18,41.58,23.83,17.75,57.3,False,none,normal
2026-03-11 14:00:00,Building_A,131.45,7.5,38.98,21.02,17.96,53.9,False,none,normal
2026-03-11 15:00:00,Building_A,130.64,8.27,38.15,23.26,14.89,61.0,False,none,normal
2026-03-11 16:00:00,Building_A,144.81,7.9,39.98,20.02,19.96,50.1,False,none,normal
2026-03-11 17:00:00,Building_A,140.02,7.81,38.15,20.54,17.61,53.8,False,none,normal
2026-03-11 18:00:00,Building_A,135.66,7.87,40.6,21.05,19.55,51.9,False,none,normal
2026-03-11 19:00:00,Building_A,86.79,3.53,16.97,8.64,8.33,50.9,False,none,normal
2026-03-11 20:00:00,Building_A,79.85,3.82,14.62,8.51,6.11,58.2,False,none,normal
2026-03-11 21:00:00,Building_A,85.85,4.41,14.55,8.11,6.44,55.7,False,none,normal
2026-03-11 22:00:00,Building_A,76.72,3.65,13.66,7.27,6.39,53.2,False,none,normal
2026-03-11 23:00:00,Building_A,32.05,0.2,0.88,0.54,0.34,61.1,False,none,normal
2026-03-12 00:00:00,Building_A,35.54,0.5,0.5,0.28,0.22,56.8,False,none,normal
2026-03-12 01:00:00,Building_A,21.78,1.09,0.68,0.42,0.26,62.3,False,none,normal
2026-03-12 02:00:00,Building_A,24.15,1.03,0.82,0.44,0.38,53.7,False,none,normal
2026-03-12 03:00:00,Building_A,25.57,0.91,1.75,1.09,0.66,62.1,False,none,normal
2026-03-12 04:00:00,Building_A,35.09,0.5,0.5,0.25,0.25,49.5,False,none,normal
2026-03-12 05:00:00,Building_A,36.95,0.43,2.72,1.55,1.17,57.1,False,none,normal
2026-03-12 06:00:00,Building_A,81.17,3.89,15.82,8.69,7.13,54.9,False,none,normal
2026-03-12 07:00:00,Building_A,78.38,4.24,14.86,7.7,7.16,51.8,False,none,normal
2026-03-12 08:00:00,Building_A,139.92,7.96,40.04,21.3,18.74,53.2,False,none,normal
2026-03-12 09:00:00,Building_A,132.69,8.59,41.31,24.18,17.13,58.5,False,none,normal
2026-03-12 10:00:00,Building_A,135.97,7.88,41.12,22.03,19.09,53.6,False,none,normal
2026-03-12 11:00:00,Building_A,134.99,8.64,39.4,24.46,14.94,62.1,False,none,normal
2026-03-12 12:00:00,Building_A,131.93,8.17,41.94,23.12,18.82,55.1,False,none,normal
2026-03-12 13:00:00,Building_A,136.47,7.58,40.76,21.16,19.6,51.9,False,none,normal
2026-03-12 14:00:00,Building_A,137.15,7.55,41.33,24.64,16.69,59.6,False,none,normal
2026-03-12 15:00:00,Building_A,137.4,7.58,41.3,22.11,19.19,53.5,False,none,normal
2026-03-12 16:00:00,Building_A,133.1,7.37,38.68,19.02,19.66,49.2,False,none,normal
2026-03-12 17:00:00,Building_A,135.03,8.25,39.01,22.01,17.0,56.4,False,none,normal
2026-03-12 18:00:00,Building_A,134.63,8.01,41.76,22.39,19.37,53.6,False,none,normal
2026-03-12 19:00:00,Building_A,81.39,3.44,16.86,8.95,7.91,53.1,False,none,normal
2026-03-12 20:00:00,Building_A,84.06,3.95,15.77,9.1,6.67,57.7,False,none,normal
2026-03-12 21:00:00,Building_A,78.04,4.37,14.12,8.21,5.91,58.1,False,none,normal
2026-03-12 22:00:00,Building_A,78.29,4.12,14.48,7.99,6.49,55.2,False,none,normal
2026-03-12 23:00:00,Building_A,26.76,0.79,0.99,0.52,0.47,52.8,False,none,normal
2026-03-13 00:00:00,Building_A,30.83,0.75,0.5,0.27,0.23,54.5,False,none,normal
2026-03-13 01:00:00,Building_A,27.03,1.53,2.21,1.24,0.97,56.1,False,none,normal
2026-03-13 02:00:00,Building_A,35.74,0.2,0.5,0.27,0.23,53.4,False,none,normal
2026-03-13 03:00:00,Building_A,25.54,0.62,1.19,0.7,0.49,58.7,False,none,normal
2026-03-13 04:00:00,Building_A,26.5,0.84,0.96,0.54,0.42,56.4,False,none,normal
2026-03-13 05:00:00,Building_A,28.97,1.19,0.82,0.51,0.31,62.1,False,none,normal
2026-03-13 06:00:00,Building_A,76.69,4.25,14.96,8.03,6.93,53.7,False,none,normal
2026-03-13 07:00:00,Building_A,82.38,3.89,11.84,5.06,6.78,42.7,False,none,normal
2026-03-13 08:00:00,Building_A,142.61,8.42,41.72,22.92,18.8,54.9,False,none,normal
2026-03-13 09:00:00,Building_A,132.35,7.84,39.47,20.12,19.35,51.0,False,none,normal
2026-03-13 10:00:00,Building_A,144.12,8.77,40.03,22.0,18.03,55.0,False,none,normal
2026-03-13 11:00:00,Building_A,132.35,8.53,39.55,21.3,18.25,53.8,False,none,normal
2026-03-13 12:00:00,Building_A,139.45,7.78,39.63,19.51,20.12,49.2,False,none,normal
2026-03-13 13:00:00,Building_A,141.87,7.95,40.85,22.14,18.71,54.2,False,none,normal
2026-03-13 14:00:00,Building_A,136.98,7.56,40.37,20.79,19.58,51.5,False,none,normal
2026-03-13 15:00:00,Building_A,135.58,7.99,39.6,19.08,20.52,48.2,False,none,normal
2026-03-13 16:00:00,Building_A,136.6,8.26,39.0,21.1,17.9,54.1,False,none,normal
2026-03-13 17:00:00,Building_A,138.17,7.94,38.22,20.97,17.25,54.9,False,none,normal
2026-03-13 18:00:00,Building_A,141.5,7.62,39.01,19.3,19.71,49.5,False,none,normal
2026-03-13 19:00:00,Building_A,83.62,3.96,14.01,7.76,6.25,55.4,False,none,normal
2026-03-13 20:00:00,Building_A,75.04,3.63,13.28,6.74,6.54,50.7,False,none,normal
2026-03-13 21:00:00,Building_A,85.28,3.74,15.59,8.05,7.54,51.7,False,none,normal
2026-03-13 22:00:00,Building_A,82.89,3.63,15.08,8.33,6.75,55.2,False,none,normal
2026-03-13 23:00:00,Building_A,40.37,0.93,0.5,0.29,0.21,57.7,False,none,normal
2026-03-14 00:00:00,Building_A,39.61,0.2,0.5,0.27,0.23,54.1,False,none,normal
2026-03-14 01:00:00,Building_A,29.39,0.59,0.5,0.3,0.2,60.6,False,none,normal
2026-03-14 02:00:00,Building_A,25.36,0.63,2.19,1.2,0.99,54.9,False,none,normal
2026-03-14 03:00:00,Building_A,27.14,0.23,0.66,0.34,0.32,52.0,False,none,normal
2026-03-14 04:00:00,Building_A,31.87,0.21,1.92,1.06,0.86,55.5,False,none,normal
2026-03-14 05:00:00,Building_A,31.81,1.21,0.5,0.26,0.24,52.1,False,none,normal
2026-03-14 06:00:00,Building_A,28.86,0.64,0.83,0.43,0.4,51.7,False,none,normal
2026-03-14 07:00:00,Building_A,22.96,0.51,1.37,0.76,0.61,55.5,False,none,normal
2026-03-14 08:00:00,Building_A,35.85,1.39,1.85,1.12,0.73,60.5,False,none,normal
2026-03-14 09:00:00,Building_A,34.12,1.3,3.16,1.86,1.3,58.8,False,none,normal
2026-03-14 10:00:00,Building_A,47.19,1.34,6.53,3.5,3.03,53.6,False,none,normal
2026-03-14 11:00:00,Building_A,46.85,1.16,6.35,2.89,3.46,45.6,False,none,normal
2026-03-14 12:00:00,Building_A,51.26,1.33,7.12,4.33,2.79,60.8,False,none,normal
2026-03-14 13:00:00,Building_A,45.56,1.91,5.09,3.29,1.8,64.6,False,none,normal
2026-03-14 14:00:00,Building_A,48.71,1.48,8.29,4.17,4.12,50.3,False,none,normal
2026-03-14 15:00:00,Building_A,43.21,1.91,4.34,2.48,1.86,57.2,False,none,normal
2026-03-14 16:00:00,Building_A,46.49,2.1,4.68,2.88,1.8,61.4,False,none,normal
2026-03-14 17:00:00,Building_A,42.13,1.25,5.11,2.59,2.52,50.6,False,none,normal
2026-03-14 18:00:00,Building_A,45.98,1.02,7.46,3.91,3.55,52.3,False,none,normal
2026-03-14 19:00:00,Building_A,26.2,0.52,1.34,0.72,0.62,53.9,False,none,normal
2026-03-14 20:00:00,Building_A,31.19,0.95,2.24,1.2,1.04,53.8,False,none,normal
2026-03-14 21:00:00,Building_A,26.88,0.73,1.5,0.74,0.76,49.2,False,none,normal
2026-03-14 22:00:00,Building_A,27.49,0.45,0.69,0.36,0.33,52.0,False,none,normal
2026-03-14 23:00:00,Building_A,33.88,0.2,0.5,0.27,0.23,53.7,False,none,normal
2026-03-15 00:00:00,Building_A,30.35,0.2,0.5,0.27,0.23,53.4,False,none,normal
2026-03-15 01:00:00,Building_A,29.48,0.76,0.5,0.3,0.2,60.9,False,none,normal
2026-03-15 02:00:00,Building_A,33.01,0.42,1.05,0.58,0.47,55.5,False,none,normal
2026-03-15 03:00:00,Building_A,35.91,0.49,1.86,1.03,0.83,55.2,False,none,normal
2026-03-15 04:00:00,Building_A,37.02,1.16,1.18,0.64,0.54,54.0,False,none,normal
2026-03-15 05:00:00,Building_A,33.08,0.64,2.96,1.64,1.32,55.3,False,none,normal
2026-03-15 06:00:00,Building_A,29.43,0.54,0.5,0.29,0.21,57.2,False,none,normal
2026-03-15 07:00:00,Building_A,27.77,1.09,0.5,0.28,0.22,55.5,False,none,normal
2026-03-15 08:00:00,Building_A,35.65,0.2,3.36,1.79,1.57,53.3,False,none,normal
2026-03-15 09:00:00,Building_A,31.62,0.9,1.81,1.02,0.79,56.1,False,none,normal
2026-03-15 10:00:00,Building_A,48.35,1.59,8.69,4.96,3.73,57.1,False,none,normal
2026-03-15 11:00:00,Building_A,52.22,1.72,4.41,2.89,1.52,65.4,False,none,normal
2026-03-15 12:00:00,Building_A,42.07,1.93,6.61,3.92,2.69,59.2,False,none,normal
2026-03-15 13:00:00,Building_A,41.61,1.63,6.27,3.84,2.43,61.3,False,none,normal
2026-03-15 14:00:00,Building_A,46.12,1.74,3.98,2.18,1.8,54.7,False,none,normal
2026-03-15 15:00:00,Building_A,46.01,1.49,7.73,4.14,3.59,53.5,False,none,normal
2026-03-15 16:00:00,Building_A,44.56,1.82,3.84,2.2,1.64,57.4,False,none,normal
2026-03-15 17:00:00,Building_A,43.03,1.09,6.98,4.18,2.8,59.9,False,none,normal
2026-03-15 18:00:00,Building_A,48.52,1.36,7.63,4.46,3.17,58.5,False,none,normal
2026-03-15 19:00:00,Building_A,30.7,0.46,0.5,0.29,0.21,58.4,False,none,normal
2026-03-15 20:00:00,Building_A,30.89,0.34,0.5,0.29,0.21,58.3,False,none,normal
2026-03-15 21:00:00,Building_A,28.87,0.82,2.43,1.21,1.22,49.8,False,none,normal
2026-03-15 22:00:00,Building_A,30.87,0.64,1.4,0.84,0.56,60.0,False,none,normal
2026-03-15 23:00:00,Building_A,25.74,0.9,2.18,1.18,1.0,54.3,False,none,normal
2026-03-16 00:00:00,Building_A,30.5,0.85,1.35,0.77,0.58,57.3,False,none,normal
2026-03-16 01:00:00,Building_A,33.3,0.36,2.13,1.27,0.86,59.7,False,none,normal
2026-03-16 02:00:00,Building_A,31.8,0.2,0.8,0.45,0.35,55.8,False,none,normal
2026-03-16 03:00:00,Building_A,26.48,0.58,0.5,0.29,0.21,57.4,False,none,normal
2026-03-16 04:00:00,Building_A,31.72,0.2,1.36,0.74,0.62,54.8,False,none,normal
2026-03-16 05:00:00,Building_A,33.12,0.57,0.5,0.26,0.24,51.9,False,none,normal
2026-03-16 06:00:00,Building_A,77.7,4.0,15.21,8.25,6.96,54.2,False,none,normal
2026-03-16 07:00:00,Building_A,78.16,3.87,18.04,9.37,8.67,51.9,False,none,normal
2026-03-16 08:00:00,Building_A,135.29,9.14,39.96,19.77,20.19,49.5,False,none,normal
2026-03-16 09:00:00,Building_A,140.9,7.67,40.55,21.96,18.59,54.2,False,none,normal
2026-03-16 10:00:00,Building_A,135.77,8.55,40.14,23.64,16.5,58.9,False,none,normal
2026-03-16 11:00:00,Building_A,139.26,7.83,40.19,24.05,16.14,59.8,False,none,normal
2026-03-16 12:00:00,Building_A,138.06,8.62,40.48,22.61,17.87,55.8,False,none,normal
2026-03-16 13:00:00,Building_A,138.53,8.03,37.96,20.74,17.22,54.6,False,none,normal
2026-03-16 14:00:00,Building_A,138.41,7.84,39.86,21.96,17.9,55.1,False,none,normal
2026-03-16 15:00:00,Building_A,140.62,8.22,39.66,19.64,20.02,49.5,False,none,normal
2026-03-16 16:00:00,Building_A,144.69,7.94,39.36,21.11,18.25,53.6,False,none,normal
2026-03-16 17:00:00,Building_A,135.57,8.53,41.12,23.35,17.77,56.8,False,none,normal
2026-03-16 18:00:00,Building_A,137.09,8.2,39.55,21.45,18.1,54.2,False,none,normal
2026-03-16 19:00:00,Building_A,81.21,3.84,15.33,8.56,6.77,55.8,False,none,normal
2026-03-16 20:00:00,Building_A,82.26,3.78,15.88,8.16,7.72,51.4,False,none,normal
2026-03-16 21:00:00,Building_A,77.56,3.81,13.74,8.12,5.62,59.1,False,none,normal
2026-03-16 22:00:00,Building_A,75.98,3.75,16.54,8.72,7.82,52.7,False,none,normal
2026-03-16 23:00:00,Building_A,30.3,0.35,1.94,1.13,0.81,58.4,False,none,normal
2026-03-17 00:00:00,Building_A,34.01,0.89,1.03,0.54,0.49,52.9,False,none,normal
2026-03-17 01:00:00,Building_A,27.79,1.16,1.86,0.97,0.89,52.2,False,none,normal
2026-03-17 02:00:00,Building_A,31.21,0.6,0.5,0.28,0.22,55.7,False,none,normal
2026-03-17 03:00:00,Building_A,29.39,0.37,0.5,0.24,0.26,48.7,False,none,normal
2026-03-17 04:00:00,Building_A,29.57,0.67,0.5,0.29,0.21,57.6,False,none,normal
2026-03-17 05:00:00,Building_A,30.79,0.91,0.72,0.37,0.35,51.9,False,none,normal
2026-03-17 06:00:00,Building_A,80.31,3.55,15.68,8.04,7.64,51.3,False,none,normal
2026-03-17 07:00:00,Building_A,83.53,3.87,16.31,8.24,8.07,50.5,False,none,normal
2026-03-17 08:00:00,Building_A,134.81,8.12,40.86,25.2,15.66,61.7,False,none,normal
2026-03-17 09:00:00,Building_A,137.69,8.63,39.11,23.23,15.88,59.4,False,none,normal
2026-03-17 10:00:00,Building_A,133.76,8.13,36.65,18.51,18.14,50.5,False,none,normal
2026-03-17 11:00:00,Building_A,139.39,7.53,39.97,23.43,16.54,58.6,False,none,normal
2026-03-17 12:00:00,Building_A,135.52,7.65,38.89,19.89,19.0,51.1,False,none,normal
2026-03-17 13:00:00,Building_A,137.12,8.02,39.09,24.12,14.97,61.7,False,none,normal
2026-03-17 14:00:00,Building_A,134.65,8.47,38.21,21.13,17.08,55.3,False,none,normal
2026-03-17 15:00:00,Building_A,142.26,8.38,38.95,22.29,16.66,57.2,False,none,normal
2026-03-17 16:00:00,Building_A,139.21,7.8,40.2,25.1,15.1,62.4,False,none,normal
2026-03-17 17:00:00,Building_A,139.41,8.18,40.26,19.79,20.47,49.2,False,none,normal
2026-03-17 18:00:00,Building_A,139.37,7.63,38.75,24.66,14.09,63.6,False,none,normal
2026-03-17 19:00:00,Building_A,78.84,3.73,16.41,8.4,8.01,51.2,False,none,normal
2026-03-17 20:00:00,Building_A,78.06,4.43,15.08,7.35,7.73,48.8,False,none,normal
2026-03-17 21:00:00,Building_A,82.03,3.85,16.88,8.87,8.01,52.6,False,none,normal
2026-03-17 22:00:00,Building_A,84.06,4.61,14.01,7.6,6.41,54.2,False,none,normal
2026-03-17 23:00:00,Building_A,32.61,0.4,1.26,0.68,0.58,54.1,False,none,normal
2026-03-18 00:00:00,Building_A,30.07,0.72,1.02,0.57,0.45,55.7,False,none,normal
2026-03-18 01:00:00,Building_A,28.66,0.51,0.8,0.44,0.36,54.8,False,none,normal
2026-03-18 02:00:00,Building_A,29.3,0.82,0.5,0.26,0.24,52.1,False,none,normal
2026-03-18 03:00:00,Building_A,29.93,0.4,2.89,1.59,1.3,55.1,False,none,normal
2026-03-18 04:00:00,Building_A,31.76,0.54,0.92,0.46,0.46,50.1,False,none,normal
2026-03-18 05:00:00,Building_A,30.37,0.38,0.61,0.27,0.34,44.8,False,none,normal
2026-03-18 06:00:00,Building_A,75.34,4.51,16.03,9.66,6.37,60.3,False,none,normal
2026-03-18 07:00:00,Building_A,85.4,4.23,14.49,7.37,7.12,50.9,False,none,normal
2026-03-18 08:00:00,Building_A,142.11,8.01,42.45,22.73,19.72,53.5,False,none,normal
2026-03-18 09:00:00,Building_A,145.42,7.93,41.06,25.37,15.69,61.8,False,none,normal
2026-03-18 10:00:00,Building_A,133.43,7.82,38.22,19.14,19.08,50.1,False,none,normal
2026-03-18 11:00:00,Building_A,140.19,7.92,39.52,22.62,16.9,57.2,False,none,normal
2026-03-18 12:00:00,Building_A,130.1,8.44,39.04,22.3,16.74,57.1,False,none,normal
2026-03-18 13:00:00,Building_A,140.01,8.47,39.33,18.29,21.04,46.5,False,none,normal
2026-03-18 14:00:00,Building_A,137.75,8.06,38.22,21.25,16.97,55.6,False,none,normal
2026-03-18 15:00:00,Building_A,136.08,7.52,40.26,21.24,19.02,52.7,False,none,normal
2026-03-18 16:00:00,Building_A,135.9,7.82,40.94,22.45,18.49,54.8,False,none,normal
2026-03-18 17:00:00,Building_A,137.84,7.83,40.01,24.16,15.85,60.4,False,none,normal
2026-03-18 18:00:00,Building_A,140.12,8.23,40.18,19.88,20.3,49.5,False,none,normal
2026-03-18 19:00:00,Building_A,76.35,3.92,14.16,7.19,6.97,50.7,False,none,normal
2026-03-18 20:00:00,Building_A,72.36,3.52,14.72,8.06,6.66,54.7,False,none,normal
2026-03-18 21:00:00,Building_A,76.68,4.02,14.51,8.61,5.9,59.4,False,none,normal
2026-03-18 22:00:00,Building_A,79.21,4.24,15.28,7.55,7.73,49.4,False,none,normal
2026-03-18 23:00:00,Building_A,30.69,0.27,0.81,0.42,0.39,52.0,False,none,normal
2026-03-19 00:00:00,Building_A,32.58,0.23,0.96,0.55,0.41,57.3,False,none,normal
2026-03-19 01:00:00,Building_A,34.68,0.44,0.96,0.54,0.42,55.7,False,none,normal
2026-03-19 02:00:00,Building_A,37.24,0.2,0.5,0.33,0.17,66.2,False,none,normal
2026-03-19 03:00:00,Building_A,29.96,0.2,0.5,0.22,0.28,43.9,False,none,normal
2026-03-19 04:00:00,Building_A,32.02,0.99,0.5,0.27,0.23,53.1,False,none,normal
2026-03-19 05:00:00,Building_A,34.75,0.2,0.5,0.27,0.23,54.1,False,none,normal
2026-03-19 06:00:00,Building_A,76.84,3.89,13.51,7.55,5.96,55.9,False,none,normal
2026-03-19 07:00:00,Building_A,79.26,4.18,15.27,8.52,6.75,55.8,False,none,normal
2026-03-19 08:00:00,Building_A,131.74,8.16,39.06,21.22,17.84,54.3,False,none,normal
2026-03-19 09:00:00,Building_A,141.72,7.73,41.08,24.97,16.11,60.8,False,none,normal
2026-03-19 10:00:00,Building_A,140.54,7.64,36.83,21.85,14.98,59.3,False,none,normal
2026-03-19 11:00:00,Building_A,137.97,7.72,40.87,21.07,19.8,51.6,False,none,normal
2026-03-19 12:00:00,Building_A,135.83,8.17,38.12,20.8,17.32,54.6,False,none,normal
2026-03-19 13:00:00,Building_A,141.88,8.06,40.95,24.38,16.57,59.5,False,none,normal
2026-03-19 14:00:00,Building_A,137.56,7.17,38.13,22.14,15.99,58.1,False,none,normal
2026-03-19 15:00:00,Building_A,131.32,7.87,39.86,24.27,15.59,60.9,False,none,normal
2026-03-19 16:00:00,Building_A,135.22,7.76,39.39,22.22,17.17,56.4,False,none,normal
2026-03-19 17:00:00,Building_A,136.91,8.35,38.5,21.36,17.14,55.5,False,none,normal
2026-03-19 18:00:00,Building_A,139.31,7.85,40.46,22.49,17.97,55.6,False,none,normal
2026-03-19 19:00:00,Building_A,83.01,4.06,15.48,8.12,7.36,52.5,False,none,normal
2026-03-19 20:00:00,Building_A,77.33,4.42,15.79,8.04,7.75,50.9,False,none,normal
2026-03-19 21:00:00,Building_A,80.58,3.16,14.34,8.44,5.9,58.8,False,none,normal
2026-03-19 22:00:00,Building_A,79.35,4.03,11.41,6.1,5.31,53.4,False,none,normal
2026-03-19 23:00:00,Building_A,32.41,0.87,2.09,1.13,0.96,54.2,False,none,normal
2026-03-20 00:00:00,Building_A,30.39,0.24,0.69,0.34,0.35,50.0,False,none,normal
2026-03-20 01:00:00,Building_A,23.66,0.32,2.75,1.48,1.27,53.9,False,none,normal
2026-03-20 02:00:00,Building_A,31.93,0.52,0.5,0.29,0.21,58.7,False,none,normal
2026-03-20 03:00:00,Building_A,22.37,0.51,0.87,0.49,0.38,55.9,False,none,normal
2026-03-20 04:00:00,Building_A,28.15,0.2,0.5,0.26,0.24,52.0,False,none,normal
2026-03-20 05:00:00,Building_A,27.96,1.04,0.5,0.28,0.22,56.2,False,none,normal
2026-03-20 06:00:00,Building_A,80.49,4.33,14.87,8.65,6.22,58.2,False,none,normal
2026-03-20 07:00:00,Building_A,79.16,4.14,13.23,5.88,7.35,44.4,False,none,normal
2026-03-20 08:00:00,Building_A,139.04,8.14,40.03,21.18,18.85,52.9,False,none,normal
2026-03-20 09:00:00,Building_A,143.48,7.82,39.96,22.93,17.03,57.4,False,none,normal
2026-03-20 10:00:00,Building_A,144.4,7.87,38.67,18.95,19.72,49.0,False,none,normal
2026-03-20 11:00:00,Building_A,143.73,8.13,40.0,26.99,13.01,67.5,False,none,normal
2026-03-20 12:00:00,Building_A,138.83,7.53,39.22,20.04,19.18,51.1,False,none,normal
2026-03-20 13:00:00,Building_A,135.94,7.84,38.75,19.15,19.6,49.4,False,none,normal
2026-03-20 14:00:00,Building_A,143.9,8.09,39.19,22.74,16.45,58.0,False,none,normal
2026-03-20 15:00:00,Building_A,139.41,8.08,40.28,22.37,17.91,55.5,False,none,normal
2026-03-20 16:00:00,Building_A,140.21,8.25,39.65,21.46,18.19,54.1,False,none,normal
2026-03-20 17:00:00,Building_A,143.65,7.82,39.93,22.62,17.31,56.7,False,none,normal
2026-03-20 18:00:00,Building_A,135.09,7.7,39.03,20.7,18.33,53.0,False,none,normal
2026-03-20 19:00:00,Building_A,74.02,3.76,15.35,9.22,6.13,60.1,False,none,normal
2026-03-20 20:00:00,Building_A,82.07,3.08,15.8,8.34,7.46,52.8,False,none,normal
2026-03-20 21:00:00,Building_A,81.67,3.99,14.8,8.08,6.72,54.6,False,none,normal
2026-03-20 22:00:00,Building_A,79.76,4.46,15.01,8.91,6.1,59.3,False,none,normal
2026-03-20 23:00:00,Building_A,34.81,0.94,0.5,0.3,0.2,59.5,False,none,normal
2026-03-21 00:00:00,Building_A,29.22,0.96,0.5,0.25,0.25,50.3,False,none,normal
2026-03-21 01:00:00,Building_A,38.96,0.37,2.31,1.28,1.03,55.5,False,none,normal
2026-03-21 02:00:00,Building_A,29.37,0.69,0.5,0.27,0.23,54.9,False,none,normal
2026-03-21 03:00:00,Building_A,26.72,0.57,2.05,1.15,0.9,56.0,False,none,normal
2026-03-21 04:00:00,Building_A,25.13,1.0,0.93,0.49,0.44,52.8,False,none,normal
2026-03-21 05:00:00,Building_A,34.04,0.65,0.5,0.31,0.19,62.4,False,none,normal
2026-03-21 06:00:00,Building_A,30.98,0.68,0.5,0.3,0.2,59.7,False,none,normal
2026-03-21 07:00:00,Building_A,28.95,0.2,0.5,0.3,0.2,60.3,False,none,normal
2026-03-21 08:00:00,Building_A,34.38,0.62,2.59,1.5,1.09,58.0,False,none,normal
2026-03-21 09:00:00,Building_A,29.99,0.65,1.33,0.69,0.64,51.7,False,none,normal
2026-03-21 10:00:00,Building_A,44.38,1.52,4.55,2.47,2.08,54.2,False,none,normal
2026-03-21 11:00:00,Building_A,43.15,1.77,4.36,2.33,2.03,53.5,False,none,normal
2026-03-21 12:00:00,Building_A,42.44,1.75,6.52,4.05,2.47,62.2,False,none,normal
2026-03-21 13:00:00,Building_A,47.01,1.27,6.86,3.68,3.18,53.6,False,none,normal
2026-03-21 14:00:00,Building_A,47.8,0.94,5.59,3.18,2.41,56.8,False,none,normal
2026-03-21 15:00:00,Building_A,49.27,0.64,8.23,4.48,3.75,54.4,False,none,normal
2026-03-21 16:00:00,Building_A,36.83,0.36,4.74,2.6,2.14,54.9,False,none,normal
2026-03-21 17:00:00,Building_A,44.1,1.63,5.92,2.99,2.93,50.6,False,none,normal
2026-03-21 18:00:00,Building_A,42.71,1.42,6.85,3.55,3.3,51.8,False,none,normal
2026-03-21 19:00:00,Building_A,34.66,0.49,0.5,0.26,0.24,52.8,False,none,normal
2026-03-21 20:00:00,Building_A,35.35,0.66,0.5,0.29,0.21,58.7,False,none,normal
2026-03-21 21:00:00,Building_A,39.63,0.78,2.42,1.43,0.99,59.1,False,none,normal
2026-03-21 22:00:00,Building_A,28.63,0.71,0.5,0.27,0.23,54.2,False,none,normal
2026-03-21 23:00:00,Building_A,28.55,0.56,0.5,0.27,0.23,53.9,False,none,normal
2026-03-22 00:00:00,Building_A,33.18,0.66,0.5,0.26,0.24,52.0,False,none,normal
2026-03-22 01:00:00,Building_A,24.98,0.79,1.54,0.86,0.68,56.0,False,none,normal
2026-03-22 02:00:00,Building_A,27.9,0.79,0.5,0.25,0.25,50.4,False,none,normal
2026-03-22 03:00:00,Building_A,34.02,0.99,2.08,1.09,0.99,52.6,False,none,normal
2026-03-22 04:00:00,Building_A,35.77,0.53,1.72,0.91,0.81,53.0,False,none,normal
2026-03-22 05:00:00,Building_A,30.16,0.2,0.58,0.32,0.26,55.4,False,none,normal
2026-03-22 06:00:00,Building_A,29.41,1.32,0.5,0.26,0.24,52.7,False,none,normal
2026-03-22 07:00:00,Building_A,27.43,0.51,2.18,1.33,0.85,60.9,False,none,normal
2026-03-22 08:00:00,Building_A,28.25,0.45,0.5,0.3,0.2,60.2,False,none,normal
2026-03-22 09:00:00,Building_A,35.54,0.67,0.5,0.25,0.25,49.8,False,none,normal
2026-03-22 10:00:00,Building_A,45.05,1.6,4.1,2.2,1.9,53.7,False,none,normal
2026-03-22 11:00:00,Building_A,50.84,1.33,8.36,4.82,3.54,57.6,False,none,normal
2026-03-22 12:00:00,Building_A,40.03,1.31,6.42,3.29,3.13,51.2,False,none,normal
2026-03-22 13:00:00,Building_A,40.48,1.94,5.4,3.2,2.2,59.3,False,none,normal
2026-03-22 14:00:00,Building_A,42.62,1.4,7.25,3.81,3.44,52.6,False,none,normal
2026-03-22 15:00:00,Building_A,46.63,0.69,7.1,3.2,3.9,45.1,False,none,normal
2026-03-22 16:00:00,Building_A,43.46,1.71,7.32,3.65,3.67,49.8,False,none,normal
2026-03-22 17:00:00,Building_A,39.68,1.17,6.8,3.19,3.61,46.9,False,none,normal
2026-03-22 18:00:00,Building_A,44.31,1.52,6.24,3.56,2.68,57.1,False,none,normal
2026-03-22 19:00:00,Building_A,31.95,0.52,0.5,0.28,0.22,55.5,False,none,normal
2026-03-22 20:00:00,Building_A,27.24,0.5,1.51,0.92,0.59,60.7,False,none,normal
2026-03-22 21:00:00,Building_A,30.9,0.9,0.5,0.28,0.22,56.0,False,none,normal
2026-03-22 22:00:00,Building_A,30.81,1.13,0.5,0.27,0.23,54.0,False,none,normal
2026-03-22 23:00:00,Building_A,35.29,0.67,0.5,0.33,0.17,65.2,False,none,normal
2026-03-23 00:00:00,Building_A,26.74,0.68,1.36,0.76,0.6,56.1,False,none,normal
2026-03-23 01:00:00,Building_A,30.3,0.64,0.66,0.33,0.33,50.5,False,none,normal
2026-03-23 02:00:00,Building_A,39.65,0.63,1.66,0.89,0.77,53.7,False,none,normal
2026-03-23 03:00:00,Building_A,29.63,0.55,0.5,0.27,0.23,54.4,False,none,normal
2026-03-23 04:00:00,Building_A,29.43,1.11,0.5,0.26,0.24,52.7,False,none,normal
2026-03-23 05:00:00,Building_A,27.46,1.21,0.5,0.29,0.21,57.2,False,none,normal
2026-03-23 06:00:00,Building_A,83.73,3.94,13.38,6.63,6.75,49.5,False,none,normal
2026-03-23 07:00:00,Building_A,83.29,3.55,15.5,8.6,6.9,55.5,False,none,normal
2026-03-23 08:00:00,Building_A,139.03,8.15,38.34,19.59,18.75,51.1,False,none,normal
2026-03-23 09:00:00,Building_A,140.38,7.77,36.16,20.83,15.33,57.6,False,none,normal
2026-03-23 10:00:00,Building_A,133.38,8.15,41.13,22.65,18.48,55.1,False,none,normal
2026-03-23 11:00:00,Building_A,141.51,8.04,41.36,20.99,20.37,50.8,False,none,normal
2026-03-23 12:00:00,Building_A,137.49,8.22,39.23,23.38,15.85,59.6,False,none,normal
2026-03-23 13:00:00,Building_A,135.8,8.71,42.0,23.57,18.43,56.1,False,none,normal
2026-03-23 14:00:00,Building_A,139.74,8.4,38.03,18.92,19.11,49.8,False,none,normal
2026-03-23 15:00:00,Building_A,142.55,8.08,39.19,21.57,17.62,55.0,False,none,normal
2026-03-23 16:00:00,Building_A,127.98,7.92,38.55,22.62,15.93,58.7,False,none,normal
2026-03-23 17:00:00,Building_A,141.51,8.19,39.93,19.57,20.36,49.0,False,none,normal
2026-03-23 18:00:00,Building_A,139.89,8.21,40.95,25.99,14.96,63.5,False,none,normal
2026-03-23 19:00:00,Building_A,73.08,3.86,14.14,7.87,6.27,55.7,False,none,normal
2026-03-23 20:00:00,Building_A,79.91,3.91,16.26,8.23,8.03,50.6,False,none,normal
2026-03-23 21:00:00,Building_A,75.69,3.63,14.6,7.31,7.29,50.1,False,none,normal
2026-03-23 22:00:00,Building_A,79.66,3.93,14.09,8.24,5.85,58.5,False,none,normal
2026-03-23 23:00:00,Building_A,30.82,1.08,0.71,0.39,0.32,54.9,False,none,normal
2026-03-24 00:00:00,Building_A,28.8,0.7,1.79,0.96,0.83,53.4,False,none,normal
2026-03-24 01:00:00,Building_A,33.13,0.42,1.85,0.97,0.88,52.7,False,none,normal
2026-03-24 02:00:00,Building_A,34.46,0.73,2.76,1.39,1.37,50.4,False,none,normal
2026-03-24 03:00:00,Building_A,25.15,0.49,0.5,0.25,0.25,49.5,False,none,normal
2026-03-24 04:00:00,Building_A,33.54,0.7,0.5,0.27,0.23,53.5,False,none,normal
2026-03-24 05:00:00,Building_A,28.67,1.28,0.5,0.25,0.25,49.7,False,none,normal
2026-03-24 06:00:00,Building_A,83.04,3.92,17.48,9.25,8.23,52.9,False,none,normal
2026-03-24 07:00:00,Building_A,83.24,4.37,14.41,7.5,6.91,52.0,False,none,normal
2026-03-24 08:00:00,Building_A,140.49,8.19,37.76,19.06,18.7,50.5,False,none,normal
2026-03-24 09:00:00,Building_A,127.38,8.19,39.14,21.27,17.87,54.4,False,none,normal
2026-03-24 10:00:00,Building_A,130.76,7.6,38.88,20.34,18.54,52.3,False,none,normal
2026-03-24 11:00:00,Building_A,138.0,8.19,42.18,23.17,19.01,54.9,False,none,normal
2026-03-24 12:00:00,Building_A,141.99,7.69,37.45,20.07,17.38,53.6,False,none,normal
2026-03-24 13:00:00,Building_A,131.13,7.99,38.52,18.17,20.35,47.2,False,none,normal
2026-03-24 14:00:00,Building_A,144.47,7.8,37.49,21.97,15.52,58.6,False,none,normal
2026-03-24 15:00:00,Building_A,134.61,8.37,38.58,20.38,18.2,52.8,False,none,normal
2026-03-24 16:00:00,Building_A,138.9,8.19,40.38,22.06,18.32,54.6,False,none,normal
2026-03-24 17:00:00,Building_A,139.64,8.25,39.7,21.61,18.09,54.4,False,none,normal
2026-03-24 18:00:00,Building_A,131.74,8.2,39.51,21.08,18.43,53.3,False,none,normal
2026-03-24 19:00:00,Building_A,84.96,3.49,17.0,9.33,7.67,54.9,False,none,normal
2026-03-24 20:00:00,Building_A,81.12,3.85,13.03,7.09,5.94,54.4,False,none,normal
2026-03-24 21:00:00,Building_A,81.19,4.23,14.79,6.84,7.95,46.2,False,none,normal
2026-03-24 22:00:00,Building_A,73.69,4.71,13.72,8.33,5.39,60.7,False,none,normal
2026-03-24 23:00:00,Building_A,27.32,0.64,1.69,0.87,0.82,51.7,False,none,normal
2026-03-25 00:00:00,Building_A,37.42,0.73,1.49,0.8,0.69,53.9,False,none,normal
2026-03-25 01:00:00,Building_A,33.69,1.26,0.78,0.48,0.3,61.9,False,none,normal
2026-03-25 02:00:00,Building_A,28.61,0.97,1.53,0.78,0.75,50.7,False,none,normal
2026-03-25 03:00:00,Building_A,31.91,0.71,0.5,0.28,0.22,56.4,False,none,normal
2026-03-25 04:00:00,Building_A,31.64,0.68,0.86,0.47,0.39,54.6,False,none,normal
2026-03-25 05:00:00,Building_A,29.58,0.75,0.5,0.33,0.17,65.6,False,none,normal
2026-03-25 06:00:00,Building_A,74.22,3.79,14.42,9.11,5.31,63.2,False,none,normal
2026-03-25 07:00:00,Building_A,74.57,4.14,15.33,8.64,6.69,56.3,False,none,normal
2026-03-25 08:00:00,Building_A,142.47,8.41,38.92,21.71,17.21,55.8,False,none,normal
2026-03-25 09:00:00,Building_A,130.07,8.02,38.5,20.89,17.61,54.3,False,none,normal
2026-03-25 10:00:00,Building_A,130.78,8.13,37.42,20.8,16.62,55.6,False,none,normal
2026-03-25 11:00:00,Building_A,132.62,7.69,40.84,23.42,17.42,57.4,False,none,normal
2026-03-25 12:00:00,Building_A,142.12,8.53,38.53,23.5,15.03,61.0,False,none,normal
2026-03-25 13:00:00,Building_A,131.66,8.25,38.86,19.93,18.93,51.3,False,none,normal
2026-03-25 14:00:00,Building_A,139.98,8.32,40.56,22.66,17.9,55.9,False,none,normal
2026-03-25 15:00:00,Building_A,138.05,8.17,39.82,22.76,17.06,57.2,False,none,normal
2026-03-25 16:00:00,Building_A,138.34,8.28,37.5,20.43,17.07,54.5,False,none,normal
2026-03-25 17:00:00,Building_A,131.99,8.08,41.43,22.0,19.43,53.1,False,none,normal
2026-03-25 18:00:00,Building_A,138.03,8.25,36.98,19.57,17.41,52.9,False,none,normal
2026-03-25 19:00:00,Building_A,81.31,2.98,13.86,8.23,5.63,59.4,False,none,normal
2026-03-25 20:00:00,Building_A,83.87,4.12,16.09,8.99,7.1,55.9,False,none,normal
2026-03-25 21:00:00,Building_A,82.07,3.88,15.17,7.96,7.21,52.5,False,none,normal
2026-03-25 22:00:00,Building_A,84.91,4.53,16.69,8.91,7.78,53.4,False,none,normal
2026-03-25 23:00:00,Building_A,27.24,1.15,1.59,0.9,0.69,56.3,False,none,normal
2026-03-26 00:00:00,Building_A,28.52,0.85,0.5,0.29,0.21,57.5,False,none,normal
2026-03-26 01:00:00,Building_A,36.57,1.28,1.79,0.89,0.9,49.5,False,none,normal
2026-03-26 02:00:00,Building_A,31.84,1.45,0.5,0.27,0.23,54.8,False,none,normal
2026-03-26 03:00:00,Building_A,36.71,0.92,3.92,2.04,1.88,52.1,False,none,normal
2026-03-26 04:00:00,Building_A,27.1,1.13,0.5,0.27,0.23,54.2,False,none,normal
2026-03-26 05:00:00,Building_A,30.79,1.07,1.68,0.95,0.73,56.8,False,none,normal
2026-03-26 06:00:00,Building_A,78.24,4.42,19.86,11.47,8.39,57.8,False,none,normal
2026-03-26 07:00:00,Building_A,80.25,3.54,14.27,7.73,6.54,54.1,False,none,normal
2026-03-26 08:00:00,Building_A,135.39,7.98,41.59,24.95,16.64,60.0,False,none,normal
2026-03-26 09:00:00,Building_A,136.89,7.56,41.06,22.5,18.56,54.8,False,none,normal
2026-03-26 10:00:00,Building_A,130.62,8.23,40.69,18.43,22.26,45.3,False,none,normal
2026-03-26 11:00:00,Building_A,134.23,7.95,40.34,21.35,18.99,52.9,False,none,normal
2026-03-26 12:00:00,Building_A,134.2,8.24,38.89,22.23,16.66,57.2,False,none,normal
2026-03-26 13:00:00,Building_A,133.08,7.51,40.36,22.61,17.75,56.0,False,none,normal
2026-03-26 14:00:00,Building_A,141.21,7.8,38.5,23.27,15.23,60.4,False,none,normal
2026-03-26 15:00:00,Building_A,131.43,8.42,41.04,23.98,17.06,58.4,False,none,normal
2026-03-26 16:00:00,Building_A,134.77,7.7,39.2,19.53,19.67,49.8,False,none,normal
2026-03-26 17:00:00,Building_A,133.68,8.21,40.24,20.44,19.8,50.8,False,none,normal
2026-03-26 18:00:00,Building_A,140.23,8.14,41.27,23.64,17.63,57.3,False,none,normal
2026-03-26 19:00:00,Building_A,84.09,4.16,16.21,8.08,8.13,49.9,False,none,normal
2026-03-26 20:00:00,Building_A,79.37,3.98,14.74,8.37,6.37,56.8,False,none,normal
2026-03-26 21:00:00,Building_A,82.39,4.13,14.82,7.71,7.11,52.1,False,none,normal
2026-03-26 22:00:00,Building_A,84.24,4.12,13.81,7.49,6.32,54.2,False,none,normal
2026-03-26 23:00:00,Building_A,24.08,0.72,0.7,0.37,0.33,52.7,False,none,normal
2026-03-27 00:00:00,Building_A,37.39,0.3,1.79,1.14,0.65,63.7,False,none,normal
2026-03-27 01:00:00,Building_A,35.36,0.69,0.5,0.25,0.25,49.6,False,none,normal
2026-03-27 02:00:00,Building_A,29.41,0.46,0.5,0.27,0.23,53.7,False,none,normal
2026-03-27 03:00:00,Building_A,30.65,0.87,0.5,0.26,0.24,52.3,False,none,normal
2026-03-27 04:00:00,Building_A,30.42,0.64,3.14,1.76,1.38,55.9,False,none,normal
2026-03-27 05:00:00,Building_A,24.6,0.85,1.59,0.87,0.72,54.5,False,none,normal
2026-03-27 06:00:00,Building_A,75.0,4.61,13.75,7.93,5.82,57.6,False,none,normal
2026-03-27 07:00:00,Building_A,80.65,4.2,17.08,9.78,7.3,57.2,False,none,normal
2026-03-27 08:00:00,Building_A,135.29,8.37,38.7,21.54,17.16,55.7,False,none,normal
2026-03-27 09:00:00,Building_A,132.35,7.62,39.52,22.32,17.2,56.5,False,none,normal
2026-03-27 10:00:00,Building_A,130.72,8.16,38.47,23.13,15.34,60.1,False,none,normal
2026-03-27 11:00:00,Building_A,136.12,7.59,39.55,20.3,19.25,51.3,False,none,normal
2026-03-27 12:00:00,Building_A,142.6,7.99,39.27,22.53,16.74,57.4,False,none,normal
2026-03-27 13:00:00,Building_A,133.51,7.53,39.95,20.22,19.73,50.6,False,none,normal
2026-03-27 14:00:00,Building_A,133.12,8.28,40.09,20.04,20.05,50.0,False,none,normal
2026-03-27 15:00:00,Building_A,135.05,7.67,41.59,24.38,17.21,58.6,False,none,normal
2026-03-27 16:00:00,Building_A,135.84,8.19,37.83,19.79,18.04,52.3,False,none,normal
2026-03-27 17:00:00,Building_A,137.94,8.14,39.34,22.03,17.31,56.0,False,none,normal
2026-03-27 18:00:00,Building_A,137.84,7.93,39.1,20.84,18.26,53.3,False,none,normal
2026-03-27 19:00:00,Building_A,80.78,4.14,15.27,7.68,7.59,50.3,False,none,normal
2026-03-27 20:00:00,Building_A,75.86,4.13,16.8,9.34,7.46,55.6,False,none,normal
2026-03-27 21:00:00,Building_A,78.21,4.07,13.67,8.23,5.44,60.2,False,none,normal
2026-03-27 22:00:00,Building_A,80.6,3.76,14.83,7.84,6.99,52.9,False,none,normal
2026-03-27 23:00:00,Building_A,36.3,0.63,1.13,0.65,0.48,57.3,False,none,normal
2026-03-28 00:00:00,Building_A,28.09,0.77,1.27,0.62,0.65,48.8,False,none,normal
2026-03-28 01:00:00,Building_A,32.06,0.69,1.1,0.61,0.49,55.1,False,none,normal
2026-03-28 02:00:00,Building_A,32.09,1.17,0.5,0.27,0.23,53.6,False,none,normal
2026-03-28 03:00:00,Building_A,33.72,0.87,1.49,0.98,0.51,66.0,False,none,normal
2026-03-28 04:00:00,Building_A,33.51,1.1,0.57,0.29,0.28,51.0,False,none,normal
2026-03-28 05:00:00,Building_A,29.8,0.95,1.43,0.81,0.62,56.6,False,none,normal
2026-03-28 06:00:00,Building_A,30.2,0.57,0.72,0.42,0.3,57.9,False,none,normal
2026-03-28 07:00:00,Building_A,34.42,0.35,1.85,0.97,0.88,52.4,False,none,normal
2026-03-28 08:00:00,Building_A,32.93,0.64,2.82,1.5,1.32,53.3,False,none,normal
2026-03-28 09:00:00,Building_A,31.77,0.92,0.5,0.27,0.23,54.7,False,none,normal
2026-03-28 10:00:00,Building_A,43.3,1.23,6.05,3.6,2.45,59.4,False,none,normal
2026-03-28 11:00:00,Building_A,41.97,1.61,6.95,3.43,3.52,49.4,False,none,normal
2026-03-28 12:00:00,Building_A,46.44,0.91,7.33,3.88,3.45,53.0,False,none,normal
2026-03-28 13:00:00,Building_A,44.4,0.96,6.72,3.95,2.77,58.7,False,none,normal
2026-03-28 14:00:00,Building_A,41.14,1.2,7.12,4.05,3.07,56.9,False,none,normal
2026-03-28 15:00:00,Building_A,34.63,2.11,7.21,4.17,3.04,57.8,False,none,normal
2026-03-28 16:00:00,Building_A,43.79,0.76,7.39,3.9,3.49,52.7,False,none,normal
2026-03-28 17:00:00,Building_A,46.54,1.33,6.86,3.56,3.3,51.9,False,none,normal
2026-03-28 18:00:00,Building_A,47.82,0.99,9.27,5.93,3.34,64.0,False,none,normal
2026-03-28 19:00:00,Building_A,37.58,1.15,0.84,0.5,0.34,59.7,False,none,normal
2026-03-28 20:00:00,Building_A,30.67,0.2,2.74,1.63,1.11,59.5,False,none,normal
2026-03-28 21:00:00,Building_A,30.93,0.28,0.5,0.24,0.26,47.7,False,none,normal
2026-03-28 22:00:00,Building_A,34.83,0.2,1.28,0.66,0.62,51.6,False,none,normal
2026-03-28 23:00:00,Building_A,25.35,0.79,0.54,0.32,0.22,58.4,False,none,normal
2026-03-29 00:00:00,Building_A,25.98,0.44,0.5,0.23,0.27,46.3,False,none,normal
2026-03-29 01:00:00,Building_A,38.25,1.43,1.05,0.54,0.51,51.7,False,none,normal
2026-03-29 02:00:00,Building_A,29.86,1.01,0.5,0.28,0.22,56.0,False,none,normal
2026-03-29 03:00:00,Building_A,31.0,0.51,0.5,0.28,0.22,56.2,False,none,normal
2026-03-29 04:00:00,Building_A,27.15,0.86,0.5,0.28,0.22,55.5,False,none,normal
2026-03-29 05:00:00,Building_A,36.59,0.65,2.04,0.98,1.06,47.8,False,none,normal
2026-03-29 06:00:00,Building_A,29.17,0.71,3.25,1.53,1.72,47.2,False,none,normal
2026-03-29 07:00:00,Building_A,30.67,1.21,0.5,0.27,0.23,54.1,False,none,normal
2026-03-29 08:00:00,Building_A,32.38,0.77,2.82,1.6,1.22,56.8,False,none,normal
2026-03-29 09:00:00,Building_A,36.37,0.58,0.5,0.27,0.23,54.1,False,none,normal
2026-03-29 10:00:00,Building_A,39.73,1.58,6.11,3.2,2.91,52.3,False,none,normal
2026-03-29 11:00:00,Building_A,46.36,1.01,7.5,3.98,3.52,53.1,False,none,normal
2026-03-29 12:00:00,Building_A,49.0,1.27,7.33,4.08,3.25,55.7,False,none,normal
2026-03-29 13:00:00,Building_A,47.34,1.45,4.58,2.7,1.88,59.0,False,none,normal
2026-03-29 14:00:00,Building_A,44.01,1.69,7.4,3.84,3.56,51.9,False,none,normal
2026-03-29 15:00:00,Building_A,40.7,1.64,6.21,3.65,2.56,58.7,False,none,normal
2026-03-29 16:00:00,Building_A,43.65,1.77,7.08,3.98,3.1,56.2,False,none,normal
2026-03-29 17:00:00,Building_A,42.87,1.49,8.01,4.39,3.62,54.8,False,none,normal
2026-03-29 18:00:00,Building_A,46.49,1.43,6.73,4.17,2.56,61.9,False,none,normal
2026-03-29 19:00:00,Building_A,35.86,0.73,1.2,0.63,0.57,52.2,False,none,normal
2026-03-29 20:00:00,Building_A,30.36,0.81,1.96,1.14,0.82,58.0,False,none,normal
2026-03-29 21:00:00,Building_A,26.62,1.05,0.83,0.42,0.41,51.1,False,none,normal
2026-03-29 22:00:00,Building_A,36.4,1.22,1.26,0.73,0.53,57.8,False,none,normal
2026-03-29 23:00:00,Building_A,34.12,1.19,1.81,0.9,0.91,49.7,False,none,normal
2026-03-30 00:00:00,Building_A,39.09,1.08,0.5,0.25,0.25,50.9,False,none,normal
2026-03-30 01:00:00,Building_A,33.07,0.61,1.34,0.78,0.56,58.0,False,none,normal
2026-03-30 02:00:00,Building_A,28.79,0.31,1.4,0.74,0.66,52.9,False,none,normal
2026-03-30 03:00:00,Building_A,31.64,0.23,0.64,0.37,0.27,57.9,False,none,normal
2026-03-30 04:00:00,Building_A,33.48,0.43,0.5,0.28,0.22,55.1,False,none,normal
2026-03-30 05:00:00,Building_A,33.3,0.85,0.5,0.28,0.22,56.2,False,none,normal
2026-03-30 06:00:00,Building_A,85.86,4.06,13.07,7.29,5.78,55.8,False,none,normal
2026-03-30 07:00:00,Building_A,88.03,3.54,15.07,8.15,6.92,54.1,False,none,normal
2026-03-30 08:00:00,Building_A,137.91,8.05,40.82,22.59,18.23,55.3,False,none,normal
2026-03-30 09:00:00,Building_A,142.63,7.94,39.04,20.43,18.61,52.3,False,none,normal
2026-03-30 10:00:00,Building_A,130.26,8.08,41.92,23.82,18.1,56.8,False,none,normal
2026-03-30 11:00:00,Building_A,140.27,7.84,39.16,23.08,16.08,58.9,False,none,normal
2026-03-30 12:00:00,Building_A,145.56,8.51,40.42,22.29,18.13,55.1,False,none,normal
2026-03-30 13:00:00,Building_A,138.36,7.72,37.72,19.05,18.67,50.5,False,none,normal
2026-03-30 14:00:00,Building_A,137.72,7.88,37.69,20.67,17.02,54.9,False,none,normal
2026-03-30 15:00:00,Building_A,136.25,7.57,39.01,20.95,18.06,53.7,False,none,normal
2026-03-30 16:00:00,Building_A,135.06,8.31,37.17,17.49,19.68,47.1,False,none,normal
2026-03-30 17:00:00,Building_A,137.54,8.02,39.94,21.11,18.83,52.8,False,none,normal
2026-03-30 18:00:00,Building_A,133.85,7.98,38.93,23.83,15.1,61.2,False,none,normal
2026-03-30 19:00:00,Building_A,78.56,3.97,18.0,9.76,8.24,54.2,False,none,normal
2026-03-30 20:00:00,Building_A,82.08,4.22,15.91,8.93,6.98,56.2,False,none,normal
2026-03-30 21:00:00,Building_A,80.63,4.03,14.34,8.07,6.27,56.3,False,none,normal
2026-03-30 22:00:00,Building_A,87.97,4.42,15.4,9.0,6.4,58.4,False,none,normal
2026-03-30 23:00:00,Building_A,27.58,0.61,2.08,1.27,0.81,60.9,False,none,normal
2026-03-31 00:00:00,Building_A,27.97,0.54,3.56,1.97,1.59,55.4,False,none,normal
2026-03-31 01:00:00,Building_A,38.35,0.78,1.23,0.66,0.57,53.8,False,none,normal
2026-03-31 02:00:00,Building_A,34.82,1.18,0.5,0.27,0.23,53.6,False,none,normal
2026-03-31 03:00:00,Building_A,34.71,0.66,0.5,0.3,0.2,59.0,False,none,normal
2026-03-31 04:00:00,Building_A,35.47,0.55,1.19,0.6,0.59,50.2,False,none,normal
2026-03-31 05:00:00,Building_A,27.47,0.75,0.98,0.5,0.48,51.1,False,none,normal
2026-03-31 06:00:00,Building_A,76.99,3.62,15.58,7.34,8.24,47.1,False,none,normal
2026-03-31 07:00:00,Building_A,75.81,3.34,15.53,7.42,8.11,47.8,False,none,normal
2026-03-31 08:00:00,Building_A,137.65,8.56,41.47,19.81,21.66,47.8,False,none,normal
2026-03-31 09:00:00,Building_A,138.72,7.64,38.03,20.74,17.29,54.5,False,none,normal
2026-03-31 10:00:00,Building_A,142.44,8.2,38.6,22.32,16.28,57.8,False,none,normal
2026-03-31 11:00:00,Building_A,128.55,7.72,38.47,21.28,17.19,55.3,False,none,normal
2026-03-31 12:00:00,Building_A,136.71,7.94,39.25,21.62,17.63,55.1,False,none,normal
2026-03-31 13:00:00,Building_A,139.69,8.04,39.12,22.14,16.98,56.6,False,none,normal
2026-03-31 14:00:00,Building_A,140.83,7.79,39.39,23.5,15.89,59.6,False,none,normal
2026-03-31 15:00:00,Building_A,133.11,8.62,37.85,20.29,17.56,53.6,False,none,normal
2026-03-31 16:00:00,Building_A,133.72,8.75,38.85,20.59,18.26,53.0,False,none,normal
2026-03-31 17:00:00,Building_A,136.04,8.02,39.06,21.28,17.78,54.5,False,none,normal
2026-03-31 18:00:00,Building_A,123.41,8.01,39.48,23.35,16.13,59.2,False,none,normal
2026-03-31 19:00:00,Building_A,85.09,3.93,16.01,8.1,7.91,50.6,False,none,normal
2026-03-31 20:00:00,Building_A,82.92,3.79,13.61,7.38,6.23,54.3,False,none,normal
2026-03-31 21:00:00,Building_A,85.46,4.06,16.83,8.75,8.08,52.0,False,none,normal
2026-03-31 22:00:00,Building_A,84.04,3.76,15.3,8.55,6.75,55.9,False,none,normal
2026-03-31 23:00:00,Building_A,33.7,0.79,0.5,0.29,0.21,58.5,False,none,normal
2026-01-01 00:00:00,Building_B,40.28,0.73,1.31,0.53,0.78,40.7,False,none,normal
2026-01-01 01:00:00,Building_B,42.09,1.56,0.5,0.2,0.3,40.9,False,none,normal
2026-01-01 02:00:00,Building_B,42.21,1.88,0.75,0.28,0.47,37.1,False,none,normal
2026-01-01 03:00:00,Building_B,37.83,1.42,0.5,0.18,0.32,35.8,False,none,normal
2026-01-01 04:00:00,Building_B,45.16,1.61,0.5,0.22,0.28,43.2,False,none,normal
2026-01-01 05:00:00,Building_B,43.37,1.58,1.44,0.45,0.99,31.6,False,none,normal
2026-01-01 06:00:00,Building_B,108.62,7.94,10.87,4.58,6.29,42.1,False,none,normal
2026-01-01 07:00:00,Building_B,112.58,7.79,13.17,6.13,7.04,46.5,False,none,normal
2026-01-01 08:00:00,Building_B,188.25,15.45,26.41,10.75,15.66,40.7,False,none,normal
2026-01-01 09:00:00,Building_B,183.31,15.6,30.01,13.44,16.57,44.8,False,none,normal
2026-01-01 10:00:00,Building_B,194.31,15.51,32.57,13.98,18.59,42.9,False,none,normal
2026-01-01 11:00:00,Building_B,183.48,15.33,29.38,13.04,16.34,44.4,False,none,normal
2026-01-01 12:00:00,Building_B,184.93,15.42,29.64,11.92,17.72,40.2,False,none,normal
2026-01-01 13:00:00,Building_B,191.97,15.75,31.23,12.7,18.53,40.7,False,none,normal
2026-01-01 14:00:00,Building_B,193.53,15.05,28.16,10.46,17.7,37.1,False,none,normal
2026-01-01 15:00:00,Building_B,188.76,15.94,29.11,11.67,17.44,40.1,False,none,normal
2026-01-01 16:00:00,Building_B,187.86,15.72,29.26,11.66,17.6,39.9,False,none,normal
2026-01-01 17:00:00,Building_B,183.34,15.32,31.24,13.23,18.01,42.4,False,none,normal
2026-01-01 18:00:00,Building_B,185.76,15.96,29.13,13.89,15.24,47.7,False,none,normal
2026-01-01 19:00:00,Building_B,115.2,7.78,9.57,4.9,4.67,51.2,False,none,normal
2026-01-01 20:00:00,Building_B,111.13,7.65,12.51,5.61,6.9,44.8,False,none,normal
2026-01-01 21:00:00,Building_B,114.82,7.53,11.75,4.38,7.37,37.3,False,none,normal
2026-01-01 22:00:00,Building_B,112.25,7.75,11.7,4.85,6.85,41.4,False,none,normal
2026-01-01 23:00:00,Building_B,41.61,1.07,1.66,0.8,0.86,48.0,False,none,normal
2026-01-02 00:00:00,Building_B,40.39,1.56,1.23,0.52,0.71,42.0,False,none,normal
2026-01-02 01:00:00,Building_B,36.51,0.91,0.5,0.17,0.33,33.4,False,none,normal
2026-01-02 02:00:00,Building_B,48.25,1.5,0.67,0.22,0.45,33.2,False,none,normal
2026-01-02 03:00:00,Building_B,35.32,1.37,3.07,1.2,1.87,39.2,False,none,normal
2026-01-02 04:00:00,Building_B,46.07,1.2,0.78,0.37,0.41,46.9,False,none,normal
2026-01-02 05:00:00,Building_B,41.23,1.13,2.41,1.02,1.39,42.2,False,none,normal
2026-01-02 06:00:00,Building_B,113.95,7.52,13.05,5.62,7.43,43.1,False,none,normal
2026-01-02 07:00:00,Building_B,111.32,7.81,10.76,4.52,6.24,42.0,False,none,normal
2026-01-02 08:00:00,Building_B,186.95,15.86,29.59,10.66,18.93,36.0,False,none,normal
2026-01-02 09:00:00,Building_B,182.0,14.92,30.57,11.43,19.14,37.4,False,none,normal
2026-01-02 10:00:00,Building_B,189.92,15.57,29.75,13.02,16.73,43.8,False,none,normal
2026-01-02 11:00:00,Building_B,189.36,14.58,29.44,12.87,16.57,43.7,False,none,normal
2026-01-02 12:00:00,Building_B,195.28,16.11,28.19,11.45,16.74,40.6,False,none,normal
2026-01-02 13:00:00,Building_B,182.46,16.06,31.05,13.48,17.57,43.4,False,none,normal
2026-01-02 14:00:00,Building_B,189.39,16.01,31.28,14.59,16.69,46.6,False,none,normal
2026-01-02 15:00:00,Building_B,190.55,15.4,30.75,13.92,16.83,45.3,False,none,normal
2026-01-02 16:00:00,Building_B,187.96,15.4,31.19,15.18,16.01,48.7,False,none,normal
2026-01-02 17:00:00,Building_B,185.72,15.43,30.25,13.29,16.96,43.9,False,none,normal
2026-01-02 18:00:00,Building_B,186.63,16.18,30.34,13.39,16.95,44.1,False,none,normal
2026-01-02 19:00:00,Building_B,116.62,7.6,11.26,4.16,7.1,37.0,False,none,normal
2026-01-02 20:00:00,Building_B,108.89,7.24,12.26,5.36,6.9,43.7,False,none,normal
2026-01-02 21:00:00,Building_B,108.47,7.73,12.28,4.6,7.68,37.5,False,none,normal
2026-01-02 22:00:00,Building_B,110.4,8.01,9.23,4.13,5.1,44.7,False,none,normal
2026-01-02 23:00:00,Building_B,35.92,1.33,0.5,0.24,0.26,47.7,False,none,normal
2026-01-03 00:00:00,Building_B,37.99,0.79,0.87,0.35,0.52,40.3,False,none,normal
2026-01-03 01:00:00,Building_B,36.6,1.55,0.5,0.19,0.31,37.9,False,none,normal
2026-01-03 02:00:00,Building_B,40.31,1.65,2.26,1.05,1.21,46.4,False,none,normal
2026-01-03 03:00:00,Building_B,42.0,0.52,1.18,0.57,0.61,47.9,False,none,normal
2026-01-03 04:00:00,Building_B,47.55,1.53,0.5,0.2,0.3,39.9,False,none,normal
2026-01-03 05:00:00,Building_B,50.35,0.87,0.5,0.23,0.27,45.8,False,none,normal
2026-01-03 06:00:00,Building_B,40.89,0.96,2.54,1.11,1.43,43.8,False,none,normal
2026-01-03 07:00:00,Building_B,41.09,0.97,3.17,1.33,1.84,41.9,False,none,normal
2026-01-03 08:00:00,Building_B,48.2,1.68,0.5,0.2,0.3,39.9,False,none,normal
2026-01-03 09:00:00,Building_B,48.4,1.88,0.5,0.22,0.28,44.2,False,none,normal
2026-01-03 10:00:00,Building_B,60.39,2.38,5.29,1.94,3.35,36.6,False,none,normal
2026-01-03 11:00:00,Building_B,59.01,2.46,4.37,1.82,2.55,41.7,False,none,normal
2026-01-03 12:00:00,Building_B,56.82,3.29,5.56,2.73,2.83,49.2,False,none,normal
2026-01-03 13:00:00,Building_B,60.24,2.55,7.08,2.81,4.27,39.7,False,none,normal
2026-01-03 14:00:00,Building_B,60.17,2.99,3.49,1.57,1.92,44.8,False,none,normal
2026-01-03 15:00:00,Building_B,63.21,3.18,6.04,2.85,3.19,47.2,False,none,normal
2026-01-03 16:00:00,Building_B,60.44,2.44,7.5,2.69,4.81,35.9,False,none,normal
2026-01-03 17:00:00,Building_B,55.17,2.94,6.92,2.96,3.96,42.8,False,none,normal
2026-01-03 18:00:00,Building_B,64.88,2.04,4.37,1.51,2.86,34.5,False,none,normal
2026-01-03 19:00:00,Building_B,45.74,0.83,0.5,0.22,0.28,44.1,False,none,normal
2026-01-03 20:00:00,Building_B,46.86,1.31,1.39,0.61,0.78,44.2,False,none,normal
2026-01-03 21:00:00,Building_B,41.75,0.99,1.39,0.62,0.77,44.5,False,none,normal
2026-01-03 22:00:00,Building_B,46.19,1.48,0.5,0.22,0.28,44.8,False,none,normal
2026-01-03 23:00:00,Building_B,42.61,1.2,0.5,0.2,0.3,39.2,False,none,normal
2026-01-04 00:00:00,Building_B,46.17,0.87,0.5,0.2,0.3,40.7,False,none,normal
2026-01-04 01:00:00,Building_B,49.07,1.74,0.5,0.24,0.26,47.4,False,none,normal
2026-01-04 02:00:00,Building_B,48.01,0.96,0.5,0.21,0.29,41.7,False,none,normal
2026-01-04 03:00:00,Building_B,47.1,1.93,0.5,0.25,0.25,49.0,False,none,normal
2026-01-04 04:00:00,Building_B,33.7,1.24,0.5,0.23,0.27,46.6,False,none,normal
2026-01-04 05:00:00,Building_B,47.81,1.7,0.5,0.23,0.27,45.5,False,none,normal
2026-01-04 06:00:00,Building_B,44.65,0.78,0.5,0.23,0.27,46.2,False,none,normal
2026-01-04 07:00:00,Building_B,41.89,0.92,0.5,0.22,0.28,43.5,False,none,normal
2026-01-04 08:00:00,Building_B,42.28,0.83,2.97,1.37,1.6,46.0,False,none,normal
2026-01-04 09:00:00,Building_B,41.27,1.27,1.14,0.43,0.71,37.5,False,none,normal
2026-01-04 10:00:00,Building_B,62.17,2.27,4.89,1.83,3.06,37.3,False,none,normal
2026-01-04 11:00:00,Building_B,56.41,3.32,5.04,2.16,2.88,42.8,False,none,normal
2026-01-04 12:00:00,Building_B,52.83,2.53,5.53,2.37,3.16,42.8,False,none,normal
2026-01-04 13:00:00,Building_B,52.26,2.81,5.41,2.55,2.86,47.1,False,none,normal
2026-01-04 14:00:00,Building_B,58.26,1.95,3.78,1.42,2.36,37.6,False,none,normal
2026-01-04 15:00:00,Building_B,63.83,1.79,4.43,2.11,2.32,47.7,False,none,normal
2026-01-04 16:00:00,Building_B,60.91,3.05,3.0,1.07,1.93,35.6,False,none,normal
2026-01-04 17:00:00,Building_B,66.63,2.77,5.1,1.91,3.19,37.5,False,none,normal
2026-01-04 18:00:00,Building_B,61.28,2.34,6.4,3.39,3.01,52.9,False,none,normal
2026-01-04 19:00:00,Building_B,44.55,1.15,0.5,0.18,0.32,35.3,False,none,normal
2026-01-04 20:00:00,Building_B,48.83,1.01,0.5,0.22,0.28,44.6,False,none,normal
2026-01-04 21:00:00,Building_B,48.54,1.3,0.5,0.21,0.29,42.3,False,none,normal
2026-01-04 22:00:00,Building_B,40.1,1.17,1.2,0.51,0.69,42.7,False,none,normal
2026-01-04 23:00:00,Building_B,51.14,1.52,2.09,0.79,1.3,37.7,False,none,normal
2026-01-05 00:00:00,Building_B,44.72,1.12,1.18,0.53,0.65,44.8,False,none,normal
2026-01-05 01:00:00,Building_B,42.81,2.21,2.42,1.13,1.29,46.7,False,none,normal
2026-01-05 02:00:00,Building_B,45.67,1.99,0.5,0.24,0.26,47.5,False,none,normal
2026-01-05 03:00:00,Building_B,38.65,1.17,1.38,0.65,0.73,46.9,False,none,normal
2026-01-05 04:00:00,Building_B,38.0,1.19,0.83,0.34,0.49,41.3,False,none,normal
2026-01-05 05:00:00,Building_B,46.03,2.57,1.21,0.47,0.74,39.1,False,none,normal
2026-01-05 06:00:00,Building_B,104.39,7.65,10.24,4.49,5.75,43.9,False,none,normal
2026-01-05 07:00:00,Building_B,111.39,7.6,13.75,5.37,8.38,39.1,False,none,normal
2026-01-05 08:00:00,Building_B,188.24,15.75,30.9,14.56,16.34,47.1,False,none,normal
2026-01-05 09:00:00,Building_B,190.44,15.89,29.03,13.26,15.77,45.7,False,none,normal
2026-01-05 10:00:00,Building_B,192.34,16.05,27.83,10.68,17.15,38.4,False,none,normal
2026-01-05 11:00:00,Building_B,192.01,14.6,30.42,14.07,16.35,46.2,False,none,normal
2026-01-05 12:00:00,Building_B,186.42,15.37,28.54,11.39,17.15,39.9,False,none,normal
2026-01-05 13:00:00,Building_B,186.75,15.28,28.95,11.85,17.1,40.9,False,none,normal
2026-01-05 14:00:00,Building_B,187.59,16.18,29.36,12.74,16.62,43.4,False,none,normal
2026-01-05 15:00:00,Building_B,186.41,15.32,27.79,9.93,17.86,35.7,False,none,normal
2026-01-05 16:00:00,Building_B,183.89,15.59,31.12,10.85,20.27,34.9,False,none,normal
2026-01-05 17:00:00,Building_B,186.53,15.05,29.51,13.66,15.85,46.3,False,none,normal
2026-01-05 18:00:00,Building_B,186.93,15.51,31.58,13.84,17.74,43.8,False,none,normal
2026-01-05 19:00:00,Building_B,106.54,7.82,10.37,4.53,5.84,43.7,False,none,normal
2026-01-05 20:00:00,Building_B,111.64,7.28,11.57,4.8,6.77,41.5,False,none,normal
2026-01-05 21:00:00,Building_B,111.76,8.05,11.94,4.87,7.07,40.8,False,none,normal
2026-01-05 22:00:00,Building_B,113.31,7.46,9.78,2.86,6.92,29.2,False,none,normal
2026-01-05 23:00:00,Building_B,42.33,1.08,1.19,0.41,0.78,34.1,False,none,normal
2026-01-06 00:00:00,Building_B,40.03,1.53,0.5,0.22,0.28,43.6,False,none,normal
2026-01-06 01:00:00,Building_B,40.39,1.36,1.42,0.65,0.77,45.8,False,none,normal
2026-01-06 02:00:00,Building_B,42.98,1.08,0.5,0.22,0.28,44.5,False,none,normal
2026-01-06 03:00:00,Building_B,38.53,1.31,0.5,0.21,0.29,41.6,False,none,normal
2026-01-06 04:00:00,Building_B,38.58,0.72,1.34,0.61,0.73,45.9,False,none,normal
2026-01-06 05:00:00,Building_B,35.45,1.5,2.01,0.89,1.12,44.4,False,none,normal
2026-01-06 06:00:00,Building_B,107.91,7.43,11.46,4.93,6.53,43.0,False,none,normal
2026-01-06 07:00:00,Building_B,109.96,7.7,10.06,4.4,5.66,43.7,False,none,normal
2026-01-06 08:00:00,Building_B,190.61,15.59,29.96,14.6,15.36,48.7,False,none,normal
2026-01-06 09:00:00,Building_B,186.22,15.97,28.95,13.44,15.51,46.4,False,none,normal
2026-01-06 10:00:00,Building_B,193.66,15.42,31.82,13.96,17.86,43.9,False,none,normal
2026-01-06 11:00:00,Building_B,185.21,15.39,31.19,14.25,16.94,45.7,False,none,normal
2026-01-06 12:00:00,Building_B,184.49,15.48,30.07,12.02,18.05,40.0,False,none,normal
2026-01-06 13:00:00,Building_B,198.15,15.61,29.76,13.92,15.84,46.8,False,none,normal
2026-01-06 14:00:00,Building_B,187.26,15.88,27.83,11.18,16.65,40.2,False,none,normal
2026-01-06 15:00:00,Building_B,192.92,16.07,28.9,11.11,17.79,38.4,False,none,normal
2026-01-06 16:00:00,Building_B,190.99,15.31,29.51,13.43,16.08,45.5,False,none,normal
2026-01-06 17:00:00,Building_B,186.55,14.84,28.27,11.88,16.39,42.0,False,none,normal
2026-01-06 18:00:00,Building_B,181.27,15.42,28.16,13.67,14.49,48.6,False,none,normal
2026-01-06 19:00:00,Building_B,118.24,7.39,11.67,4.45,7.22,38.2,False,none,normal
2026-01-06 20:00:00,Building_B,108.34,8.39,10.8,4.41,6.39,40.9,False,none,normal
2026-01-06 21:00:00,Building_B,105.81,8.16,7.45,3.0,4.45,40.2,False,none,normal
2026-01-06 22:00:00,Building_B,109.4,7.53,12.4,5.8,6.6,46.8,False,none,normal
2026-01-06 23:00:00,Building_B,36.97,2.1,0.5,0.24,0.26,47.2,False,none,normal
2026-01-07 00:00:00,Building_B,43.21,1.19,0.5,0.21,0.29,41.9,False,none,normal
2026-01-07 01:00:00,Building_B,43.45,1.05,0.5,0.19,0.31,38.9,False,none,normal
2026-01-07 02:00:00,Building_B,37.75,1.08,0.5,0.2,0.3,40.3,False,none,normal
2026-01-07 03:00:00,Building_B,44.34,1.41,3.08,1.02,2.06,33.2,False,none,normal
2026-01-07 04:00:00,Building_B,44.49,1.37,1.69,0.76,0.93,44.9,False,none,normal
2026-01-07 05:00:00,Building_B,41.95,1.43,0.5,0.22,0.28,44.5,False,none,normal
2026-01-07 06:00:00,Building_B,102.07,8.03,11.34,4.54,6.8,40.1,False,none,normal
2026-01-07 07:00:00,Building_B,108.65,7.71,12.92,7.1,5.82,54.9,False,none,normal
2026-01-07 08:00:00,Building_B,193.6,15.33,30.59,13.67,16.92,44.7,False,none,normal
2026-01-07 09:00:00,Building_B,185.02,15.08,29.75,13.46,16.29,45.2,False,none,normal
2026-01-07 10:00:00,Building_B,182.28,15.27,30.52,12.87,17.65,42.2,False,none,normal
2026-01-07 11:00:00,Building_B,194.39,15.03,32.65,11.7,20.95,35.8,False,none,normal
2026-01-07 12:00:00,Building_B,180.61,15.5,28.47,11.91,16.56,41.8,False,none,normal
2026-01-07 13:00:00,Building_B,188.43,15.46,28.82,12.6,16.22,43.7,False,none,normal
2026-01-07 14:00:00,Building_B,187.45,15.91,29.61,11.29,18.32,38.1,False,none,normal
2026-01-07 15:00:00,Building_B,181.97,15.46,28.31,10.36,17.95,36.6,False,none,normal
2026-01-07 16:00:00,Building_B,190.83,14.9,31.52,13.44,18.08,42.6,False,none,normal
2026-01-07 17:00:00,Building_B,188.55,15.16,30.75,12.91,17.84,42.0,False,none,normal
2026-01-07 18:00:00,Building_B,185.98,15.59,27.81,9.86,17.95,35.5,False,none,normal
2026-01-07 19:00:00,Building_B,105.1,7.88,11.36,5.25,6.11,46.2,False,none,normal
2026-01-07 20:00:00,Building_B,105.9,7.96,11.23,4.29,6.94,38.2,False,none,normal
2026-01-07 21:00:00,Building_B,111.12,7.74,10.61,4.47,6.14,42.2,False,none,normal
2026-01-07 22:00:00,Building_B,109.06,7.71,10.87,4.0,6.87,36.8,False,none,normal
2026-01-07 23:00:00,Building_B,42.91,1.09,0.5,0.21,0.29,41.0,False,none,normal
2026-01-08 00:00:00,Building_B,45.55,1.43,0.5,0.2,0.3,39.7,False,none,normal
2026-01-08 01:00:00,Building_B,45.16,0.53,1.67,0.58,1.09,34.5,False,none,normal
2026-01-08 02:00:00,Building_B,36.95,1.19,3.31,1.61,1.7,48.7,False,none,normal
2026-01-08 03:00:00,Building_B,45.44,1.49,0.5,0.21,0.29,42.6,False,none,normal
2026-01-08 04:00:00,Building_B,40.42,1.08,0.9,0.36,0.54,40.1,False,none,normal
2026-01-08 05:00:00,Building_B,46.09,0.69,0.8,0.31,0.49,38.5,False,none,normal
2026-01-08 06:00:00,Building_B,107.94,7.87,10.02,4.27,5.75,42.7,False,none,normal
2026-01-08 07:00:00,Building_B,108.73,7.53,10.8,4.47,6.33,41.4,False,none,normal
2026-01-08 08:00:00,Building_B,185.65,15.53,29.5,11.67,17.83,39.6,False,none,normal
2026-01-08 09:00:00,Building_B,195.08,15.67,29.37,12.51,16.86,42.6,False,none,normal
2026-01-08 10:00:00,Building_B,184.62,15.37,29.45,10.9,18.55,37.0,False,none,normal
2026-01-08 11:00:00,Building_B,190.27,15.35,29.4,11.68,17.72,39.7,False,none,normal
2026-01-08 12:00:00,Building_B,200.56,15.29,27.35,9.74,17.61,35.6,False,none,normal
2026-01-08 13:00:00,Building_B,191.76,15.99,29.01,13.67,15.34,47.1,False,none,normal
2026-01-08 14:00:00,Building_B,191.69,15.46,29.52,12.61,16.91,42.7,False,none,normal
2026-01-08 15:00:00,Building_B,192.23,15.66,29.02,11.99,17.03,41.3,False,none,normal
2026-01-08 16:00:00,Building_B,196.65,15.61,30.87,13.63,17.24,44.2,False,none,normal
2026-01-08 17:00:00,Building_B,189.82,15.56,30.91,13.87,17.04,44.9,False,none,normal
2026-01-08 18:00:00,Building_B,189.78,15.28,30.29,12.64,17.65,41.7,False,none,normal
2026-01-08 19:00:00,Building_B,108.35,8.7,9.52,4.36,5.16,45.8,False,none,normal
2026-01-08 20:00:00,Building_B,106.13,7.81,14.45,5.51,8.94,38.2,False,none,normal
2026-01-08 21:00:00,Building_B,106.69,7.76,10.35,4.71,5.64,45.5,False,none,normal
2026-01-08 22:00:00,Building_B,107.44,7.99,9.77,3.4,6.37,34.8,False,none,normal
2026-01-08 23:00:00,Building_B,41.7,0.82,2.53,0.91,1.62,35.9,False,none,normal
2026-01-09 00:00:00,Building_B,38.46,1.51,0.5,0.18,0.32,35.9,False,none,normal
2026-01-09 01:00:00,Building_B,50.77,1.02,0.5,0.21,0.29,41.2,False,none,normal
2026-01-09 02:00:00,Building_B,45.46,1.53,0.5,0.2,0.3,40.7,False,none,normal
2026-01-09 03:00:00,Building_B,41.71,1.63,0.5,0.25,0.25,50.1,False,none,normal
2026-01-09 04:00:00,Building_B,39.58,1.37,0.5,0.18,0.32,36.8,False,none,normal
2026-01-09 05:00:00,Building_B,39.12,1.03,0.5,0.19,0.31,38.1,False,none,normal
2026-01-09 06:00:00,Building_B,112.36,7.49,10.29,4.16,6.13,40.4,False,none,normal
2026-01-09 07:00:00,Building_B,113.55,7.84,11.24,4.08,7.16,36.3,False,none,normal
2026-01-09 08:00:00,Building_B,184.15,15.08,31.4,13.85,17.55,44.1,False,none,normal
2026-01-09 09:00:00,Building_B,185.28,15.33,28.84,11.09,17.75,38.5,False,none,normal
2026-01-09 10:00:00,Building_B,190.56,15.42,32.33,15.2,17.13,47.0,False,none,normal
2026-01-09 11:00:00,Building_B,193.96,15.76,29.32,13.02,16.3,44.4,False,none,normal
2026-01-09 12:00:00,Building_B,187.33,16.09,30.32,13.05,17.27,43.0,False,none,normal
2026-01-09 13:00:00,Building_B,189.23,16.13,28.11,13.87,14.24,49.4,False,none,normal
2026-01-09 14:00:00,Building_B,187.98,15.03,28.93,10.24,18.69,35.4,False,none,normal
2026-01-09 15:00:00,Building_B,191.34,15.16,30.03,13.98,16.05,46.5,False,none,normal
2026-01-09 16:00:00,Building_B,186.03,15.43,28.27,11.43,16.84,40.4,False,none,normal
2026-01-09 17:00:00,Building_B,199.02,15.8,29.51,11.67,17.84,39.6,False,none,normal
2026-01-09 18:00:00,Building_B,188.55,15.57,29.33,12.94,16.39,44.1,False,none,normal
2026-01-09 19:00:00,Building_B,105.77,7.43,11.81,4.41,7.4,37.3,False,none,normal
2026-01-09 20:00:00,Building_B,112.5,7.76,9.17,3.89,5.28,42.4,False,none,normal
2026-01-09 21:00:00,Building_B,102.84,8.0,11.07,5.47,5.6,49.4,False,none,normal
2026-01-09 22:00:00,Building_B,113.87,7.39,8.94,3.48,5.46,39.0,False,none,normal
2026-01-09 23:00:00,Building_B,37.73,2.01,0.7,0.32,0.38,45.7,False,none,normal
2026-01-10 00:00:00,Building_B,41.47,1.31,0.67,0.31,0.36,46.4,False,none,normal
2026-01-10 01:00:00,Building_B,43.86,1.0,2.66,1.09,1.57,40.8,False,none,normal
2026-01-10 02:00:00,Building_B,40.79,0.38,1.47,0.62,0.85,42.4,False,none,normal
2026-01-10 03:00:00,Building_B,43.01,1.23,0.5,0.2,0.3,40.5,False,none,normal
2026-01-10 04:00:00,Building_B,44.47,1.59,0.5,0.23,0.27,45.8,False,none,normal
2026-01-10 05:00:00,Building_B,42.3,1.19,0.95,0.35,0.6,36.6,False,none,normal
2026-01-10 06:00:00,Building_B,43.55,0.83,0.5,0.17,0.33,33.9,False,none,normal
2026-01-10 07:00:00,Building_B,41.91,1.93,0.57,0.25,0.32,44.6,False,none,normal
2026-01-10 08:00:00,Building_B,52.02,1.51,0.5,0.2,0.3,39.5,False,none,normal
2026-01-10 09:00:00,Building_B,42.62,1.15,0.5,0.23,0.27,45.9,False,none,normal
2026-01-10 10:00:00,Building_B,64.98,2.16,3.99,1.6,2.39,40.1,False,none,normal
2026-01-10 11:00:00,Building_B,63.27,3.14,8.21,3.3,4.91,40.1,False,none,normal
2026-01-10 12:00:00,Building_B,59.22,2.95,4.15,1.72,2.43,41.4,False,none,normal
2026-01-10 13:00:00,Building_B,59.22,1.82,5.12,2.11,3.01,41.3,False,none,normal
2026-01-10 14:00:00,Building_B,65.96,2.74,3.47,1.42,2.05,41.0,False,none,normal
2026-01-10 15:00:00,Building_B,52.51,2.32,5.73,2.35,3.38,41.0,False,none,normal
2026-01-10 16:00:00,Building_B,64.57,2.05,4.68,1.88,2.8,40.1,False,none,normal
2026-01-10 17:00:00,Building_B,64.7,2.97,5.74,2.76,2.98,48.2,False,none,normal
2026-01-10 18:00:00,Building_B,59.41,3.21,3.72,1.4,2.32,37.7,False,none,normal
2026-01-10 19:00:00,Building_B,45.63,0.84,1.4,0.59,0.81,42.4,False,none,normal
2026-01-10 20:00:00,Building_B,46.9,1.35,0.78,0.34,0.44,44.0,False,none,normal
2026-01-10 21:00:00,Building_B,39.96,1.12,1.28,0.54,0.74,41.9,False,none,normal
2026-01-10 22:00:00,Building_B,40.99,1.34,2.62,1.05,1.57,40.2,False,none,normal
2026-01-10 23:00:00,Building_B,40.73,0.77,0.66,0.29,0.37,44.6,False,none,normal
2026-01-11 00:00:00,Building_B,45.96,1.41,1.86,0.84,1.02,44.9,False,none,normal
2026-01-11 01:00:00,Building_B,47.07,1.71,2.59,1.07,1.52,41.3,False,none,normal
2026-01-11 02:00:00,Building_B,37.31,1.6,1.65,0.8,0.85,48.3,False,none,normal
2026-01-11 03:00:00,Building_B,47.74,2.05,1.45,0.62,0.83,42.9,False,none,normal
2026-01-11 04:00:00,Building_B,37.07,1.48,0.5,0.21,0.29,42.8,False,none,normal
2026-01-11 05:00:00,Building_B,42.83,1.53,0.59,0.27,0.32,45.7,False,none,normal
2026-01-11 06:00:00,Building_B,31.72,1.44,2.15,1.06,1.09,49.5,False,none,normal
2026-01-11 07:00:00,Building_B,45.54,1.96,0.91,0.38,0.53,42.0,False,none,normal
2026-01-11 08:00:00,Building_B,44.73,1.37,0.5,0.2,0.3,39.9,False,none,normal
2026-01-11 09:00:00,Building_B,38.17,1.55,0.72,0.29,0.43,40.6,False,none,normal
2026-01-11 10:00:00,Building_B,58.61,2.92,5.91,2.21,3.7,37.5,False,none,normal
2026-01-11 11:00:00,Building_B,55.73,3.07,3.32,1.47,1.85,44.2,False,none,normal
2026-01-11 12:00:00,Building_B,67.35,3.31,5.86,2.63,3.23,44.8,False,none,normal
2026-01-11 13:00:00,Building_B,69.89,1.92,4.41,2.0,2.41,45.4,False,none,normal
2026-01-11 14:00:00,Building_B,59.53,3.17,4.92,2.09,2.83,42.5,False,none,normal
2026-01-11 15:00:00,Building_B,59.78,2.56,4.32,1.86,2.46,43.1,False,none,normal
2026-01-11 16:00:00,Building_B,57.78,3.07,5.76,2.67,3.09,46.4,False,none,normal
2026-01-11 17:00:00,Building_B,56.36,2.14,4.97,2.66,2.31,53.6,False,none,normal
2026-01-11 18:00:00,Building_B,65.94,2.55,5.48,2.46,3.02,44.9,False,none,normal
2026-01-11 19:00:00,Building_B,37.14,1.85,0.51,0.21,0.3,41.6,False,none,normal
2026-01-11 20:00:00,Building_B,42.71,1.77,0.5,0.18,0.32,35.2,False,none,normal
2026-01-11 21:00:00,Building_B,43.91,0.65,0.5,0.23,0.27,46.7,False,none,normal
2026-01-11 22:00:00,Building_B,44.93,1.73,1.45,0.75,0.7,51.6,False,none,normal
2026-01-11 23:00:00,Building_B,40.26,1.51,0.5,0.23,0.27,45.8,False,none,normal
2026-01-12 00:00:00,Building_B,42.37,1.97,0.5,0.24,0.26,47.6,False,none,normal
2026-01-12 01:00:00,Building_B,44.99,1.36,1.36,0.59,0.77,43.0,False,none,normal
2026-01-12 02:00:00,Building_B,44.04,1.3,0.5,0.2,0.3,40.7,False,none,normal
2026-01-12 03:00:00,Building_B,35.88,1.66,0.5,0.21,0.29,41.1,False,none,normal
2026-01-12 04:00:00,Building_B,45.21,1.66,0.5,0.21,0.29,41.6,False,none,normal
2026-01-12 05:00:00,Building_B,44.45,1.39,2.32,0.9,1.42,38.7,False,none,normal
2026-01-12 06:00:00,Building_B,101.38,8.05,10.72,3.75,6.97,35.0,False,none,normal
2026-01-12 07:00:00,Building_B,108.95,8.19,9.85,5.06,4.79,51.3,False,none,normal
2026-01-12 08:00:00,Building_B,185.37,15.55,28.37,11.96,16.41,42.2,False,none,normal
2026-01-12 09:00:00,Building_B,188.19,15.0,33.22,13.29,19.93,40.0,False,none,normal
2026-01-12 10:00:00,Building_B,186.74,15.86,32.01,14.89,17.12,46.5,False,none,normal
2026-01-12 11:00:00,Building_B,183.92,15.6,27.57,12.57,15.0,45.6,False,none,normal
2026-01-12 12:00:00,Building_B,182.18,15.24,29.83,13.06,16.77,43.8,False,none,normal
2026-01-12 13:00:00,Building_B,187.68,16.06,30.7,13.69,17.01,44.6,False,none,normal
2026-01-12 14:00:00,Building_B,183.8,16.12,28.87,14.13,14.74,49.0,False,none,normal
2026-01-12 15:00:00,Building_B,196.81,15.7,31.07,9.22,21.85,29.7,False,none,normal
2026-01-12 16:00:00,Building_B,187.94,15.91,30.94,11.49,19.45,37.1,False,none,normal
2026-01-12 17:00:00,Building_B,187.55,14.64,30.33,10.45,19.88,34.5,False,none,normal
2026-01-12 18:00:00,Building_B,193.24,15.94,29.26,12.9,16.36,44.1,False,none,normal
2026-01-12 19:00:00,Building_B,108.71,7.85,9.99,4.44,5.55,44.5,False,none,normal
2026-01-12 20:00:00,Building_B,103.02,7.12,11.22,4.62,6.6,41.2,False,none,normal
2026-01-12 21:00:00,Building_B,110.67,7.53,13.63,5.81,7.82,42.6,False,none,normal
2026-01-12 22:00:00,Building_B,110.51,7.83,12.57,5.57,7.0,44.3,False,none,normal
2026-01-12 23:00:00,Building_B,44.38,1.63,0.5,0.17,0.33,34.9,False,none,normal
2026-01-13 00:00:00,Building_B,42.31,1.3,1.41,0.59,0.82,42.1,False,none,normal
2026-01-13 01:00:00,Building_B,44.94,0.93,0.7,0.26,0.44,36.6,False,none,normal
2026-01-13 02:00:00,Building_B,44.16,0.71,1.13,0.41,0.72,36.1,False,none,normal
2026-01-13 03:00:00,Building_B,41.08,1.68,0.98,0.35,0.63,35.4,False,none,normal
2026-01-13 04:00:00,Building_B,39.93,0.84,0.5,0.21,0.29,42.5,False,none,normal
2026-01-13 05:00:00,Building_B,44.86,1.52,1.43,0.6,0.83,42.0,False,none,normal
2026-01-13 06:00:00,Building_B,108.49,7.39,10.84,3.98,6.86,36.7,False,none,normal
2026-01-13 07:00:00,Building_B,106.2,7.79,11.22,6.09,5.13,54.3,False,none,normal
2026-01-13 08:00:00,Building_B,183.34,15.48,28.12,11.37,16.75,40.4,False,none,normal
2026-01-13 09:00:00,Building_B,187.33,15.82,29.29,12.08,17.21,41.2,False,none,normal
2026-01-13 10:00:00,Building_B,187.0,15.03,29.05,11.76,17.29,40.5,False,none,normal
2026-01-13 11:00:00,Building_B,189.02,15.72,29.55,12.11,17.44,41.0,False,none,normal
2026-01-13 12:00:00,Building_B,181.84,15.71,29.0,13.05,15.95,45.0,False,none,normal
2026-01-13 13:00:00,Building_B,193.99,15.46,28.6,11.99,16.61,41.9,False,none,normal
2026-01-13 14:00:00,Building_B,190.12,15.41,29.15,12.9,16.25,44.3,False,none,normal
2026-01-13 15:00:00,Building_B,190.71,15.4,27.85,12.21,15.64,43.8,False,none,normal
2026-01-13 16:00:00,Building_B,185.65,15.6,30.01,10.34,19.67,34.4,False,none,normal
2026-01-13 17:00:00,Building_B,189.05,15.7,30.59,12.99,17.6,42.5,False,none,normal
2026-01-13 18:00:00,Building_B,180.81,15.97,30.32,11.28,19.04,37.2,False,none,normal
2026-01-13 19:00:00,Building_B,106.43,7.84,12.18,4.88,7.3,40.0,False,none,normal
2026-01-13 20:00:00,Building_B,112.88,7.13,10.11,3.41,6.7,33.7,False,none,normal
2026-01-13 21:00:00,Building_B,105.99,8.29,13.83,5.94,7.89,42.9,False,none,normal
2026-01-13 22:00:00,Building_B,107.03,7.68,11.93,4.26,7.67,35.7,False,none,normal
2026-01-13 23:00:00,Building_B,40.32,1.87,0.5,0.2,0.3,39.0,False,none,normal
2026-01-14 00:00:00,Building_B,42.67,1.47,0.5,0.21,0.29,42.3,False,none,normal
2026-01-14 01:00:00,Building_B,45.05,2.06,0.56,0.23,0.33,41.8,False,none,normal
2026-01-14 02:00:00,Building_B,48.72,1.18,0.5,0.22,0.28,43.0,False,none,normal
2026-01-14 03:00:00,Building_B,46.92,1.5,0.59,0.21,0.38,36.2,False,none,normal
2026-01-14 04:00:00,Building_B,42.38,1.8,0.5,0.21,0.29,41.0,False,none,normal
2026-01-14 05:00:00,Building_B,41.06,1.13,1.01,0.44,0.57,43.8,False,none,normal
2026-01-14 06:00:00,Building_B,111.31,7.42,9.39,4.04,5.35,43.0,False,none,normal
2026-01-14 07:00:00,Building_B,107.56,8.41,13.63,6.81,6.82,50.0,False,none,normal
2026-01-14 08:00:00,Building_B,184.96,15.72,30.88,13.91,16.97,45.0,False,none,normal
2026-01-14 09:00:00,Building_B,187.3,15.97,29.83,12.68,17.15,42.5,False,none,normal
2026-01-14 10:00:00,Building_B,182.57,15.75,29.52,12.95,16.57,43.9,False,none,normal
2026-01-14 11:00:00,Building_B,189.66,15.59,29.78,13.44,16.34,45.1,False,none,normal
2026-01-14 12:00:00,Building_B,187.93,15.01,30.51,11.83,18.68,38.8,False,none,normal
2026-01-14 13:00:00,Building_B,183.43,15.17,30.17,12.55,17.62,41.6,False,none,normal
2026-01-14 14:00:00,Building_B,180.19,15.39,31.23,12.55,18.68,40.2,False,none,normal
2026-01-14 15:00:00,Building_B,188.06,15.89,30.78,14.19,16.59,46.1,False,none,normal
2026-01-14 16:00:00,Building_B,177.63,16.13,30.59,15.86,14.73,51.8,False,none,normal
2026-01-14 17:00:00,Building_B,185.59,14.91,29.84,12.2,17.64,40.9,False,none,normal
2026-01-14 18:00:00,Building_B,191.34,15.9,29.73,12.2,17.53,41.0,False,none,normal
2026-01-14 19:00:00,Building_B,111.67,7.67,10.96,5.06,5.9,46.1,False,none,normal
2026-01-14 20:00:00,Building_B,114.62,8.14,11.16,3.73,7.43,33.4,False,none,normal
2026-01-14 21:00:00,Building_B,108.99,7.5,11.21,4.41,6.8,39.3,False,none,normal
2026-01-14 22:00:00,Building_B,109.5,7.4,9.83,4.61,5.22,46.9,False,none,normal
2026-01-14 23:00:00,Building_B,38.74,1.37,1.86,0.85,1.01,45.7,False,none,normal
2026-01-15 00:00:00,Building_B,45.79,1.48,1.58,0.75,0.83,47.5,False,none,normal
2026-01-15 01:00:00,Building_B,44.31,0.73,0.5,0.22,0.28,44.8,False,none,normal
2026-01-15 02:00:00,Building_B,40.11,1.94,0.63,0.27,0.36,42.3,False,none,normal
2026-01-15 03:00:00,Building_B,47.11,1.31,0.92,0.42,0.5,45.6,False,none,normal
2026-01-15 04:00:00,Building_B,36.73,1.27,1.71,0.72,0.99,42.3,False,none,normal
2026-01-15 05:00:00,Building_B,48.48,0.82,0.5,0.23,0.27,45.1,False,none,normal
2026-01-15 06:00:00,Building_B,113.04,7.69,11.84,5.33,6.51,45.0,False,none,normal
2026-01-15 07:00:00,Building_B,106.33,7.51,11.59,5.29,6.3,45.6,False,none,normal
2026-01-15 08:00:00,Building_B,184.06,15.45,29.54,12.9,16.64,43.7,False,none,normal
2026-01-15 09:00:00,Building_B,188.69,15.33,31.33,12.48,18.85,39.8,False,none,normal
2026-01-15 10:00:00,Building_B,187.55,14.97,28.97,12.77,16.2,44.1,False,none,normal
2026-01-15 11:00:00,Building_B,190.0,15.73,30.49,15.35,15.14,50.4,False,none,normal
2026-01-15 12:00:00,Building_B,185.73,14.96,28.57,11.2,17.37,39.2,False,none,normal
2026-01-15 13:00:00,Building_B,184.83,15.56,31.33,15.09,16.24,48.2,False,none,normal
2026-01-15 14:00:00,Building_B,190.74,16.27,29.4,10.43,18.97,35.5,False,none,normal
2026-01-15 15:00:00,Building_B,192.94,14.88,28.92,12.75,16.17,44.1,False,none,normal
2026-01-15 16:00:00,Building_B,188.31,15.46,28.41,11.92,16.49,42.0,False,none,normal
2026-01-15 17:00:00,Building_B,192.74,15.53,28.83,10.67,18.16,37.0,False,none,normal
2026-01-15 18:00:00,Building_B,185.48,15.66,30.24,11.73,18.51,38.8,False,none,normal
2026-01-15 19:00:00,Building_B,100.74,7.91,10.29,4.61,5.68,44.8,False,none,normal
2026-01-15 20:00:00,Building_B,106.56,7.42,11.55,5.94,5.61,51.4,False,none,normal
2026-01-15 21:00:00,Building_B,112.58,7.81,11.79,4.13,7.66,35.0,False,none,normal
2026-01-15 22:00:00,Building_B,105.09,6.88,13.44,6.47,6.97,48.1,False,none,normal
2026-01-15 23:00:00,Building_B,44.19,1.42,0.5,0.21,0.29,41.1,False,none,normal
2026-01-16 00:00:00,Building_B,49.78,1.42,0.5,0.17,0.33,35.0,False,none,normal
2026-01-16 01:00:00,Building_B,48.14,1.35,0.5,0.19,0.31,38.3,False,none,normal
2026-01-16 02:00:00,Building_B,37.5,1.32,0.96,0.38,0.58,40.0,False,none,normal
2026-01-16 03:00:00,Building_B,45.72,1.4,1.99,0.81,1.18,40.6,False,none,normal
2026-01-16 04:00:00,Building_B,54.8,1.17,0.5,0.19,0.31,37.9,False,none,normal
2026-01-16 05:00:00,Building_B,41.77,0.77,1.06,0.36,0.7,34.4,False,none,normal
2026-01-16 06:00:00,Building_B,110.23,7.29,10.91,4.85,6.06,44.4,False,none,normal
2026-01-16 07:00:00,Building_B,118.8,7.38,11.18,4.37,6.81,39.1,False,none,normal
2026-01-16 08:00:00,Building_B,185.24,15.27,30.82,12.34,18.48,40.0,False,none,normal
2026-01-16 09:00:00,Building_B,197.72,15.67,28.62,11.6,17.02,40.5,False,none,normal
2026-01-16 10:00:00,Building_B,185.51,15.8,27.86,10.21,17.65,36.6,False,none,normal
2026-01-16 11:00:00,Building_B,186.36,15.76,31.31,14.88,16.43,47.5,False,none,normal
2026-01-16 12:00:00,Building_B,190.84,15.49,30.78,11.52,19.26,37.4,False,none,normal
2026-01-16 13:00:00,Building_B,181.34,15.68,28.62,11.95,16.67,41.7,False,none,normal
2026-01-16 14:00:00,Building_B,189.2,15.61,30.96,14.03,16.93,45.3,False,none,normal
2026-01-16 15:00:00,Building_B,189.5,15.37,29.96,11.87,18.09,39.6,False,none,normal
2026-01-16 16:00:00,Building_B,187.94,16.44,30.05,13.16,16.89,43.8,False,none,normal
2026-01-16 17:00:00,Building_B,185.9,15.88,30.74,13.85,16.89,45.1,False,none,normal
2026-01-16 18:00:00,Building_B,189.58,15.89,31.36,13.53,17.83,43.1,False,none,normal
2026-01-16 19:00:00,Building_B,109.12,8.08,10.28,4.02,6.26,39.1,False,none,normal
2026-01-16 20:00:00,Building_B,109.37,7.15,12.36,4.72,7.64,38.1,False,none,normal
2026-01-16 21:00:00,Building_B,107.69,7.69,11.41,4.64,6.77,40.6,False,none,normal
2026-01-16 22:00:00,Building_B,109.31,7.74,10.83,4.21,6.62,38.9,False,none,normal
2026-01-16 23:00:00,Building_B,46.94,0.63,0.5,0.2,0.3,40.1,False,none,normal
2026-01-17 00:00:00,Building_B,44.29,0.86,0.5,0.21,0.29,41.6,False,none,normal
2026-01-17 01:00:00,Building_B,46.9,1.49,0.5,0.2,0.3,40.1,False,none,normal
2026-01-17 02:00:00,Building_B,46.16,0.95,0.62,0.26,0.36,42.0,False,none,normal
2026-01-17 03:00:00,Building_B,41.07,2.31,0.5,0.22,0.28,43.8,False,none,normal
2026-01-17 04:00:00,Building_B,39.55,1.55,1.76,0.7,1.06,39.6,False,none,normal
2026-01-17 05:00:00,Building_B,42.4,1.06,0.5,0.23,0.27,46.1,False,none,normal
2026-01-17 06:00:00,Building_B,40.4,0.52,2.83,1.1,1.73,38.8,False,none,normal
2026-01-17 07:00:00,Building_B,41.63,1.94,0.54,0.22,0.32,41.3,False,none,normal
2026-01-17 08:00:00,Building_B,37.7,0.8,0.51,0.22,0.29,43.5,False,none,normal
2026-01-17 09:00:00,Building_B,43.84,1.2,0.73,0.25,0.48,34.7,False,none,normal
2026-01-17 10:00:00,Building_B,62.72,2.8,7.34,3.08,4.26,42.0,False,none,normal
2026-01-17 11:00:00,Building_B,57.11,2.72,4.58,2.0,2.58,43.7,False,none,normal
2026-01-17 12:00:00,Building_B,60.99,2.3,3.01,1.3,1.71,43.1,False,none,normal
2026-01-17 13:00:00,Building_B,66.41,2.77,5.95,2.74,3.21,46.1,False,none,normal
2026-01-17 14:00:00,Building_B,61.95,2.45,5.21,2.44,2.77,46.8,False,none,normal
2026-01-17 15:00:00,Building_B,63.0,3.0,4.42,1.82,2.6,41.2,False,none,normal
2026-01-17 16:00:00,Building_B,60.4,2.72,6.37,2.08,4.29,32.6,False,none,normal
2026-01-17 17:00:00,Building_B,61.0,2.71,3.33,1.49,1.84,44.7,False,none,normal
2026-01-17 18:00:00,Building_B,57.98,2.61,7.19,3.31,3.88,46.0,False,none,normal
2026-01-17 19:00:00,Building_B,44.91,1.5,0.51,0.25,0.26,50.0,False,none,normal
2026-01-17 20:00:00,Building_B,45.82,1.11,0.5,0.22,0.28,44.3,False,none,normal
2026-01-17 21:00:00,Building_B,42.39,0.87,1.22,0.5,0.72,40.9,False,none,normal
2026-01-17 22:00:00,Building_B,44.74,1.52,0.5,0.22,0.28,44.5,False,none,normal
2026-01-17 23:00:00,Building_B,40.62,1.22,0.5,0.23,0.27,46.5,False,none,normal
2026-01-18 00:00:00,Building_B,41.49,1.85,2.85,1.11,1.74,39.0,False,none,normal
2026-01-18 01:00:00,Building_B,30.93,1.74,0.5,0.19,0.31,38.5,False,none,normal
2026-01-18 02:00:00,Building_B,40.26,1.22,2.27,0.97,1.3,42.6,False,none,normal
2026-01-18 03:00:00,Building_B,47.75,1.54,0.5,0.2,0.3,40.4,False,none,normal
2026-01-18 04:00:00,Building_B,44.86,1.66,1.91,0.78,1.13,41.0,False,none,normal
2026-01-18 05:00:00,Building_B,43.32,1.57,0.5,0.19,0.31,37.5,False,none,normal
2026-01-18 06:00:00,Building_B,39.39,1.29,1.5,0.71,0.79,47.0,False,none,normal
2026-01-18 07:00:00,Building_B,37.19,1.16,0.5,0.23,0.27,45.2,False,none,normal
2026-01-18 08:00:00,Building_B,40.5,1.22,0.5,0.22,0.28,43.9,False,none,normal
2026-01-18 09:00:00,Building_B,41.97,1.14,0.5,0.23,0.27,46.5,False,none,normal
2026-01-18 10:00:00,Building_B,56.86,2.44,6.47,2.74,3.73,42.3,False,none,normal
2026-01-18 11:00:00,Building_B,63.56,2.88,4.93,2.0,2.93,40.6,False,none,normal
2026-01-18 12:00:00,Building_B,64.2,3.15,6.27,2.34,3.93,37.3,False,none,normal
2026-01-18 13:00:00,Building_B,66.1,2.61,4.07,1.68,2.39,41.3,False,none,normal
2026-01-18 14:00:00,Building_B,64.2,2.93,4.67,2.12,2.55,45.4,False,none,normal
2026-01-18 15:00:00,Building_B,61.44,2.54,4.12,1.8,2.32,43.6,False,none,normal
2026-01-18 16:00:00,Building_B,60.55,2.26,5.99,2.4,3.59,40.1,False,none,normal
2026-01-18 17:00:00,Building_B,67.25,2.25,4.75,1.86,2.89,39.2,False,none,normal
2026-01-18 18:00:00,Building_B,56.98,2.57,7.1,3.02,4.08,42.6,False,none,normal
2026-01-18 19:00:00,Building_B,39.45,0.73,0.5,0.2,0.3,39.9,False,none,normal
2026-01-18 20:00:00,Building_B,40.08,1.29,0.5,0.21,0.29,41.6,False,none,normal
2026-01-18 21:00:00,Building_B,46.73,1.94,0.5,0.19,0.31,38.8,False,none,normal
2026-01-18 22:00:00,Building_B,39.2,1.42,0.5,0.24,0.26,48.7,False,none,normal
2026-01-18 23:00:00,Building_B,42.79,1.33,2.62,1.1,1.52,41.9,False,none,normal
2026-01-19 00:00:00,Building_B,44.22,1.11,0.5,0.2,0.3,39.6,False,none,normal
2026-01-19 01:00:00,Building_B,51.36,1.59,1.04,0.4,0.64,38.1,False,none,normal
2026-01-19 02:00:00,Building_B,46.26,0.89,0.5,0.2,0.3,39.8,False,none,normal
2026-01-19 03:00:00,Building_B,50.43,2.03,0.5,0.2,0.3,39.3,False,none,normal
2026-01-19 04:00:00,Building_B,36.05,1.4,0.9,0.41,0.49,45.2,False,none,normal
2026-01-19 05:00:00,Building_B,46.26,1.3,1.38,0.54,0.84,39.2,False,none,normal
2026-01-19 06:00:00,Building_B,111.73,7.58,11.92,5.19,6.73,43.5,False,none,normal
2026-01-19 07:00:00,Building_B,109.86,8.04,9.48,3.58,5.9,37.7,False,none,normal
2026-01-19 08:00:00,Building_B,187.64,15.02,29.34,11.88,17.46,40.5,False,none,normal
2026-01-19 09:00:00,Building_B,193.96,15.57,31.07,13.42,17.65,43.2,False,none,normal
2026-01-19 10:00:00,Building_B,186.58,15.57,30.71,14.36,16.35,46.8,False,none,normal
2026-01-19 11:00:00,Building_B,188.19,14.95,27.77,11.3,16.47,40.7,False,none,normal
2026-01-19 12:00:00,Building_B,179.37,16.15,30.55,12.05,18.5,39.5,False,none,normal
2026-01-19 13:00:00,Building_B,184.28,15.88,28.49,10.81,17.68,37.9,False,none,normal
2026-01-19 14:00:00,Building_B,185.66,15.56,30.58,14.3,16.28,46.8,False,none,normal
2026-01-19 15:00:00,Building_B,192.9,15.52,31.05,12.21,18.84,39.3,False,none,normal
2026-01-19 16:00:00,Building_B,181.44,15.29,28.86,11.39,17.47,39.5,False,none,normal
2026-01-19 17:00:00,Building_B,184.88,15.36,30.57,14.94,15.63,48.9,False,none,normal
2026-01-19 18:00:00,Building_B,181.82,15.07,28.88,13.01,15.87,45.1,False,none,normal
2026-01-19 19:00:00,Building_B,108.76,7.51,12.22,5.6,6.62,45.8,False,none,normal
2026-01-19 20:00:00,Building_B,109.51,7.48,11.69,4.8,6.89,41.1,False,none,normal
2026-01-19 21:00:00,Building_B,108.62,7.58,12.47,5.36,7.11,43.0,False,none,normal
2026-01-19 22:00:00,Building_B,113.72,8.23,11.91,4.76,7.15,40.0,False,none,normal
2026-01-19 23:00:00,Building_B,46.78,1.53,3.83,1.66,2.17,43.2,False,none,normal
2026-01-20 00:00:00,Building_B,45.41,1.47,0.59,0.24,0.35,41.0,False,none,normal
2026-01-20 01:00:00,Building_B,43.79,1.55,2.1,0.91,1.19,43.2,False,none,normal
2026-01-20 02:00:00,Building_B,40.76,1.26,0.5,0.24,0.26,48.6,False,none,normal
2026-01-20 03:00:00,Building_B,40.45,1.71,1.04,0.45,0.59,43.2,False,none,normal
2026-01-20 04:00:00,Building_B,42.14,1.09,0.5,0.24,0.26,48.9,False,none,normal
2026-01-20 05:00:00,Building_B,43.07,1.76,2.37,0.96,1.41,40.4,False,none,normal
2026-01-20 06:00:00,Building_B,111.27,7.78,9.98,4.12,5.86,41.3,False,none,normal
2026-01-20 07:00:00,Building_B,111.93,7.59,10.97,4.53,6.44,41.3,False,none,normal
2026-01-20 08:00:00,Building_B,197.17,14.88,30.43,12.47,17.96,41.0,False,none,normal
2026-01-20 09:00:00,Building_B,186.16,15.43,30.63,13.75,16.88,44.9,False,none,normal
2026-01-20 10:00:00,Building_B,189.47,15.91,31.35,14.19,17.16,45.3,False,none,normal
2026-01-20 11:00:00,Building_B,186.54,15.7,30.43,11.79,18.64,38.7,False,none,normal
2026-01-20 12:00:00,Building_B,182.44,14.82,29.91,12.92,16.99,43.2,False,none,normal
2026-01-20 13:00:00,Building_B,184.0,15.89,30.01,14.22,15.79,47.4,False,none,normal
2026-01-20 14:00:00,Building_B,190.2,15.15,30.38,13.57,16.81,44.7,False,none,normal
2026-01-20 15:00:00,Building_B,186.53,15.02,29.95,11.38,18.57,38.0,False,none,normal
2026-01-20 16:00:00,Building_B,193.21,15.38,31.9,10.69,21.21,33.5,False,none,normal
2026-01-20 17:00:00,Building_B,189.26,16.02,28.76,11.9,16.86,41.4,False,none,normal
2026-01-20 18:00:00,Building_B,187.11,15.28,30.12,11.09,19.03,36.8,False,none,normal
2026-01-20 19:00:00,Building_B,109.14,7.94,11.11,4.22,6.89,38.0,False,none,normal
2026-01-20 20:00:00,Building_B,113.7,8.02,10.11,3.72,6.39,36.8,False,none,normal
2026-01-20 21:00:00,Building_B,105.77,7.95,11.69,5.28,6.41,45.2,False,none,normal
2026-01-20 22:00:00,Building_B,108.28,7.44,12.47,4.96,7.51,39.8,False,none,normal
2026-01-20 23:00:00,Building_B,43.36,0.83,0.5,0.23,0.27,46.0,False,none,normal
2026-01-21 00:00:00,Building_B,39.75,1.65,0.5,0.2,0.3,39.8,False,none,normal
2026-01-21 01:00:00,Building_B,41.93,1.98,0.5,0.22,0.28,44.7,False,none,normal
2026-01-21 02:00:00,Building_B,46.84,1.12,0.5,0.21,0.29,42.6,False,none,normal
2026-01-21 03:00:00,Building_B,36.69,1.21,2.24,0.99,1.25,44.1,False,none,normal
2026-01-21 04:00:00,Building_B,41.99,1.41,1.41,0.64,0.77,45.1,False,none,normal
2026-01-21 05:00:00,Building_B,40.39,1.91,2.29,1.02,1.27,44.7,False,none,normal
2026-01-21 06:00:00,Building_B,106.21,7.4,10.97,4.63,6.34,42.2,False,none,normal
2026-01-21 07:00:00,Building_B,102.51,7.94,12.91,5.72,7.19,44.3,False,none,normal
2026-01-21 08:00:00,Building_B,186.02,15.25,30.19,12.49,17.7,41.4,False,none,normal
2026-01-21 09:00:00,Building_B,190.49,15.73,31.14,11.67,19.47,37.5,False,none,normal
2026-01-21 10:00:00,Building_B,189.61,15.4,29.71,13.51,16.2,45.5,False,none,normal
2026-01-21 11:00:00,Building_B,192.61,16.01,30.34,12.61,17.73,41.6,False,none,normal
2026-01-21 12:00:00,Building_B,187.71,14.92,31.44,12.8,18.64,40.7,False,none,normal
2026-01-21 13:00:00,Building_B,190.75,15.76,28.34,10.86,17.48,38.3,False,none,normal
2026-01-21 14:00:00,Building_B,194.91,15.63,29.13,12.09,17.04,41.5,False,none,normal
2026-01-21 15:00:00,Building_B,193.07,15.85,28.07,13.62,14.45,48.5,False,none,normal
2026-01-21 16:00:00,Building_B,192.59,15.47,28.4,13.13,15.27,46.2,False,none,normal
2026-01-21 17:00:00,Building_B,190.63,15.01,29.55,16.11,13.44,54.5,False,none,normal
2026-01-21 18:00:00,Building_B,188.79,15.26,28.62,14.05,14.57,49.1,False,none,normal
2026-01-21 19:00:00,Building_B,112.97,8.25,11.66,5.48,6.18,47.0,False,none,normal
2026-01-21 20:00:00,Building_B,106.19,7.82,11.71,5.57,6.14,47.5,False,none,normal
2026-01-21 21:00:00,Building_B,110.86,7.54,11.44,4.04,7.4,35.3,False,none,normal
2026-01-21 22:00:00,Building_B,100.3,8.05,10.91,4.47,6.44,41.0,False,none,normal
2026-01-21 23:00:00,Building_B,45.94,1.86,1.35,0.67,0.68,49.7,False,none,normal
2026-01-22 00:00:00,Building_B,44.63,1.48,1.0,0.37,0.63,36.9,False,none,normal
2026-01-22 01:00:00,Building_B,46.44,0.51,0.5,0.21,0.29,42.1,False,none,normal
2026-01-22 02:00:00,Building_B,39.46,1.21,2.92,1.36,1.56,46.4,False,none,normal
2026-01-22 03:00:00,Building_B,39.87,1.21,0.5,0.22,0.28,44.8,False,none,normal
2026-01-22 04:00:00,Building_B,41.62,0.68,0.83,0.36,0.47,43.8,False,none,normal
2026-01-22 05:00:00,Building_B,46.47,1.34,0.5,0.25,0.25,49.9,False,none,normal
2026-01-22 06:00:00,Building_B,109.61,8.01,10.72,4.8,5.92,44.8,False,none,normal
2026-01-22 07:00:00,Building_B,103.76,7.6,9.91,3.92,5.99,39.6,False,none,normal
2026-01-22 08:00:00,Building_B,193.72,15.31,30.69,14.75,15.94,48.1,False,none,normal
2026-01-22 09:00:00,Building_B,188.61,15.87,30.47,12.94,17.53,42.5,False,none,normal
2026-01-22 10:00:00,Building_B,191.72,16.17,29.07,11.09,17.98,38.2,False,none,normal
2026-01-22 11:00:00,Building_B,184.65,15.87,31.19,12.43,18.76,39.9,False,none,normal
2026-01-22 12:00:00,Building_B,180.18,15.29,30.49,12.72,17.77,41.7,False,none,normal
2026-01-22 13:00:00,Building_B,189.44,15.34,31.05,13.47,17.58,43.4,False,none,normal
2026-01-22 14:00:00,Building_B,191.07,15.58,30.46,13.35,17.11,43.8,False,none,normal
2026-01-22 15:00:00,Building_B,185.01,15.65,30.78,14.35,16.43,46.6,False,none,normal
2026-01-22 16:00:00,Building_B,190.39,15.19,28.86,11.62,17.24,40.3,False,none,normal
2026-01-22 17:00:00,Building_B,189.48,15.48,28.48,10.67,17.81,37.5,False,none,normal
2026-01-22 18:00:00,Building_B,180.33,14.43,29.67,15.22,14.45,51.3,False,none,normal
2026-01-22 19:00:00,Building_B,116.77,7.42,11.54,4.17,7.37,36.1,False,none,normal
2026-01-22 20:00:00,Building_B,104.33,7.34,11.09,4.58,6.51,41.3,False,none,normal
2026-01-22 21:00:00,Building_B,110.59,7.99,10.96,4.62,6.34,42.1,False,none,normal
2026-01-22 22:00:00,Building_B,105.21,7.29,9.57,4.27,5.3,44.6,False,none,normal
2026-01-22 23:00:00,Building_B,41.26,0.71,0.63,0.23,0.4,37.0,False,none,normal
2026-01-23 00:00:00,Building_B,49.26,1.17,1.53,0.71,0.82,46.4,False,none,normal
2026-01-23 01:00:00,Building_B,38.8,1.4,1.37,0.58,0.79,42.5,False,none,normal
2026-01-23 02:00:00,Building_B,44.06,0.9,1.38,0.55,0.83,40.1,False,none,normal
2026-01-23 03:00:00,Building_B,44.01,1.69,1.51,0.66,0.85,43.4,False,none,normal
2026-01-23 04:00:00,Building_B,45.18,1.61,2.5,1.05,1.45,41.9,False,none,normal
2026-01-23 05:00:00,Building_B,43.27,1.7,0.5,0.18,0.32,36.7,False,none,normal
2026-01-23 06:00:00,Building_B,111.55,7.69,9.91,4.36,5.55,44.0,False,none,normal
2026-01-23 07:00:00,Building_B,115.31,7.19,12.59,4.01,8.58,31.9,False,none,normal
2026-01-23 08:00:00,Building_B,187.12,16.17,29.44,12.47,16.97,42.4,False,none,normal
2026-01-23 09:00:00,Building_B,191.77,14.92,29.92,12.64,17.28,42.3,False,none,normal
2026-01-23 10:00:00,Building_B,196.17,15.09,29.37,11.24,18.13,38.3,False,none,normal
2026-01-23 11:00:00,Building_B,184.58,15.92,29.86,11.88,17.98,39.8,False,none,normal
2026-01-23 12:00:00,Building_B,186.65,15.33,29.26,10.81,18.45,36.9,False,none,normal
2026-01-23 13:00:00,Building_B,187.69,15.4,28.92,12.33,16.59,42.6,False,none,normal
2026-01-23 14:00:00,Building_B,189.68,15.33,29.66,15.02,14.64,50.6,False,none,normal
2026-01-23 15:00:00,Building_B,197.2,15.16,28.73,10.85,17.88,37.8,False,none,normal
2026-01-23 16:00:00,Building_B,192.95,15.38,30.12,15.06,15.06,50.0,False,none,normal
2026-01-23 17:00:00,Building_B,188.68,15.77,30.45,12.07,18.38,39.6,False,none,normal
2026-01-23 18:00:00,Building_B,192.96,15.23,31.44,12.47,18.97,39.7,False,none,normal
2026-01-23 19:00:00,Building_B,107.67,7.38,10.25,4.13,6.12,40.3,False,none,normal
2026-01-23 20:00:00,Building_B,99.86,7.68,10.75,4.85,5.9,45.2,False,none,normal
2026-01-23 21:00:00,Building_B,111.27,7.51,10.81,4.44,6.37,41.1,False,none,normal
2026-01-23 22:00:00,Building_B,115.52,7.47,10.5,3.94,6.56,37.5,False,none,normal
2026-01-23 23:00:00,Building_B,36.69,1.48,0.95,0.45,0.5,47.1,False,none,normal
2026-01-24 00:00:00,Building_B,46.78,2.21,0.62,0.25,0.37,41.0,False,none,normal
2026-01-24 01:00:00,Building_B,37.41,1.61,0.85,0.38,0.47,44.6,False,none,normal
2026-01-24 02:00:00,Building_B,38.06,1.49,0.96,0.41,0.55,42.6,False,none,normal
2026-01-24 03:00:00,Building_B,39.88,1.79,3.17,1.19,1.98,37.6,False,none,normal
2026-01-24 04:00:00,Building_B,45.5,0.36,1.51,0.52,0.99,34.5,False,none,normal
2026-01-24 05:00:00,Building_B,40.51,0.91,0.5,0.23,0.27,45.4,False,none,normal
2026-01-24 06:00:00,Building_B,35.19,1.24,0.5,0.24,0.26,48.3,False,none,normal
2026-01-24 07:00:00,Building_B,44.34,0.96,0.5,0.24,0.26,48.2,False,none,normal
2026-01-24 08:00:00,Building_B,45.47,1.05,0.5,0.21,0.29,41.1,False,none,normal
2026-01-24 09:00:00,Building_B,40.46,0.77,0.5,0.24,0.26,47.6,False,none,normal
2026-01-24 10:00:00,Building_B,59.35,2.7,5.14,2.61,2.53,50.9,False,none,normal
2026-01-24 11:00:00,Building_B,60.91,3.12,4.25,1.74,2.51,41.0,False,none,normal
2026-01-24 12:00:00,Building_B,60.93,2.47,4.73,2.15,2.58,45.6,False,none,normal
2026-01-24 13:00:00,Building_B,57.68,2.74,5.82,2.25,3.57,38.7,False,none,normal
2026-01-24 14:00:00,Building_B,65.26,2.77,4.77,1.62,3.15,34.0,False,none,normal
2026-01-24 15:00:00,Building_B,59.38,2.87,7.07,3.13,3.94,44.3,False,none,normal
2026-01-24 16:00:00,Building_B,65.38,2.32,4.82,2.26,2.56,46.9,False,none,normal
2026-01-24 17:00:00,Building_B,57.33,3.08,5.85,2.52,3.33,43.1,False,none,normal
2026-01-24 18:00:00,Building_B,59.56,2.39,7.1,3.16,3.94,44.5,False,none,normal
2026-01-24 19:00:00,Building_B,43.98,1.23,0.76,0.32,0.44,42.7,False,none,normal
2026-01-24 20:00:00,Building_B,44.21,1.63,0.5,0.18,0.32,36.1,False,none,normal
2026-01-24 21:00:00,Building_B,42.95,0.76,0.5,0.2,0.3,40.0,False,none,normal
2026-01-24 22:00:00,Building_B,44.58,2.06,0.5,0.26,0.24,51.1,False,none,normal
2026-01-24 23:00:00,Building_B,41.68,1.49,0.5,0.23,0.27,46.0,False,none,normal
2026-01-25 00:00:00,Building_B,42.78,1.35,0.5,0.21,0.29,42.3,False,none,normal
2026-01-25 01:00:00,Building_B,46.0,1.29,2.12,0.99,1.13,46.5,False,none,normal
2026-01-25 02:00:00,Building_B,40.05,1.93,0.76,0.32,0.44,42.2,False,none,normal
2026-01-25 03:00:00,Building_B,43.01,1.39,0.5,0.21,0.29,41.3,False,none,normal
2026-01-25 04:00:00,Building_B,37.16,1.94,2.61,1.19,1.42,45.4,False,none,normal
2026-01-25 05:00:00,Building_B,41.66,1.02,0.5,0.25,0.25,49.8,False,none,normal
2026-01-25 06:00:00,Building_B,39.85,0.55,1.95,0.94,1.01,48.0,False,none,normal
2026-01-25 07:00:00,Building_B,49.25,1.73,2.15,0.91,1.24,42.2,False,none,normal
2026-01-25 08:00:00,Building_B,34.31,1.38,1.46,0.61,0.85,41.5,False,none,normal
2026-01-25 09:00:00,Building_B,41.89,1.03,0.5,0.25,0.25,49.4,False,none,normal
2026-01-25 10:00:00,Building_B,68.38,2.74,5.31,2.02,3.29,38.1,False,none,normal
2026-01-25 11:00:00,Building_B,63.45,3.36,3.14,1.38,1.76,43.9,False,none,normal
2026-01-25 12:00:00,Building_B,63.03,2.92,6.94,3.48,3.46,50.1,False,none,normal
2026-01-25 13:00:00,Building_B,59.94,2.98,5.07,2.0,3.07,39.5,False,none,normal
2026-01-25 14:00:00,Building_B,61.96,2.97,5.23,2.01,3.22,38.5,False,none,normal
2026-01-25 15:00:00,Building_B,59.02,2.58,3.96,1.71,2.25,43.3,False,none,normal
2026-01-25 16:00:00,Building_B,62.55,3.08,3.94,1.56,2.38,39.7,False,none,normal
2026-01-25 17:00:00,Building_B,67.1,2.68,5.01,2.07,2.94,41.3,False,none,normal
2026-01-25 18:00:00,Building_B,65.41,3.15,6.31,2.66,3.65,42.1,False,none,normal
2026-01-25 19:00:00,Building_B,39.12,2.04,1.74,0.7,1.04,40.2,False,none,normal
2026-01-25 20:00:00,Building_B,48.31,1.18,2.4,1.15,1.25,47.9,False,none,normal
2026-01-25 21:00:00,Building_B,38.93,1.57,1.65,0.87,0.78,52.5,False,none,normal
2026-01-25 22:00:00,Building_B,39.65,1.87,0.73,0.27,0.46,37.0,False,none,normal
2026-01-25 23:00:00,Building_B,42.13,1.37,0.5,0.22,0.28,43.2,False,none,normal
2026-01-26 00:00:00,Building_B,46.45,1.45,0.5,0.21,0.29,41.4,False,none,normal
2026-01-26 01:00:00,Building_B,42.6,1.45,2.04,0.88,1.16,43.1,False,none,normal
2026-01-26 02:00:00,Building_B,37.0,1.17,0.91,0.42,0.49,46.5,False,none,normal
2026-01-26 03:00:00,Building_B,47.81,1.99,0.87,0.39,0.48,45.1,False,none,normal
2026-01-26 04:00:00,Building_B,36.8,1.52,0.5,0.21,0.29,41.7,False,none,normal
2026-01-26 05:00:00,Building_B,54.73,1.48,0.5,0.22,0.28,43.6,False,none,normal
2026-01-26 06:00:00,Building_B,107.51,7.43,13.89,6.43,7.46,46.3,False,none,normal
2026-01-26 07:00:00,Building_B,110.96,7.62,10.99,5.29,5.7,48.2,False,none,normal
2026-01-26 08:00:00,Building_B,189.95,14.44,32.74,13.99,18.75,42.7,False,none,normal
2026-01-26 09:00:00,Building_B,190.1,15.9,30.39,13.67,16.72,45.0,False,none,normal
2026-01-26 10:00:00,Building_B,187.03,15.09,30.17,14.4,15.77,47.7,False,none,normal
2026-01-26 11:00:00,Building_B,186.13,15.27,31.3,12.57,18.73,40.2,False,none,normal
2026-01-26 12:00:00,Building_B,187.08,15.39,29.75,10.62,19.13,35.7,False,none,normal
2026-01-26 13:00:00,Building_B,186.57,15.6,30.1,14.04,16.06,46.6,False,none,normal
2026-01-26 14:00:00,Building_B,196.08,16.05,30.93,12.81,18.12,41.4,False,none,normal
2026-01-26 15:00:00,Building_B,186.23,15.53,30.53,13.83,16.7,45.3,False,none,normal
2026-01-26 16:00:00,Building_B,191.21,15.48,30.77,14.48,16.29,47.0,False,none,normal
2026-01-26 17:00:00,Building_B,192.24,15.51,28.83,11.12,17.71,38.6,False,none,normal
2026-01-26 18:00:00,Building_B,186.0,15.61,30.45,11.07,19.38,36.3,False,none,normal
2026-01-26 19:00:00,Building_B,107.56,7.85,10.28,4.5,5.78,43.7,False,none,normal
2026-01-26 20:00:00,Building_B,108.35,7.51,11.43,4.98,6.45,43.6,False,none,normal
2026-01-26 21:00:00,Building_B,106.19,7.68,11.93,4.65,7.28,39.0,False,none,normal
2026-01-26 22:00:00,Building_B,102.95,7.22,10.86,3.99,6.87,36.7,False,none,normal
2026-01-26 23:00:00,Building_B,41.22,1.95,0.5,0.2,0.3,40.9,False,none,normal
2026-01-27 00:00:00,Building_B,51.14,1.51,0.5,0.21,0.29,41.4,False,none,normal
2026-01-27 01:00:00,Building_B,44.33,1.96,0.5,0.19,0.31,39.0,False,none,normal
2026-01-27 02:00:00,Building_B,37.1,1.41,0.5,0.2,0.3,40.1,False,none,normal
2026-01-27 03:00:00,Building_B,38.98,1.75,0.5,0.22,0.28,43.6,False,none,normal
2026-01-27 04:00:00,Building_B,36.2,1.42,0.5,0.2,0.3,40.3,False,none,normal
2026-01-27 05:00:00,Building_B,51.46,1.7,0.56,0.31,0.25,54.8,False,none,normal
2026-01-27 06:00:00,Building_B,105.92,8.17,9.52,3.91,5.61,41.0,False,none,normal
2026-01-27 07:00:00,Building_B,104.19,7.85,11.43,4.66,6.77,40.8,False,none,normal
2026-01-27 08:00:00,Building_B,193.09,15.33,30.22,13.68,16.54,45.3,False,none,normal
2026-01-27 09:00:00,Building_B,182.79,15.26,29.89,13.31,16.58,44.5,False,none,normal
2026-01-27 10:00:00,Building_B,194.41,15.45,29.45,11.34,18.11,38.5,False,none,normal
2026-01-27 11:00:00,Building_B,190.04,15.42,29.5,12.28,17.22,41.6,False,none,normal
2026-01-27 12:00:00,Building_B,190.93,15.33,28.9,12.64,16.26,43.7,False,none,normal
2026-01-27 13:00:00,Building_B,176.62,15.31,28.45,13.32,15.13,46.8,False,none,normal
2026-01-27 14:00:00,Building_B,186.96,15.33,29.77,11.79,17.98,39.6,False,none,normal
2026-01-27 15:00:00,Building_B,187.11,15.56,29.32,11.81,17.51,40.3,False,none,normal
2026-01-27 16:00:00,Building_B,184.68,15.12,29.9,12.92,16.98,43.2,False,none,normal
2026-01-27 17:00:00,Building_B,183.01,15.79,30.75,14.11,16.64,45.9,False,none,normal
2026-01-27 18:00:00,Building_B,189.92,15.75,32.45,13.24,19.21,40.8,False,none,normal
2026-01-27 19:00:00,Building_B,105.4,7.23,13.47,6.61,6.86,49.1,False,none,normal
2026-01-27 20:00:00,Building_B,105.88,7.51,10.98,5.15,5.83,46.9,False,none,normal
2026-01-27 21:00:00,Building_B,104.43,7.07,13.96,6.04,7.92,43.2,False,none,normal
2026-01-27 22:00:00,Building_B,111.4,7.69,11.92,4.28,7.64,35.9,False,none,normal
2026-01-27 23:00:00,Building_B,39.25,1.41,0.5,0.2,0.3,40.8,False,none,normal
2026-01-28 00:00:00,Building_B,41.16,1.26,0.5,0.19,0.31,38.0,False,none,normal
2026-01-28 01:00:00,Building_B,35.33,1.42,0.5,0.18,0.32,36.5,False,none,normal
2026-01-28 02:00:00,Building_B,42.86,1.27,0.5,0.17,0.33,33.4,False,none,normal
2026-01-28 03:00:00,Building_B,45.35,0.94,0.79,0.31,0.48,38.8,False,none,normal
2026-01-28 04:00:00,Building_B,41.06,1.77,1.35,0.63,0.72,46.5,False,none,normal
2026-01-28 05:00:00,Building_B,43.94,1.51,0.5,0.2,0.3,40.7,False,none,normal
2026-01-28 06:00:00,Building_B,108.68,8.19,10.76,4.63,6.13,43.1,False,none,normal
2026-01-28 07:00:00,Building_B,110.48,8.17,11.2,5.07,6.13,45.3,False,none,normal
2026-01-28 08:00:00,Building_B,181.9,14.96,27.09,12.23,14.86,45.1,False,none,normal
2026-01-28 09:00:00,Building_B,191.42,15.84,29.02,11.53,17.49,39.7,False,none,normal
2026-01-28 10:00:00,Building_B,188.24,16.03,31.86,14.39,17.47,45.2,False,none,normal
2026-01-28 11:00:00,Building_B,190.05,15.99,29.52,11.94,17.58,40.4,False,none,normal
2026-01-28 12:00:00,Building_B,188.21,15.18,29.62,11.12,18.5,37.5,False,none,normal
2026-01-28 13:00:00,Building_B,192.82,15.71,31.55,11.19,20.36,35.5,False,none,normal
2026-01-28 14:00:00,Building_B,196.33,14.97,28.39,11.22,17.17,39.5,False,none,normal
2026-01-28 15:00:00,Building_B,193.95,15.6,29.54,11.47,18.07,38.8,False,none,normal
2026-01-28 16:00:00,Building_B,183.22,15.92,30.79,14.6,16.19,47.4,False,none,normal
2026-01-28 17:00:00,Building_B,190.31,14.6,28.34,12.43,15.91,43.9,False,none,normal
2026-01-28 18:00:00,Building_B,187.24,15.33,28.51,13.05,15.46,45.8,False,none,normal
2026-01-28 19:00:00,Building_B,111.41,7.94,10.6,4.53,6.07,42.7,False,none,normal
2026-01-28 20:00:00,Building_B,104.23,7.72,8.33,2.98,5.35,35.7,False,none,normal
2026-01-28 21:00:00,Building_B,108.29,8.59,9.2,3.41,5.79,37.0,False,none,normal
2026-01-28 22:00:00,Building_B,110.45,8.38,11.61,5.2,6.41,44.8,False,none,normal
2026-01-28 23:00:00,Building_B,41.26,1.19,0.81,0.32,0.49,39.4,False,none,normal
2026-01-29 00:00:00,Building_B,45.51,0.81,1.78,0.75,1.03,42.2,False,none,normal
2026-01-29 01:00:00,Building_B,41.76,0.79,0.5,0.23,0.27,46.8,False,none,normal
2026-01-29 02:00:00,Building_B,41.78,1.47,0.5,0.21,0.29,41.9,False,none,normal
2026-01-29 03:00:00,Building_B,37.13,1.4,1.16,0.5,0.66,43.3,False,none,normal
2026-01-29 04:00:00,Building_B,39.0,1.25,1.35,0.56,0.79,41.2,False,none,normal
2026-01-29 05:00:00,Building_B,41.47,2.04,0.5,0.23,0.27,46.3,False,none,normal
2026-01-29 06:00:00,Building_B,104.96,7.99,12.21,4.88,7.33,40.0,False,none,normal
2026-01-29 07:00:00,Building_B,104.71,7.07,10.63,4.69,5.94,44.1,False,none,normal
2026-01-29 08:00:00,Building_B,184.41,15.56,28.06,11.52,16.54,41.1,False,none,normal
2026-01-29 09:00:00,Building_B,184.13,15.5,29.23,10.88,18.35,37.2,False,none,normal
2026-01-29 10:00:00,Building_B,186.09,15.2,28.25,13.09,15.16,46.3,False,none,normal
2026-01-29 11:00:00,Building_B,187.28,14.75,29.08,13.28,15.8,45.7,False,none,normal
2026-01-29 12:00:00,Building_B,185.68,16.05,28.8,12.68,16.12,44.0,False,none,normal
2026-01-29 13:00:00,Building_B,192.87,15.68,28.18,10.77,17.41,38.2,False,none,normal
2026-01-29 14:00:00,Building_B,193.4,15.24,31.0,12.49,18.51,40.3,False,none,normal
2026-01-29 15:00:00,Building_B,189.29,15.04,29.1,11.2,17.9,38.5,False,none,normal
2026-01-29 16:00:00,Building_B,189.62,15.56,30.39,12.17,18.22,40.0,False,none,normal
2026-01-29 17:00:00,Building_B,185.0,15.59,28.59,13.24,15.35,46.3,False,none,normal
2026-01-29 18:00:00,Building_B,188.26,15.41,30.38,12.67,17.71,41.7,False,none,normal
2026-01-29 19:00:00,Building_B,102.95,7.39,12.63,5.35,7.28,42.3,False,none,normal
2026-01-29 20:00:00,Building_B,102.85,7.89,10.69,4.12,6.57,38.5,False,none,normal
2026-01-29 21:00:00,Building_B,105.0,8.11,9.01,3.48,5.53,38.6,False,none,normal
2026-01-29 22:00:00,Building_B,110.06,8.31,12.03,4.65,7.38,38.6,False,none,normal
2026-01-29 23:00:00,Building_B,48.73,0.9,1.03,0.45,0.58,44.0,False,none,normal
2026-01-30 00:00:00,Building_B,39.09,1.61,0.5,0.22,0.28,44.8,False,none,normal
2026-01-30 01:00:00,Building_B,35.26,1.49,0.5,0.23,0.27,46.6,False,none,normal
2026-01-30 02:00:00,Building_B,42.44,1.81,1.32,0.55,0.77,41.5,False,none,normal
2026-01-30 03:00:00,Building_B,45.77,1.65,1.28,0.42,0.86,32.8,False,none,normal
2026-01-30 04:00:00,Building_B,38.68,1.85,0.5,0.23,0.27,45.5,False,none,normal
2026-01-30 05:00:00,Building_B,45.44,1.12,0.5,0.2,0.3,39.7,False,none,normal
2026-01-30 06:00:00,Building_B,117.89,7.46,10.41,3.96,6.45,38.0,False,none,normal
2026-01-30 07:00:00,Building_B,114.44,7.68,10.61,5.06,5.55,47.7,False,none,normal
2026-01-30 08:00:00,Building_B,191.04,15.2,28.36,13.23,15.13,46.6,False,none,normal
2026-01-30 09:00:00,Building_B,188.79,14.98,27.69,10.39,17.3,37.5,False,none,normal
2026-01-30 10:00:00,Building_B,183.76,14.81,28.51,10.93,17.58,38.3,False,none,normal
2026-01-30 11:00:00,Building_B,186.87,16.12,29.51,12.2,17.31,41.3,False,none,normal
2026-01-30 12:00:00,Building_B,190.76,15.44,30.31,13.07,17.24,43.1,False,none,normal
2026-01-30 13:00:00,Building_B,189.21,16.49,30.92,11.65,19.27,37.7,False,none,normal
2026-01-30 14:00:00,Building_B,190.2,15.25,30.37,11.08,19.29,36.5,False,none,normal
2026-01-30 15:00:00,Building_B,184.29,15.64,31.03,13.66,17.37,44.0,False,none,normal
2026-01-30 16:00:00,Building_B,192.14,15.65,30.04,12.01,18.03,40.0,False,none,normal
2026-01-30 17:00:00,Building_B,191.97,15.88,29.75,12.36,17.39,41.5,False,none,normal
2026-01-30 18:00:00,Building_B,195.09,15.52,29.92,13.15,16.77,43.9,False,none,normal
2026-01-30 19:00:00,Building_B,109.19,7.47,11.82,4.95,6.87,41.8,False,none,normal
2026-01-30 20:00:00,Building_B,116.95,8.04,10.65,4.78,5.87,44.9,False,none,normal
2026-01-30 21:00:00,Building_B,110.81,8.22,10.73,4.59,6.14,42.8,False,none,normal
2026-01-30 22:00:00,Building_B,109.18,7.78,10.3,4.56,5.74,44.3,False,none,normal
2026-01-30 23:00:00,Building_B,44.29,1.82,0.7,0.28,0.42,40.4,False,none,normal
2026-01-31 00:00:00,Building_B,45.77,1.09,2.01,0.93,1.08,46.3,False,none,normal
2026-01-31 01:00:00,Building_B,47.64,1.5,0.5,0.21,0.29,42.4,False,none,normal
2026-01-31 02:00:00,Building_B,44.14,1.17,2.31,1.02,1.29,44.3,False,none,normal
2026-01-31 03:00:00,Building_B,39.05,2.03,0.83,0.31,0.52,37.6,False,none,normal
2026-01-31 04:00:00,Building_B,39.29,1.89,2.9,1.34,1.56,46.0,False,none,normal
2026-01-31 05:00:00,Building_B,47.89,1.8,1.38,0.6,0.78,43.3,False,none,normal
2026-01-31 06:00:00,Building_B,44.77,1.63,0.5,0.22,0.28,44.9,False,none,normal
2026-01-31 07:00:00,Building_B,48.45,1.3,0.5,0.22,0.28,43.9,False,none,normal
2026-01-31 08:00:00,Building_B,40.02,0.91,2.09,0.84,1.25,40.2,False,none,normal
2026-01-31 09:00:00,Building_B,42.69,1.16,2.24,1.02,1.22,45.4,False,none,normal
2026-01-31 10:00:00,Building_B,59.92,2.33,4.56,2.02,2.54,44.3,False,none,normal
2026-01-31 11:00:00,Building_B,61.63,2.78,5.23,2.36,2.87,45.0,False,none,normal
2026-01-31 12:00:00,Building_B,60.71,2.9,3.79,1.98,1.81,52.2,False,none,normal
2026-01-31 13:00:00,Building_B,59.74,2.81,5.65,2.28,3.37,40.4,False,none,normal
2026-01-31 14:00:00,Building_B,60.91,2.74,3.87,1.69,2.18,43.8,False,none,normal
2026-01-31 15:00:00,Building_B,54.28,3.35,5.92,2.64,3.28,44.6,False,none,normal
2026-01-31 16:00:00,Building_B,53.93,2.46,6.64,3.89,2.75,58.6,False,none,normal
2026-01-31 17:00:00,Building_B,65.66,3.1,5.6,2.16,3.44,38.6,False,none,normal
2026-01-31 18:00:00,Building_B,64.86,2.35,3.52,1.3,2.22,36.9,False,none,normal
2026-01-31 19:00:00,Building_B,46.52,1.35,0.83,0.35,0.48,41.9,False,none,normal
2026-01-31 20:00:00,Building_B,38.11,1.14,0.5,0.18,0.32,36.4,False,none,normal
2026-01-31 21:00:00,Building_B,40.6,0.99,1.4,0.63,0.77,44.6,False,none,normal
2026-01-31 22:00:00,Building_B,37.44,1.27,2.94,1.12,1.82,38.1,False,none,normal
2026-01-31 23:00:00,Building_B,44.32,1.41,2.02,0.87,1.15,43.2,False,none,normal
2026-02-01 00:00:00,Building_B,40.89,1.39,0.81,0.34,0.47,41.6,False,none,normal
2026-02-01 01:00:00,Building_B,37.34,1.8,1.99,0.75,1.24,37.8,False,none,normal
2026-02-01 02:00:00,Building_B,41.41,1.29,0.5,0.17,0.33,34.5,False,none,normal
2026-02-01 03:00:00,Building_B,39.93,1.25,0.5,0.21,0.29,42.7,False,none,normal
2026-02-01 04:00:00,Building_B,47.27,1.66,0.56,0.19,0.37,34.6,False,none,normal
2026-02-01 05:00:00,Building_B,45.48,1.42,1.22,0.61,0.61,49.7,False,none,normal
2026-02-01 06:00:00,Building_B,39.32,0.36,0.5,0.22,0.28,43.9,False,none,normal
2026-02-01 07:00:00,Building_B,42.72,0.94,0.5,0.2,0.3,40.6,False,none,normal
2026-02-01 08:00:00,Building_B,37.63,1.55,0.5,0.2,0.3,39.5,False,none,normal
2026-02-01 09:00:00,Building_B,39.58,1.46,0.76,0.33,0.43,42.8,False,none,normal
2026-02-01 10:00:00,Building_B,61.6,2.71,3.73,1.46,2.27,39.1,False,none,normal
2026-02-01 11:00:00,Building_B,59.3,3.46,3.35,1.35,2.0,40.3,False,none,normal
2026-02-01 12:00:00,Building_B,61.27,2.63,6.26,2.55,3.71,40.8,False,none,normal
2026-02-01 13:00:00,Building_B,59.94,3.02,7.14,3.4,3.74,47.6,False,none,normal
2026-02-01 14:00:00,Building_B,60.33,2.72,5.03,2.14,2.89,42.6,False,none,normal
2026-02-01 15:00:00,Building_B,57.49,3.07,5.22,2.18,3.04,41.8,False,none,normal
2026-02-01 16:00:00,Building_B,55.79,2.76,2.7,1.07,1.63,39.7,False,none,normal
2026-02-01 17:00:00,Building_B,58.63,2.84,7.23,3.2,4.03,44.3,False,none,normal
2026-02-01 18:00:00,Building_B,66.67,2.97,6.32,3.12,3.2,49.4,False,none,normal
2026-02-01 19:00:00,Building_B,39.69,1.09,1.51,0.63,0.88,42.0,False,none,normal
2026-02-01 20:00:00,Building_B,43.5,1.28,0.5,0.24,0.26,48.5,False,none,normal
2026-02-01 21:00:00,Building_B,38.22,1.61,1.34,0.48,0.86,35.7,False,none,normal
2026-02-01 22:00:00,Building_B,39.29,1.14,1.39,0.56,0.83,40.5,False,none,normal
2026-02-01 23:00:00,Building_B,42.27,0.86,3.5,1.48,2.02,42.3,False,none,normal
2026-02-02 00:00:00,Building_B,44.61,1.18,0.5,0.25,0.25,49.7,False,none,normal
2026-02-02 01:00:00,Building_B,34.95,1.47,0.5,0.2,0.3,40.4,False,none,normal
2026-02-02 02:00:00,Building_B,40.06,1.02,0.75,0.24,0.51,31.7,False,none,normal
2026-02-02 03:00:00,Building_B,41.35,1.34,0.5,0.24,0.26,48.1,False,none,normal
2026-02-02 04:00:00,Building_B,40.24,1.29,0.5,0.21,0.29,41.7,False,none,normal
2026-02-02 05:00:00,Building_B,47.85,2.24,1.61,0.75,0.86,46.4,False,none,normal
2026-02-02 06:00:00,Building_B,116.45,7.85,13.25,5.98,7.27,45.2,False,none,normal
2026-02-02 07:00:00,Building_B,110.16,7.88,9.18,3.96,5.22,43.2,False,none,normal
2026-02-02 08:00:00,Building_B,182.55,14.96,30.06,11.29,18.77,37.5,False,none,normal
2026-02-02 09:00:00,Building_B,188.69,15.57,30.05,11.53,18.52,38.4,False,none,normal
2026-02-02 10:00:00,Building_B,192.32,15.49,30.36,11.3,19.06,37.2,False,none,normal
2026-02-02 11:00:00,Building_B,188.01,15.91,30.99,12.03,18.96,38.8,False,none,normal
2026-02-02 12:00:00,Building_B,186.54,15.18,29.04,10.57,18.47,36.4,False,none,normal
2026-02-02 13:00:00,Building_B,188.17,15.75,28.89,12.03,16.86,41.6,False,none,normal
2026-02-02 14:00:00,Building_B,187.84,15.89,29.1,11.55,17.55,39.7,False,none,normal
2026-02-02 15:00:00,Building_B,185.34,15.13,30.47,12.63,17.84,41.5,False,none,normal
2026-02-02 16:00:00,Building_B,188.94,15.97,31.43,11.13,20.3,35.4,False,none,normal
2026-02-02 17:00:00,Building_B,191.31,15.6,29.28,12.68,16.6,43.3,False,none,normal
2026-02-02 18:00:00,Building_B,181.82,16.04,30.45,11.74,18.71,38.5,False,none,normal
2026-02-02 19:00:00,Building_B,107.24,7.17,10.99,4.4,6.59,40.1,False,none,normal
2026-02-02 20:00:00,Building_B,104.28,8.03,12.9,5.4,7.5,41.9,False,none,normal
2026-02-02 21:00:00,Building_B,108.36,7.91,11.34,4.27,7.07,37.7,False,none,normal
2026-02-02 22:00:00,Building_B,106.97,7.66,11.66,4.9,6.76,42.0,False,none,normal
2026-02-02 23:00:00,Building_B,43.46,0.84,1.51,0.63,0.88,42.0,False,none,normal
2026-02-03 00:00:00,Building_B,52.83,1.23,1.1,0.59,0.51,53.3,False,none,normal
2026-02-03 01:00:00,Building_B,43.39,1.35,0.5,0.24,0.26,48.1,False,none,normal
2026-02-03 02:00:00,Building_B,37.98,1.52,0.5,0.21,0.29,41.2,False,none,normal
2026-02-03 03:00:00,Building_B,36.92,1.84,0.5,0.19,0.31,37.1,False,none,normal
2026-02-03 04:00:00,Building_B,47.63,1.19,1.11,0.5,0.61,45.4,False,none,normal
2026-02-03 05:00:00,Building_B,44.51,0.6,1.54,0.64,0.9,41.6,False,none,normal
2026-02-03 06:00:00,Building_B,108.26,7.72,9.43,4.03,5.4,42.8,False,none,normal
2026-02-03 07:00:00,Building_B,104.12,7.66,11.55,5.35,6.2,46.3,False,none,normal
2026-02-03 08:00:00,Building_B,185.44,16.03,30.97,12.48,18.49,40.3,False,none,normal
2026-02-03 09:00:00,Building_B,184.29,15.02,30.16,11.78,18.38,39.1,False,none,normal
2026-02-03 10:00:00,Building_B,193.52,15.29,28.75,12.34,16.41,42.9,False,none,normal
2026-02-03 11:00:00,Building_B,185.98,15.53,31.01,13.17,17.84,42.5,False,none,normal
2026-02-03 12:00:00,Building_B,189.21,15.6,27.8,12.11,15.69,43.6,False,none,normal
2026-02-03 13:00:00,Building_B,189.36,15.84,30.56,12.59,17.97,41.2,False,none,normal
2026-02-03 14:00:00,Building_B,192.85,15.42,30.13,12.28,17.85,40.8,False,none,normal
2026-02-03 15:00:00,Building_B,190.57,15.39,31.81,15.93,15.88,50.1,False,none,normal
2026-02-03 16:00:00,Building_B,192.22,16.06,27.98,10.16,17.82,36.3,False,none,normal
2026-02-03 17:00:00,Building_B,187.44,15.54,29.59,10.48,19.11,35.4,False,none,normal
2026-02-03 18:00:00,Building_B,193.33,16.28,31.37,14.54,16.83,46.3,False,none,normal
2026-02-03 19:00:00,Building_B,110.49,7.47,11.45,5.77,5.68,50.4,False,none,normal
2026-02-03 20:00:00,Building_B,108.17,7.6,12.69,5.93,6.76,46.7,False,none,normal
2026-02-03 21:00:00,Building_B,106.19,7.67,10.76,4.55,6.21,42.3,False,none,normal
2026-02-03 22:00:00,Building_B,114.0,7.48,12.67,5.37,7.3,42.4,False,none,normal
2026-02-03 23:00:00,Building_B,51.92,1.48,0.59,0.26,0.33,44.3,False,none,normal
2026-02-04 00:00:00,Building_B,41.27,0.74,0.5,0.2,0.3,41.0,False,none,normal
2026-02-04 01:00:00,Building_B,36.25,1.34,0.5,0.2,0.3,40.6,False,none,normal
2026-02-04 02:00:00,Building_B,43.59,1.4,0.5,0.21,0.29,41.7,False,none,normal
2026-02-04 03:00:00,Building_B,39.48,1.37,0.78,0.3,0.48,38.4,False,none,normal
2026-02-04 04:00:00,Building_B,43.69,1.46,0.51,0.26,0.25,51.7,False,none,normal
2026-02-04 05:00:00,Building_B,42.05,1.27,0.5,0.19,0.31,38.1,False,none,normal
2026-02-04 06:00:00,Building_B,112.32,7.52,10.68,4.26,6.42,39.8,False,none,normal
2026-02-04 07:00:00,Building_B,105.64,7.15,10.81,4.92,5.89,45.5,False,none,normal
2026-02-04 08:00:00,Building_B,189.51,16.07,30.73,13.55,17.18,44.1,False,none,normal
2026-02-04 09:00:00,Building_B,196.25,15.49,29.91,12.55,17.36,42.0,False,none,normal
2026-02-04 10:00:00,Building_B,194.9,15.52,29.05,12.88,16.17,44.4,False,none,normal
2026-02-04 11:00:00,Building_B,185.46,15.71,30.33,12.51,17.82,41.2,False,none,normal
2026-02-04 12:00:00,Building_B,190.99,15.0,30.03,12.06,17.97,40.1,False,none,normal
2026-02-04 13:00:00,Building_B,200.17,15.58,29.11,10.62,18.49,36.5,False,none,normal
2026-02-04 14:00:00,Building_B,193.94,15.4,28.88,12.52,16.36,43.3,False,none,normal
2026-02-04 15:00:00,Building_B,191.32,15.75,29.85,12.73,17.12,42.6,False,none,normal
2026-02-04 16:00:00,Building_B,189.65,15.64,30.34,14.07,16.27,46.4,False,none,normal
2026-02-04 17:00:00,Building_B,188.95,15.24,29.66,13.35,16.31,45.0,False,none,normal
2026-02-04 18:00:00,Building_B,181.58,14.9,30.93,14.87,16.06,48.1,False,none,normal
2026-02-04 19:00:00,Building_B,104.52,7.8,10.88,4.46,6.42,41.0,False,none,normal
2026-02-04 20:00:00,Building_B,110.8,7.31,10.04,4.1,5.94,40.8,False,none,normal
2026-02-04 21:00:00,Building_B,109.0,7.37,12.31,4.96,7.35,40.3,False,none,normal
2026-02-04 22:00:00,Building_B,107.89,7.86,11.21,5.08,6.13,45.3,False,none,normal
2026-02-04 23:00:00,Building_B,38.88,0.88,0.5,0.21,0.29,42.2,False,none,normal
2026-02-05 00:00:00,Building_B,37.65,0.88,0.93,0.36,0.57,39.0,False,none,normal
2026-02-05 01:00:00,Building_B,36.8,1.71,0.5,0.23,0.27,46.6,False,none,normal
2026-02-05 02:00:00,Building_B,42.73,1.47,0.5,0.16,0.34,31.4,False,none,normal
2026-02-05 03:00:00,Building_B,38.07,1.33,1.15,0.4,0.75,34.8,False,none,normal
2026-02-05 04:00:00,Building_B,42.4,0.98,0.99,0.42,0.57,41.9,False,none,normal
2026-02-05 05:00:00,Building_B,45.59,1.74,1.26,0.57,0.69,45.4,False,none,normal
2026-02-05 06:00:00,Building_B,108.18,8.75,9.9,3.95,5.95,39.9,False,none,normal
2026-02-05 07:00:00,Building_B,113.19,8.03,11.95,5.34,6.61,44.7,False,none,normal
2026-02-05 08:00:00,Building_B,180.39,16.08,29.59,13.9,15.69,47.0,False,none,normal
2026-02-05 09:00:00,Building_B,180.59,15.61,29.15,12.91,16.24,44.3,False,none,normal
2026-02-05 10:00:00,Building_B,189.99,15.65,28.56,11.93,16.63,41.8,False,none,normal
2026-02-05 11:00:00,Building_B,188.0,15.7,31.02,13.22,17.8,42.6,False,none,normal
2026-02-05 12:00:00,Building_B,183.62,15.56,32.96,16.01,16.95,48.6,False,none,normal
2026-02-05 13:00:00,Building_B,176.82,15.55,30.95,12.77,18.18,41.3,False,none,normal
2026-02-05 14:00:00,Building_B,186.88,15.43,30.49,11.41,19.08,37.4,False,none,normal
2026-02-05 15:00:00,Building_B,193.48,15.5,28.71,13.35,15.36,46.5,False,none,normal
2026-02-05 16:00:00,Building_B,182.54,15.33,29.14,14.74,14.4,50.6,False,none,normal
2026-02-05 17:00:00,Building_B,185.98,14.77,29.13,12.77,16.36,43.8,False,none,normal
2026-02-05 18:00:00,Building_B,191.86,16.32,31.52,13.48,18.04,42.8,False,none,normal
2026-02-05 19:00:00,Building_B,106.02,8.33,10.92,4.3,6.62,39.4,False,none,normal
2026-02-05 20:00:00,Building_B,107.91,7.32,10.81,4.44,6.37,41.1,False,none,normal
2026-02-05 21:00:00,Building_B,112.5,7.63,9.84,3.5,6.34,35.6,False,none,normal
2026-02-05 22:00:00,Building_B,110.42,7.79,10.7,4.29,6.41,40.1,False,none,normal
2026-02-05 23:00:00,Building_B,44.17,1.86,0.5,0.21,0.29,42.4,False,none,normal
2026-02-06 00:00:00,Building_B,46.45,1.1,0.69,0.29,0.4,41.8,False,none,normal
2026-02-06 01:00:00,Building_B,37.37,1.43,0.75,0.33,0.42,44.2,False,none,normal
2026-02-06 02:00:00,Building_B,37.87,1.37,2.37,1.19,1.18,50.3,False,none,normal
2026-02-06 03:00:00,Building_B,47.74,0.96,1.25,0.5,0.75,40.1,False,none,normal
2026-02-06 04:00:00,Building_B,43.75,1.1,0.5,0.2,0.3,40.6,False,none,normal
2026-02-06 05:00:00,Building_B,45.51,1.47,1.19,0.51,0.68,42.9,False,none,normal
2026-02-06 06:00:00,Building_B,111.2,7.95,11.03,4.67,6.36,42.3,False,none,normal
2026-02-06 07:00:00,Building_B,116.55,7.81,11.42,4.84,6.58,42.4,False,none,normal
2026-02-06 08:00:00,Building_B,187.85,15.37,30.08,12.03,18.05,40.0,False,none,normal
2026-02-06 09:00:00,Building_B,188.14,15.25,29.96,13.28,16.68,44.3,False,none,normal
2026-02-06 10:00:00,Building_B,187.87,14.82,30.54,12.97,17.57,42.5,False,none,normal
2026-02-06 11:00:00,Building_B,184.75,15.79,28.15,13.0,15.15,46.2,False,none,normal
2026-02-06 12:00:00,Building_B,188.49,14.73,30.04,12.13,17.91,40.4,False,none,normal
2026-02-06 13:00:00,Building_B,186.49,15.27,29.68,11.89,17.79,40.1,False,none,normal
2026-02-06 14:00:00,Building_B,181.3,15.97,29.54,11.54,18.0,39.1,False,none,normal
2026-02-06 15:00:00,Building_B,184.21,15.79,28.27,12.02,16.25,42.5,False,none,normal
2026-02-06 16:00:00,Building_B,186.39,15.34,28.51,11.27,17.24,39.5,False,none,normal
2026-02-06 17:00:00,Building_B,188.76,15.61,28.89,12.03,16.86,41.6,False,none,normal
2026-02-06 18:00:00,Building_B,192.28,14.94,29.82,11.39,18.43,38.2,False,none,normal
2026-02-06 19:00:00,Building_B,105.37,7.85,10.71,3.98,6.73,37.1,False,none,normal
2026-02-06 20:00:00,Building_B,114.88,8.08,9.05,3.27,5.78,36.1,False,none,normal
2026-02-06 21:00:00,Building_B,111.95,7.66,13.16,5.85,7.31,44.5,False,none,normal
2026-02-06 22:00:00,Building_B,110.78,7.4,11.95,4.41,7.54,36.9,False,none,normal
2026-02-06 23:00:00,Building_B,47.84,1.52,0.5,0.23,0.27,45.2,False,none,normal
2026-02-07 00:00:00,Building_B,51.58,1.29,1.37,0.55,0.82,40.3,False,none,normal
2026-02-07 01:00:00,Building_B,42.96,0.84,0.71,0.3,0.41,42.2,False,none,normal
2026-02-07 02:00:00,Building_B,49.81,0.74,0.5,0.24,0.26,47.2,False,none,normal
2026-02-07 03:00:00,Building_B,41.65,1.31,0.5,0.19,0.31,38.3,False,none,normal
2026-02-07 04:00:00,Building_B,35.31,1.15,0.5,0.21,0.29,42.5,False,none,normal
2026-02-07 05:00:00,Building_B,39.46,1.2,0.5,0.21,0.29,41.8,False,none,normal
2026-02-07 06:00:00,Building_B,40.5,1.0,0.81,0.37,0.44,46.3,False,none,normal
2026-02-07 07:00:00,Building_B,43.13,1.16,0.56,0.19,0.37,33.8,False,none,normal
2026-02-07 08:00:00,Building_B,42.06,1.23,0.5,0.19,0.31,39.0,False,none,normal
2026-02-07 09:00:00,Building_B,40.97,1.72,2.02,0.77,1.25,38.3,False,none,normal
2026-02-07 10:00:00,Building_B,58.81,2.57,5.94,2.53,3.41,42.6,False,none,normal
2026-02-07 11:00:00,Building_B,61.25,2.93,4.26,2.02,2.24,47.5,False,none,normal
2026-02-07 12:00:00,Building_B,60.87,2.44,4.7,2.21,2.49,46.9,False,none,normal
2026-02-07 13:00:00,Building_B,59.18,3.07,4.22,1.64,2.58,38.9,False,none,normal
2026-02-07 14:00:00,Building_B,63.52,2.43,5.96,2.59,3.37,43.4,False,none,normal
2026-02-07 15:00:00,Building_B,57.38,2.71,4.31,1.87,2.44,43.4,False,none,normal
2026-02-07 16:00:00,Building_B,68.43,2.61,5.61,2.36,3.25,42.1,False,none,normal
2026-02-07 17:00:00,Building_B,60.97,2.68,3.94,1.71,2.23,43.3,False,none,normal
2026-02-07 18:00:00,Building_B,59.72,2.42,6.19,2.62,3.57,42.4,False,none,normal
2026-02-07 19:00:00,Building_B,41.7,1.84,0.5,0.24,0.26,47.1,False,none,normal
2026-02-07 20:00:00,Building_B,39.09,1.44,0.5,0.19,0.31,38.3,False,none,normal
2026-02-07 21:00:00,Building_B,47.87,2.02,0.5,0.22,0.28,43.3,False,none,normal
2026-02-07 22:00:00,Building_B,42.84,1.98,0.5,0.22,0.28,43.5,False,none,normal
2026-02-07 23:00:00,Building_B,39.71,0.55,0.5,0.25,0.25,49.4,False,none,normal
2026-02-08 00:00:00,Building_B,39.99,1.65,2.15,0.9,1.25,41.9,False,none,normal
2026-02-08 01:00:00,Building_B,43.1,0.77,0.5,0.23,0.27,45.6,False,none,normal
2026-02-08 02:00:00,Building_B,42.86,1.5,0.87,0.44,0.43,50.8,False,none,normal
2026-02-08 03:00:00,Building_B,40.89,1.93,0.87,0.42,0.45,48.8,False,none,normal
2026-02-08 04:00:00,Building_B,37.71,1.43,0.5,0.21,0.29,42.6,False,none,normal
2026-02-08 05:00:00,Building_B,47.5,1.5,2.17,0.85,1.32,39.3,False,none,normal
2026-02-08 06:00:00,Building_B,39.32,1.38,0.66,0.27,0.39,41.3,False,none,normal
2026-02-08 07:00:00,Building_B,38.78,1.79,0.5,0.24,0.26,47.7,False,none,normal
2026-02-08 08:00:00,Building_B,42.67,1.6,1.38,0.53,0.85,38.7,False,none,normal
2026-02-08 09:00:00,Building_B,44.08,2.04,1.01,0.46,0.55,45.6,False,none,normal
2026-02-08 10:00:00,Building_B,63.65,2.85,5.2,2.3,2.9,44.2,False,none,normal
2026-02-08 11:00:00,Building_B,63.93,2.27,5.27,2.17,3.1,41.3,False,none,normal
2026-02-08 12:00:00,Building_B,59.31,3.19,4.09,1.49,2.6,36.4,False,none,normal
2026-02-08 13:00:00,Building_B,64.06,2.24,2.66,1.21,1.45,45.6,False,none,normal
2026-02-08 14:00:00,Building_B,61.51,2.9,4.44,1.62,2.82,36.5,False,none,normal
2026-02-08 15:00:00,Building_B,56.14,2.64,3.44,1.49,1.95,43.2,False,none,normal
2026-02-08 16:00:00,Building_B,59.03,2.8,5.16,2.25,2.91,43.5,False,none,normal
2026-02-08 17:00:00,Building_B,62.88,2.62,5.19,2.23,2.96,42.9,False,none,normal
2026-02-08 18:00:00,Building_B,51.16,2.97,5.15,2.28,2.87,44.3,False,none,normal
2026-02-08 19:00:00,Building_B,37.47,1.26,0.5,0.22,0.28,45.0,False,none,normal
2026-02-08 20:00:00,Building_B,36.99,1.04,1.35,0.53,0.82,39.5,False,none,normal
2026-02-08 21:00:00,Building_B,38.9,1.69,1.85,0.83,1.02,44.9,False,none,normal
2026-02-08 22:00:00,Building_B,46.01,1.29,0.5,0.2,0.3,39.4,False,none,normal
2026-02-08 23:00:00,Building_B,43.29,1.18,0.5,0.22,0.28,44.4,False,none,normal
2026-02-09 00:00:00,Building_B,47.35,1.51,2.86,1.12,1.74,39.2,False,none,normal
2026-02-09 01:00:00,Building_B,35.26,1.62,0.5,0.2,0.3,40.9,False,none,normal
2026-02-09 02:00:00,Building_B,35.54,1.06,0.5,0.2,0.3,40.3,False,none,normal
2026-02-09 03:00:00,Building_B,41.04,1.4,2.2,0.98,1.22,44.7,False,none,normal
2026-02-09 04:00:00,Building_B,36.13,1.58,0.84,0.35,0.49,41.6,False,none,normal
2026-02-09 05:00:00,Building_B,42.52,1.44,0.5,0.21,0.29,41.3,False,none,normal
2026-02-09 06:00:00,Building_B,114.32,7.52,10.13,4.23,5.9,41.8,False,none,normal
2026-02-09 07:00:00,Building_B,105.06,7.16,10.95,5.23,5.72,47.8,False,none,normal
2026-02-09 08:00:00,Building_B,188.57,15.59,27.27,11.93,15.34,43.8,False,none,normal
2026-02-09 09:00:00,Building_B,189.1,15.29,30.05,12.83,17.22,42.7,False,none,normal
2026-02-09 10:00:00,Building_B,184.48,15.64,31.27,12.85,18.42,41.1,False,none,normal
2026-02-09 11:00:00,Building_B,185.25,15.46,30.86,11.45,19.41,37.1,False,none,normal
2026-02-09 12:00:00,Building_B,191.04,15.29,30.12,11.97,18.15,39.7,False,none,normal
2026-02-09 13:00:00,Building_B,186.45,16.06,28.14,12.37,15.77,43.9,False,none,normal
2026-02-09 14:00:00,Building_B,195.65,15.76,28.23,10.41,17.82,36.9,False,none,normal
2026-02-09 15:00:00,Building_B,185.72,15.58,30.1,11.11,18.99,36.9,False,none,normal
2026-02-09 16:00:00,Building_B,185.23,15.24,29.61,14.79,14.82,49.9,False,none,normal
2026-02-09 17:00:00,Building_B,184.99,15.18,28.47,12.68,15.79,44.5,False,none,normal
2026-02-09 18:00:00,Building_B,188.56,15.21,29.39,11.41,17.98,38.8,False,none,normal
2026-02-09 19:00:00,Building_B,110.76,8.7,12.02,5.0,7.02,41.6,False,none,normal
2026-02-09 20:00:00,Building_B,106.92,7.29,12.24,5.47,6.77,44.7,False,none,normal
2026-02-09 21:00:00,Building_B,107.72,8.19,11.39,5.14,6.25,45.1,False,none,normal
2026-02-09 22:00:00,Building_B,110.77,7.7,10.22,4.23,5.99,41.4,False,none,normal
2026-02-09 23:00:00,Building_B,45.98,1.19,1.24,0.47,0.77,37.7,False,none,normal
2026-02-10 00:00:00,Building_B,45.73,1.48,0.5,0.21,0.29,41.1,False,none,normal
2026-02-10 01:00:00,Building_B,46.34,0.93,0.5,0.21,0.29,41.7,False,none,normal
2026-02-10 02:00:00,Building_B,51.15,1.13,1.3,0.56,0.74,43.0,False,none,normal
2026-02-10 03:00:00,Building_B,40.26,1.43,0.5,0.2,0.3,40.6,False,none,normal
2026-02-10 04:00:00,Building_B,35.97,1.36,1.79,0.76,1.03,42.2,False,none,normal
2026-02-10 05:00:00,Building_B,46.98,1.57,0.64,0.25,0.39,39.5,False,none,normal
2026-02-10 06:00:00,Building_B,107.64,7.25,11.04,4.7,6.34,42.6,False,none,normal
2026-02-10 07:00:00,Building_B,116.44,7.95,10.33,3.74,6.59,36.2,False,none,normal
2026-02-10 08:00:00,Building_B,187.9,15.81,29.57,13.06,16.51,44.2,False,none,normal
2026-02-10 09:00:00,Building_B,188.0,15.77,27.91,13.51,14.4,48.4,False,none,normal
2026-02-10 10:00:00,Building_B,184.27,15.8,29.5,12.25,17.25,41.5,False,none,normal
2026-02-10 11:00:00,Building_B,187.76,15.61,30.38,14.05,16.33,46.2,False,none,normal
2026-02-10 12:00:00,Building_B,194.35,15.64,31.89,13.51,18.38,42.4,False,none,normal
2026-02-10 13:00:00,Building_B,193.03,15.67,29.17,12.46,16.71,42.7,False,none,normal
2026-02-10 14:00:00,Building_B,190.74,15.51,30.33,13.79,16.54,45.5,False,none,normal
2026-02-10 15:00:00,Building_B,188.63,14.49,31.84,12.99,18.85,40.8,False,none,normal
2026-02-10 16:00:00,Building_B,185.43,15.13,29.43,11.7,17.73,39.7,False,none,normal
2026-02-10 17:00:00,Building_B,185.77,15.29,30.47,15.27,15.2,50.1,False,none,normal
2026-02-10 18:00:00,Building_B,192.0,15.92,29.38,12.46,16.92,42.4,False,none,normal
2026-02-10 19:00:00,Building_B,111.29,7.53,10.85,4.93,5.92,45.4,False,none,normal
2026-02-10 20:00:00,Building_B,113.94,7.79,9.93,4.05,5.88,40.8,False,none,normal
2026-02-10 21:00:00,Building_B,103.82,7.79,11.67,4.78,6.89,40.9,False,none,normal
2026-02-10 22:00:00,Building_B,110.55,7.91,11.67,4.34,7.33,37.2,False,none,normal
2026-02-10 23:00:00,Building_B,41.6,1.51,2.6,1.06,1.54,40.9,False,none,normal
2026-02-11 00:00:00,Building_B,44.82,1.68,0.5,0.23,0.27,46.6,False,none,normal
2026-02-11 01:00:00,Building_B,47.42,1.85,1.26,0.65,0.61,51.4,False,none,normal
2026-02-11 02:00:00,Building_B,40.15,2.11,1.63,0.77,0.86,47.4,False,none,normal
2026-02-11 03:00:00,Building_B,41.33,1.67,2.42,0.91,1.51,37.7,False,none,normal
2026-02-11 04:00:00,Building_B,41.96,0.62,0.5,0.19,0.31,38.7,False,none,normal
2026-02-11 05:00:00,Building_B,41.74,2.39,2.77,1.0,1.77,36.2,False,none,normal
2026-02-11 06:00:00,Building_B,111.8,8.04,10.96,4.68,6.28,42.7,False,none,normal
2026-02-11 07:00:00,Building_B,110.68,7.29,10.13,4.32,5.81,42.7,False,none,normal
2026-02-11 08:00:00,Building_B,189.12,15.28,28.88,12.03,16.85,41.6,False,none,normal
2026-02-11 09:00:00,Building_B,192.27,15.5,31.78,12.46,19.32,39.2,False,none,normal
2026-02-11 10:00:00,Building_B,189.49,15.4,30.54,11.87,18.67,38.9,False,none,normal
2026-02-11 11:00:00,Building_B,196.43,14.93,31.89,13.51,18.38,42.4,False,none,normal
2026-02-11 12:00:00,Building_B,190.93,15.99,30.86,12.06,18.8,39.1,False,none,normal
2026-02-11 13:00:00,Building_B,191.12,16.18,28.77,14.52,14.25,50.5,False,none,normal
2026-02-11 14:00:00,Building_B,190.27,15.37,28.76,11.82,16.94,41.1,False,none,normal
2026-02-11 15:00:00,Building_B,180.9,15.38,29.51,11.13,18.38,37.7,False,none,normal
2026-02-11 16:00:00,Building_B,191.71,15.45,29.07,11.83,17.24,40.7,False,none,normal
2026-02-11 17:00:00,Building_B,190.14,15.55,28.99,12.32,16.67,42.5,False,none,normal
2026-02-11 18:00:00,Building_B,188.52,15.13,29.48,13.06,16.42,44.3,False,none,normal
2026-02-11 19:00:00,Building_B,111.87,7.68,12.18,4.64,7.54,38.1,False,none,normal
2026-02-11 20:00:00,Building_B,105.78,7.67,13.16,5.61,7.55,42.7,False,none,normal
2026-02-11 21:00:00,Building_B,108.48,8.3,11.02,5.61,5.41,50.9,False,none,normal
2026-02-11 22:00:00,Building_B,107.54,7.41,11.16,4.58,6.58,41.0,False,none,normal
2026-02-11 23:00:00,Building_B,39.38,2.28,1.09,0.48,0.61,43.9,False,none,normal
2026-02-12 00:00:00,Building_B,40.77,1.17,1.94,0.68,1.26,35.3,False,none,normal
2026-02-12 01:00:00,Building_B,38.04,1.28,2.33,0.94,1.39,40.5,False,none,normal
2026-02-12 02:00:00,Building_B,44.28,1.38,2.27,0.81,1.46,35.7,False,none,normal
2026-02-12 03:00:00,Building_B,45.56,1.3,1.82,0.7,1.12,38.7,False,none,normal
2026-02-12 04:00:00,Building_B,42.71,1.33,0.5,0.18,0.32,36.9,False,none,normal
2026-02-12 05:00:00,Building_B,40.29,1.42,0.5,0.2,0.3,40.7,False,none,normal
2026-02-12 06:00:00,Building_B,102.04,7.63,12.59,5.64,6.95,44.8,False,none,normal
2026-02-12 07:00:00,Building_B,109.23,7.85,10.37,5.03,5.34,48.5,False,none,normal
2026-02-12 08:00:00,Building_B,196.99,15.58,32.94,12.94,20.0,39.3,False,none,normal
2026-02-12 09:00:00,Building_B,183.72,15.28,29.57,15.15,14.42,51.2,False,none,normal
2026-02-12 10:00:00,Building_B,187.6,15.22,28.75,13.39,15.36,46.6,False,none,normal
2026-02-12 11:00:00,Building_B,192.71,15.35,27.58,10.34,17.24,37.5,False,none,normal
2026-02-12 12:00:00,Building_B,195.61,15.77,29.91,14.8,15.11,49.5,False,none,normal
2026-02-12 13:00:00,Building_B,196.56,15.51,29.81,11.83,17.98,39.7,False,none,normal
2026-02-12 14:00:00,Building_B,187.58,15.0,28.04,9.84,18.2,35.1,False,none,normal
2026-02-12 15:00:00,Building_B,193.06,14.98,32.17,12.57,19.6,39.1,False,none,normal
2026-02-12 16:00:00,Building_B,195.67,15.4,27.95,13.17,14.78,47.1,False,none,normal
2026-02-12 17:00:00,Building_B,194.33,15.21,29.43,11.29,18.14,38.4,False,none,normal
2026-02-12 18:00:00,Building_B,188.24,15.56,29.41,10.21,19.2,34.7,False,none,normal
2026-02-12 19:00:00,Building_B,107.26,8.01,11.11,4.52,6.59,40.7,False,none,normal
2026-02-12 20:00:00,Building_B,105.86,7.55,13.05,4.89,8.16,37.4,False,none,normal
2026-02-12 21:00:00,Building_B,112.46,7.78,11.66,4.56,7.1,39.1,False,none,normal
2026-02-12 22:00:00,Building_B,108.17,7.76,10.74,4.65,6.09,43.3,False,none,normal
2026-02-12 23:00:00,Building_B,44.44,2.13,1.04,0.36,0.68,34.4,False,none,normal
2026-02-13 00:00:00,Building_B,47.27,1.3,3.12,1.49,1.63,47.9,False,none,normal
2026-02-13 01:00:00,Building_B,40.59,1.62,0.5,0.21,0.29,42.0,False,none,normal
2026-02-13 02:00:00,Building_B,45.32,1.76,1.78,0.75,1.03,42.3,False,none,normal
2026-02-13 03:00:00,Building_B,52.55,1.24,0.5,0.18,0.32,36.3,False,none,normal
2026-02-13 04:00:00,Building_B,48.51,1.34,0.9,0.36,0.54,39.8,False,none,normal
2026-02-13 05:00:00,Building_B,40.8,1.09,1.28,0.53,0.75,41.6,False,none,normal
2026-02-13 06:00:00,Building_B,111.32,7.88,10.85,3.92,6.93,36.2,False,none,normal
2026-02-13 07:00:00,Building_B,103.4,8.82,13.14,6.22,6.92,47.4,False,none,normal
2026-02-13 08:00:00,Building_B,186.02,15.53,28.85,10.6,18.25,36.8,False,none,normal
2026-02-13 09:00:00,Building_B,186.37,15.99,30.84,11.76,19.08,38.1,False,none,normal
2026-02-13 10:00:00,Building_B,187.46,15.79,29.15,12.34,16.81,42.3,False,none,normal
2026-02-13 11:00:00,Building_B,190.33,15.66,30.14,11.87,18.27,39.4,False,none,normal
2026-02-13 12:00:00,Building_B,186.52,15.13,27.96,11.61,16.35,41.5,False,none,normal
2026-02-13 13:00:00,Building_B,191.99,15.04,30.16,13.61,16.55,45.1,False,none,normal
2026-02-13 14:00:00,Building_B,181.38,15.43,31.81,14.06,17.75,44.2,False,none,normal
2026-02-13 15:00:00,Building_B,181.24,15.75,28.93,12.95,15.98,44.8,False,none,normal
2026-02-13 16:00:00,Building_B,185.96,15.51,29.19,12.26,16.93,42.0,False,none,normal
2026-02-13 17:00:00,Building_B,186.45,15.45,28.42,12.49,15.93,44.0,False,none,normal
2026-02-13 18:00:00,Building_B,189.42,14.96,31.02,12.81,18.21,41.3,False,none,normal
2026-02-13 19:00:00,Building_B,110.23,8.03,11.76,5.49,6.27,46.7,False,none,normal
2026-02-13 20:00:00,Building_B,108.41,8.12,11.51,5.07,6.44,44.0,False,none,normal
2026-02-13 21:00:00,Building_B,111.2,8.2,12.23,4.92,7.31,40.2,False,none,normal
2026-02-13 22:00:00,Building_B,107.02,7.74,10.45,3.95,6.5,37.8,False,none,normal
2026-02-13 23:00:00,Building_B,34.1,0.83,3.09,1.22,1.87,39.4,False,none,normal
2026-02-14 00:00:00,Building_B,50.23,4.23,0.65,0.23,0.42,36.0,True,water,cooling_tower_surge
2026-02-14 01:00:00,Building_B,42.63,5.68,2.58,1.11,1.47,43.1,True,water,cooling_tower_surge
2026-02-14 02:00:00,Building_B,38.02,2.88,0.5,0.24,0.26,47.1,True,water,cooling_tower_surge
2026-02-14 03:00:00,Building_B,49.14,4.03,0.5,0.24,0.26,48.2,True,water,cooling_tower_surge
2026-02-14 04:00:00,Building_B,38.7,3.89,1.27,0.49,0.78,38.5,True,water,cooling_tower_surge
2026-02-14 05:00:00,Building_B,40.07,1.12,2.41,1.2,1.21,49.7,False,none,normal
2026-02-14 06:00:00,Building_B,43.07,1.28,0.5,0.21,0.29,42.0,False,none,normal
2026-02-14 07:00:00,Building_B,40.41,1.34,1.21,0.49,0.72,40.4,False,none,normal
2026-02-14 08:00:00,Building_B,41.86,1.3,0.5,0.2,0.3,40.2,False,none,normal
2026-02-14 09:00:00,Building_B,45.66,0.75,2.6,1.11,1.49,42.5,False,none,normal
2026-02-14 10:00:00,Building_B,63.32,2.99,4.12,1.58,2.54,38.3,False,none,normal
2026-02-14 11:00:00,Building_B,56.75,2.65,5.81,2.3,3.51,39.7,False,none,normal
2026-02-14 12:00:00,Building_B,63.31,1.91,4.51,2.1,2.41,46.7,False,none,normal
2026-02-14 13:00:00,Building_B,60.19,2.45,4.18,1.25,2.93,29.9,False,none,normal
2026-02-14 14:00:00,Building_B,56.83,3.11,4.27,1.71,2.56,40.1,False,none,normal
2026-02-14 15:00:00,Building_B,51.55,2.17,6.4,2.85,3.55,44.5,False,none,normal
2026-02-14 16:00:00,Building_B,55.69,2.52,4.94,1.84,3.1,37.2,False,none,normal
2026-02-14 17:00:00,Building_B,52.86,2.68,5.66,2.51,3.15,44.4,False,none,normal
2026-02-14 18:00:00,Building_B,64.38,2.2,5.04,2.06,2.98,40.9,False,none,normal
2026-02-14 19:00:00,Building_B,42.27,1.3,0.5,0.15,0.35,29.9,False,none,normal
2026-02-14 20:00:00,Building_B,47.26,1.49,0.5,0.22,0.28,43.9,False,none,normal
2026-02-14 21:00:00,Building_B,40.83,1.22,0.5,0.22,0.28,44.1,False,none,normal
2026-02-14 22:00:00,Building_B,39.42,2.77,2.07,0.85,1.22,41.3,True,water,cooling_tower_surge
2026-02-14 23:00:00,Building_B,42.02,4.51,0.5,0.2,0.3,40.1,True,water,cooling_tower_surge
2026-02-15 00:00:00,Building_B,43.84,2.32,0.98,0.38,0.6,39.0,True,water,cooling_tower_surge
2026-02-15 01:00:00,Building_B,46.04,4.37,1.21,0.43,0.78,35.6,True,water,cooling_tower_surge
2026-02-15 02:00:00,Building_B,42.2,2.69,0.67,0.22,0.45,32.7,True,water,cooling_tower_surge
2026-02-15 03:00:00,Building_B,36.45,5.01,1.15,0.47,0.68,40.6,True,water,cooling_tower_surge
2026-02-15 04:00:00,Building_B,38.98,2.77,0.95,0.39,0.56,40.6,True,water,cooling_tower_surge
2026-02-15 05:00:00,Building_B,48.8,1.31,0.78,0.28,0.5,36.4,False,none,normal
2026-02-15 06:00:00,Building_B,41.17,1.43,0.5,0.2,0.3,40.1,False,none,normal
2026-02-15 07:00:00,Building_B,43.92,1.9,0.88,0.41,0.47,46.6,False,none,normal
2026-02-15 08:00:00,Building_B,45.1,1.75,0.5,0.21,0.29,41.2,False,none,normal
2026-02-15 09:00:00,Building_B,41.8,1.56,1.66,0.71,0.95,42.5,False,none,normal
2026-02-15 10:00:00,Building_B,64.39,2.54,6.03,2.78,3.25,46.1,False,none,normal
2026-02-15 11:00:00,Building_B,63.59,2.79,5.83,2.24,3.59,38.4,False,none,normal
2026-02-15 12:00:00,Building_B,61.67,2.84,3.38,1.48,1.9,43.9,False,none,normal
2026-02-15 13:00:00,Building_B,55.88,2.59,5.02,1.96,3.06,39.1,False,none,normal
2026-02-15 14:00:00,Building_B,61.21,2.76,3.99,1.77,2.22,44.3,False,none,normal
2026-02-15 15:00:00,Building_B,57.82,3.54,4.84,1.81,3.03,37.3,False,none,normal
2026-02-15 16:00:00,Building_B,56.94,3.14,4.48,1.64,2.84,36.5,False,none,normal
2026-02-15 17:00:00,Building_B,64.29,2.59,5.76,2.63,3.13,45.7,False,none,normal
2026-02-15 18:00:00,Building_B,61.98,3.58,2.9,1.12,1.78,38.7,False,none,normal
2026-02-15 19:00:00,Building_B,41.59,2.16,2.87,1.35,1.52,47.2,False,none,normal
2026-02-15 20:00:00,Building_B,39.44,1.13,0.5,0.19,0.31,38.9,False,none,normal
2026-02-15 21:00:00,Building_B,48.59,1.28,0.58,0.26,0.32,45.1,False,none,normal
2026-02-15 22:00:00,Building_B,35.96,3.89,0.5,0.2,0.3,40.8,True,water,cooling_tower_surge
2026-02-15 23:00:00,Building_B,40.27,3.22,0.98,0.42,0.56,42.9,True,water,cooling_tower_surge
2026-02-16 00:00:00,Building_B,41.74,4.2,0.5,0.22,0.28,44.7,True,water,cooling_tower_surge
2026-02-16 01:00:00,Building_B,41.79,3.36,0.5,0.21,0.29,41.0,True,water,cooling_tower_surge
2026-02-16 02:00:00,Building_B,50.1,3.78,0.5,0.23,0.27,45.7,True,water,cooling_tower_surge
2026-02-16 03:00:00,Building_B,40.73,4.12,0.5,0.24,0.26,47.1,True,water,cooling_tower_surge
2026-02-16 04:00:00,Building_B,40.25,5.21,0.5,0.2,0.3,40.8,True,water,cooling_tower_surge
2026-02-16 05:00:00,Building_B,48.21,1.43,3.44,1.41,2.03,40.9,False,none,normal
2026-02-16 06:00:00,Building_B,110.61,8.43,9.55,3.39,6.16,35.4,False,none,normal
2026-02-16 07:00:00,Building_B,106.4,8.05,9.43,4.19,5.24,44.4,False,none,normal
2026-02-16 08:00:00,Building_B,190.83,16.23,31.08,13.51,17.57,43.5,False,none,normal
2026-02-16 09:00:00,Building_B,194.16,15.71,29.28,10.96,18.32,37.4,False,none,normal
2026-02-16 10:00:00,Building_B,186.44,15.51,30.04,10.05,19.99,33.5,False,none,normal
2026-02-16 11:00:00,Building_B,187.84,15.53,30.49,14.79,15.7,48.5,False,none,normal
2026-02-16 12:00:00,Building_B,189.46,15.21,27.65,12.37,15.28,44.7,False,none,normal
2026-02-16 13:00:00,Building_B,185.25,15.83,31.51,11.29,20.22,35.8,False,none,normal
2026-02-16 14:00:00,Building_B,190.94,15.98,31.05,10.44,20.61,33.6,False,none,normal
2026-02-16 15:00:00,Building_B,185.31,15.08,30.46,13.3,17.16,43.7,False,none,normal
2026-02-16 16:00:00,Building_B,177.93,15.42,30.79,13.11,17.68,42.6,False,none,normal
2026-02-16 17:00:00,Building_B,189.31,15.4,28.56,11.98,16.58,41.9,False,none,normal
2026-02-16 18:00:00,Building_B,188.93,15.74,30.67,12.99,17.68,42.3,False,none,normal
2026-02-16 19:00:00,Building_B,113.96,7.63,9.63,4.23,5.4,43.9,False,none,normal
2026-02-16 20:00:00,Building_B,110.09,7.94,9.85,4.84,5.01,49.2,False,none,normal
2026-02-16 21:00:00,Building_B,112.42,7.66,10.24,4.74,5.5,46.3,False,none,normal
2026-02-16 22:00:00,Building_B,105.17,23.94,10.63,5.2,5.43,48.9,True,water,cooling_tower_surge
2026-02-16 23:00:00,Building_B,41.88,5.38,0.5,0.21,0.29,42.1,True,water,cooling_tower_surge
2026-02-17 00:00:00,Building_B,45.83,1.6,2.03,0.81,1.22,40.1,False,none,normal
2026-02-17 01:00:00,Building_B,42.95,1.81,0.5,0.22,0.28,44.3,False,none,normal
2026-02-17 02:00:00,Building_B,41.74,1.44,0.81,0.31,0.5,38.8,False,none,normal
2026-02-17 03:00:00,Building_B,41.57,1.42,0.59,0.28,0.31,48.3,False,none,normal
2026-02-17 04:00:00,Building_B,46.65,1.47,0.5,0.19,0.31,38.7,False,none,normal
2026-02-17 05:00:00,Building_B,50.51,1.02,0.85,0.37,0.48,43.4,False,none,normal
2026-02-17 06:00:00,Building_B,108.34,7.41,10.42,4.15,6.27,39.8,False,none,normal
2026-02-17 07:00:00,Building_B,106.74,8.23,11.35,4.53,6.82,39.9,False,none,normal
2026-02-17 08:00:00,Building_B,189.15,15.76,29.42,13.42,16.0,45.6,False,none,normal
2026-02-17 09:00:00,Building_B,183.64,15.93,29.82,12.47,17.35,41.8,False,none,normal
2026-02-17 10:00:00,Building_B,185.95,15.09,27.83,10.84,16.99,38.9,False,none,normal
2026-02-17 11:00:00,Building_B,191.07,15.19,27.97,10.73,17.24,38.4,False,none,normal
2026-02-17 12:00:00,Building_B,187.18,15.4,29.68,13.69,15.99,46.1,False,none,normal
2026-02-17 13:00:00,Building_B,193.72,16.23,27.88,10.76,17.12,38.6,False,none,normal
2026-02-17 14:00:00,Building_B,191.52,15.37,30.86,13.22,17.64,42.8,False,none,normal
2026-02-17 15:00:00,Building_B,195.04,15.89,31.1,12.55,18.55,40.4,False,none,normal
2026-02-17 16:00:00,Building_B,188.33,15.42,28.02,13.42,14.6,47.9,False,none,normal
2026-02-17 17:00:00,Building_B,191.7,15.4,31.4,12.4,19.0,39.5,False,none,normal
2026-02-17 18:00:00,Building_B,181.37,15.88,28.3,11.66,16.64,41.2,False,none,normal
2026-02-17 19:00:00,Building_B,110.41,7.9,12.38,5.49,6.89,44.3,False,none,normal
2026-02-17 20:00:00,Building_B,111.78,7.49,11.72,4.22,7.5,36.0,False,none,normal
2026-02-17 21:00:00,Building_B,115.83,7.27,10.95,4.02,6.93,36.7,False,none,normal
2026-02-17 22:00:00,Building_B,106.66,7.77,10.73,5.0,5.73,46.6,False,none,normal
2026-02-17 23:00:00,Building_B,43.52,1.21,0.55,0.26,0.29,46.9,False,none,normal
2026-02-18 00:00:00,Building_B,46.25,0.97,0.5,0.22,0.28,43.9,False,none,normal
2026-02-18 01:00:00,Building_B,44.03,1.0,1.61,0.62,0.99,38.4,False,none,normal
2026-02-18 02:00:00,Building_B,47.83,1.56,0.5,0.2,0.3,39.9,False,none,normal
2026-02-18 03:00:00,Building_B,40.43,1.43,0.5,0.19,0.31,37.4,False,none,normal
2026-02-18 04:00:00,Building_B,37.04,1.56,1.05,0.45,0.6,42.4,False,none,normal
2026-02-18 05:00:00,Building_B,43.7,1.15,0.93,0.49,0.44,52.2,False,none,normal
2026-02-18 06:00:00,Building_B,114.28,7.66,10.74,3.28,7.46,30.6,False,none,normal
2026-02-18 07:00:00,Building_B,113.86,8.04,10.71,3.88,6.83,36.3,False,none,normal
2026-02-18 08:00:00,Building_B,184.1,15.68,29.72,13.3,16.42,44.8,False,none,normal
2026-02-18 09:00:00,Building_B,189.07,15.86,30.27,13.72,16.55,45.3,False,none,normal
2026-02-18 10:00:00,Building_B,180.36,15.09,29.39,13.61,15.78,46.3,False,none,normal
2026-02-18 11:00:00,Building_B,196.24,15.47,29.1,9.95,19.15,34.2,False,none,normal
2026-02-18 12:00:00,Building_B,192.18,15.33,33.38,13.03,20.35,39.0,False,none,normal
2026-02-18 13:00:00,Building_B,197.14,15.79,28.6,12.28,16.32,42.9,False,none,normal
2026-02-18 14:00:00,Building_B,191.81,15.45,30.84,13.96,16.88,45.3,False,none,normal
2026-02-18 15:00:00,Building_B,191.11,15.52,28.42,11.85,16.57,41.7,False,none,normal
2026-02-18 16:00:00,Building_B,189.43,14.87,30.03,12.5,17.53,41.6,False,none,normal
2026-02-18 17:00:00,Building_B,183.54,15.41,29.46,14.65,14.81,49.7,False,none,normal
2026-02-18 18:00:00,Building_B,189.6,15.89,29.69,10.24,19.45,34.5,False,none,normal
2026-02-18 19:00:00,Building_B,112.27,7.53,10.96,4.14,6.82,37.8,False,none,normal
2026-02-18 20:00:00,Building_B,109.87,8.13,12.48,6.03,6.45,48.3,False,none,normal
2026-02-18 21:00:00,Building_B,116.49,7.05,9.93,3.45,6.48,34.8,False,none,normal
2026-02-18 22:00:00,Building_B,112.11,7.52,10.78,4.43,6.35,41.1,False,none,normal
2026-02-18 23:00:00,Building_B,44.15,0.85,0.5,0.21,0.29,42.0,False,none,normal
2026-02-19 00:00:00,Building_B,47.41,1.36,0.5,0.17,0.33,33.4,False,none,normal
2026-02-19 01:00:00,Building_B,46.43,1.11,0.5,0.18,0.32,35.1,False,none,normal
2026-02-19 02:00:00,Building_B,36.86,1.03,0.5,0.19,0.31,37.2,False,none,normal
2026-02-19 03:00:00,Building_B,43.36,1.28,3.38,1.19,2.19,35.2,False,none,normal
2026-02-19 04:00:00,Building_B,43.26,1.43,0.5,0.21,0.29,42.4,False,none,normal
2026-02-19 05:00:00,Building_B,45.69,1.4,2.37,0.79,1.58,33.3,False,none,normal
2026-02-19 06:00:00,Building_B,106.21,8.28,12.46,5.5,6.96,44.2,False,none,normal
2026-02-19 07:00:00,Building_B,114.51,7.09,12.32,5.7,6.62,46.3,False,none,normal
2026-02-19 08:00:00,Building_B,186.09,16.44,30.07,9.99,20.08,33.2,False,none,normal
2026-02-19 09:00:00,Building_B,190.25,15.27,31.23,13.8,17.43,44.2,False,none,normal
2026-02-19 10:00:00,Building_B,186.33,16.05,30.96,11.98,18.98,38.7,False,none,normal
2026-02-19 11:00:00,Building_B,188.11,15.7,29.39,11.95,17.44,40.7,False,none,normal
2026-02-19 12:00:00,Building_B,188.87,15.15,27.15,11.66,15.49,43.0,False,none,normal
2026-02-19 13:00:00,Building_B,180.77,15.18,27.7,9.81,17.89,35.4,False,none,normal
2026-02-19 14:00:00,Building_B,190.43,15.45,29.52,10.84,18.68,36.7,False,none,normal
2026-02-19 15:00:00,Building_B,186.1,15.66,29.77,13.48,16.29,45.3,False,none,normal
2026-02-19 16:00:00,Building_B,192.58,15.44,27.61,10.76,16.85,39.0,False,none,normal
2026-02-19 17:00:00,Building_B,188.33,15.25,28.56,12.07,16.49,42.3,False,none,normal
2026-02-19 18:00:00,Building_B,198.44,15.35,29.83,10.96,18.87,36.8,False,none,normal
2026-02-19 19:00:00,Building_B,114.55,8.07,12.33,5.85,6.48,47.4,False,none,normal
2026-02-19 20:00:00,Building_B,107.87,7.66,13.42,5.98,7.44,44.5,False,none,normal
2026-02-19 21:00:00,Building_B,100.7,7.92,10.67,4.86,5.81,45.6,False,none,normal
2026-02-19 22:00:00,Building_B,111.21,7.15,11.69,5.01,6.68,42.8,False,none,normal
2026-02-19 23:00:00,Building_B,44.07,1.57,2.51,1.1,1.41,43.7,False,none,normal
2026-02-20 00:00:00,Building_B,42.71,1.77,3.4,1.55,1.85,45.7,False,none,normal
2026-02-20 01:00:00,Building_B,43.44,1.52,1.02,0.43,0.59,42.1,False,none,normal
2026-02-20 02:00:00,Building_B,51.28,1.11,2.1,0.87,1.23,41.5,False,none,normal
2026-02-20 03:00:00,Building_B,36.69,1.3,0.5,0.22,0.28,44.3,False,none,normal
2026-02-20 04:00:00,Building_B,42.98,1.01,2.48,1.15,1.33,46.4,False,none,normal
2026-02-20 05:00:00,Building_B,48.96,1.45,0.67,0.3,0.37,44.8,False,none,normal
2026-02-20 06:00:00,Building_B,107.27,7.81,11.15,4.03,7.12,36.2,False,none,normal
2026-02-20 07:00:00,Building_B,110.09,7.61,11.07,4.81,6.26,43.5,False,none,normal
2026-02-20 08:00:00,Building_B,193.81,15.23,29.43,11.46,17.97,38.9,False,none,normal
2026-02-20 09:00:00,Building_B,185.4,15.32,29.59,13.12,16.47,44.3,False,none,normal
2026-02-20 10:00:00,Building_B,190.0,15.15,31.38,14.37,17.01,45.8,False,none,normal
2026-02-20 11:00:00,Building_B,277.68,15.95,30.22,12.5,17.72,41.4,True,energy,moderate_spike
2026-02-20 12:00:00,Building_B,285.23,15.51,30.48,13.03,17.45,42.7,True,energy,moderate_spike
2026-02-20 13:00:00,Building_B,281.06,14.81,30.46,12.34,18.12,40.5,True,energy,moderate_spike
2026-02-20 14:00:00,Building_B,287.74,15.69,29.41,13.56,15.85,46.1,True,energy,moderate_spike
2026-02-20 15:00:00,Building_B,284.31,15.58,29.66,14.45,15.21,48.7,True,energy,moderate_spike
2026-02-20 16:00:00,Building_B,278.8,15.41,28.35,12.73,15.62,44.9,True,energy,moderate_spike
2026-02-20 17:00:00,Building_B,186.39,15.36,29.21,12.34,16.87,42.3,False,none,normal
2026-02-20 18:00:00,Building_B,183.72,14.74,30.38,10.19,20.19,33.5,False,none,normal
2026-02-20 19:00:00,Building_B,113.0,8.31,11.17,5.27,5.9,47.2,False,none,normal
2026-02-20 20:00:00,Building_B,109.48,8.32,10.82,3.52,7.3,32.5,False,none,normal
2026-02-20 21:00:00,Building_B,109.26,8.36,12.01,4.8,7.21,39.9,False,none,normal
2026-02-20 22:00:00,Building_B,110.9,8.1,11.26,5.91,5.35,52.5,False,none,normal
2026-02-20 23:00:00,Building_B,40.55,1.72,1.62,0.64,0.98,39.2,False,none,normal
2026-02-21 00:00:00,Building_B,40.92,1.73,0.88,0.38,0.5,43.4,False,none,normal
2026-02-21 01:00:00,Building_B,36.07,1.6,1.06,0.44,0.62,41.7,False,none,normal
2026-02-21 02:00:00,Building_B,44.06,1.23,0.5,0.21,0.29,41.0,False,none,normal
2026-02-21 03:00:00,Building_B,40.76,2.13,1.8,0.69,1.11,38.1,False,none,normal
2026-02-21 04:00:00,Building_B,50.76,1.22,0.75,0.34,0.41,45.6,False,none,normal
2026-02-21 05:00:00,Building_B,34.73,1.29,0.5,0.21,0.29,42.8,False,none,normal
2026-02-21 06:00:00,Building_B,44.09,1.34,0.56,0.26,0.3,46.3,False,none,normal
2026-02-21 07:00:00,Building_B,43.82,1.38,0.89,0.44,0.45,49.3,False,none,normal
2026-02-21 08:00:00,Building_B,43.31,1.19,0.5,0.18,0.32,36.3,False,none,normal
2026-02-21 09:00:00,Building_B,40.75,1.33,0.5,0.22,0.28,43.4,False,none,normal
2026-02-21 10:00:00,Building_B,58.6,2.42,5.71,2.71,3.0,47.5,False,none,normal
2026-02-21 11:00:00,Building_B,56.45,2.82,2.69,0.97,1.72,36.1,False,none,normal
2026-02-21 12:00:00,Building_B,58.52,3.14,4.04,1.56,2.48,38.7,False,none,normal
2026-02-21 13:00:00,Building_B,61.02,2.75,4.03,2.01,2.02,49.9,False,none,normal
2026-02-21 14:00:00,Building_B,59.82,2.78,4.49,1.96,2.53,43.8,False,none,normal
2026-02-21 15:00:00,Building_B,65.82,3.32,4.06,1.88,2.18,46.4,False,none,normal
2026-02-21 16:00:00,Building_B,63.08,3.08,4.86,2.0,2.86,41.3,False,none,normal
2026-02-21 17:00:00,Building_B,64.62,3.07,6.85,2.93,3.92,42.8,False,none,normal
2026-02-21 18:00:00,Building_B,60.45,1.88,3.04,1.23,1.81,40.4,False,none,normal
2026-02-21 19:00:00,Building_B,38.21,1.65,0.5,0.2,0.3,40.0,False,none,normal
2026-02-21 20:00:00,Building_B,40.77,1.79,0.5,0.22,0.28,43.8,False,none,normal
2026-02-21 21:00:00,Building_B,43.4,1.69,1.73,0.72,1.01,41.9,False,none,normal
2026-02-21 22:00:00,Building_B,35.83,1.29,0.69,0.3,0.39,43.1,False,none,normal
2026-02-21 23:00:00,Building_B,39.66,1.77,0.73,0.28,0.45,38.3,False,none,normal
2026-02-22 00:00:00,Building_B,40.78,2.04,1.51,0.7,0.81,46.2,False,none,normal
2026-02-22 01:00:00,Building_B,38.45,1.13,0.5,0.21,0.29,42.7,False,none,normal
2026-02-22 02:00:00,Building_B,41.92,1.2,0.5,0.19,0.31,38.8,False,none,normal
2026-02-22 03:00:00,Building_B,41.9,1.76,0.5,0.22,0.28,43.4,False,none,normal
2026-02-22 04:00:00,Building_B,48.14,1.31,0.5,0.23,0.27,45.7,False,none,normal
2026-02-22 05:00:00,Building_B,38.68,1.36,0.5,0.17,0.33,34.5,False,none,normal
2026-02-22 06:00:00,Building_B,42.01,0.93,0.7,0.33,0.37,46.5,False,none,normal
2026-02-22 07:00:00,Building_B,50.03,1.4,1.93,0.84,1.09,43.6,False,none,normal
2026-02-22 08:00:00,Building_B,41.08,0.7,2.66,1.01,1.65,37.8,False,none,normal
2026-02-22 09:00:00,Building_B,48.15,1.56,0.5,0.22,0.28,43.2,False,none,normal
2026-02-22 10:00:00,Building_B,69.41,3.28,4.36,1.71,2.65,39.2,False,none,normal
2026-02-22 11:00:00,Building_B,61.28,2.68,6.41,2.88,3.53,45.0,False,none,normal
2026-02-22 12:00:00,Building_B,54.11,2.9,4.76,2.01,2.75,42.1,False,none,normal
2026-02-22 13:00:00,Building_B,61.87,3.16,6.15,2.4,3.75,39.0,False,none,normal
2026-02-22 14:00:00,Building_B,60.64,2.58,2.95,1.23,1.72,41.6,False,none,normal
2026-02-22 15:00:00,Building_B,68.26,2.14,4.94,2.06,2.88,41.8,False,none,normal
2026-02-22 16:00:00,Building_B,62.03,2.4,3.26,1.19,2.07,36.5,False,none,normal
2026-02-22 17:00:00,Building_B,66.2,2.4,4.37,2.2,2.17,50.4,False,none,normal
2026-02-22 18:00:00,Building_B,57.94,2.86,6.25,2.88,3.37,46.1,False,none,normal
2026-02-22 19:00:00,Building_B,37.29,1.12,1.07,0.53,0.54,49.7,False,none,normal
2026-02-22 20:00:00,Building_B,39.57,1.2,1.21,0.54,0.67,44.5,False,none,normal
2026-02-22 21:00:00,Building_B,45.34,1.07,0.5,0.21,0.29,42.9,False,none,normal
2026-02-22 22:00:00,Building_B,47.66,1.29,0.68,0.26,0.42,37.9,False,none,normal
2026-02-22 23:00:00,Building_B,50.07,1.42,2.0,0.84,1.16,42.1,False,none,normal
2026-02-23 00:00:00,Building_B,42.96,0.84,0.5,0.24,0.26,47.0,False,none,normal
2026-02-23 01:00:00,Building_B,42.93,1.44,0.5,0.19,0.31,38.4,False,none,normal
2026-02-23 02:00:00,Building_B,46.86,1.98,0.5,0.22,0.28,44.7,False,none,normal
2026-02-23 03:00:00,Building_B,43.37,1.33,2.93,1.18,1.75,40.2,False,none,normal
2026-02-23 04:00:00,Building_B,47.58,1.5,0.69,0.33,0.36,47.5,False,none,normal
2026-02-23 05:00:00,Building_B,43.78,1.34,2.37,1.11,1.26,47.0,False,none,normal
2026-02-23 06:00:00,Building_B,114.39,6.4,11.89,5.09,6.8,42.8,False,none,normal
2026-02-23 07:00:00,Building_B,109.44,7.98,11.68,5.22,6.46,44.7,False,none,normal
2026-02-23 08:00:00,Building_B,187.65,16.05,30.77,13.59,17.18,44.2,False,none,normal
2026-02-23 09:00:00,Building_B,190.7,15.93,31.06,12.91,18.15,41.5,False,none,normal
2026-02-23 10:00:00,Building_B,192.68,15.58,32.13,14.91,17.22,46.4,False,none,normal
2026-02-23 11:00:00,Building_B,186.22,16.34,27.31,12.17,15.14,44.5,False,none,normal
2026-02-23 12:00:00,Building_B,185.94,16.18,30.13,11.7,18.43,38.8,False,none,normal
2026-02-23 13:00:00,Building_B,187.66,15.27,29.46,11.99,17.47,40.7,False,none,normal
2026-02-23 14:00:00,Building_B,185.72,15.62,30.3,11.52,18.78,38.0,False,none,normal
2026-02-23 15:00:00,Building_B,182.09,15.63,30.47,13.69,16.78,44.9,False,none,normal
2026-02-23 16:00:00,Building_B,190.93,16.07,31.03,16.36,14.67,52.7,False,none,normal
2026-02-23 17:00:00,Building_B,201.12,14.91,27.19,11.41,15.78,42.0,False,none,normal
2026-02-23 18:00:00,Building_B,190.74,15.5,30.67,12.55,18.12,40.9,False,none,normal
2026-02-23 19:00:00,Building_B,106.8,7.57,11.12,5.05,6.07,45.4,False,none,normal
2026-02-23 20:00:00,Building_B,107.63,7.66,12.05,4.97,7.08,41.2,False,none,normal
2026-02-23 21:00:00,Building_B,114.05,7.44,10.0,4.32,5.68,43.2,False,none,normal
2026-02-23 22:00:00,Building_B,111.2,7.46,12.98,6.45,6.53,49.7,False,none,normal
2026-02-23 23:00:00,Building_B,40.1,1.89,0.5,0.23,0.27,46.3,False,none,normal
2026-02-24 00:00:00,Building_B,39.18,1.71,0.5,0.21,0.29,41.7,False,none,normal
2026-02-24 01:00:00,Building_B,39.37,1.29,2.91,1.21,1.7,41.6,False,none,normal
2026-02-24 02:00:00,Building_B,51.06,1.23,2.5,0.89,1.61,35.5,False,none,normal
2026-02-24 03:00:00,Building_B,41.47,1.18,2.56,1.09,1.47,42.7,False,none,normal
2026-02-24 04:00:00,Building_B,34.26,0.91,0.5,0.23,0.27,45.7,False,none,normal
2026-02-24 05:00:00,Building_B,45.83,1.26,0.5,0.22,0.28,44.9,False,none,normal
2026-02-24 06:00:00,Building_B,105.06,7.92,11.81,4.83,6.98,40.9,False,none,normal
2026-02-24 07:00:00,Building_B,111.17,7.8,11.96,4.38,7.58,36.7,False,none,normal
2026-02-24 08:00:00,Building_B,191.18,15.88,30.22,13.42,16.8,44.4,False,none,normal
2026-02-24 09:00:00,Building_B,188.28,15.84,29.91,11.19,18.72,37.4,False,none,normal
2026-02-24 10:00:00,Building_B,192.0,14.95,30.17,12.21,17.96,40.5,False,none,normal
2026-02-24 11:00:00,Building_B,186.93,15.58,28.98,12.77,16.21,44.0,False,none,normal
2026-02-24 12:00:00,Building_B,188.95,15.31,31.44,13.46,17.98,42.8,False,none,normal
2026-02-24 13:00:00,Building_B,191.25,16.02,31.51,13.96,17.55,44.3,False,none,normal
2026-02-24 14:00:00,Building_B,187.51,15.02,30.08,13.95,16.13,46.4,False,none,normal
2026-02-24 15:00:00,Building_B,190.14,14.32,30.87,14.12,16.75,45.7,False,none,normal
2026-02-24 16:00:00,Building_B,187.52,15.87,30.58,12.01,18.57,39.3,False,none,normal
2026-02-24 17:00:00,Building_B,193.81,15.08,29.76,12.31,17.45,41.4,False,none,normal
2026-02-24 18:00:00,Building_B,185.42,15.63,31.4,14.76,16.64,47.0,False,none,normal
2026-02-24 19:00:00,Building_B,112.48,7.17,9.76,4.16,5.6,42.7,False,none,normal
2026-02-24 20:00:00,Building_B,109.44,7.59,13.65,5.79,7.86,42.4,False,none,normal
2026-02-24 21:00:00,Building_B,111.75,8.11,11.43,5.99,5.44,52.4,False,none,normal
2026-02-24 22:00:00,Building_B,105.82,7.55,10.23,4.94,5.29,48.3,False,none,normal
2026-02-24 23:00:00,Building_B,45.82,1.18,0.5,0.24,0.26,47.5,False,none,normal
2026-02-25 00:00:00,Building_B,44.06,1.86,0.64,0.28,0.36,44.0,False,none,normal
2026-02-25 01:00:00,Building_B,43.82,1.15,0.54,0.2,0.34,37.3,False,none,normal
2026-02-25 02:00:00,Building_B,44.59,1.64,1.9,0.85,1.05,44.7,False,none,normal
2026-02-25 03:00:00,Building_B,42.1,1.91,1.78,0.85,0.93,47.6,False,none,normal
2026-02-25 04:00:00,Building_B,48.42,1.33,1.18,0.53,0.65,45.1,False,none,normal
2026-02-25 05:00:00,Building_B,38.02,0.98,0.5,0.21,0.29,41.6,False,none,normal
2026-02-25 06:00:00,Building_B,108.25,7.26,11.54,4.8,6.74,41.6,False,none,normal
2026-02-25 07:00:00,Building_B,114.31,8.47,11.91,4.67,7.24,39.2,False,none,normal
2026-02-25 08:00:00,Building_B,191.31,15.53,29.54,11.39,18.15,38.6,False,none,normal
2026-02-25 09:00:00,Building_B,186.87,15.46,30.8,13.57,17.23,44.0,False,none,normal
2026-02-25 10:00:00,Building_B,196.02,15.76,30.34,12.37,17.97,40.8,False,none,normal
2026-02-25 11:00:00,Building_B,184.57,15.32,28.99,9.21,19.78,31.8,False,none,normal
2026-02-25 12:00:00,Building_B,184.69,16.08,30.27,12.26,18.01,40.5,False,none,normal
2026-02-25 13:00:00,Building_B,190.32,14.84,30.17,14.21,15.96,47.1,False,none,normal
2026-02-25 14:00:00,Building_B,188.24,14.9,29.33,13.82,15.51,47.1,False,none,normal
2026-02-25 15:00:00,Building_B,189.76,15.03,32.67,12.08,20.59,37.0,False,none,normal
2026-02-25 16:00:00,Building_B,187.75,15.16,28.59,11.49,17.1,40.2,False,none,normal
2026-02-25 17:00:00,Building_B,191.27,15.98,29.37,11.15,18.22,38.0,False,none,normal
2026-02-25 18:00:00,Building_B,190.64,15.7,30.12,12.98,17.14,43.1,False,none,normal
2026-02-25 19:00:00,Building_B,109.13,7.8,11.15,5.16,5.99,46.3,False,none,normal
2026-02-25 20:00:00,Building_B,118.49,7.82,11.36,4.89,6.47,43.0,False,none,normal
2026-02-25 21:00:00,Building_B,106.95,8.03,11.89,4.79,7.1,40.3,False,none,normal
2026-02-25 22:00:00,Building_B,113.19,7.77,10.2,4.43,5.77,43.4,False,none,normal
2026-02-25 23:00:00,Building_B,43.56,1.71,1.71,0.71,1.0,41.6,False,none,normal
2026-02-26 00:00:00,Building_B,40.73,1.37,1.15,0.51,0.64,43.9,False,none,normal
2026-02-26 01:00:00,Building_B,43.82,1.34,1.91,0.75,1.16,39.3,False,none,normal
2026-02-26 02:00:00,Building_B,52.53,1.64,0.5,0.21,0.29,42.7,False,none,normal
2026-02-26 03:00:00,Building_B,45.71,1.25,0.5,0.19,0.31,37.8,False,none,normal
2026-02-26 04:00:00,Building_B,44.78,0.76,0.5,0.22,0.28,44.1,False,none,normal
2026-02-26 05:00:00,Building_B,41.72,1.13,0.5,0.18,0.32,36.1,False,none,normal
2026-02-26 06:00:00,Building_B,111.52,7.48,10.72,4.65,6.07,43.4,False,none,normal
2026-02-26 07:00:00,Building_B,108.55,7.52,8.98,3.9,5.08,43.5,False,none,normal
2026-02-26 08:00:00,Building_B,189.04,15.34,28.59,12.02,16.57,42.1,False,none,normal
2026-02-26 09:00:00,Building_B,190.64,15.56,31.8,14.25,17.55,44.8,False,none,normal
2026-02-26 10:00:00,Building_B,188.29,15.78,29.89,12.61,17.28,42.2,False,none,normal
2026-02-26 11:00:00,Building_B,193.91,15.21,29.86,13.96,15.9,46.8,False,none,normal
2026-02-26 12:00:00,Building_B,189.96,15.39,27.78,9.14,18.64,32.9,False,none,normal
2026-02-26 13:00:00,Building_B,197.03,15.63,29.13,12.64,16.49,43.4,False,none,normal
2026-02-26 14:00:00,Building_B,184.93,15.41,28.7,10.43,18.27,36.3,False,none,normal
2026-02-26 15:00:00,Building_B,180.3,14.96,31.06,11.82,19.24,38.1,False,none,normal
2026-02-26 16:00:00,Building_B,190.86,15.86,29.85,12.18,17.67,40.8,False,none,normal
2026-02-26 17:00:00,Building_B,189.25,15.38,31.28,15.49,15.79,49.5,False,none,normal
2026-02-26 18:00:00,Building_B,194.52,14.77,29.31,12.32,16.99,42.0,False,none,normal
2026-02-26 19:00:00,Building_B,111.43,7.16,9.27,4.38,4.89,47.2,False,none,normal
2026-02-26 20:00:00,Building_B,107.34,7.24,10.04,4.37,5.67,43.6,False,none,normal
2026-02-26 21:00:00,Building_B,106.29,7.85,10.19,3.57,6.62,35.0,False,none,normal
2026-02-26 22:00:00,Building_B,115.28,7.9,10.96,4.37,6.59,39.9,False,none,normal
2026-02-26 23:00:00,Building_B,48.47,1.58,2.09,0.83,1.26,39.7,False,none,normal
2026-02-27 00:00:00,Building_B,42.82,1.51,0.5,0.21,0.29,41.6,False,none,normal
2026-02-27 01:00:00,Building_B,40.28,1.51,0.5,0.22,0.28,44.3,False,none,normal
2026-02-27 02:00:00,Building_B,43.86,1.3,1.25,0.51,0.74,40.5,False,none,normal
2026-02-27 03:00:00,Building_B,39.93,1.56,1.41,0.56,0.85,40.0,False,none,normal
2026-02-27 04:00:00,Building_B,40.24,1.31,0.5,0.24,0.26,48.1,False,none,normal
2026-02-27 05:00:00,Building_B,43.88,1.37,0.5,0.22,0.28,45.0,False,none,normal
2026-02-27 06:00:00,Building_B,107.13,7.53,12.29,5.35,6.94,43.5,False,none,normal
2026-02-27 07:00:00,Building_B,99.57,7.71,11.51,4.68,6.83,40.6,False,none,normal
2026-02-27 08:00:00,Building_B,189.36,14.89,26.43,10.07,16.36,38.1,False,none,normal
2026-02-27 09:00:00,Building_B,189.85,14.4,28.82,9.89,18.93,34.3,False,none,normal
2026-02-27 10:00:00,Building_B,187.75,16.21,29.57,12.29,17.28,41.6,False,none,normal
2026-02-27 11:00:00,Building_B,192.08,15.53,29.57,13.52,16.05,45.7,False,none,normal
2026-02-27 12:00:00,Building_B,190.61,15.62,29.66,12.05,17.61,40.6,False,none,normal
2026-02-27 13:00:00,Building_B,192.39,15.41,31.31,11.84,19.47,37.8,False,none,normal
2026-02-27 14:00:00,Building_B,194.46,15.69,28.67,12.63,16.04,44.0,False,none,normal
2026-02-27 15:00:00,Building_B,186.12,15.54,29.25,12.13,17.12,41.5,False,none,normal
2026-02-27 16:00:00,Building_B,192.49,15.71,28.48,10.74,17.74,37.7,False,none,normal
2026-02-27 17:00:00,Building_B,189.81,15.64,29.02,14.04,14.98,48.4,False,none,normal
2026-02-27 18:00:00,Building_B,191.98,15.3,28.96,11.9,17.06,41.1,False,none,normal
2026-02-27 19:00:00,Building_B,108.25,8.2,12.55,5.29,7.26,42.1,False,none,normal
2026-02-27 20:00:00,Building_B,112.29,8.05,11.43,4.98,6.45,43.6,False,none,normal
2026-02-27 21:00:00,Building_B,111.96,7.93,10.43,4.1,6.33,39.3,False,none,normal
2026-02-27 22:00:00,Building_B,108.43,7.51,9.6,4.29,5.31,44.7,False,none,normal
2026-02-27 23:00:00,Building_B,44.0,0.9,0.5,0.21,0.29,41.3,False,none,normal
2026-02-28 00:00:00,Building_B,43.34,0.99,0.5,0.22,0.28,44.1,False,none,normal
2026-02-28 01:00:00,Building_B,36.48,1.29,0.5,0.21,0.29,41.5,False,none,normal
2026-02-28 02:00:00,Building_B,43.63,1.93,0.5,0.23,0.27,45.5,False,none,normal
2026-02-28 03:00:00,Building_B,32.57,1.86,0.5,0.26,0.24,51.7,False,none,normal
2026-02-28 04:00:00,Building_B,41.06,1.82,2.01,0.81,1.2,40.3,False,none,normal
2026-02-28 05:00:00,Building_B,41.18,1.08,1.66,0.67,0.99,40.3,False,none,normal
2026-02-28 06:00:00,Building_B,39.34,1.56,0.5,0.2,0.3,40.7,False,none,normal
2026-02-28 07:00:00,Building_B,43.04,1.14,0.5,0.24,0.26,48.1,False,none,normal
2026-02-28 08:00:00,Building_B,41.8,1.24,0.5,0.22,0.28,43.8,False,none,normal
2026-02-28 09:00:00,Building_B,38.48,1.52,1.02,0.36,0.66,34.8,False,none,normal
2026-02-28 10:00:00,Building_B,68.06,3.25,4.01,1.5,2.51,37.5,False,none,normal
2026-02-28 11:00:00,Building_B,61.79,2.24,6.61,2.65,3.96,40.1,False,none,normal
2026-02-28 12:00:00,Building_B,67.37,2.45,4.84,2.28,2.56,47.1,False,none,normal
2026-02-28 13:00:00,Building_B,59.59,2.83,6.28,2.5,3.78,39.8,False,none,normal
2026-02-28 14:00:00,Building_B,55.83,2.23,5.67,2.47,3.2,43.6,False,none,normal
2026-02-28 15:00:00,Building_B,65.12,2.64,3.25,1.06,2.19,32.6,False,none,normal
2026-02-28 16:00:00,Building_B,72.35,2.92,5.14,2.22,2.92,43.1,False,none,normal
2026-02-28 17:00:00,Building_B,55.15,2.46,7.06,3.15,3.91,44.6,False,none,normal
2026-02-28 18:00:00,Building_B,57.82,2.31,4.35,1.77,2.58,40.7,False,none,normal
2026-02-28 19:00:00,Building_B,50.81,1.3,0.5,0.21,0.29,41.8,False,none,normal
2026-02-28 20:00:00,Building_B,43.67,0.92,1.19,0.56,0.63,46.8,False,none,normal
2026-02-28 21:00:00,Building_B,43.17,1.09,0.5,0.18,0.32,35.4,False,none,normal
2026-02-28 22:00:00,Building_B,42.08,1.48,0.5,0.25,0.25,49.8,False,none,normal
2026-02-28 23:00:00,Building_B,45.78,0.74,0.5,0.19,0.31,38.1,False,none,normal
2026-03-01 00:00:00,Building_B,48.91,1.68,2.66,1.12,1.54,42.0,False,none,normal
2026-03-01 01:00:00,Building_B,41.78,0.93,1.13,0.47,0.66,41.2,False,none,normal
2026-03-01 02:00:00,Building_B,41.68,1.94,0.56,0.27,0.29,47.3,False,none,normal
2026-03-01 03:00:00,Building_B,36.26,2.31,0.5,0.22,0.28,44.8,False,none,normal
2026-03-01 04:00:00,Building_B,46.08,1.2,1.69,0.77,0.92,45.5,False,none,normal
2026-03-01 05:00:00,Building_B,39.76,1.12,0.76,0.32,0.44,41.5,False,none,normal
2026-03-01 06:00:00,Building_B,48.19,1.62,0.63,0.28,0.35,44.4,False,none,normal
2026-03-01 07:00:00,Building_B,34.43,1.15,1.06,0.49,0.57,46.5,False,none,normal
2026-03-01 08:00:00,Building_B,43.41,1.88,1.75,0.7,1.05,40.0,False,none,normal
2026-03-01 09:00:00,Building_B,42.05,1.51,0.5,0.24,0.26,48.1,False,none,normal
2026-03-01 10:00:00,Building_B,56.44,2.85,5.85,2.38,3.47,40.7,False,none,normal
2026-03-01 11:00:00,Building_B,58.72,2.71,5.95,2.38,3.57,40.0,False,none,normal
2026-03-01 12:00:00,Building_B,56.6,3.14,5.45,2.51,2.94,46.0,False,none,normal
2026-03-01 13:00:00,Building_B,63.92,3.5,6.31,2.47,3.84,39.1,False,none,normal
2026-03-01 14:00:00,Building_B,62.76,2.54,4.43,1.61,2.82,36.3,False,none,normal
2026-03-01 15:00:00,Building_B,59.73,2.93,4.89,1.84,3.05,37.6,False,none,normal
2026-03-01 16:00:00,Building_B,54.79,3.48,5.36,2.07,3.29,38.7,False,none,normal
2026-03-01 17:00:00,Building_B,62.73,3.51,5.72,1.76,3.96,30.9,False,none,normal
2026-03-01 18:00:00,Building_B,71.49,2.09,4.72,1.77,2.95,37.5,False,none,normal
2026-03-01 19:00:00,Building_B,39.65,1.47,0.5,0.21,0.29,41.6,False,none,normal
2026-03-01 20:00:00,Building_B,47.2,1.07,0.5,0.21,0.29,41.4,False,none,normal
2026-03-01 21:00:00,Building_B,41.26,1.16,0.5,0.22,0.28,44.1,False,none,normal
2026-03-01 22:00:00,Building_B,45.0,1.0,0.5,0.21,0.29,42.5,False,none,normal
2026-03-01 23:00:00,Building_B,38.75,1.43,2.47,1.03,1.44,41.8,False,none,normal
2026-03-02 00:00:00,Building_B,37.76,1.51,0.5,0.21,0.29,41.4,False,none,normal
2026-03-02 01:00:00,Building_B,44.52,1.61,0.75,0.31,0.44,41.8,False,none,normal
2026-03-02 02:00:00,Building_B,50.87,1.79,1.71,0.73,0.98,42.5,False,none,normal
2026-03-02 03:00:00,Building_B,38.59,1.76,0.88,0.35,0.53,39.7,False,none,normal
2026-03-02 04:00:00,Building_B,41.64,1.03,1.98,0.89,1.09,44.7,False,none,normal
2026-03-02 05:00:00,Building_B,43.34,1.35,0.5,0.17,0.33,33.5,False,none,normal
2026-03-02 06:00:00,Building_B,103.93,7.5,10.29,4.44,5.85,43.2,False,none,normal
2026-03-02 07:00:00,Building_B,112.83,7.72,13.05,5.07,7.98,38.9,False,none,normal
2026-03-02 08:00:00,Building_B,188.18,15.51,31.14,13.21,17.93,42.4,False,none,normal
2026-03-02 09:00:00,Building_B,189.26,14.94,28.75,13.34,15.41,46.4,False,none,normal
2026-03-02 10:00:00,Building_B,180.42,15.99,30.43,11.87,18.56,39.0,False,none,normal
2026-03-02 11:00:00,Building_B,185.39,16.19,31.52,13.09,18.43,41.5,False,none,normal
2026-03-02 12:00:00,Building_B,189.26,15.3,29.99,11.79,18.2,39.3,False,none,normal
2026-03-02 13:00:00,Building_B,188.41,16.16,29.72,11.24,18.48,37.8,False,none,normal
2026-03-02 14:00:00,Building_B,183.26,15.57,28.92,12.43,16.49,43.0,False,none,normal
2026-03-02 15:00:00,Building_B,182.24,15.77,28.56,12.05,16.51,42.2,False,none,normal
2026-03-02 16:00:00,Building_B,187.37,16.13,30.04,14.95,15.09,49.8,False,none,normal
2026-03-02 17:00:00,Building_B,190.97,16.02,29.58,12.83,16.75,43.4,False,none,normal
2026-03-02 18:00:00,Building_B,193.6,15.84,30.47,12.4,18.07,40.7,False,none,normal
2026-03-02 19:00:00,Building_B,108.95,8.16,12.98,5.14,7.84,39.6,False,none,normal
2026-03-02 20:00:00,Building_B,106.61,7.45,12.36,4.73,7.63,38.3,False,none,normal
2026-03-02 21:00:00,Building_B,112.85,7.95,10.71,5.17,5.54,48.3,False,none,normal
2026-03-02 22:00:00,Building_B,103.73,8.34,11.75,3.96,7.79,33.7,False,none,normal
2026-03-02 23:00:00,Building_B,48.98,1.71,0.5,0.19,0.31,38.1,False,none,normal
2026-03-03 00:00:00,Building_B,36.34,2.22,0.5,0.18,0.32,36.9,False,none,normal
2026-03-03 01:00:00,Building_B,43.69,0.8,0.5,0.23,0.27,46.0,False,none,normal
2026-03-03 02:00:00,Building_B,44.47,1.23,0.73,0.29,0.44,40.2,False,none,normal
2026-03-03 03:00:00,Building_B,42.37,1.1,0.5,0.2,0.3,39.6,False,none,normal
2026-03-03 04:00:00,Building_B,39.71,1.74,1.63,0.62,1.01,38.3,False,none,normal
2026-03-03 05:00:00,Building_B,37.84,1.31,3.3,1.25,2.05,37.9,False,none,normal
2026-03-03 06:00:00,Building_B,108.94,7.79,11.23,4.51,6.72,40.2,False,none,normal
2026-03-03 07:00:00,Building_B,114.2,7.92,12.38,5.49,6.89,44.4,False,none,normal
2026-03-03 08:00:00,Building_B,192.3,16.08,31.43,16.12,15.31,51.3,False,none,normal
2026-03-03 09:00:00,Building_B,193.59,15.29,30.85,13.83,17.02,44.8,False,none,normal
2026-03-03 10:00:00,Building_B,196.4,15.19,30.5,11.98,18.52,39.3,False,none,normal
2026-03-03 11:00:00,Building_B,190.77,15.45,30.41,11.06,19.35,36.4,False,none,normal
2026-03-03 12:00:00,Building_B,191.9,15.6,30.01,14.95,15.06,49.8,False,none,normal
2026-03-03 13:00:00,Building_B,187.19,15.64,29.95,12.82,17.13,42.8,False,none,normal
2026-03-03 14:00:00,Building_B,197.61,15.55,29.15,14.42,14.73,49.5,False,none,normal
2026-03-03 15:00:00,Building_B,187.49,14.96,28.94,10.71,18.23,37.0,False,none,normal
2026-03-03 16:00:00,Building_B,181.52,15.4,29.75,13.9,15.85,46.7,False,none,normal
2026-03-03 17:00:00,Building_B,191.24,15.73,28.76,13.1,15.66,45.5,False,none,normal
2026-03-03 18:00:00,Building_B,194.29,15.66,30.34,11.21,19.13,36.9,False,none,normal
2026-03-03 19:00:00,Building_B,113.8,8.39,11.75,4.66,7.09,39.6,False,none,normal
2026-03-03 20:00:00,Building_B,108.93,7.61,10.93,4.87,6.06,44.6,False,none,normal
2026-03-03 21:00:00,Building_B,110.7,8.11,11.81,4.55,7.26,38.5,False,none,normal
2026-03-03 22:00:00,Building_B,107.58,7.56,11.14,5.48,5.66,49.2,False,none,normal
2026-03-03 23:00:00,Building_B,50.43,1.66,0.85,0.31,0.54,36.6,False,none,normal
2026-03-04 00:00:00,Building_B,43.49,1.09,2.67,0.95,1.72,35.6,False,none,normal
2026-03-04 01:00:00,Building_B,44.15,1.06,0.7,0.31,0.39,44.7,False,none,normal
2026-03-04 02:00:00,Building_B,46.7,1.35,1.62,0.64,0.98,39.4,False,none,normal
2026-03-04 03:00:00,Building_B,43.6,1.72,1.11,0.44,0.67,39.9,False,none,normal
2026-03-04 04:00:00,Building_B,41.5,1.73,0.5,0.19,0.31,38.2,False,none,normal
2026-03-04 05:00:00,Building_B,45.02,1.22,0.5,0.24,0.26,47.4,False,none,normal
2026-03-04 06:00:00,Building_B,105.18,7.69,10.62,4.33,6.29,40.8,False,none,normal
2026-03-04 07:00:00,Building_B,106.04,8.01,11.5,5.28,6.22,45.9,False,none,normal
2026-03-04 08:00:00,Building_B,186.29,16.27,27.54,9.82,17.72,35.7,False,none,normal
2026-03-04 09:00:00,Building_B,195.73,15.69,30.24,13.22,17.02,43.7,False,none,normal
2026-03-04 10:00:00,Building_B,191.01,15.63,28.67,12.98,15.69,45.3,False,none,normal
2026-03-04 11:00:00,Building_B,191.37,16.02,31.95,13.84,18.11,43.3,False,none,normal
2026-03-04 12:00:00,Building_B,183.81,16.14,28.61,12.4,16.21,43.4,False,none,normal
2026-03-04 13:00:00,Building_B,187.7,15.37,30.75,13.22,17.53,43.0,False,none,normal
2026-03-04 14:00:00,Building_B,190.78,15.24,29.62,11.53,18.09,38.9,False,none,normal
2026-03-04 15:00:00,Building_B,187.93,15.48,32.04,13.12,18.92,41.0,False,none,normal
2026-03-04 16:00:00,Building_B,180.22,16.01,30.37,12.6,17.77,41.5,False,none,normal
2026-03-04 17:00:00,Building_B,186.97,15.19,32.16,13.57,18.59,42.2,False,none,normal
2026-03-04 18:00:00,Building_B,181.77,15.64,31.28,13.33,17.95,42.6,False,none,normal
2026-03-04 19:00:00,Building_B,105.97,7.42,10.26,4.93,5.33,48.1,False,none,normal
2026-03-04 20:00:00,Building_B,109.29,7.17,11.82,5.03,6.79,42.6,False,none,normal
2026-03-04 21:00:00,Building_B,107.79,7.4,10.09,4.68,5.41,46.3,False,none,normal
2026-03-04 22:00:00,Building_B,110.57,7.93,11.66,5.05,6.61,43.3,False,none,normal
2026-03-04 23:00:00,Building_B,40.74,1.3,2.11,1.01,1.1,47.7,False,none,normal
2026-03-05 00:00:00,Building_B,37.73,1.3,1.72,0.85,0.87,49.5,False,none,normal
2026-03-05 01:00:00,Building_B,49.74,1.09,2.24,0.95,1.29,42.2,False,none,normal
2026-03-05 02:00:00,Building_B,46.79,1.65,0.5,0.22,0.28,44.2,False,none,normal
2026-03-05 03:00:00,Building_B,46.64,1.36,0.5,0.18,0.32,35.7,False,none,normal
2026-03-05 04:00:00,Building_B,45.35,1.44,0.5,0.2,0.3,40.7,False,none,normal
2026-03-05 05:00:00,Building_B,43.23,1.17,0.71,0.25,0.46,35.0,False,none,normal
2026-03-05 06:00:00,Building_B,114.98,7.77,10.04,3.23,6.81,32.2,False,none,normal
2026-03-05 07:00:00,Building_B,113.7,7.96,11.62,5.28,6.34,45.5,False,none,normal
2026-03-05 08:00:00,Building_B,192.17,15.59,29.53,11.91,17.62,40.3,False,none,normal
2026-03-05 09:00:00,Building_B,190.41,16.01,29.71,14.23,15.48,47.9,False,none,normal
2026-03-05 10:00:00,Building_B,190.21,15.66,32.72,15.91,16.81,48.6,False,none,normal
2026-03-05 11:00:00,Building_B,195.44,15.24,32.46,13.53,18.93,41.7,False,none,normal
2026-03-05 12:00:00,Building_B,187.81,14.77,30.22,11.38,18.84,37.7,False,none,normal
2026-03-05 13:00:00,Building_B,190.36,15.12,31.99,14.14,17.85,44.2,False,none,normal
2026-03-05 14:00:00,Building_B,197.84,15.17,31.69,11.02,20.67,34.8,False,none,normal
2026-03-05 15:00:00,Building_B,189.55,15.3,29.29,11.7,17.59,39.9,False,none,normal
2026-03-05 16:00:00,Building_B,185.06,15.08,29.3,12.44,16.86,42.5,False,none,normal
2026-03-05 17:00:00,Building_B,193.38,15.63,31.23,11.27,19.96,36.1,False,none,normal
2026-03-05 18:00:00,Building_B,186.99,15.77,30.24,11.66,18.58,38.6,False,none,normal
2026-03-05 19:00:00,Building_B,113.32,7.58,10.43,4.58,5.85,43.9,False,none,normal
2026-03-05 20:00:00,Building_B,109.61,7.58,10.7,4.04,6.66,37.7,False,none,normal
2026-03-05 21:00:00,Building_B,108.0,8.15,11.66,5.34,6.32,45.8,False,none,normal
2026-03-05 22:00:00,Building_B,111.65,7.55,9.38,3.59,5.79,38.3,False,none,normal
2026-03-05 23:00:00,Building_B,39.93,1.11,1.89,0.87,1.02,45.9,False,none,normal
2026-03-06 00:00:00,Building_B,51.46,1.1,2.63,1.27,1.36,48.4,False,none,normal
2026-03-06 01:00:00,Building_B,41.69,1.54,2.2,0.92,1.28,41.8,False,none,normal
2026-03-06 02:00:00,Building_B,42.07,1.15,0.5,0.21,0.29,42.3,False,none,normal
2026-03-06 03:00:00,Building_B,39.78,0.99,1.22,0.44,0.78,36.2,False,none,normal
2026-03-06 04:00:00,Building_B,45.84,1.54,0.5,0.21,0.29,41.7,False,none,normal
2026-03-06 05:00:00,Building_B,37.85,1.63,0.94,0.4,0.54,43.0,False,none,normal
2026-03-06 06:00:00,Building_B,111.59,7.54,9.54,4.37,5.17,45.8,False,none,normal
2026-03-06 07:00:00,Building_B,112.34,7.57,11.85,5.57,6.28,47.0,False,none,normal
2026-03-06 08:00:00,Building_B,193.28,15.33,28.04,10.3,17.74,36.7,False,none,normal
2026-03-06 09:00:00,Building_B,187.48,16.04,28.96,11.47,17.49,39.6,False,none,normal
2026-03-06 10:00:00,Building_B,186.25,15.34,29.82,11.0,18.82,36.9,False,none,normal
2026-03-06 11:00:00,Building_B,193.06,15.47,32.81,12.24,20.57,37.3,False,none,normal
2026-03-06 12:00:00,Building_B,195.08,16.01,29.34,11.86,17.48,40.4,False,none,normal
2026-03-06 13:00:00,Building_B,185.04,15.21,29.83,12.55,17.28,42.1,False,none,normal
2026-03-06 14:00:00,Building_B,182.31,16.33,29.52,12.48,17.04,42.3,False,none,normal
2026-03-06 15:00:00,Building_B,186.22,15.43,29.4,12.34,17.06,42.0,False,none,normal
2026-03-06 16:00:00,Building_B,188.66,15.81,30.1,13.49,16.61,44.8,False,none,normal
2026-03-06 17:00:00,Building_B,188.68,15.6,29.54,13.59,15.95,46.0,False,none,normal
2026-03-06 18:00:00,Building_B,190.01,15.47,29.6,12.3,17.3,41.6,False,none,normal
2026-03-06 19:00:00,Building_B,109.7,7.74,10.69,4.82,5.87,45.1,False,none,normal
2026-03-06 20:00:00,Building_B,112.89,8.39,10.64,4.75,5.89,44.7,False,none,normal
2026-03-06 21:00:00,Building_B,101.94,8.05,9.62,3.66,5.96,38.1,False,none,normal
2026-03-06 22:00:00,Building_B,110.91,7.54,10.45,4.19,6.26,40.1,False,none,normal
2026-03-06 23:00:00,Building_B,45.53,1.04,0.65,0.26,0.39,40.5,False,none,normal
2026-03-07 00:00:00,Building_B,45.89,1.67,0.5,0.23,0.27,46.2,False,none,normal
2026-03-07 01:00:00,Building_B,40.17,1.45,0.5,0.22,0.28,43.5,False,none,normal
2026-03-07 02:00:00,Building_B,52.82,1.41,0.5,0.21,0.29,41.1,False,none,normal
2026-03-07 03:00:00,Building_B,36.74,1.88,1.09,0.41,0.68,37.8,False,none,normal
2026-03-07 04:00:00,Building_B,38.55,1.38,1.83,0.68,1.15,37.4,False,none,normal
2026-03-07 05:00:00,Building_B,47.07,1.34,0.5,0.2,0.3,40.1,False,none,normal
2026-03-07 06:00:00,Building_B,49.61,0.88,0.5,0.23,0.27,45.8,False,none,normal
2026-03-07 07:00:00,Building_B,43.48,1.09,1.87,0.86,1.01,46.0,False,none,normal
2026-03-07 08:00:00,Building_B,43.94,1.16,0.5,0.22,0.28,43.1,False,none,normal
2026-03-07 09:00:00,Building_B,37.37,1.83,2.75,1.13,1.62,41.1,False,none,normal
2026-03-07 10:00:00,Building_B,62.3,3.15,7.32,3.53,3.79,48.2,False,none,normal
2026-03-07 11:00:00,Building_B,53.94,2.63,5.57,2.23,3.34,40.0,False,none,normal
2026-03-07 12:00:00,Building_B,68.01,3.31,3.99,1.65,2.34,41.4,False,none,normal
2026-03-07 13:00:00,Building_B,57.88,2.67,4.7,2.15,2.55,45.8,False,none,normal
2026-03-07 14:00:00,Building_B,57.32,1.82,3.05,1.16,1.89,37.9,False,none,normal
2026-03-07 15:00:00,Building_B,58.26,2.81,3.68,1.37,2.31,37.2,False,none,normal
2026-03-07 16:00:00,Building_B,57.16,2.35,4.31,1.71,2.6,39.6,False,none,normal
2026-03-07 17:00:00,Building_B,63.63,2.39,4.54,1.81,2.73,39.8,False,none,normal
2026-03-07 18:00:00,Building_B,64.11,2.69,6.23,2.33,3.9,37.4,False,none,normal
2026-03-07 19:00:00,Building_B,42.42,1.17,0.5,0.21,0.29,41.7,False,none,normal
2026-03-07 20:00:00,Building_B,49.55,1.07,0.56,0.21,0.35,36.8,False,none,normal
2026-03-07 21:00:00,Building_B,36.78,1.09,0.5,0.2,0.3,40.4,False,none,normal
2026-03-07 22:00:00,Building_B,41.71,0.79,0.5,0.22,0.28,44.0,False,none,normal
2026-03-07 23:00:00,Building_B,37.18,1.25,1.06,0.41,0.65,38.9,False,none,normal
2026-03-08 00:00:00,Building_B,43.98,0.84,1.78,0.77,1.01,43.5,False,none,normal
2026-03-08 01:00:00,Building_B,42.84,1.76,0.5,0.2,0.3,39.5,False,none,normal
2026-03-08 02:00:00,Building_B,48.1,2.01,0.5,0.21,0.29,41.5,False,none,normal
2026-03-08 03:00:00,Building_B,46.79,1.34,1.42,0.64,0.78,45.1,False,none,normal
2026-03-08 04:00:00,Building_B,40.37,1.52,0.7,0.26,0.44,37.1,False,none,normal
2026-03-08 05:00:00,Building_B,38.66,1.14,1.82,0.83,0.99,45.8,False,none,normal
2026-03-08 06:00:00,Building_B,45.61,1.52,1.21,0.52,0.69,43.1,False,none,normal
2026-03-08 07:00:00,Building_B,44.25,1.54,0.5,0.19,0.31,38.8,False,none,normal
2026-03-08 08:00:00,Building_B,38.5,1.76,2.7,0.9,1.8,33.3,False,none,normal
2026-03-08 09:00:00,Building_B,48.87,1.4,1.93,0.85,1.08,44.0,False,none,normal
2026-03-08 10:00:00,Building_B,66.64,2.81,3.34,1.39,1.95,41.6,False,none,normal
2026-03-08 11:00:00,Building_B,62.94,2.66,5.76,2.4,3.36,41.7,False,none,normal
2026-03-08 12:00:00,Building_B,58.5,2.36,4.5,1.93,2.57,42.8,False,none,normal
2026-03-08 13:00:00,Building_B,53.04,2.47,2.58,1.02,1.56,39.5,False,none,normal
2026-03-08 14:00:00,Building_B,65.67,2.32,5.82,3.11,2.71,53.4,False,none,normal
2026-03-08 15:00:00,Building_B,66.69,2.79,6.0,2.19,3.81,36.5,False,none,normal
2026-03-08 16:00:00,Building_B,54.58,2.75,5.45,2.53,2.92,46.4,False,none,normal
2026-03-08 17:00:00,Building_B,58.6,2.81,5.16,2.14,3.02,41.5,False,none,normal
2026-03-08 18:00:00,Building_B,60.59,2.44,5.31,2.27,3.04,42.8,False,none,normal
2026-03-08 19:00:00,Building_B,40.85,1.6,1.94,0.87,1.07,44.7,False,none,normal
2026-03-08 20:00:00,Building_B,38.44,1.4,0.5,0.21,0.29,42.4,False,none,normal
2026-03-08 21:00:00,Building_B,38.98,1.82,1.65,0.77,0.88,46.6,False,none,normal
2026-03-08 22:00:00,Building_B,46.82,1.28,0.5,0.24,0.26,49.0,False,none,normal
2026-03-08 23:00:00,Building_B,41.95,0.9,1.92,0.82,1.1,42.6,False,none,normal
2026-03-09 00:00:00,Building_B,48.64,1.45,0.69,0.33,0.36,48.1,False,none,normal
2026-03-09 01:00:00,Building_B,36.46,1.16,0.5,0.17,0.33,33.2,False,none,normal
2026-03-09 02:00:00,Building_B,46.11,1.17,1.8,0.78,1.02,43.6,False,none,normal
2026-03-09 03:00:00,Building_B,45.04,1.21,0.5,0.21,0.29,42.4,False,none,normal
2026-03-09 04:00:00,Building_B,46.29,1.35,0.5,0.19,0.31,37.2,False,none,normal
2026-03-09 05:00:00,Building_B,43.43,1.18,0.62,0.25,0.37,41.0,False,none,normal
2026-03-09 06:00:00,Building_B,107.8,7.86,12.03,6.0,6.03,49.9,False,none,normal
2026-03-09 07:00:00,Building_B,112.61,8.32,10.38,3.69,6.69,35.6,False,none,normal
2026-03-09 08:00:00,Building_B,188.66,15.82,30.67,14.37,16.3,46.8,False,none,normal
2026-03-09 09:00:00,Building_B,178.58,15.96,30.23,10.83,19.4,35.8,False,none,normal
2026-03-09 10:00:00,Building_B,191.62,15.58,30.29,13.93,16.36,46.0,False,none,normal
2026-03-09 11:00:00,Building_B,190.44,15.01,29.66,10.54,19.12,35.5,False,none,normal
2026-03-09 12:00:00,Building_B,191.32,16.01,28.34,11.14,17.2,39.3,False,none,normal
2026-03-09 13:00:00,Building_B,185.19,15.37,30.33,12.2,18.13,40.2,False,none,normal
2026-03-09 14:00:00,Building_B,191.33,15.9,31.15,11.69,19.46,37.5,False,none,normal
2026-03-09 15:00:00,Building_B,194.27,16.04,31.69,13.11,18.58,41.4,False,none,normal
2026-03-09 16:00:00,Building_B,185.71,15.18,28.51,11.99,16.52,42.0,False,none,normal
2026-03-09 17:00:00,Building_B,192.11,15.98,29.25,12.24,17.01,41.8,False,none,normal
2026-03-09 18:00:00,Building_B,188.31,15.3,30.71,13.34,17.37,43.5,False,none,normal
2026-03-09 19:00:00,Building_B,110.15,7.89,12.1,5.38,6.72,44.4,False,none,normal
2026-03-09 20:00:00,Building_B,106.23,8.08,11.67,4.7,6.97,40.3,False,none,normal
2026-03-09 21:00:00,Building_B,110.52,7.88,12.66,4.79,7.87,37.8,False,none,normal
2026-03-09 22:00:00,Building_B,114.88,7.77,10.76,4.29,6.47,39.9,False,none,normal
2026-03-09 23:00:00,Building_B,38.61,0.76,1.52,0.76,0.76,49.9,False,none,normal
2026-03-10 00:00:00,Building_B,36.14,1.04,1.61,0.67,0.94,41.8,False,none,normal
2026-03-10 01:00:00,Building_B,45.95,1.33,0.5,0.21,0.29,41.1,False,none,normal
2026-03-10 02:00:00,Building_B,33.09,0.97,1.85,0.87,0.98,46.8,False,none,normal
2026-03-10 03:00:00,Building_B,48.24,1.52,0.5,0.2,0.3,39.5,False,none,normal
2026-03-10 04:00:00,Building_B,47.91,1.94,2.35,0.96,1.39,41.1,False,none,normal
2026-03-10 05:00:00,Building_B,37.39,1.36,0.73,0.35,0.38,48.3,False,none,normal
2026-03-10 06:00:00,Building_B,110.49,7.77,11.45,4.99,6.46,43.6,False,none,normal
2026-03-10 07:00:00,Building_B,112.09,7.51,10.09,4.79,5.3,47.5,False,none,normal
2026-03-10 08:00:00,Building_B,182.16,16.1,27.54,10.92,16.62,39.7,False,none,normal
2026-03-10 09:00:00,Building_B,192.61,15.52,28.25,12.35,15.9,43.7,False,none,normal
2026-03-10 10:00:00,Building_B,188.99,15.45,29.08,12.17,16.91,41.9,False,none,normal
2026-03-10 11:00:00,Building_B,186.39,16.38,29.54,11.97,17.57,40.5,False,none,normal
2026-03-10 12:00:00,Building_B,186.56,16.15,27.86,12.1,15.76,43.4,False,none,normal
2026-03-10 13:00:00,Building_B,187.77,15.03,28.85,12.48,16.37,43.3,False,none,normal
2026-03-10 14:00:00,Building_B,185.26,15.61,31.91,13.62,18.29,42.7,False,none,normal
2026-03-10 15:00:00,Building_B,182.91,15.23,29.49,11.97,17.52,40.6,False,none,normal
2026-03-10 16:00:00,Building_B,189.33,15.63,31.91,13.4,18.51,42.0,False,none,normal
2026-03-10 17:00:00,Building_B,184.11,15.93,31.35,13.46,17.89,42.9,False,none,normal
2026-03-10 18:00:00,Building_B,187.74,15.74,29.58,9.99,19.59,33.8,False,none,normal
2026-03-10 19:00:00,Building_B,111.83,8.07,13.09,5.12,7.97,39.1,False,none,normal
2026-03-10 20:00:00,Building_B,110.49,7.85,11.47,4.87,6.6,42.5,False,none,normal
2026-03-10 21:00:00,Building_B,109.73,7.84,12.25,5.74,6.51,46.9,False,none,normal
2026-03-10 22:00:00,Building_B,106.56,7.7,10.86,4.32,6.54,39.7,False,none,normal
2026-03-10 23:00:00,Building_B,36.15,1.38,1.29,0.53,0.76,41.4,False,none,normal
2026-03-11 00:00:00,Building_B,42.58,1.52,2.4,0.97,1.43,40.3,False,none,normal
2026-03-11 01:00:00,Building_B,37.93,1.34,2.97,1.11,1.86,37.4,False,none,normal
2026-03-11 02:00:00,Building_B,45.22,1.78,0.5,0.22,0.28,43.6,False,none,normal
2026-03-11 03:00:00,Building_B,45.03,1.28,0.5,0.2,0.3,39.6,False,none,normal
2026-03-11 04:00:00,Building_B,41.3,1.26,0.5,0.2,0.3,40.6,False,none,normal
2026-03-11 05:00:00,Building_B,47.38,0.94,0.5,0.23,0.27,46.8,False,none,normal
2026-03-11 06:00:00,Building_B,108.81,7.63,11.23,4.81,6.42,42.8,False,none,normal
2026-03-11 07:00:00,Building_B,107.48,7.94,10.21,4.16,6.05,40.8,False,none,normal
2026-03-11 08:00:00,Building_B,179.86,15.93,29.62,13.23,16.39,44.7,False,none,normal
2026-03-11 09:00:00,Building_B,190.63,15.72,29.82,12.99,16.83,43.6,False,none,normal
2026-03-11 10:00:00,Building_B,184.88,15.11,29.71,11.67,18.04,39.3,False,none,normal
2026-03-11 11:00:00,Building_B,194.42,15.66,28.97,11.85,17.12,40.9,False,none,normal
2026-03-11 12:00:00,Building_B,189.25,15.5,30.16,12.75,17.41,42.3,False,none,normal
2026-03-11 13:00:00,Building_B,183.16,14.77,29.38,13.0,16.38,44.2,False,none,normal
2026-03-11 14:00:00,Building_B,187.27,15.96,29.77,14.12,15.65,47.4,False,none,normal
2026-03-11 15:00:00,Building_B,193.33,15.89,28.39,11.94,16.45,42.1,False,none,normal
2026-03-11 16:00:00,Building_B,193.61,15.62,30.5,11.12,19.38,36.4,False,none,normal
2026-03-11 17:00:00,Building_B,196.4,15.25,27.44,11.14,16.3,40.6,False,none,normal
2026-03-11 18:00:00,Building_B,178.93,15.14,32.9,13.32,19.58,40.5,False,none,normal
2026-03-11 19:00:00,Building_B,103.87,7.77,10.29,4.68,5.61,45.5,False,none,normal
2026-03-11 20:00:00,Building_B,106.02,7.86,9.99,5.23,4.76,52.4,False,none,normal
2026-03-11 21:00:00,Building_B,111.6,7.71,11.01,4.38,6.63,39.8,False,none,normal
2026-03-11 22:00:00,Building_B,106.54,7.49,13.38,5.32,8.06,39.8,False,none,normal
2026-03-11 23:00:00,Building_B,34.1,0.96,1.82,0.75,1.07,41.0,False,none,normal
2026-03-12 00:00:00,Building_B,42.08,1.78,0.5,0.22,0.28,44.5,False,none,normal
2026-03-12 01:00:00,Building_B,39.94,1.57,0.5,0.21,0.29,41.0,False,none,normal
2026-03-12 02:00:00,Building_B,45.9,1.63,0.51,0.2,0.31,40.1,False,none,normal
2026-03-12 03:00:00,Building_B,49.01,1.58,0.5,0.2,0.3,39.4,False,none,normal
2026-03-12 04:00:00,Building_B,46.71,1.41,0.51,0.22,0.29,42.5,False,none,normal
2026-03-12 05:00:00,Building_B,43.97,1.35,2.15,1.01,1.14,47.0,False,none,normal
2026-03-12 06:00:00,Building_B,111.71,8.24,11.37,5.09,6.28,44.8,False,none,normal
2026-03-12 07:00:00,Building_B,113.6,8.12,12.46,5.55,6.91,44.5,False,none,normal
2026-03-12 08:00:00,Building_B,196.55,15.34,29.64,12.19,17.45,41.1,False,none,normal
2026-03-12 09:00:00,Building_B,187.25,14.83,31.48,11.93,19.55,37.9,False,none,normal
2026-03-12 10:00:00,Building_B,189.4,15.03,30.58,11.88,18.7,38.9,False,none,normal
2026-03-12 11:00:00,Building_B,184.18,15.59,28.99,11.51,17.48,39.7,False,none,normal
2026-03-12 12:00:00,Building_B,189.41,15.8,28.85,10.97,17.88,38.0,False,none,normal
2026-03-12 13:00:00,Building_B,188.82,15.71,31.59,11.91,19.68,37.7,False,none,normal
2026-03-12 14:00:00,Building_B,187.45,15.94,32.2,12.24,19.96,38.0,False,none,normal
2026-03-12 15:00:00,Building_B,185.77,15.66,29.14,11.35,17.79,39.0,False,none,normal
2026-03-12 16:00:00,Building_B,189.7,16.07,28.26,13.56,14.7,48.0,False,none,normal
2026-03-12 17:00:00,Building_B,186.42,15.64,31.74,13.74,18.0,43.3,False,none,normal
2026-03-12 18:00:00,Building_B,187.53,15.78,29.62,13.06,16.56,44.1,False,none,normal
2026-03-12 19:00:00,Building_B,108.76,8.06,9.69,3.68,6.01,37.9,False,none,normal
2026-03-12 20:00:00,Building_B,103.95,7.74,9.53,3.74,5.79,39.2,False,none,normal
2026-03-12 21:00:00,Building_B,105.15,8.28,10.18,3.75,6.43,36.9,False,none,normal
2026-03-12 22:00:00,Building_B,110.57,8.35,11.22,4.7,6.52,41.8,False,none,normal
2026-03-12 23:00:00,Building_B,47.78,1.68,1.22,0.48,0.74,39.7,False,none,normal
2026-03-13 00:00:00,Building_B,44.44,0.89,0.5,0.24,0.26,47.7,False,none,normal
2026-03-13 01:00:00,Building_B,47.82,1.52,0.5,0.19,0.31,37.2,False,none,normal
2026-03-13 02:00:00,Building_B,39.9,1.31,0.5,0.21,0.29,41.0,False,none,normal
2026-03-13 03:00:00,Building_B,49.68,1.51,0.97,0.37,0.6,37.9,False,none,normal
2026-03-13 04:00:00,Building_B,36.06,0.94,0.5,0.21,0.29,42.3,False,none,normal
2026-03-13 05:00:00,Building_B,44.15,1.03,0.89,0.43,0.46,47.9,False,none,normal
2026-03-13 06:00:00,Building_B,117.41,8.03,11.15,5.01,6.14,45.0,False,none,normal
2026-03-13 07:00:00,Building_B,114.99,7.06,13.14,5.23,7.91,39.8,False,none,normal
2026-03-13 08:00:00,Building_B,186.58,15.4,30.21,11.35,18.86,37.6,False,none,normal
2026-03-13 09:00:00,Building_B,187.58,15.71,30.09,13.1,16.99,43.5,False,none,normal
2026-03-13 10:00:00,Building_B,187.43,15.77,31.1,14.3,16.8,46.0,False,none,normal
2026-03-13 11:00:00,Building_B,190.43,15.85,30.88,16.28,14.6,52.7,False,none,normal
2026-03-13 12:00:00,Building_B,193.59,15.49,28.74,11.77,16.97,41.0,False,none,normal
2026-03-13 13:00:00,Building_B,187.4,15.7,28.99,13.56,15.43,46.8,False,none,normal
2026-03-13 14:00:00,Building_B,183.16,14.95,29.67,11.46,18.21,38.6,False,none,normal
2026-03-13 15:00:00,Building_B,183.69,15.3,28.92,12.16,16.76,42.0,False,none,normal
2026-03-13 16:00:00,Building_B,186.24,15.34,29.82,13.73,16.09,46.1,False,none,normal
2026-03-13 17:00:00,Building_B,194.61,15.58,30.1,12.42,17.68,41.3,False,none,normal
2026-03-13 18:00:00,Building_B,190.65,15.66,31.42,10.82,20.6,34.4,False,none,normal
2026-03-13 19:00:00,Building_B,108.64,7.88,11.33,4.33,7.0,38.2,False,none,normal
2026-03-13 20:00:00,Building_B,104.38,8.04,10.46,3.66,6.8,35.0,False,none,normal
2026-03-13 21:00:00,Building_B,113.01,7.92,11.22,4.3,6.92,38.3,False,none,normal
2026-03-13 22:00:00,Building_B,109.13,8.19,9.43,3.37,6.06,35.7,False,none,normal
2026-03-13 23:00:00,Building_B,40.1,1.36,0.5,0.22,0.28,44.6,False,none,normal
2026-03-14 00:00:00,Building_B,46.97,1.47,1.38,0.59,0.79,43.1,False,none,normal
2026-03-14 01:00:00,Building_B,42.65,0.92,0.5,0.18,0.32,36.6,False,none,normal
2026-03-14 02:00:00,Building_B,42.02,1.45,0.5,0.21,0.29,42.3,False,none,normal
2026-03-14 03:00:00,Building_B,39.11,1.0,0.5,0.19,0.31,37.5,False,none,normal
2026-03-14 04:00:00,Building_B,45.04,1.31,1.69,0.68,1.01,40.2,False,none,normal
2026-03-14 05:00:00,Building_B,40.99,2.03,0.5,0.24,0.26,47.1,False,none,normal
2026-03-14 06:00:00,Building_B,49.23,1.64,0.5,0.24,0.26,47.7,False,none,normal
2026-03-14 07:00:00,Building_B,41.33,1.12,0.5,0.2,0.3,39.7,False,none,normal
2026-03-14 08:00:00,Building_B,38.83,1.76,0.5,0.21,0.29,41.9,False,none,normal
2026-03-14 09:00:00,Building_B,36.84,1.38,0.5,0.19,0.31,37.3,False,none,normal
2026-03-14 10:00:00,Building_B,60.44,3.11,5.5,2.42,3.08,44.0,False,none,normal
2026-03-14 11:00:00,Building_B,60.36,2.62,5.92,2.35,3.57,39.7,False,none,normal
2026-03-14 12:00:00,Building_B,64.22,3.17,3.96,1.55,2.41,39.2,False,none,normal
2026-03-14 13:00:00,Building_B,58.7,2.23,4.41,2.08,2.33,47.2,False,none,normal
2026-03-14 14:00:00,Building_B,56.7,3.2,4.45,2.25,2.2,50.5,False,none,normal
2026-03-14 15:00:00,Building_B,58.15,2.69,3.88,1.52,2.36,39.2,False,none,normal
2026-03-14 16:00:00,Building_B,66.23,2.91,6.21,2.28,3.93,36.7,False,none,normal
2026-03-14 17:00:00,Building_B,63.5,2.4,3.37,1.45,1.92,43.0,False,none,normal
2026-03-14 18:00:00,Building_B,61.79,2.76,5.83,2.65,3.18,45.5,False,none,normal
2026-03-14 19:00:00,Building_B,48.49,0.95,2.51,1.24,1.27,49.5,False,none,normal
2026-03-14 20:00:00,Building_B,41.15,0.79,0.5,0.2,0.3,40.2,False,none,normal
2026-03-14 21:00:00,Building_B,50.67,1.38,0.5,0.2,0.3,39.3,False,none,normal
2026-03-14 22:00:00,Building_B,37.32,1.68,0.6,0.3,0.3,50.4,False,none,normal
2026-03-14 23:00:00,Building_B,45.13,1.66,0.5,0.19,0.31,37.6,False,none,normal
2026-03-15 00:00:00,Building_B,39.12,0.89,1.8,0.73,1.07,40.5,False,none,normal
2026-03-15 01:00:00,Building_B,46.42,1.42,0.5,0.19,0.31,37.3,False,none,normal
2026-03-15 02:00:00,Building_B,43.82,1.29,1.79,0.7,1.09,39.1,False,none,normal
2026-03-15 03:00:00,Building_B,45.08,1.94,1.04,0.47,0.57,45.1,False,none,normal
2026-03-15 04:00:00,Building_B,44.9,2.03,1.16,0.52,0.64,44.8,False,none,normal
2026-03-15 05:00:00,Building_B,42.47,1.1,0.5,0.24,0.26,47.1,False,none,normal
2026-03-15 06:00:00,Building_B,38.58,1.63,1.21,0.55,0.66,45.7,False,none,normal
2026-03-15 07:00:00,Building_B,40.56,1.09,1.16,0.47,0.69,40.8,False,none,normal
2026-03-15 08:00:00,Building_B,37.69,2.05,0.5,0.19,0.31,38.0,False,none,normal
2026-03-15 09:00:00,Building_B,41.65,1.81,0.5,0.23,0.27,46.7,False,none,normal
2026-03-15 10:00:00,Building_B,57.23,2.83,4.16,2.08,2.08,50.0,False,none,normal
2026-03-15 11:00:00,Building_B,61.38,2.49,4.61,1.95,2.66,42.4,False,none,normal
2026-03-15 12:00:00,Building_B,61.59,2.89,4.97,1.81,3.16,36.5,False,none,normal
2026-03-15 13:00:00,Building_B,59.52,2.95,4.17,1.86,2.31,44.7,False,none,normal
2026-03-15 14:00:00,Building_B,61.01,2.66,6.4,2.24,4.16,35.0,False,none,normal
2026-03-15 15:00:00,Building_B,58.18,3.17,7.17,3.67,3.5,51.1,False,none,normal
2026-03-15 16:00:00,Building_B,61.08,2.9,5.95,2.8,3.15,47.1,False,none,normal
2026-03-15 17:00:00,Building_B,62.13,3.06,5.52,2.43,3.09,44.1,False,none,normal
2026-03-15 18:00:00,Building_B,57.2,2.62,4.34,1.62,2.72,37.2,False,none,normal
2026-03-15 19:00:00,Building_B,36.01,1.22,0.5,0.21,0.29,42.4,False,none,normal
2026-03-15 20:00:00,Building_B,44.84,1.44,0.5,0.19,0.31,38.3,False,none,normal
2026-03-15 21:00:00,Building_B,46.12,1.33,0.5,0.21,0.29,41.3,False,none,normal
2026-03-15 22:00:00,Building_B,39.68,1.18,0.5,0.2,0.3,40.9,False,none,normal
2026-03-15 23:00:00,Building_B,45.24,1.51,2.57,1.2,1.37,46.8,False,none,normal
2026-03-16 00:00:00,Building_B,50.44,1.57,1.36,0.54,0.82,40.1,False,none,normal
2026-03-16 01:00:00,Building_B,45.92,1.14,0.5,0.24,0.26,48.1,False,none,normal
2026-03-16 02:00:00,Building_B,37.62,1.52,0.5,0.23,0.27,46.5,False,none,normal
2026-03-16 03:00:00,Building_B,47.67,1.55,2.21,0.93,1.28,42.0,False,none,normal
2026-03-16 04:00:00,Building_B,51.55,1.63,0.5,0.21,0.29,42.3,False,none,normal
2026-03-16 05:00:00,Building_B,42.0,1.28,0.5,0.22,0.28,43.5,False,none,normal
2026-03-16 06:00:00,Building_B,104.04,6.88,10.95,4.27,6.68,39.0,False,none,normal
2026-03-16 07:00:00,Building_B,106.13,6.68,10.34,4.27,6.07,41.3,False,none,normal
2026-03-16 08:00:00,Building_B,186.19,15.66,31.5,13.88,17.62,44.1,False,none,normal
2026-03-16 09:00:00,Building_B,192.83,15.91,28.61,12.52,16.09,43.8,False,none,normal
2026-03-16 10:00:00,Building_B,192.7,15.37,28.88,12.74,16.14,44.1,False,none,normal
2026-03-16 11:00:00,Building_B,182.8,15.14,29.03,12.72,16.31,43.8,False,none,normal
2026-03-16 12:00:00,Building_B,189.6,15.89,28.72,10.94,17.78,38.1,False,none,normal
2026-03-16 13:00:00,Building_B,190.82,15.24,29.11,10.06,19.05,34.6,False,none,normal
2026-03-16 14:00:00,Building_B,189.89,16.06,28.6,13.18,15.42,46.1,False,none,normal
2026-03-16 15:00:00,Building_B,188.48,14.91,28.76,10.98,17.78,38.2,False,none,normal
2026-03-16 16:00:00,Building_B,187.46,15.67,32.05,11.63,20.42,36.3,False,none,normal
2026-03-16 17:00:00,Building_B,186.78,15.21,28.31,12.0,16.31,42.4,False,none,normal
2026-03-16 18:00:00,Building_B,188.73,14.89,29.85,11.1,18.75,37.2,False,none,normal
2026-03-16 19:00:00,Building_B,109.63,8.21,11.92,5.09,6.83,42.7,False,none,normal
2026-03-16 20:00:00,Building_B,107.47,7.79,12.04,5.28,6.76,43.9,False,none,normal
2026-03-16 21:00:00,Building_B,109.18,7.84,9.78,3.82,5.96,39.1,False,none,normal
2026-03-16 22:00:00,Building_B,112.41,8.06,11.48,5.5,5.98,47.9,False,none,normal
2026-03-16 23:00:00,Building_B,44.65,1.29,0.5,0.24,0.26,47.8,False,none,normal
2026-03-17 00:00:00,Building_B,45.7,2.0,3.31,1.22,2.09,36.9,False,none,normal
2026-03-17 01:00:00,Building_B,37.48,0.37,1.81,0.81,1.0,44.6,False,none,normal
2026-03-17 02:00:00,Building_B,43.01,0.94,0.6,0.26,0.34,42.7,False,none,normal
2026-03-17 03:00:00,Building_B,45.75,1.47,1.51,0.63,0.88,41.5,False,none,normal
2026-03-17 04:00:00,Building_B,47.34,1.59,0.5,0.24,0.26,47.6,False,none,normal
2026-03-17 05:00:00,Building_B,47.52,1.53,1.05,0.51,0.54,48.6,False,none,normal
2026-03-17 06:00:00,Building_B,103.05,8.2,10.79,5.0,5.79,46.4,False,none,normal
2026-03-17 07:00:00,Building_B,110.06,7.33,10.77,4.96,5.81,46.1,False,none,normal
2026-03-17 08:00:00,Building_B,187.88,15.31,29.08,12.96,16.12,44.6,False,none,normal
2026-03-17 09:00:00,Building_B,195.72,14.77,33.19,14.21,18.98,42.8,False,none,normal
2026-03-17 10:00:00,Building_B,191.04,15.37,29.83,12.76,17.07,42.8,False,none,normal
2026-03-17 11:00:00,Building_B,184.53,15.24,31.25,11.18,20.07,35.8,False,none,normal
2026-03-17 12:00:00,Building_B,190.49,15.39,28.68,14.31,14.37,49.9,False,none,normal
2026-03-17 13:00:00,Building_B,184.9,15.13,29.61,11.53,18.08,38.9,False,none,normal
2026-03-17 14:00:00,Building_B,188.75,15.58,30.11,12.5,17.61,41.5,False,none,normal
2026-03-17 15:00:00,Building_B,185.91,15.75,29.7,11.89,17.81,40.0,False,none,normal
2026-03-17 16:00:00,Building_B,194.64,15.48,31.14,14.61,16.53,46.9,False,none,normal
2026-03-17 17:00:00,Building_B,193.87,15.77,29.83,12.45,17.38,41.7,False,none,normal
2026-03-17 18:00:00,Building_B,187.75,14.77,30.69,13.19,17.5,43.0,False,none,normal
2026-03-17 19:00:00,Building_B,112.88,7.72,12.16,4.44,7.72,36.5,False,none,normal
2026-03-17 20:00:00,Building_B,104.9,6.9,11.2,4.36,6.84,38.9,False,none,normal
2026-03-17 21:00:00,Building_B,105.97,7.88,10.85,3.94,6.91,36.3,False,none,normal
2026-03-17 22:00:00,Building_B,119.76,7.75,10.06,3.96,6.1,39.3,False,none,normal
2026-03-17 23:00:00,Building_B,41.92,1.31,2.27,0.95,1.32,41.7,False,none,normal
2026-03-18 00:00:00,Building_B,50.04,1.22,1.22,0.56,0.66,46.1,False,none,normal
2026-03-18 01:00:00,Building_B,47.4,1.83,0.5,0.21,0.29,42.0,False,none,normal
2026-03-18 02:00:00,Building_B,32.7,1.3,2.02,0.92,1.1,45.6,False,none,normal
2026-03-18 03:00:00,Building_B,42.27,1.96,0.5,0.2,0.3,39.1,False,none,normal
2026-03-18 04:00:00,Building_B,40.74,0.98,1.46,0.63,0.83,43.2,False,none,normal
2026-03-18 05:00:00,Building_B,45.05,1.22,0.64,0.21,0.43,33.3,False,none,normal
2026-03-18 06:00:00,Building_B,111.09,7.8,10.04,4.17,5.87,41.6,False,none,normal
2026-03-18 07:00:00,Building_B,108.55,8.38,10.09,4.37,5.72,43.3,False,none,normal
2026-03-18 08:00:00,Building_B,184.36,15.33,30.16,12.41,17.75,41.2,False,none,normal
2026-03-18 09:00:00,Building_B,188.7,15.64,29.24,13.31,15.93,45.5,False,none,normal
2026-03-18 10:00:00,Building_B,187.5,15.49,30.26,12.98,17.28,42.9,False,none,normal
2026-03-18 11:00:00,Building_B,191.3,15.63,30.39,12.37,18.02,40.7,False,none,normal
2026-03-18 12:00:00,Building_B,184.45,15.02,27.83,13.65,14.18,49.1,False,none,normal
2026-03-18 13:00:00,Building_B,179.87,15.94,28.85,13.49,15.36,46.7,False,none,normal
2026-03-18 14:00:00,Building_B,179.91,15.44,31.58,14.16,17.42,44.9,False,none,normal
2026-03-18 15:00:00,Building_B,187.37,14.84,28.24,13.43,14.81,47.6,False,none,normal
2026-03-18 16:00:00,Building_B,187.33,15.5,30.17,11.1,19.07,36.8,False,none,normal
2026-03-18 17:00:00,Building_B,190.35,15.38,30.18,11.98,18.2,39.7,False,none,normal
2026-03-18 18:00:00,Building_B,182.43,15.37,30.6,13.33,17.27,43.6,False,none,normal
2026-03-18 19:00:00,Building_B,109.7,8.08,11.12,4.7,6.42,42.2,False,none,normal
2026-03-18 20:00:00,Building_B,107.66,8.1,11.71,4.66,7.05,39.8,False,none,normal
2026-03-18 21:00:00,Building_B,103.62,8.15,10.47,4.43,6.04,42.3,False,none,normal
2026-03-18 22:00:00,Building_B,118.99,8.04,13.3,5.3,8.0,39.8,False,none,normal
2026-03-18 23:00:00,Building_B,46.9,1.38,1.15,0.58,0.57,50.1,False,none,normal
2026-03-19 00:00:00,Building_B,41.5,1.38,0.5,0.23,0.27,45.6,False,none,normal
2026-03-19 01:00:00,Building_B,40.37,1.73,0.5,0.22,0.28,44.2,False,none,normal
2026-03-19 02:00:00,Building_B,40.04,1.63,0.69,0.28,0.41,39.9,False,none,normal
2026-03-19 03:00:00,Building_B,41.07,1.07,1.72,0.65,1.07,37.8,False,none,normal
2026-03-19 04:00:00,Building_B,41.55,1.49,2.65,1.11,1.54,42.0,False,none,normal
2026-03-19 05:00:00,Building_B,41.64,1.47,0.5,0.19,0.31,37.2,False,none,normal
2026-03-19 06:00:00,Building_B,108.08,7.51,9.44,4.29,5.15,45.4,False,none,normal
2026-03-19 07:00:00,Building_B,110.62,7.81,10.53,4.46,6.07,42.3,False,none,normal
2026-03-19 08:00:00,Building_B,190.78,15.43,30.36,11.78,18.58,38.8,False,none,normal
2026-03-19 09:00:00,Building_B,189.11,15.92,31.31,14.81,16.5,47.3,False,none,normal
2026-03-19 10:00:00,Building_B,189.86,15.54,29.29,10.18,19.11,34.8,False,none,normal
2026-03-19 11:00:00,Building_B,183.34,15.47,29.7,14.15,15.55,47.6,False,none,normal
2026-03-19 12:00:00,Building_B,193.98,15.28,30.81,12.35,18.46,40.1,False,none,normal
2026-03-19 13:00:00,Building_B,191.45,15.81,31.32,12.54,18.78,40.0,False,none,normal
2026-03-19 14:00:00,Building_B,192.78,14.87,31.39,13.15,18.24,41.9,False,none,normal
2026-03-19 15:00:00,Building_B,188.71,14.81,29.36,13.92,15.44,47.4,False,none,normal
2026-03-19 16:00:00,Building_B,187.02,15.77,29.87,13.82,16.05,46.3,False,none,normal
2026-03-19 17:00:00,Building_B,189.49,15.2,29.9,14.47,15.43,48.4,False,none,normal
2026-03-19 18:00:00,Building_B,190.71,15.48,32.54,15.18,17.36,46.6,False,none,normal
2026-03-19 19:00:00,Building_B,112.85,7.87,12.24,5.51,6.73,45.1,False,none,normal
2026-03-19 20:00:00,Building_B,100.85,7.9,11.17,4.47,6.7,40.0,False,none,normal
2026-03-19 21:00:00,Building_B,108.8,7.22,9.2,4.32,4.88,47.0,False,none,normal
2026-03-19 22:00:00,Building_B,111.43,6.92,10.67,4.86,5.81,45.5,False,none,normal
2026-03-19 23:00:00,Building_B,41.49,1.81,1.97,0.72,1.25,36.6,False,none,normal
2026-03-20 00:00:00,Building_B,42.04,1.21,0.5,0.18,0.32,36.2,False,none,normal
2026-03-20 01:00:00,Building_B,39.39,1.15,1.05,0.48,0.57,46.2,False,none,normal
2026-03-20 02:00:00,Building_B,44.67,1.63,0.5,0.22,0.28,44.4,False,none,normal
2026-03-20 03:00:00,Building_B,42.02,1.22,2.99,0.98,2.01,32.7,False,none,normal
2026-03-20 04:00:00,Building_B,35.12,1.5,0.5,0.18,0.32,36.3,False,none,normal
2026-03-20 05:00:00,Building_B,38.4,1.05,1.78,0.83,0.95,46.8,False,none,normal
2026-03-20 06:00:00,Building_B,116.14,7.21,9.72,3.52,6.2,36.3,False,none,normal
2026-03-20 07:00:00,Building_B,114.74,7.91,11.46,4.92,6.54,42.9,False,none,normal
2026-03-20 08:00:00,Building_B,188.5,15.13,30.45,12.56,17.89,41.3,False,none,normal
2026-03-20 09:00:00,Building_B,183.92,15.72,29.32,12.58,16.74,42.9,False,none,normal
2026-03-20 10:00:00,Building_B,188.22,15.84,30.09,11.57,18.52,38.5,False,none,normal
2026-03-20 11:00:00,Building_B,190.01,15.65,30.44,14.05,16.39,46.1,False,none,normal
2026-03-20 12:00:00,Building_B,186.26,15.76,27.76,11.53,16.23,41.5,False,none,normal
2026-03-20 13:00:00,Building_B,187.62,16.03,29.64,13.17,16.47,44.4,False,none,normal
2026-03-20 14:00:00,Building_B,181.68,15.4,28.81,14.95,13.86,51.9,False,none,normal
2026-03-20 15:00:00,Building_B,186.06,15.55,29.98,10.69,19.29,35.6,False,none,normal
2026-03-20 16:00:00,Building_B,186.62,15.67,29.93,9.82,20.11,32.8,False,none,normal
2026-03-20 17:00:00,Building_B,186.45,15.88,30.54,14.31,16.23,46.9,False,none,normal
2026-03-20 18:00:00,Building_B,184.78,15.97,29.78,14.4,15.38,48.4,False,none,normal
2026-03-20 19:00:00,Building_B,109.59,7.05,12.38,4.98,7.4,40.2,False,none,normal
2026-03-20 20:00:00,Building_B,108.08,7.25,13.31,5.31,8.0,39.9,False,none,normal
2026-03-20 21:00:00,Building_B,115.88,7.61,10.25,4.85,5.4,47.3,False,none,normal
2026-03-20 22:00:00,Building_B,109.29,7.74,9.83,3.95,5.88,40.2,False,none,normal
2026-03-20 23:00:00,Building_B,44.33,0.92,0.5,0.2,0.3,40.3,False,none,normal
2026-03-21 00:00:00,Building_B,42.88,1.89,0.5,0.2,0.3,39.2,False,none,normal
2026-03-21 01:00:00,Building_B,53.6,1.22,0.5,0.2,0.3,40.6,False,none,normal
2026-03-21 02:00:00,Building_B,41.51,1.4,1.82,0.79,1.03,43.6,False,none,normal
2026-03-21 03:00:00,Building_B,46.92,1.74,0.96,0.42,0.54,43.5,False,none,normal
2026-03-21 04:00:00,Building_B,47.05,0.98,3.71,1.48,2.23,39.9,False,none,normal
2026-03-21 05:00:00,Building_B,41.21,0.95,0.5,0.23,0.27,45.9,False,none,normal
2026-03-21 06:00:00,Building_B,51.7,1.17,1.13,0.48,0.65,42.9,False,none,normal
2026-03-21 07:00:00,Building_B,46.62,2.15,2.54,1.04,1.5,41.0,False,none,normal
2026-03-21 08:00:00,Building_B,44.73,1.59,0.69,0.26,0.43,37.6,False,none,normal
2026-03-21 09:00:00,Building_B,39.42,1.77,2.21,0.91,1.3,41.2,False,none,normal
2026-03-21 10:00:00,Building_B,61.92,3.16,2.93,1.18,1.75,40.2,False,none,normal
2026-03-21 11:00:00,Building_B,68.95,2.84,3.62,1.54,2.08,42.5,False,none,normal
2026-03-21 12:00:00,Building_B,64.96,1.85,5.18,2.1,3.08,40.5,False,none,normal
2026-03-21 13:00:00,Building_B,54.31,2.77,4.81,2.02,2.79,41.9,False,none,normal
2026-03-21 14:00:00,Building_B,59.49,2.38,3.23,1.27,1.96,39.2,False,none,normal
2026-03-21 15:00:00,Building_B,64.32,2.82,4.89,1.85,3.04,37.8,False,none,normal
2026-03-21 16:00:00,Building_B,59.38,3.0,5.58,2.24,3.34,40.1,False,none,normal
2026-03-21 17:00:00,Building_B,50.43,2.5,4.39,1.68,2.71,38.4,False,none,normal
2026-03-21 18:00:00,Building_B,59.23,3.03,4.93,2.27,2.66,46.0,False,none,normal
2026-03-21 19:00:00,Building_B,36.58,1.26,0.5,0.2,0.3,40.3,False,none,normal
2026-03-21 20:00:00,Building_B,38.43,1.82,1.2,0.55,0.65,46.1,False,none,normal
2026-03-21 21:00:00,Building_B,40.9,1.01,0.5,0.22,0.28,43.1,False,none,normal
2026-03-21 22:00:00,Building_B,49.86,1.51,0.5,0.21,0.29,41.2,False,none,normal
2026-03-21 23:00:00,Building_B,42.49,2.08,2.19,0.94,1.25,43.0,False,none,normal
2026-03-22 00:00:00,Building_B,43.05,1.47,1.3,0.52,0.78,40.3,False,none,normal
2026-03-22 01:00:00,Building_B,39.24,1.73,0.74,0.34,0.4,45.8,False,none,normal
2026-03-22 02:00:00,Building_B,49.2,1.55,1.14,0.62,0.52,54.8,False,none,normal
2026-03-22 03:00:00,Building_B,43.44,0.99,0.5,0.24,0.26,48.2,False,none,normal
2026-03-22 04:00:00,Building_B,37.44,1.11,2.04,0.83,1.21,40.9,False,none,normal
2026-03-22 05:00:00,Building_B,42.17,1.75,0.5,0.18,0.32,36.1,False,none,normal
2026-03-22 06:00:00,Building_B,37.06,1.57,1.02,0.4,0.62,39.2,False,none,normal
2026-03-22 07:00:00,Building_B,37.98,1.28,2.05,0.79,1.26,38.7,False,none,normal
2026-03-22 08:00:00,Building_B,39.96,0.95,0.5,0.22,0.28,43.4,False,none,normal
2026-03-22 09:00:00,Building_B,51.08,1.45,0.65,0.3,0.35,45.5,False,none,normal
2026-03-22 10:00:00,Building_B,63.66,2.54,7.73,3.24,4.49,41.9,False,none,normal
2026-03-22 11:00:00,Building_B,61.82,2.93,5.39,2.59,2.8,48.1,False,none,normal
2026-03-22 12:00:00,Building_B,58.52,3.01,5.17,2.37,2.8,45.9,False,none,normal
2026-03-22 13:00:00,Building_B,60.02,2.62,5.85,2.54,3.31,43.4,False,none,normal
2026-03-22 14:00:00,Building_B,57.6,3.21,5.85,2.44,3.41,41.7,False,none,normal
2026-03-22 15:00:00,Building_B,59.01,2.87,5.76,2.05,3.71,35.6,False,none,normal
2026-03-22 16:00:00,Building_B,62.38,2.97,2.15,0.92,1.23,42.8,False,none,normal
2026-03-22 17:00:00,Building_B,63.66,2.94,5.93,2.41,3.52,40.7,False,none,normal
2026-03-22 18:00:00,Building_B,56.72,2.11,6.28,2.81,3.47,44.8,False,none,normal
2026-03-22 19:00:00,Building_B,47.29,1.12,1.67,0.6,1.07,36.0,False,none,normal
2026-03-22 20:00:00,Building_B,39.14,1.41,1.51,0.74,0.77,48.7,False,none,normal
2026-03-22 21:00:00,Building_B,41.65,1.07,0.5,0.2,0.3,39.2,False,none,normal
2026-03-22 22:00:00,Building_B,51.5,1.63,2.05,0.84,1.21,41.0,False,none,normal
2026-03-22 23:00:00,Building_B,42.61,1.61,0.5,0.2,0.3,40.8,False,none,normal
2026-03-23 00:00:00,Building_B,39.92,1.21,0.77,0.3,0.47,38.7,False,none,normal
2026-03-23 01:00:00,Building_B,43.76,1.47,0.5,0.19,0.31,38.7,False,none,normal
2026-03-23 02:00:00,Building_B,43.03,1.19,0.77,0.36,0.41,46.4,False,none,normal
2026-03-23 03:00:00,Building_B,37.6,2.13,0.62,0.27,0.35,43.6,False,none,normal
2026-03-23 04:00:00,Building_B,39.6,1.77,0.56,0.23,0.33,40.4,False,none,normal
2026-03-23 05:00:00,Building_B,40.31,1.28,1.21,0.52,0.69,42.7,False,none,normal
2026-03-23 06:00:00,Building_B,109.42,7.51,10.44,4.19,6.25,40.2,False,none,normal
2026-03-23 07:00:00,Building_B,111.42,7.99,12.32,5.17,7.15,42.0,False,none,normal
2026-03-23 08:00:00,Building_B,190.26,15.46,27.74,11.41,16.33,41.1,False,none,normal
2026-03-23 09:00:00,Building_B,187.22,15.16,29.15,12.4,16.75,42.5,False,none,normal
2026-03-23 10:00:00,Building_B,184.19,15.28,31.69,11.28,20.41,35.6,False,none,normal
2026-03-23 11:00:00,Building_B,187.99,15.12,28.93,11.92,17.01,41.2,False,none,normal
2026-03-23 12:00:00,Building_B,184.77,15.72,31.45,14.27,17.18,45.4,False,none,normal
2026-03-23 13:00:00,Building_B,192.82,15.04,29.54,12.96,16.58,43.9,False,none,normal
2026-03-23 14:00:00,Building_B,192.21,16.14,31.11,14.18,16.93,45.6,False,none,normal
2026-03-23 15:00:00,Building_B,199.26,15.56,29.48,12.59,16.89,42.7,False,none,normal
2026-03-23 16:00:00,Building_B,185.06,15.55,27.76,11.07,16.69,39.9,False,none,normal
2026-03-23 17:00:00,Building_B,188.26,15.86,31.16,11.89,19.27,38.1,False,none,normal
2026-03-23 18:00:00,Building_B,197.03,15.58,30.12,10.7,19.42,35.5,False,none,normal
2026-03-23 19:00:00,Building_B,107.1,8.13,11.57,4.91,6.66,42.4,False,none,normal
2026-03-23 20:00:00,Building_B,110.49,7.26,11.25,5.36,5.89,47.6,False,none,normal
2026-03-23 21:00:00,Building_B,113.93,7.72,13.24,4.89,8.35,37.0,False,none,normal
2026-03-23 22:00:00,Building_B,105.69,8.41,12.06,4.93,7.13,40.8,False,none,normal
2026-03-23 23:00:00,Building_B,42.39,1.09,1.04,0.45,0.59,42.8,False,none,normal
2026-03-24 00:00:00,Building_B,42.69,0.96,1.03,0.41,0.62,39.9,False,none,normal
2026-03-24 01:00:00,Building_B,38.67,1.81,3.31,1.65,1.66,49.8,False,none,normal
2026-03-24 02:00:00,Building_B,45.22,1.28,0.63,0.27,0.36,43.6,False,none,normal
2026-03-24 03:00:00,Building_B,40.93,1.83,0.5,0.2,0.3,40.8,False,none,normal
2026-03-24 04:00:00,Building_B,45.82,1.07,0.5,0.22,0.28,44.4,False,none,normal
2026-03-24 05:00:00,Building_B,48.69,0.92,0.5,0.19,0.31,38.2,False,none,normal
2026-03-24 06:00:00,Building_B,103.43,7.25,10.2,4.79,5.41,46.9,False,none,normal
2026-03-24 07:00:00,Building_B,108.33,7.77,10.22,4.55,5.67,44.5,False,none,normal
2026-03-24 08:00:00,Building_B,196.23,15.21,31.9,13.86,18.04,43.5,False,none,normal
2026-03-24 09:00:00,Building_B,188.79,15.66,30.3,14.98,15.32,49.4,False,none,normal
2026-03-24 10:00:00,Building_B,190.8,15.71,29.32,13.3,16.02,45.4,False,none,normal
2026-03-24 11:00:00,Building_B,184.89,15.56,33.29,10.65,22.64,32.0,False,none,normal
2026-03-24 12:00:00,Building_B,189.65,15.62,29.56,12.17,17.39,41.2,False,none,normal
2026-03-24 13:00:00,Building_B,189.09,15.44,30.1,12.05,18.05,40.0,False,none,normal
2026-03-24 14:00:00,Building_B,196.81,15.44,30.51,12.0,18.51,39.3,False,none,normal
2026-03-24 15:00:00,Building_B,192.45,15.78,30.33,11.49,18.84,37.9,False,none,normal
2026-03-24 16:00:00,Building_B,185.71,16.11,28.91,12.88,16.03,44.6,False,none,normal
2026-03-24 17:00:00,Building_B,184.94,15.88,29.01,11.07,17.94,38.1,False,none,normal
2026-03-24 18:00:00,Building_B,185.87,15.33,30.32,12.82,17.5,42.3,False,none,normal
2026-03-24 19:00:00,Building_B,105.2,7.75,9.99,4.45,5.54,44.6,False,none,normal
2026-03-24 20:00:00,Building_B,112.89,7.75,11.69,5.73,5.96,49.0,False,none,normal
2026-03-24 21:00:00,Building_B,108.95,7.43,12.06,4.52,7.54,37.5,False,none,normal
2026-03-24 22:00:00,Building_B,108.74,7.55,10.52,4.31,6.21,41.0,False,none,normal
2026-03-24 23:00:00,Building_B,46.21,1.76,1.82,0.79,1.03,43.3,False,none,normal
2026-03-25 00:00:00,Building_B,41.58,0.54,1.15,0.38,0.77,32.9,False,none,normal
2026-03-25 01:00:00,Building_B,34.92,1.31,1.03,0.41,0.62,40.2,False,none,normal
2026-03-25 02:00:00,Building_B,48.76,1.53,0.5,0.24,0.26,47.5,False,none,normal
2026-03-25 03:00:00,Building_B,48.88,1.55,0.5,0.2,0.3,39.8,False,none,normal
2026-03-25 04:00:00,Building_B,36.83,1.35,0.5,0.2,0.3,40.7,False,none,normal
2026-03-25 05:00:00,Building_B,43.66,0.68,0.5,0.2,0.3,40.0,False,none,normal
2026-03-25 06:00:00,Building_B,109.37,7.59,11.04,4.32,6.72,39.2,False,none,normal
2026-03-25 07:00:00,Building_B,103.78,7.57,11.11,4.53,6.58,40.8,False,none,normal
2026-03-25 08:00:00,Building_B,189.17,15.67,30.65,12.1,18.55,39.5,False,none,normal
2026-03-25 09:00:00,Building_B,182.42,15.97,30.29,11.57,18.72,38.2,False,none,normal
2026-03-25 10:00:00,Building_B,189.83,15.9,31.91,13.72,18.19,43.0,False,none,normal
2026-03-25 11:00:00,Building_B,192.96,15.1,29.79,12.11,17.68,40.7,False,none,normal
2026-03-25 12:00:00,Building_B,190.09,16.09,30.13,11.52,18.61,38.2,False,none,normal
2026-03-25 13:00:00,Building_B,183.67,16.1,30.45,13.33,17.12,43.8,False,none,normal
2026-03-25 14:00:00,Building_B,187.35,15.62,28.65,12.48,16.17,43.5,False,none,normal
2026-03-25 15:00:00,Building_B,184.02,15.4,29.06,8.42,20.64,29.0,False,none,normal
2026-03-25 16:00:00,Building_B,187.34,15.21,29.58,12.43,17.15,42.0,False,none,normal
2026-03-25 17:00:00,Building_B,195.79,15.63,30.23,13.3,16.93,44.0,False,none,normal
2026-03-25 18:00:00,Building_B,192.21,15.68,30.17,13.53,16.64,44.8,False,none,normal
2026-03-25 19:00:00,Building_B,99.87,8.49,13.27,5.69,7.58,42.9,False,none,normal
2026-03-25 20:00:00,Building_B,103.93,8.19,10.53,4.65,5.88,44.1,False,none,normal
2026-03-25 21:00:00,Building_B,104.45,8.54,9.63,4.07,5.56,42.3,False,none,normal
2026-03-25 22:00:00,Building_B,101.09,7.75,10.85,5.05,5.8,46.5,False,none,normal
2026-03-25 23:00:00,Building_B,40.91,1.77,0.5,0.2,0.3,40.9,False,none,normal
2026-03-26 00:00:00,Building_B,41.57,1.54,1.15,0.52,0.63,44.9,False,none,normal
2026-03-26 01:00:00,Building_B,43.68,1.6,0.5,0.22,0.28,43.6,False,none,normal
2026-03-26 02:00:00,Building_B,49.05,0.78,1.3,0.58,0.72,44.7,False,none,normal
2026-03-26 03:00:00,Building_B,48.46,1.62,0.83,0.36,0.47,43.7,False,none,normal
2026-03-26 04:00:00,Building_B,39.67,1.23,0.5,0.24,0.26,47.9,False,none,normal
2026-03-26 05:00:00,Building_B,44.42,1.05,1.04,0.49,0.55,46.6,False,none,normal
2026-03-26 06:00:00,Building_B,113.55,7.44,7.6,3.31,4.29,43.6,False,none,normal
2026-03-26 07:00:00,Building_B,106.03,7.98,12.5,5.81,6.69,46.5,False,none,normal
2026-03-26 08:00:00,Building_B,195.7,15.96,31.93,15.17,16.76,47.5,False,none,normal
2026-03-26 09:00:00,Building_B,194.59,15.51,28.28,14.69,13.59,51.9,False,none,normal
2026-03-26 10:00:00,Building_B,188.97,15.95,29.17,13.38,15.79,45.9,False,none,normal
2026-03-26 11:00:00,Building_B,178.94,15.38,29.71,13.03,16.68,43.9,False,none,normal
2026-03-26 12:00:00,Building_B,193.01,15.14,30.62,14.36,16.26,46.9,False,none,normal
2026-03-26 13:00:00,Building_B,198.11,15.77,29.28,10.81,18.47,36.9,False,none,normal
2026-03-26 14:00:00,Building_B,196.04,15.78,29.8,10.59,19.21,35.5,False,none,normal
2026-03-26 15:00:00,Building_B,185.0,15.74,30.25,10.35,19.9,34.2,False,none,normal
2026-03-26 16:00:00,Building_B,191.25,14.97,31.46,13.48,17.98,42.8,False,none,normal
2026-03-26 17:00:00,Building_B,186.87,15.87,30.25,14.31,15.94,47.3,False,none,normal
2026-03-26 18:00:00,Building_B,189.04,15.57,29.49,12.7,16.79,43.1,False,none,normal
2026-03-26 19:00:00,Building_B,116.37,7.59,12.14,4.67,7.47,38.5,False,none,normal
2026-03-26 20:00:00,Building_B,101.31,7.83,11.81,4.91,6.9,41.6,False,none,normal
2026-03-26 21:00:00,Building_B,103.6,7.87,11.68,4.49,7.19,38.4,False,none,normal
2026-03-26 22:00:00,Building_B,104.17,7.67,12.15,5.31,6.84,43.7,False,none,normal
2026-03-26 23:00:00,Building_B,39.09,1.42,1.77,0.66,1.11,37.3,False,none,normal
2026-03-27 00:00:00,Building_B,42.87,1.84,0.5,0.23,0.27,46.6,False,none,normal
2026-03-27 01:00:00,Building_B,49.09,1.29,0.5,0.23,0.27,46.1,False,none,normal
2026-03-27 02:00:00,Building_B,41.87,0.55,0.59,0.26,0.33,43.9,False,none,normal
2026-03-27 03:00:00,Building_B,45.58,1.06,0.5,0.23,0.27,45.9,False,none,normal
2026-03-27 04:00:00,Building_B,42.37,0.83,2.2,0.91,1.29,41.1,False,none,normal
2026-03-27 05:00:00,Building_B,46.98,0.88,0.57,0.25,0.32,44.0,False,none,normal
2026-03-27 06:00:00,Building_B,109.23,7.35,8.5,4.09,4.41,48.1,False,none,normal
2026-03-27 07:00:00,Building_B,110.57,8.17,12.48,5.54,6.94,44.4,False,none,normal
2026-03-27 08:00:00,Building_B,187.44,15.7,31.55,13.36,18.19,42.3,False,none,normal
2026-03-27 09:00:00,Building_B,196.33,15.0,27.9,12.82,15.08,46.0,False,none,normal
2026-03-27 10:00:00,Building_B,185.45,16.24,31.44,15.2,16.24,48.4,False,none,normal
2026-03-27 11:00:00,Building_B,192.26,15.2,27.84,13.36,14.48,48.0,False,none,normal
2026-03-27 12:00:00,Building_B,182.72,16.08,30.63,12.77,17.86,41.7,False,none,normal
2026-03-27 13:00:00,Building_B,190.49,15.69,29.59,14.12,15.47,47.7,False,none,normal
2026-03-27 14:00:00,Building_B,194.29,15.58,29.11,13.75,15.36,47.2,False,none,normal
2026-03-27 15:00:00,Building_B,180.63,15.68,30.72,11.88,18.84,38.7,False,none,normal
2026-03-27 16:00:00,Building_B,192.62,15.51,29.18,13.38,15.8,45.9,False,none,normal
2026-03-27 17:00:00,Building_B,184.38,15.83,27.45,11.84,15.61,43.1,False,none,normal
2026-03-27 18:00:00,Building_B,188.9,15.34,30.3,12.63,17.67,41.7,False,none,normal
2026-03-27 19:00:00,Building_B,113.8,7.96,11.91,5.14,6.77,43.2,False,none,normal
2026-03-27 20:00:00,Building_B,107.69,7.66,11.66,4.82,6.84,41.3,False,none,normal
2026-03-27 21:00:00,Building_B,114.03,7.79,11.82,4.3,7.52,36.4,False,none,normal
2026-03-27 22:00:00,Building_B,113.35,7.56,10.11,4.91,5.2,48.6,False,none,normal
2026-03-27 23:00:00,Building_B,45.41,1.71,1.26,0.52,0.74,41.6,False,none,normal
2026-03-28 00:00:00,Building_B,41.5,1.64,2.07,0.86,1.21,41.7,False,none,normal
2026-03-28 01:00:00,Building_B,50.9,1.3,0.5,0.18,0.32,35.1,False,none,normal
2026-03-28 02:00:00,Building_B,35.86,1.22,0.5,0.22,0.28,44.7,False,none,normal
2026-03-28 03:00:00,Building_B,42.5,1.66,0.76,0.32,0.44,42.1,False,none,normal
2026-03-28 04:00:00,Building_B,40.3,1.87,0.5,0.22,0.28,43.2,False,none,normal
2026-03-28 05:00:00,Building_B,41.89,1.64,0.69,0.29,0.4,42.0,False,none,normal
2026-03-28 06:00:00,Building_B,41.55,1.86,0.71,0.35,0.36,49.9,False,none,normal
2026-03-28 07:00:00,Building_B,43.7,1.38,0.54,0.24,0.3,44.3,False,none,normal
2026-03-28 08:00:00,Building_B,40.26,1.42,0.72,0.31,0.41,43.3,False,none,normal
2026-03-28 09:00:00,Building_B,44.01,1.51,0.82,0.4,0.42,48.3,False,none,normal
2026-03-28 10:00:00,Building_B,62.57,3.65,5.03,2.31,2.72,45.8,False,none,normal
2026-03-28 11:00:00,Building_B,57.97,3.23,4.13,1.81,2.32,43.8,False,none,normal
2026-03-28 12:00:00,Building_B,59.82,2.9,4.69,1.82,2.87,38.8,False,none,normal
2026-03-28 13:00:00,Building_B,59.79,3.28,5.53,2.04,3.49,36.8,False,none,normal
2026-03-28 14:00:00,Building_B,65.26,2.43,5.86,2.59,3.27,44.2,False,none,normal
2026-03-28 15:00:00,Building_B,63.34,3.39,3.98,1.77,2.21,44.4,False,none,normal
2026-03-28 16:00:00,Building_B,65.92,2.51,4.08,1.67,2.41,40.9,False,none,normal
2026-03-28 17:00:00,Building_B,62.18,2.25,5.63,2.05,3.58,36.4,False,none,normal
2026-03-28 18:00:00,Building_B,66.05,2.92,7.27,3.25,4.02,44.7,False,none,normal
2026-03-28 19:00:00,Building_B,41.4,1.09,1.0,0.42,0.58,41.9,False,none,normal
2026-03-28 20:00:00,Building_B,47.36,1.04,3.14,1.48,1.66,47.1,False,none,normal
2026-03-28 21:00:00,Building_B,41.8,2.0,0.5,0.21,0.29,42.8,False,none,normal
2026-03-28 22:00:00,Building_B,37.51,2.02,0.5,0.18,0.32,36.2,False,none,normal
2026-03-28 23:00:00,Building_B,40.08,1.83,1.86,0.79,1.07,42.5,False,none,normal
2026-03-29 00:00:00,Building_B,46.69,1.33,1.22,0.59,0.63,48.6,False,none,normal
2026-03-29 01:00:00,Building_B,41.63,1.1,1.27,0.57,0.7,45.0,False,none,normal
2026-03-29 02:00:00,Building_B,43.06,1.72,0.5,0.21,0.29,42.5,False,none,normal
2026-03-29 03:00:00,Building_B,44.11,1.47,2.65,1.15,1.5,43.5,False,none,normal
2026-03-29 04:00:00,Building_B,41.4,1.55,1.92,0.87,1.05,45.1,False,none,normal
2026-03-29 05:00:00,Building_B,45.49,0.85,0.5,0.24,0.26,47.1,False,none,normal
2026-03-29 06:00:00,Building_B,44.37,1.36,1.54,0.77,0.77,49.7,False,none,normal
2026-03-29 07:00:00,Building_B,48.27,1.71,0.5,0.19,0.31,39.0,False,none,normal
2026-03-29 08:00:00,Building_B,33.07,1.59,2.04,0.95,1.09,46.8,False,none,normal
2026-03-29 09:00:00,Building_B,45.32,1.32,0.5,0.19,0.31,38.7,False,none,normal
2026-03-29 10:00:00,Building_B,60.22,2.4,7.08,2.6,4.48,36.8,False,none,normal
2026-03-29 11:00:00,Building_B,60.09,2.06,5.33,2.24,3.09,42.0,False,none,normal
2026-03-29 12:00:00,Building_B,59.45,2.41,4.97,1.98,2.99,39.8,False,none,normal
2026-03-29 13:00:00,Building_B,60.33,3.42,5.18,2.29,2.89,44.1,False,none,normal
2026-03-29 14:00:00,Building_B,59.02,2.46,4.94,2.57,2.37,52.0,False,none,normal
2026-03-29 15:00:00,Building_B,59.73,2.87,3.98,1.23,2.75,31.0,False,none,normal
2026-03-29 16:00:00,Building_B,57.72,3.57,5.69,2.76,2.93,48.6,False,none,normal
2026-03-29 17:00:00,Building_B,59.49,1.91,3.64,1.59,2.05,43.6,False,none,normal
2026-03-29 18:00:00,Building_B,61.83,2.74,4.34,1.99,2.35,45.8,False,none,normal
2026-03-29 19:00:00,Building_B,40.61,1.48,0.94,0.38,0.56,40.5,False,none,normal
2026-03-29 20:00:00,Building_B,39.09,1.22,2.96,1.37,1.59,46.4,False,none,normal
2026-03-29 21:00:00,Building_B,46.7,1.09,0.5,0.23,0.27,46.4,False,none,normal
2026-03-29 22:00:00,Building_B,46.23,1.42,0.5,0.18,0.32,36.1,False,none,normal
2026-03-29 23:00:00,Building_B,46.08,1.78,0.5,0.19,0.31,38.9,False,none,normal
2026-03-30 00:00:00,Building_B,47.58,1.15,2.85,1.18,1.67,41.6,False,none,normal
2026-03-30 01:00:00,Building_B,41.07,1.39,0.5,0.23,0.27,46.5,False,none,normal
2026-03-30 02:00:00,Building_B,46.16,1.75,0.93,0.37,0.56,40.2,False,none,normal
2026-03-30 03:00:00,Building_B,42.58,1.22,2.47,1.14,1.33,46.0,False,none,normal
2026-03-30 04:00:00,Building_B,42.25,1.05,2.56,1.09,1.47,42.5,False,none,normal
2026-03-30 05:00:00,Building_B,42.09,1.91,0.5,0.2,0.3,40.7,False,none,normal
2026-03-30 06:00:00,Building_B,108.66,7.3,11.74,4.57,7.17,39.0,False,none,normal
2026-03-30 07:00:00,Building_B,107.3,7.52,10.66,4.12,6.54,38.6,False,none,normal
2026-03-30 08:00:00,Building_B,189.71,15.47,29.89,15.37,14.52,51.4,False,none,normal
2026-03-30 09:00:00,Building_B,188.1,15.74,30.69,12.81,17.88,41.7,False,none,normal
2026-03-30 10:00:00,Building_B,189.82,15.53,30.07,11.92,18.15,39.7,False,none,normal
2026-03-30 11:00:00,Building_B,186.75,15.53,27.46,13.18,14.28,48.0,False,none,normal
2026-03-30 12:00:00,Building_B,197.37,15.58,30.63,14.19,16.44,46.3,False,none,normal
2026-03-30 13:00:00,Building_B,183.42,15.85,29.32,15.0,14.32,51.2,False,none,normal
2026-03-30 14:00:00,Building_B,187.97,15.84,29.62,15.04,14.58,50.8,False,none,normal
2026-03-30 15:00:00,Building_B,186.67,15.93,30.58,13.34,17.24,43.6,False,none,normal
2026-03-30 16:00:00,Building_B,189.64,15.29,26.73,12.38,14.35,46.3,False,none,normal
2026-03-30 17:00:00,Building_B,186.77,15.93,30.25,14.16,16.09,46.8,False,none,normal
2026-03-30 18:00:00,Building_B,191.93,14.66,30.57,12.42,18.15,40.6,False,none,normal
2026-03-30 19:00:00,Building_B,114.24,7.97,12.09,4.95,7.14,40.9,False,none,normal
2026-03-30 20:00:00,Building_B,105.93,7.61,9.2,3.65,5.55,39.6,False,none,normal
2026-03-30 21:00:00,Building_B,103.72,7.26,11.5,5.08,6.42,44.1,False,none,normal
2026-03-30 22:00:00,Building_B,109.45,7.59,10.23,4.17,6.06,40.7,False,none,normal
2026-03-30 23:00:00,Building_B,39.33,1.35,0.5,0.22,0.28,44.8,False,none,normal
2026-03-31 00:00:00,Building_B,40.35,1.5,1.77,0.77,1.0,43.3,False,none,normal
2026-03-31 01:00:00,Building_B,45.81,0.65,0.5,0.23,0.27,46.4,False,none,normal
2026-03-31 02:00:00,Building_B,44.65,2.02,2.76,1.19,1.57,43.2,False,none,normal
2026-03-31 03:00:00,Building_B,41.61,1.03,0.5,0.2,0.3,40.4,False,none,normal
2026-03-31 04:00:00,Building_B,40.24,1.05,1.19,0.58,0.61,48.8,False,none,normal
2026-03-31 05:00:00,Building_B,46.35,1.26,1.93,0.84,1.09,43.4,False,none,normal
2026-03-31 06:00:00,Building_B,109.42,7.73,11.12,4.96,6.16,44.6,False,none,normal
2026-03-31 07:00:00,Building_B,110.14,7.51,10.43,4.51,5.92,43.2,False,none,normal
2026-03-31 08:00:00,Building_B,190.44,15.41,28.47,13.38,15.09,47.0,False,none,normal
2026-03-31 09:00:00,Building_B,192.88,14.83,31.44,12.94,18.5,41.2,False,none,normal
2026-03-31 10:00:00,Building_B,189.48,15.92,31.81,14.64,17.17,46.0,False,none,normal
2026-03-31 11:00:00,Building_B,189.69,15.04,27.4,12.47,14.93,45.5,False,none,normal
2026-03-31 12:00:00,Building_B,194.09,15.24,29.51,11.74,17.77,39.8,False,none,normal
2026-03-31 13:00:00,Building_B,186.39,15.9,30.09,12.36,17.73,41.1,False,none,normal
2026-03-31 14:00:00,Building_B,199.35,15.02,30.49,11.53,18.96,37.8,False,none,normal
2026-03-31 15:00:00,Building_B,188.09,15.58,30.84,12.63,18.21,41.0,False,none,normal
2026-03-31 16:00:00,Building_B,187.25,15.43,28.53,12.7,15.83,44.5,False,none,normal
2026-03-31 17:00:00,Building_B,189.85,15.68,29.75,12.27,17.48,41.2,False,none,normal
2026-03-31 18:00:00,Building_B,193.42,15.88,31.53,13.71,17.82,43.5,False,none,normal
2026-03-31 19:00:00,Building_B,114.99,7.62,11.12,5.2,5.92,46.8,False,none,normal
2026-03-31 20:00:00,Building_B,112.95,7.66,10.11,4.16,5.95,41.2,False,none,normal
2026-03-31 21:00:00,Building_B,106.84,8.37,12.28,4.78,7.5,38.9,False,none,normal
2026-03-31 22:00:00,Building_B,105.4,7.49,10.69,4.42,6.27,41.3,False,none,normal
2026-03-31 23:00:00,Building_B,47.07,1.03,3.46,1.32,2.14,38.2,False,none,normal
2026-01-01 00:00:00,Building_C,38.53,1.61,1.31,0.87,0.44,66.5,False,none,normal
2026-01-01 01:00:00,Building_C,33.4,1.19,0.5,0.28,0.22,55.1,False,none,normal
2026-01-01 02:00:00,Building_C,28.4,1.78,3.76,2.4,1.36,64.0,False,none,normal
2026-01-01 03:00:00,Building_C,27.95,1.24,2.06,1.39,0.67,67.4,False,none,normal
2026-01-01 04:00:00,Building_C,21.67,2.25,2.89,1.86,1.03,64.2,False,none,normal
2026-01-01 05:00:00,Building_C,28.9,1.49,2.12,1.39,0.73,65.4,False,none,normal
2026-01-01 06:00:00,Building_C,83.55,6.46,24.95,16.94,8.01,67.9,False,none,normal
2026-01-01 07:00:00,Building_C,83.09,6.6,26.14,15.32,10.82,58.6,False,none,normal
2026-01-01 08:00:00,Building_C,137.54,13.01,63.35,40.17,23.18,63.4,False,none,normal
2026-01-01 09:00:00,Building_C,145.88,12.95,62.03,39.27,22.76,63.3,False,none,normal
2026-01-01 10:00:00,Building_C,140.96,13.01,64.89,43.41,21.48,66.9,False,none,normal
2026-01-01 11:00:00,Building_C,140.18,30.78,153.61,96.02,57.59,62.5,False,none,normal
2026-01-01 12:00:00,Building_C,139.59,31.44,154.62,105.6,49.02,68.3,False,none,normal
2026-01-01 13:00:00,Building_C,139.19,31.72,154.95,101.41,53.54,65.4,False,none,normal
2026-01-01 14:00:00,Building_C,143.14,12.76,61.69,38.6,23.09,62.6,False,none,normal
2026-01-01 15:00:00,Building_C,143.72,13.03,64.06,39.47,24.59,61.6,False,none,normal
2026-01-01 16:00:00,Building_C,132.91,13.5,63.98,40.49,23.49,63.3,False,none,normal
2026-01-01 17:00:00,Building_C,138.04,26.43,129.51,79.17,50.34,61.1,False,none,normal
2026-01-01 18:00:00,Building_C,145.39,25.95,127.72,81.52,46.2,63.8,False,none,normal
2026-01-01 19:00:00,Building_C,78.58,12.54,49.86,31.97,17.89,64.1,False,none,normal
2026-01-01 20:00:00,Building_C,84.18,6.6,25.12,14.27,10.85,56.8,False,none,normal
2026-01-01 21:00:00,Building_C,78.25,6.7,22.94,15.25,7.69,66.5,False,none,normal
2026-01-01 22:00:00,Building_C,76.15,6.5,26.4,17.98,8.42,68.1,False,none,normal
2026-01-01 23:00:00,Building_C,24.38,1.44,3.72,2.83,0.89,76.2,False,none,normal
2026-01-02 00:00:00,Building_C,33.68,0.67,2.05,1.46,0.59,71.4,False,none,normal
2026-01-02 01:00:00,Building_C,31.03,1.51,0.52,0.35,0.17,66.5,False,none,normal
2026-01-02 02:00:00,Building_C,21.82,0.81,1.52,0.97,0.55,63.5,False,none,normal
2026-01-02 03:00:00,Building_C,26.58,0.97,1.92,1.24,0.68,64.7,False,none,normal
2026-01-02 04:00:00,Building_C,32.02,1.4,1.12,0.79,0.33,70.4,False,none,normal
2026-01-02 05:00:00,Building_C,27.82,1.82,2.86,1.82,1.04,63.6,False,none,normal
2026-01-02 06:00:00,Building_C,80.56,6.57,25.19,17.48,7.71,69.4,False,none,normal
2026-01-02 07:00:00,Building_C,76.35,6.65,21.93,14.1,7.83,64.3,False,none,normal
2026-01-02 08:00:00,Building_C,146.55,12.5,62.31,41.05,21.26,65.9,False,none,normal
2026-01-02 09:00:00,Building_C,146.28,13.11,61.94,36.09,25.85,58.3,False,none,normal
2026-01-02 10:00:00,Building_C,141.12,12.59,64.39,42.36,22.03,65.8,False,none,normal
2026-01-02 11:00:00,Building_C,138.77,31.83,154.85,108.16,46.69,69.8,False,none,normal
2026-01-02 12:00:00,Building_C,144.41,31.14,153.91,98.21,55.7,63.8,False,none,normal
2026-01-02 13:00:00,Building_C,143.46,30.97,156.21,96.88,59.33,62.0,False,none,normal
2026-01-02 14:00:00,Building_C,141.59,12.92,63.68,46.93,16.75,73.7,False,none,normal
2026-01-02 15:00:00,Building_C,138.97,12.89,63.43,41.33,22.1,65.2,False,none,normal
2026-01-02 16:00:00,Building_C,140.33,12.61,63.72,42.97,20.75,67.4,False,none,normal
2026-01-02 17:00:00,Building_C,144.84,26.0,128.52,81.68,46.84,63.6,False,none,normal
2026-01-02 18:00:00,Building_C,138.72,25.67,126.58,78.72,47.86,62.2,False,none,normal
2026-01-02 19:00:00,Building_C,85.33,12.85,48.52,30.83,17.69,63.5,False,none,normal
2026-01-02 20:00:00,Building_C,86.69,6.17,24.8,16.05,8.75,64.7,False,none,normal
2026-01-02 21:00:00,Building_C,81.99,6.58,24.54,16.73,7.81,68.2,False,none,normal
2026-01-02 22:00:00,Building_C,81.6,7.11,24.52,14.27,10.25,58.2,False,none,normal
2026-01-02 23:00:00,Building_C,34.33,1.28,1.57,1.0,0.57,64.0,False,none,normal
2026-01-03 00:00:00,Building_C,23.32,0.47,3.51,2.2,1.31,62.7,False,none,normal
2026-01-03 01:00:00,Building_C,35.64,0.59,0.5,0.34,0.16,67.7,False,none,normal
2026-01-03 02:00:00,Building_C,31.37,1.34,1.51,0.97,0.54,64.2,False,none,normal
2026-01-03 03:00:00,Building_C,29.06,0.73,3.21,2.29,0.92,71.3,False,none,normal
2026-01-03 04:00:00,Building_C,27.62,0.76,1.11,0.74,0.37,66.4,False,none,normal
2026-01-03 05:00:00,Building_C,31.05,1.32,1.47,0.95,0.52,64.5,False,none,normal
2026-01-03 06:00:00,Building_C,41.43,0.96,3.5,2.48,1.02,70.8,False,none,normal
2026-01-03 07:00:00,Building_C,33.79,0.47,1.57,0.99,0.58,62.9,False,none,normal
2026-01-03 08:00:00,Building_C,31.86,0.77,2.44,1.68,0.76,68.9,False,none,normal
2026-01-03 09:00:00,Building_C,36.46,1.01,0.5,0.33,0.17,66.4,False,none,normal
2026-01-03 10:00:00,Building_C,52.42,2.32,11.25,7.21,4.04,64.1,False,none,normal
2026-01-03 11:00:00,Building_C,43.38,5.74,25.56,17.03,8.53,66.6,False,none,normal
2026-01-03 12:00:00,Building_C,47.43,5.63,26.36,16.23,10.13,61.6,False,none,normal
2026-01-03 13:00:00,Building_C,41.74,5.49,25.67,16.15,9.52,62.9,False,none,normal
2026-01-03 14:00:00,Building_C,46.36,2.61,12.13,8.57,3.56,70.6,False,none,normal
2026-01-03 15:00:00,Building_C,40.14,1.89,10.36,6.77,3.59,65.3,False,none,normal
2026-01-03 16:00:00,Building_C,44.44,2.1,10.34,6.92,3.42,66.9,False,none,normal
2026-01-03 17:00:00,Building_C,40.08,5.41,21.43,14.83,6.6,69.2,False,none,normal
2026-01-03 18:00:00,Building_C,43.08,4.79,21.53,14.73,6.8,68.4,False,none,normal
2026-01-03 19:00:00,Building_C,30.98,2.84,1.27,0.87,0.4,68.8,False,none,normal
2026-01-03 20:00:00,Building_C,32.25,0.79,3.87,2.8,1.07,72.4,False,none,normal
2026-01-03 21:00:00,Building_C,23.48,1.21,2.38,1.59,0.79,66.8,False,none,normal
2026-01-03 22:00:00,Building_C,37.84,1.6,1.85,1.37,0.48,74.1,False,none,normal
2026-01-03 23:00:00,Building_C,35.53,1.02,0.87,0.61,0.26,70.0,False,none,normal
2026-01-04 00:00:00,Building_C,28.61,1.0,1.24,0.82,0.42,66.4,False,none,normal
2026-01-04 01:00:00,Building_C,31.0,0.69,2.92,1.85,1.07,63.4,False,none,normal
2026-01-04 02:00:00,Building_C,39.86,1.25,3.05,2.06,0.99,67.5,False,none,normal
2026-01-04 03:00:00,Building_C,37.04,1.35,1.81,1.26,0.55,69.4,False,none,normal
2026-01-04 04:00:00,Building_C,41.72,1.05,2.48,1.61,0.87,65.0,False,none,normal
2026-01-04 05:00:00,Building_C,33.8,1.16,0.5,0.32,0.18,64.2,False,none,normal
2026-01-04 06:00:00,Building_C,35.78,0.88,2.63,1.73,0.9,65.7,False,none,normal
2026-01-04 07:00:00,Building_C,31.01,1.46,2.35,1.57,0.78,66.7,False,none,normal
2026-01-04 08:00:00,Building_C,35.84,1.22,0.5,0.32,0.18,63.5,False,none,normal
2026-01-04 09:00:00,Building_C,24.56,1.38,2.6,1.79,0.81,68.8,False,none,normal
2026-01-04 10:00:00,Building_C,47.35,2.63,8.81,5.69,3.12,64.6,False,none,normal
2026-01-04 11:00:00,Building_C,39.74,5.38,27.63,19.17,8.46,69.4,False,none,normal
2026-01-04 12:00:00,Building_C,48.05,5.44,24.5,16.11,8.39,65.7,False,none,normal
2026-01-04 13:00:00,Building_C,49.84,5.65,23.79,15.56,8.23,65.4,False,none,normal
2026-01-04 14:00:00,Building_C,37.74,2.58,9.87,5.93,3.94,60.1,False,none,normal
2026-01-04 15:00:00,Building_C,48.67,2.49,10.98,8.1,2.88,73.8,False,none,normal
2026-01-04 16:00:00,Building_C,47.94,2.07,11.33,7.23,4.1,63.9,False,none,normal
2026-01-04 17:00:00,Building_C,50.46,4.69,21.86,12.95,8.91,59.2,False,none,normal
2026-01-04 18:00:00,Building_C,45.64,4.57,20.18,12.94,7.24,64.1,False,none,normal
2026-01-04 19:00:00,Building_C,33.52,2.29,1.36,0.87,0.49,63.9,False,none,normal
2026-01-04 20:00:00,Building_C,29.91,1.21,1.63,1.03,0.6,63.4,False,none,normal
2026-01-04 21:00:00,Building_C,29.98,1.17,2.68,1.77,0.91,66.1,False,none,normal
2026-01-04 22:00:00,Building_C,37.47,1.54,3.33,2.35,0.98,70.5,False,none,normal
2026-01-04 23:00:00,Building_C,38.03,0.74,2.31,1.61,0.7,69.9,False,none,normal
2026-01-05 00:00:00,Building_C,37.37,0.88,2.32,1.51,0.81,65.3,False,none,normal
2026-01-05 01:00:00,Building_C,39.17,0.66,0.61,0.35,0.26,57.8,False,none,normal
2026-01-05 02:00:00,Building_C,32.36,1.94,1.48,0.97,0.51,65.4,False,none,normal
2026-01-05 03:00:00,Building_C,33.98,1.11,1.97,1.31,0.66,66.6,False,none,normal
2026-01-05 04:00:00,Building_C,28.4,1.11,2.42,1.66,0.76,68.7,False,none,normal
2026-01-05 05:00:00,Building_C,36.97,1.26,1.96,1.33,0.63,68.0,False,none,normal
2026-01-05 06:00:00,Building_C,79.34,6.28,24.32,14.57,9.75,59.9,False,none,normal
2026-01-05 07:00:00,Building_C,83.34,6.87,23.61,15.76,7.85,66.7,False,none,normal
2026-01-05 08:00:00,Building_C,138.21,12.64,66.69,40.67,26.02,61.0,False,none,normal
2026-01-05 09:00:00,Building_C,135.61,13.07,64.55,43.68,20.87,67.7,False,none,normal
2026-01-05 10:00:00,Building_C,148.74,12.73,63.53,45.38,18.15,71.4,False,none,normal
2026-01-05 11:00:00,Building_C,144.49,31.48,153.43,106.64,46.79,69.5,False,none,normal
2026-01-05 12:00:00,Building_C,143.94,31.26,153.44,100.39,53.05,65.4,False,none,normal
2026-01-05 13:00:00,Building_C,147.33,30.81,153.18,95.72,57.46,62.5,False,none,normal
2026-01-05 14:00:00,Building_C,139.09,12.99,65.38,43.7,21.68,66.8,False,none,normal
2026-01-05 15:00:00,Building_C,140.97,13.09,64.97,37.86,27.11,58.3,False,none,normal
2026-01-05 16:00:00,Building_C,145.02,12.71,63.69,42.27,21.42,66.4,False,none,normal
2026-01-05 17:00:00,Building_C,140.43,26.17,128.62,82.11,46.51,63.8,False,none,normal
2026-01-05 18:00:00,Building_C,146.85,26.24,128.81,87.29,41.52,67.8,False,none,normal
2026-01-05 19:00:00,Building_C,78.89,13.76,47.63,31.18,16.45,65.5,False,none,normal
2026-01-05 20:00:00,Building_C,80.57,6.39,23.92,14.81,9.11,61.9,False,none,normal
2026-01-05 21:00:00,Building_C,86.47,6.08,25.65,17.34,8.31,67.6,False,none,normal
2026-01-05 22:00:00,Building_C,80.19,6.69,24.28,14.71,9.57,60.6,False,none,normal
2026-01-05 23:00:00,Building_C,27.42,1.38,2.25,1.48,0.77,66.0,False,none,normal
2026-01-06 00:00:00,Building_C,30.21,1.08,1.14,0.66,0.48,58.0,False,none,normal
2026-01-06 01:00:00,Building_C,32.02,1.33,1.61,1.16,0.45,72.1,False,none,normal
2026-01-06 02:00:00,Building_C,27.76,0.92,1.69,1.11,0.58,66.0,False,none,normal
2026-01-06 03:00:00,Building_C,24.17,1.36,1.83,1.03,0.8,56.5,False,none,normal
2026-01-06 04:00:00,Building_C,31.31,0.86,0.99,0.59,0.4,59.6,False,none,normal
2026-01-06 05:00:00,Building_C,33.44,1.76,1.85,1.04,0.81,56.4,False,none,normal
2026-01-06 06:00:00,Building_C,82.86,6.43,23.15,15.37,7.78,66.4,False,none,normal
2026-01-06 07:00:00,Building_C,85.23,6.26,22.49,12.81,9.68,57.0,False,none,normal
2026-01-06 08:00:00,Building_C,138.07,12.94,63.61,39.61,24.0,62.3,False,none,normal
2026-01-06 09:00:00,Building_C,143.0,13.16,64.46,44.0,20.46,68.3,False,none,normal
2026-01-06 10:00:00,Building_C,138.11,12.61,63.6,39.84,23.76,62.6,False,none,normal
2026-01-06 11:00:00,Building_C,132.53,31.0,155.47,106.04,49.43,68.2,False,none,normal
2026-01-06 12:00:00,Building_C,142.83,31.24,155.88,94.71,61.17,60.8,False,none,normal
2026-01-06 13:00:00,Building_C,136.87,31.59,154.17,96.07,58.1,62.3,False,none,normal
2026-01-06 14:00:00,Building_C,142.94,12.84,63.22,38.9,24.32,61.5,False,none,normal
2026-01-06 15:00:00,Building_C,142.02,13.07,66.05,42.17,23.88,63.8,False,none,normal
2026-01-06 16:00:00,Building_C,139.5,13.5,65.41,42.9,22.51,65.6,False,none,normal
2026-01-06 17:00:00,Building_C,134.49,25.71,127.19,82.86,44.33,65.1,False,none,normal
2026-01-06 18:00:00,Building_C,138.7,26.56,126.56,76.38,50.18,60.4,False,none,normal
2026-01-06 19:00:00,Building_C,82.69,13.18,45.83,26.61,19.22,58.1,False,none,normal
2026-01-06 20:00:00,Building_C,80.66,6.97,26.73,16.93,9.8,63.3,False,none,normal
2026-01-06 21:00:00,Building_C,81.03,6.21,25.23,17.94,7.29,71.1,False,none,normal
2026-01-06 22:00:00,Building_C,86.74,6.49,23.46,15.26,8.2,65.0,False,none,normal
2026-01-06 23:00:00,Building_C,37.3,1.01,0.5,0.32,0.18,63.6,False,none,normal
2026-01-07 00:00:00,Building_C,30.66,0.51,1.81,1.21,0.6,67.0,False,none,normal
2026-01-07 01:00:00,Building_C,39.22,0.68,2.41,1.66,0.75,68.9,False,none,normal
2026-01-07 02:00:00,Building_C,33.86,0.79,0.5,0.33,0.17,65.4,False,none,normal
2026-01-07 03:00:00,Building_C,32.14,0.95,3.08,1.95,1.13,63.4,False,none,normal
2026-01-07 04:00:00,Building_C,24.2,1.07,2.11,1.4,0.71,66.4,False,none,normal
2026-01-07 05:00:00,Building_C,33.11,1.67,0.5,0.32,0.18,63.3,False,none,normal
2026-01-07 06:00:00,Building_C,87.9,5.81,24.4,17.06,7.34,69.9,False,none,normal
2026-01-07 07:00:00,Building_C,86.57,6.73,25.29,15.39,9.9,60.8,False,none,normal
2026-01-07 08:00:00,Building_C,146.22,12.58,62.86,41.83,21.03,66.6,False,none,normal
2026-01-07 09:00:00,Building_C,138.76,13.07,64.74,46.69,18.05,72.1,False,none,normal
2026-01-07 10:00:00,Building_C,142.47,12.78,65.04,40.11,24.93,61.7,False,none,normal
2026-01-07 11:00:00,Building_C,144.38,31.22,154.62,89.49,65.13,57.9,False,none,normal
2026-01-07 12:00:00,Building_C,131.73,30.67,156.23,94.37,61.86,60.4,False,none,normal
2026-01-07 13:00:00,Building_C,143.66,30.97,153.85,99.73,54.12,64.8,False,none,normal
2026-01-07 14:00:00,Building_C,147.31,13.2,64.69,45.4,19.29,70.2,False,none,normal
2026-01-07 15:00:00,Building_C,138.2,13.37,65.31,44.78,20.53,68.6,False,none,normal
2026-01-07 16:00:00,Building_C,140.11,12.84,63.18,39.03,24.15,61.8,False,none,normal
2026-01-07 17:00:00,Building_C,137.06,26.12,128.18,85.53,42.65,66.7,False,none,normal
2026-01-07 18:00:00,Building_C,142.68,25.62,127.14,81.48,45.66,64.1,False,none,normal
2026-01-07 19:00:00,Building_C,78.61,12.69,50.97,30.0,20.97,58.9,False,none,normal
2026-01-07 20:00:00,Building_C,89.81,6.6,25.65,17.56,8.09,68.5,False,none,normal
2026-01-07 21:00:00,Building_C,84.18,7.08,23.17,14.92,8.25,64.4,False,none,normal
2026-01-07 22:00:00,Building_C,78.3,5.91,23.67,17.16,6.51,72.5,False,none,normal
2026-01-07 23:00:00,Building_C,31.08,1.84,4.03,3.1,0.93,77.0,False,none,normal
2026-01-08 00:00:00,Building_C,39.4,1.97,1.92,1.27,0.65,65.9,False,none,normal
2026-01-08 01:00:00,Building_C,32.96,1.15,1.71,1.16,0.55,68.0,False,none,normal
2026-01-08 02:00:00,Building_C,29.91,0.66,1.97,1.23,0.74,62.2,False,none,normal
2026-01-08 03:00:00,Building_C,29.42,1.1,1.08,0.75,0.33,69.4,False,none,normal
2026-01-08 04:00:00,Building_C,31.11,1.55,1.78,1.15,0.63,64.6,False,none,normal
2026-01-08 05:00:00,Building_C,32.41,0.69,1.93,1.32,0.61,68.4,False,none,normal
2026-01-08 06:00:00,Building_C,85.68,6.03,22.64,14.23,8.41,62.9,False,none,normal
2026-01-08 07:00:00,Building_C,87.25,6.58,23.54,13.93,9.61,59.2,False,none,normal
2026-01-08 08:00:00,Building_C,138.0,12.73,65.35,45.12,20.23,69.1,False,none,normal
2026-01-08 09:00:00,Building_C,136.53,13.26,65.01,39.19,25.82,60.3,False,none,normal
2026-01-08 10:00:00,Building_C,140.4,13.12,64.42,37.47,26.95,58.2,False,none,normal
2026-01-08 11:00:00,Building_C,141.26,31.42,156.04,97.25,58.79,62.3,False,none,normal
2026-01-08 12:00:00,Building_C,138.55,31.12,154.49,101.02,53.47,65.4,False,none,normal
2026-01-08 13:00:00,Building_C,143.15,30.8,154.62,95.91,58.71,62.0,False,none,normal
2026-01-08 14:00:00,Building_C,140.16,13.6,62.55,39.96,22.59,63.9,False,none,normal
2026-01-08 15:00:00,Building_C,135.63,13.05,65.48,43.01,22.47,65.7,False,none,normal
2026-01-08 16:00:00,Building_C,140.26,13.46,64.62,44.12,20.5,68.3,False,none,normal
2026-01-08 17:00:00,Building_C,143.59,24.99,128.36,77.9,50.46,60.7,False,none,normal
2026-01-08 18:00:00,Building_C,137.41,26.51,128.0,92.89,35.11,72.6,False,none,normal
2026-01-08 19:00:00,Building_C,76.08,12.62,49.85,31.72,18.13,63.6,False,none,normal
2026-01-08 20:00:00,Building_C,82.94,6.46,24.3,15.5,8.8,63.8,False,none,normal
2026-01-08 21:00:00,Building_C,82.43,6.72,26.4,16.95,9.45,64.2,False,none,normal
2026-01-08 22:00:00,Building_C,80.14,6.32,26.23,17.77,8.46,67.8,False,none,normal
2026-01-08 23:00:00,Building_C,24.18,0.47,0.53,0.35,0.18,65.9,False,none,normal
2026-01-09 00:00:00,Building_C,31.64,1.33,1.32,0.93,0.39,70.6,False,none,normal
2026-01-09 01:00:00,Building_C,34.87,1.17,2.9,1.69,1.21,58.4,False,none,normal
2026-01-09 02:00:00,Building_C,31.44,1.2,2.25,1.31,0.94,58.1,False,none,normal
2026-01-09 03:00:00,Building_C,30.74,1.29,2.1,1.46,0.64,69.7,False,none,normal
2026-01-09 04:00:00,Building_C,34.82,1.13,2.34,1.5,0.84,64.2,False,none,normal
2026-01-09 05:00:00,Building_C,32.37,1.43,1.47,0.98,0.49,66.4,False,none,normal
2026-01-09 06:00:00,Building_C,85.56,6.75,25.95,19.28,6.67,74.3,False,none,normal
2026-01-09 07:00:00,Building_C,84.53,6.34,25.08,16.77,8.31,66.9,False,none,normal
2026-01-09 08:00:00,Building_C,143.19,13.52,62.2,44.2,18.0,71.1,False,none,normal
2026-01-09 09:00:00,Building_C,148.13,13.2,64.94,41.58,23.36,64.0,False,none,normal
2026-01-09 10:00:00,Building_C,140.76,13.24,64.99,44.12,20.87,67.9,False,none,normal
2026-01-09 11:00:00,Building_C,143.24,31.51,155.08,94.45,60.63,60.9,False,none,normal
2026-01-09 12:00:00,Building_C,144.06,31.85,154.11,109.41,44.7,71.0,False,none,normal
2026-01-09 13:00:00,Building_C,137.06,31.18,153.37,108.15,45.22,70.5,False,none,normal
2026-01-09 14:00:00,Building_C,147.29,12.96,65.63,46.99,18.64,71.6,False,none,normal
2026-01-09 15:00:00,Building_C,140.6,13.04,65.11,40.13,24.98,61.6,False,none,normal
2026-01-09 16:00:00,Building_C,141.17,13.75,63.62,43.53,20.09,68.4,False,none,normal
2026-01-09 17:00:00,Building_C,142.83,25.94,128.72,92.69,36.03,72.0,False,none,normal
2026-01-09 18:00:00,Building_C,142.95,26.24,130.37,83.23,47.14,63.8,False,none,normal
2026-01-09 19:00:00,Building_C,77.53,13.62,49.1,33.67,15.43,68.6,False,none,normal
2026-01-09 20:00:00,Building_C,78.67,6.63,23.15,15.11,8.04,65.3,False,none,normal
2026-01-09 21:00:00,Building_C,79.12,6.19,24.1,13.45,10.65,55.8,False,none,normal
2026-01-09 22:00:00,Building_C,77.08,6.77,24.88,15.1,9.78,60.7,False,none,normal
2026-01-09 23:00:00,Building_C,33.97,0.84,2.4,1.55,0.85,64.5,False,none,normal
2026-01-10 00:00:00,Building_C,30.48,1.12,4.6,2.85,1.75,62.0,False,none,normal
2026-01-10 01:00:00,Building_C,32.68,1.42,0.5,0.29,0.21,58.6,False,none,normal
2026-01-10 02:00:00,Building_C,29.37,1.41,1.12,0.72,0.4,64.1,False,none,normal
2026-01-10 03:00:00,Building_C,35.42,0.86,1.42,0.84,0.58,58.9,False,none,normal
2026-01-10 04:00:00,Building_C,33.06,1.23,2.48,1.5,0.98,60.4,False,none,normal
2026-01-10 05:00:00,Building_C,31.01,0.7,1.23,0.87,0.36,70.9,False,none,normal
2026-01-10 06:00:00,Building_C,30.49,0.67,0.71,0.42,0.29,58.6,False,none,normal
2026-01-10 07:00:00,Building_C,26.59,1.38,0.5,0.33,0.17,66.2,False,none,normal
2026-01-10 08:00:00,Building_C,31.88,0.96,1.8,1.1,0.7,61.2,False,none,normal
2026-01-10 09:00:00,Building_C,35.14,0.9,1.07,0.67,0.4,63.0,False,none,normal
2026-01-10 10:00:00,Building_C,48.16,2.48,7.56,4.99,2.57,66.0,False,none,normal
2026-01-10 11:00:00,Building_C,38.42,5.39,25.56,16.25,9.31,63.6,False,none,normal
2026-01-10 12:00:00,Building_C,47.4,5.76,24.76,15.29,9.47,61.8,False,none,normal
2026-01-10 13:00:00,Building_C,45.25,4.96,25.12,17.68,7.44,70.4,False,none,normal
2026-01-10 14:00:00,Building_C,39.37,2.17,9.99,7.29,2.7,73.0,False,none,normal
2026-01-10 15:00:00,Building_C,43.25,2.13,9.47,6.16,3.31,65.0,False,none,normal
2026-01-10 16:00:00,Building_C,46.48,1.98,11.89,7.86,4.03,66.1,False,none,normal
2026-01-10 17:00:00,Building_C,48.8,4.47,21.7,13.92,7.78,64.1,False,none,normal
2026-01-10 18:00:00,Building_C,51.23,4.63,21.42,13.53,7.89,63.2,False,none,normal
2026-01-10 19:00:00,Building_C,29.71,2.38,4.04,2.52,1.52,62.3,False,none,normal
2026-01-10 20:00:00,Building_C,32.28,1.21,1.96,1.14,0.82,58.2,False,none,normal
2026-01-10 21:00:00,Building_C,28.08,0.67,1.57,0.96,0.61,61.4,False,none,normal
2026-01-10 22:00:00,Building_C,29.79,0.73,1.05,0.64,0.41,60.5,False,none,normal
2026-01-10 23:00:00,Building_C,34.81,1.31,1.71,1.09,0.62,63.8,False,none,normal
2026-01-11 00:00:00,Building_C,23.63,0.99,0.62,0.41,0.21,66.0,False,none,normal
2026-01-11 01:00:00,Building_C,34.26,1.26,3.04,1.91,1.13,62.7,False,none,normal
2026-01-11 02:00:00,Building_C,29.34,1.51,1.73,1.11,0.62,64.0,False,none,normal
2026-01-11 03:00:00,Building_C,39.16,1.35,1.3,0.81,0.49,62.3,False,none,normal
2026-01-11 04:00:00,Building_C,37.08,1.22,1.56,1.06,0.5,67.7,False,none,normal
2026-01-11 05:00:00,Building_C,35.3,1.34,2.59,1.73,0.86,66.8,False,none,normal
2026-01-11 06:00:00,Building_C,34.0,0.89,3.7,2.22,1.48,60.1,False,none,normal
2026-01-11 07:00:00,Building_C,33.02,0.68,1.41,0.88,0.53,62.7,False,none,normal
2026-01-11 08:00:00,Building_C,32.32,1.27,0.5,0.32,0.18,64.9,False,none,normal
2026-01-11 09:00:00,Building_C,37.35,0.69,0.5,0.34,0.16,68.4,False,none,normal
2026-01-11 10:00:00,Building_C,45.71,2.35,11.93,7.38,4.55,61.8,False,none,normal
2026-01-11 11:00:00,Building_C,43.32,5.28,25.27,17.78,7.49,70.4,False,none,normal
2026-01-11 12:00:00,Building_C,38.59,5.09,24.05,16.98,7.07,70.6,False,none,normal
2026-01-11 13:00:00,Building_C,42.94,5.39,23.75,15.19,8.56,64.0,False,none,normal
2026-01-11 14:00:00,Building_C,48.86,2.38,10.57,6.21,4.36,58.7,False,none,normal
2026-01-11 15:00:00,Building_C,44.09,2.35,9.51,6.43,3.08,67.6,False,none,normal
2026-01-11 16:00:00,Building_C,48.94,2.11,11.58,7.48,4.1,64.6,False,none,normal
2026-01-11 17:00:00,Building_C,49.99,5.3,20.1,13.68,6.42,68.1,False,none,normal
2026-01-11 18:00:00,Building_C,50.62,4.25,20.72,12.98,7.74,62.7,False,none,normal
2026-01-11 19:00:00,Building_C,31.25,2.17,2.82,1.93,0.89,68.4,False,none,normal
2026-01-11 20:00:00,Building_C,24.19,0.81,2.33,1.57,0.76,67.2,False,none,normal
2026-01-11 21:00:00,Building_C,27.54,1.34,3.12,2.02,1.1,64.8,False,none,normal
2026-01-11 22:00:00,Building_C,27.75,1.45,3.6,2.21,1.39,61.5,False,none,normal
2026-01-11 23:00:00,Building_C,31.94,1.53,1.67,0.97,0.7,58.0,False,none,normal
2026-01-12 00:00:00,Building_C,33.55,0.8,0.5,0.29,0.21,58.1,False,none,normal
2026-01-12 01:00:00,Building_C,36.54,0.85,1.93,1.3,0.63,67.3,False,none,normal
2026-01-12 02:00:00,Building_C,32.43,1.25,1.99,1.3,0.69,65.6,False,none,normal
2026-01-12 03:00:00,Building_C,28.74,0.85,1.4,0.9,0.5,64.5,False,none,normal
2026-01-12 04:00:00,Building_C,33.5,1.53,1.94,1.2,0.74,61.8,False,none,normal
2026-01-12 05:00:00,Building_C,23.05,0.88,0.5,0.31,0.19,62.1,False,none,normal
2026-01-12 06:00:00,Building_C,82.68,6.53,26.7,17.87,8.83,66.9,False,none,normal
2026-01-12 07:00:00,Building_C,89.35,6.75,25.77,16.38,9.39,63.6,False,none,normal
2026-01-12 08:00:00,Building_C,136.43,12.84,64.21,40.12,24.09,62.5,False,none,normal
2026-01-12 09:00:00,Building_C,136.73,13.14,63.02,37.1,25.92,58.9,False,none,normal
2026-01-12 10:00:00,Building_C,136.24,12.92,63.04,40.4,22.64,64.1,False,none,normal
2026-01-12 11:00:00,Building_C,143.13,31.4,153.35,91.68,61.67,59.8,False,none,normal
2026-01-12 12:00:00,Building_C,138.43,31.42,155.21,103.08,52.13,66.4,False,none,normal
2026-01-12 13:00:00,Building_C,145.54,31.8,153.56,108.95,44.61,70.9,False,none,normal
2026-01-12 14:00:00,Building_C,139.69,13.35,65.08,37.16,27.92,57.1,False,none,normal
2026-01-12 15:00:00,Building_C,136.87,12.57,62.09,42.54,19.55,68.5,False,none,normal
2026-01-12 16:00:00,Building_C,149.01,12.91,65.25,46.29,18.96,70.9,False,none,normal
2026-01-12 17:00:00,Building_C,141.56,25.99,128.16,86.06,42.1,67.2,False,none,normal
2026-01-12 18:00:00,Building_C,144.23,26.16,128.96,83.56,45.4,64.8,False,none,normal
2026-01-12 19:00:00,Building_C,75.34,13.31,47.39,31.98,15.41,67.5,False,none,normal
2026-01-12 20:00:00,Building_C,84.74,6.1,23.74,17.45,6.29,73.5,False,none,normal
2026-01-12 21:00:00,Building_C,81.4,6.07,25.43,15.74,9.69,61.9,False,none,normal
2026-01-12 22:00:00,Building_C,74.03,6.68,23.37,15.49,7.88,66.3,False,none,normal
2026-01-12 23:00:00,Building_C,28.53,1.39,1.75,0.96,0.79,54.6,False,none,normal
2026-01-13 00:00:00,Building_C,33.31,1.05,3.23,2.15,1.08,66.6,False,none,normal
2026-01-13 01:00:00,Building_C,34.8,0.9,0.58,0.38,0.2,64.9,False,none,normal
2026-01-13 02:00:00,Building_C,30.34,1.62,1.35,0.81,0.54,60.1,False,none,normal
2026-01-13 03:00:00,Building_C,28.47,1.48,1.33,0.85,0.48,64.1,False,none,normal
2026-01-13 04:00:00,Building_C,36.02,0.83,0.5,0.31,0.19,61.6,False,none,normal
2026-01-13 05:00:00,Building_C,32.75,1.06,0.5,0.35,0.15,69.1,False,none,normal
2026-01-13 06:00:00,Building_C,82.37,6.64,24.97,14.93,10.04,59.8,False,none,normal
2026-01-13 07:00:00,Building_C,82.93,6.82,25.84,17.54,8.3,67.9,False,none,normal
2026-01-13 08:00:00,Building_C,142.78,12.39,64.21,39.28,24.93,61.2,False,none,normal
2026-01-13 09:00:00,Building_C,145.86,13.39,63.08,40.89,22.19,64.8,False,none,normal
2026-01-13 10:00:00,Building_C,141.73,13.31,62.21,34.94,27.27,56.2,False,none,normal
2026-01-13 11:00:00,Building_C,140.88,30.31,154.33,103.97,50.36,67.4,False,none,normal
2026-01-13 12:00:00,Building_C,145.68,30.98,154.33,104.34,49.99,67.6,False,none,normal
2026-01-13 13:00:00,Building_C,136.03,31.52,154.47,96.66,57.81,62.6,False,none,normal
2026-01-13 14:00:00,Building_C,141.3,12.95,65.16,41.41,23.75,63.6,False,none,normal
2026-01-13 15:00:00,Building_C,141.64,12.78,63.1,41.45,21.65,65.7,False,none,normal
2026-01-13 16:00:00,Building_C,137.14,13.28,64.94,40.22,24.72,61.9,False,none,normal
2026-01-13 17:00:00,Building_C,141.59,25.73,126.52,79.22,47.3,62.6,False,none,normal
2026-01-13 18:00:00,Building_C,140.53,26.18,128.63,88.28,40.35,68.6,False,none,normal
2026-01-13 19:00:00,Building_C,77.79,12.87,50.91,29.16,21.75,57.3,False,none,normal
2026-01-13 20:00:00,Building_C,79.91,6.12,24.23,15.33,8.9,63.3,False,none,normal
2026-01-13 21:00:00,Building_C,84.12,6.59,22.9,14.35,8.55,62.6,False,none,normal
2026-01-13 22:00:00,Building_C,81.71,6.76,27.39,18.57,8.82,67.8,False,none,normal
2026-01-13 23:00:00,Building_C,27.73,1.11,1.75,1.1,0.65,62.9,False,none,normal
2026-01-14 00:00:00,Building_C,33.66,0.35,2.19,1.38,0.81,63.1,False,none,normal
2026-01-14 01:00:00,Building_C,31.34,1.66,0.5,0.33,0.17,66.1,False,none,normal
2026-01-14 02:00:00,Building_C,34.95,1.21,0.5,0.35,0.15,70.4,False,none,normal
2026-01-14 03:00:00,Building_C,30.93,0.96,1.16,0.74,0.42,63.5,False,none,normal
2026-01-14 04:00:00,Building_C,27.02,1.2,0.81,0.55,0.26,67.7,False,none,normal
2026-01-14 05:00:00,Building_C,33.85,1.72,1.28,0.79,0.49,61.8,False,none,normal
2026-01-14 06:00:00,Building_C,75.84,7.27,25.26,15.72,9.54,62.2,False,none,normal
2026-01-14 07:00:00,Building_C,88.49,6.97,22.85,14.16,8.69,62.0,False,none,normal
2026-01-14 08:00:00,Building_C,140.2,12.62,64.11,43.5,20.61,67.8,False,none,normal
2026-01-14 09:00:00,Building_C,135.24,13.1,65.63,43.71,21.92,66.6,False,none,normal
2026-01-14 10:00:00,Building_C,140.43,12.76,65.22,39.32,25.9,60.3,False,none,normal
2026-01-14 11:00:00,Building_C,141.7,31.2,155.49,97.44,58.05,62.7,False,none,normal
2026-01-14 12:00:00,Building_C,138.74,30.76,154.66,97.91,56.75,63.3,False,none,normal
2026-01-14 13:00:00,Building_C,137.28,30.93,154.78,93.78,61.0,60.6,False,none,normal
2026-01-14 14:00:00,Building_C,136.67,13.31,64.03,44.07,19.96,68.8,False,none,normal
2026-01-14 15:00:00,Building_C,139.29,13.0,64.41,45.44,18.97,70.5,False,none,normal
2026-01-14 16:00:00,Building_C,145.95,13.4,63.47,38.75,24.72,61.1,False,none,normal
2026-01-14 17:00:00,Building_C,143.77,26.48,129.85,84.47,45.38,65.1,False,none,normal
2026-01-14 18:00:00,Building_C,143.64,26.26,128.63,84.6,44.03,65.8,False,none,normal
2026-01-14 19:00:00,Building_C,82.11,12.72,48.11,29.92,18.19,62.2,False,none,normal
2026-01-14 20:00:00,Building_C,75.32,6.55,24.42,16.62,7.8,68.0,False,none,normal
2026-01-14 21:00:00,Building_C,86.76,6.96,26.17,16.22,9.95,62.0,False,none,normal
2026-01-14 22:00:00,Building_C,75.99,6.82,26.13,18.61,7.52,71.2,False,none,normal
2026-01-14 23:00:00,Building_C,33.72,0.45,1.97,1.32,0.65,67.2,False,none,normal
2026-01-15 00:00:00,Building_C,36.79,1.65,2.62,1.64,0.98,62.7,False,none,normal
2026-01-15 01:00:00,Building_C,27.66,1.33,0.58,0.41,0.17,70.9,False,none,normal
2026-01-15 02:00:00,Building_C,24.96,1.35,1.91,1.23,0.68,64.2,False,none,normal
2026-01-15 03:00:00,Building_C,28.08,0.43,0.89,0.56,0.33,62.9,False,none,normal
2026-01-15 04:00:00,Building_C,36.22,0.87,2.07,1.24,0.83,59.8,False,none,normal
2026-01-15 05:00:00,Building_C,33.7,0.36,4.04,2.6,1.44,64.4,False,none,normal
2026-01-15 06:00:00,Building_C,70.54,6.25,23.42,14.61,8.81,62.4,False,none,normal
2026-01-15 07:00:00,Building_C,80.26,6.27,23.49,14.18,9.31,60.4,False,none,normal
2026-01-15 08:00:00,Building_C,144.02,13.42,63.92,41.5,22.42,64.9,False,none,normal
2026-01-15 09:00:00,Building_C,136.23,13.02,64.5,41.36,23.14,64.1,False,none,normal
2026-01-15 10:00:00,Building_C,142.32,13.11,62.96,43.93,19.03,69.8,False,none,normal
2026-01-15 11:00:00,Building_C,139.9,31.78,154.64,112.71,41.93,72.9,False,none,normal
2026-01-15 12:00:00,Building_C,145.43,31.27,153.27,95.32,57.95,62.2,False,none,normal
2026-01-15 13:00:00,Building_C,142.86,31.25,153.43,104.84,48.59,68.3,False,none,normal
2026-01-15 14:00:00,Building_C,140.89,13.29,63.05,43.5,19.55,69.0,False,none,normal
2026-01-15 15:00:00,Building_C,142.74,13.42,65.4,42.29,23.11,64.7,False,none,normal
2026-01-15 16:00:00,Building_C,140.07,13.62,63.88,43.43,20.45,68.0,False,none,normal
2026-01-15 17:00:00,Building_C,139.21,25.34,126.98,84.6,42.38,66.6,False,none,normal
2026-01-15 18:00:00,Building_C,143.54,26.14,129.83,86.42,43.41,66.6,False,none,normal
2026-01-15 19:00:00,Building_C,78.61,13.21,49.14,30.81,18.33,62.7,False,none,normal
2026-01-15 20:00:00,Building_C,83.6,6.53,23.74,15.26,8.48,64.3,False,none,normal
2026-01-15 21:00:00,Building_C,87.37,6.98,24.69,16.11,8.58,65.2,False,none,normal
2026-01-15 22:00:00,Building_C,75.98,7.1,25.71,17.48,8.23,68.0,False,none,normal
2026-01-15 23:00:00,Building_C,22.68,1.16,1.38,0.93,0.45,67.7,False,none,normal
2026-01-16 00:00:00,Building_C,29.97,1.07,2.27,1.41,0.86,61.9,False,none,normal
2026-01-16 01:00:00,Building_C,29.48,1.21,3.14,2.14,1.0,68.2,False,none,normal
2026-01-16 02:00:00,Building_C,36.08,1.17,3.32,1.93,1.39,58.0,False,none,normal
2026-01-16 03:00:00,Building_C,39.87,1.9,2.08,1.42,0.66,68.3,False,none,normal
2026-01-16 04:00:00,Building_C,31.63,1.07,0.8,0.52,0.28,64.8,False,none,normal
2026-01-16 05:00:00,Building_C,34.0,1.29,3.91,2.56,1.35,65.4,False,none,normal
2026-01-16 06:00:00,Building_C,75.76,7.07,23.0,14.44,8.56,62.8,False,none,normal
2026-01-16 07:00:00,Building_C,82.8,6.64,22.73,14.1,8.63,62.0,False,none,normal
2026-01-16 08:00:00,Building_C,134.81,13.22,65.65,39.46,26.19,60.1,False,none,normal
2026-01-16 09:00:00,Building_C,144.71,13.32,63.43,36.2,27.23,57.1,False,none,normal
2026-01-16 10:00:00,Building_C,136.45,12.79,66.08,42.64,23.44,64.5,False,none,normal
2026-01-16 11:00:00,Building_C,136.7,31.25,152.59,102.32,50.27,67.1,False,none,normal
2026-01-16 12:00:00,Building_C,136.82,30.9,154.59,111.31,43.28,72.0,False,none,normal
2026-01-16 13:00:00,Building_C,149.52,30.83,153.42,102.89,50.53,67.1,False,none,normal
2026-01-16 14:00:00,Building_C,145.41,12.24,64.33,40.56,23.77,63.1,False,none,normal
2026-01-16 15:00:00,Building_C,133.04,12.53,63.54,41.45,22.09,65.2,False,none,normal
2026-01-16 16:00:00,Building_C,144.76,13.12,65.36,42.55,22.81,65.1,False,none,normal
2026-01-16 17:00:00,Building_C,137.91,25.93,129.28,89.37,39.91,69.1,False,none,normal
2026-01-16 18:00:00,Building_C,140.14,25.67,128.85,86.22,42.63,66.9,False,none,normal
2026-01-16 19:00:00,Building_C,86.65,12.76,48.13,32.74,15.39,68.0,False,none,normal
2026-01-16 20:00:00,Building_C,80.09,6.34,25.97,15.46,10.51,59.5,False,none,normal
2026-01-16 21:00:00,Building_C,89.94,6.28,25.51,16.47,9.04,64.6,False,none,normal
2026-01-16 22:00:00,Building_C,82.8,6.41,25.49,16.21,9.28,63.6,False,none,normal
2026-01-16 23:00:00,Building_C,29.49,1.78,1.56,0.97,0.59,62.3,False,none,normal
2026-01-17 00:00:00,Building_C,25.82,1.8,0.87,0.64,0.23,73.2,False,none,normal
2026-01-17 01:00:00,Building_C,33.37,1.2,1.73,1.28,0.45,73.9,False,none,normal
2026-01-17 02:00:00,Building_C,23.01,1.22,1.21,0.78,0.43,64.1,False,none,normal
2026-01-17 03:00:00,Building_C,32.38,1.05,1.75,1.14,0.61,64.9,False,none,normal
2026-01-17 04:00:00,Building_C,26.52,1.28,2.39,1.5,0.89,62.8,False,none,normal
2026-01-17 05:00:00,Building_C,39.25,1.61,2.54,1.74,0.8,68.3,False,none,normal
2026-01-17 06:00:00,Building_C,31.9,1.55,3.41,2.33,1.08,68.2,False,none,normal
2026-01-17 07:00:00,Building_C,29.5,1.13,2.22,1.52,0.7,68.4,False,none,normal
2026-01-17 08:00:00,Building_C,31.47,0.95,3.43,2.08,1.35,60.7,False,none,normal
2026-01-17 09:00:00,Building_C,28.01,0.68,0.5,0.35,0.15,70.0,False,none,normal
2026-01-17 10:00:00,Building_C,50.52,2.27,11.3,7.34,3.96,65.0,False,none,normal
2026-01-17 11:00:00,Building_C,40.63,6.28,27.34,18.16,9.18,66.4,False,none,normal
2026-01-17 12:00:00,Building_C,41.97,5.43,24.86,16.26,8.6,65.4,False,none,normal
2026-01-17 13:00:00,Building_C,46.64,5.39,23.94,17.6,6.34,73.5,False,none,normal
2026-01-17 14:00:00,Building_C,46.35,2.45,10.2,5.99,4.21,58.8,False,none,normal
2026-01-17 15:00:00,Building_C,45.06,2.18,11.56,7.93,3.63,68.6,False,none,normal
2026-01-17 16:00:00,Building_C,48.46,2.64,12.87,8.57,4.3,66.6,False,none,normal
2026-01-17 17:00:00,Building_C,49.79,4.76,19.13,12.32,6.81,64.4,False,none,normal
2026-01-17 18:00:00,Building_C,41.93,4.67,20.46,13.79,6.67,67.4,False,none,normal
2026-01-17 19:00:00,Building_C,35.7,2.71,5.0,2.91,2.09,58.3,False,none,normal
2026-01-17 20:00:00,Building_C,26.98,2.17,2.74,1.81,0.93,65.9,False,none,normal
2026-01-17 21:00:00,Building_C,31.91,1.13,0.5,0.31,0.19,61.9,False,none,normal
2026-01-17 22:00:00,Building_C,31.33,0.9,0.83,0.62,0.21,75.2,False,none,normal
2026-01-17 23:00:00,Building_C,30.77,1.24,1.82,1.23,0.59,67.4,False,none,normal
2026-01-18 00:00:00,Building_C,29.87,1.58,2.06,1.23,0.83,59.9,False,none,normal
2026-01-18 01:00:00,Building_C,31.35,1.09,1.27,0.85,0.42,67.0,False,none,normal
2026-01-18 02:00:00,Building_C,34.32,1.33,1.94,1.27,0.67,65.3,False,none,normal
2026-01-18 03:00:00,Building_C,23.17,1.42,2.12,1.29,0.83,61.1,False,none,normal
2026-01-18 04:00:00,Building_C,32.9,1.37,2.93,1.96,0.97,67.0,False,none,normal
2026-01-18 05:00:00,Building_C,33.06,1.48,1.16,0.77,0.39,66.6,False,none,normal
2026-01-18 06:00:00,Building_C,29.29,1.54,0.5,0.34,0.16,68.3,False,none,normal
2026-01-18 07:00:00,Building_C,31.85,1.48,0.59,0.39,0.2,65.4,False,none,normal
2026-01-18 08:00:00,Building_C,32.02,1.3,0.5,0.34,0.16,67.5,False,none,normal
2026-01-18 09:00:00,Building_C,24.39,0.91,0.5,0.34,0.16,68.3,False,none,normal
2026-01-18 10:00:00,Building_C,47.0,2.45,12.47,7.95,4.52,63.7,False,none,normal
2026-01-18 11:00:00,Building_C,47.84,5.53,25.59,17.97,7.62,70.2,False,none,normal
2026-01-18 12:00:00,Building_C,53.72,5.35,26.69,17.69,9.0,66.3,False,none,normal
2026-01-18 13:00:00,Building_C,46.72,5.59,25.29,12.81,12.48,50.7,False,none,normal
2026-01-18 14:00:00,Building_C,51.54,2.05,10.41,6.67,3.74,64.1,False,none,normal
2026-01-18 15:00:00,Building_C,42.26,2.38,10.65,6.62,4.03,62.1,False,none,normal
2026-01-18 16:00:00,Building_C,45.99,2.28,11.82,7.05,4.77,59.6,False,none,normal
2026-01-18 17:00:00,Building_C,42.18,4.84,20.64,12.67,7.97,61.4,False,none,normal
2026-01-18 18:00:00,Building_C,43.04,4.55,21.29,13.66,7.63,64.2,False,none,normal
2026-01-18 19:00:00,Building_C,27.66,2.56,4.65,2.67,1.98,57.4,False,none,normal
2026-01-18 20:00:00,Building_C,25.56,1.5,3.41,1.93,1.48,56.5,False,none,normal
2026-01-18 21:00:00,Building_C,35.04,1.72,0.5,0.36,0.14,71.3,False,none,normal
2026-01-18 22:00:00,Building_C,31.07,1.26,0.67,0.46,0.21,69.0,False,none,normal
2026-01-18 23:00:00,Building_C,35.12,1.75,3.26,2.12,1.14,65.0,False,none,normal
2026-01-19 00:00:00,Building_C,44.21,1.62,2.18,1.33,0.85,61.0,False,none,normal
2026-01-19 01:00:00,Building_C,25.66,0.64,0.5,0.35,0.15,70.5,False,none,normal
2026-01-19 02:00:00,Building_C,33.73,0.93,1.37,0.88,0.49,64.0,False,none,normal
2026-01-19 03:00:00,Building_C,34.98,0.84,1.95,1.29,0.66,66.2,False,none,normal
2026-01-19 04:00:00,Building_C,28.38,1.7,1.17,0.71,0.46,61.0,False,none,normal
2026-01-19 05:00:00,Building_C,35.19,1.17,2.02,1.22,0.8,60.3,False,none,normal
2026-01-19 06:00:00,Building_C,84.96,7.26,22.95,15.24,7.71,66.4,False,none,normal
2026-01-19 07:00:00,Building_C,78.57,7.44,25.95,17.16,8.79,66.1,False,none,normal
2026-01-19 08:00:00,Building_C,135.82,12.65,65.12,38.78,26.34,59.6,False,none,normal
2026-01-19 09:00:00,Building_C,135.41,13.0,64.39,42.83,21.56,66.5,False,none,normal
2026-01-19 10:00:00,Building_C,138.97,13.32,63.19,42.66,20.53,67.5,False,none,normal
2026-01-19 11:00:00,Building_C,141.59,31.41,155.56,98.28,57.28,63.2,False,none,normal
2026-01-19 12:00:00,Building_C,138.09,30.6,151.72,97.55,54.17,64.3,False,none,normal
2026-01-19 13:00:00,Building_C,140.3,30.81,153.09,108.84,44.25,71.1,False,none,normal
2026-01-19 14:00:00,Building_C,144.23,12.56,63.69,42.43,21.26,66.6,False,none,normal
2026-01-19 15:00:00,Building_C,138.23,12.71,63.82,44.27,19.55,69.4,False,none,normal
2026-01-19 16:00:00,Building_C,145.46,12.74,64.78,42.09,22.69,65.0,False,none,normal
2026-01-19 17:00:00,Building_C,136.7,25.89,126.93,88.41,38.52,69.7,False,none,normal
2026-01-19 18:00:00,Building_C,146.94,25.85,127.67,88.37,39.3,69.2,False,none,normal
2026-01-19 19:00:00,Building_C,86.58,12.61,48.76,31.58,17.18,64.8,False,none,normal
2026-01-19 20:00:00,Building_C,78.63,6.63,23.63,14.85,8.78,62.8,False,none,normal
2026-01-19 21:00:00,Building_C,81.31,5.98,22.0,15.11,6.89,68.7,False,none,normal
2026-01-19 22:00:00,Building_C,78.75,7.25,26.83,16.9,9.93,63.0,False,none,normal
2026-01-19 23:00:00,Building_C,41.13,1.48,0.75,0.41,0.34,54.7,False,none,normal
2026-01-20 00:00:00,Building_C,34.53,1.16,2.05,1.31,0.74,64.1,False,none,normal
2026-01-20 01:00:00,Building_C,27.2,1.0,2.38,1.51,0.87,63.6,False,none,normal
2026-01-20 02:00:00,Building_C,30.34,0.62,1.64,0.99,0.65,60.6,False,none,normal
2026-01-20 03:00:00,Building_C,35.45,0.89,1.17,0.86,0.31,73.7,False,none,normal
2026-01-20 04:00:00,Building_C,30.55,0.99,2.23,1.29,0.94,57.9,False,none,normal
2026-01-20 05:00:00,Building_C,36.78,1.49,2.16,1.11,1.05,51.5,False,none,normal
2026-01-20 06:00:00,Building_C,80.68,6.05,25.82,17.87,7.95,69.2,False,none,normal
2026-01-20 07:00:00,Building_C,83.27,6.08,26.26,16.79,9.47,64.0,False,none,normal
2026-01-20 08:00:00,Building_C,147.95,13.09,64.83,40.95,23.88,63.2,False,none,normal
2026-01-20 09:00:00,Building_C,146.36,13.21,65.96,43.34,22.62,65.7,False,none,normal
2026-01-20 10:00:00,Building_C,140.54,13.21,65.96,45.56,20.4,69.1,False,none,normal
2026-01-20 11:00:00,Building_C,141.28,30.54,155.11,91.9,63.21,59.2,False,none,normal
2026-01-20 12:00:00,Building_C,140.87,31.15,152.44,101.36,51.08,66.5,False,none,normal
2026-01-20 13:00:00,Building_C,149.35,31.09,155.06,115.4,39.66,74.4,False,none,normal
2026-01-20 14:00:00,Building_C,144.18,12.77,64.51,43.17,21.34,66.9,False,none,normal
2026-01-20 15:00:00,Building_C,146.47,13.42,60.9,37.5,23.4,61.6,False,none,normal
2026-01-20 16:00:00,Building_C,140.45,12.64,59.78,37.12,22.66,62.1,False,none,normal
2026-01-20 17:00:00,Building_C,140.72,25.81,127.25,82.92,44.33,65.2,False,none,normal
2026-01-20 18:00:00,Building_C,142.1,25.83,130.1,84.87,45.23,65.2,False,none,normal
2026-01-20 19:00:00,Building_C,78.23,12.6,48.68,33.81,14.87,69.5,False,none,normal
2026-01-20 20:00:00,Building_C,78.42,6.71,24.58,17.94,6.64,73.0,False,none,normal
2026-01-20 21:00:00,Building_C,83.28,6.25,25.35,17.26,8.09,68.1,False,none,normal
2026-01-20 22:00:00,Building_C,80.13,6.09,25.11,16.39,8.72,65.3,False,none,normal
2026-01-20 23:00:00,Building_C,25.71,1.24,0.76,0.45,0.31,58.9,False,none,normal
2026-01-21 00:00:00,Building_C,30.37,1.6,2.98,2.05,0.93,68.8,False,none,normal
2026-01-21 01:00:00,Building_C,32.85,1.36,1.65,1.0,0.65,60.6,False,none,normal
2026-01-21 02:00:00,Building_C,28.16,0.93,3.21,2.22,0.99,69.3,False,none,normal
2026-01-21 03:00:00,Building_C,27.46,1.17,1.05,0.68,0.37,64.4,False,none,normal
2026-01-21 04:00:00,Building_C,29.63,1.64,1.51,0.99,0.52,65.9,False,none,normal
2026-01-21 05:00:00,Building_C,32.68,0.79,1.66,1.15,0.51,69.2,False,none,normal
2026-01-21 06:00:00,Building_C,87.61,6.1,22.64,14.77,7.87,65.2,False,none,normal
2026-01-21 07:00:00,Building_C,86.15,6.62,25.28,15.06,10.22,59.6,False,none,normal
2026-01-21 08:00:00,Building_C,138.44,12.23,64.05,36.09,27.96,56.3,False,none,normal
2026-01-21 09:00:00,Building_C,146.06,13.54,64.39,37.96,26.43,58.9,False,none,normal
2026-01-21 10:00:00,Building_C,142.23,13.65,64.8,45.19,19.61,69.7,False,none,normal
2026-01-21 11:00:00,Building_C,138.79,30.89,154.05,88.26,65.79,57.3,False,none,normal
2026-01-21 12:00:00,Building_C,149.79,31.24,155.18,98.0,57.18,63.2,False,none,normal
2026-01-21 13:00:00,Building_C,134.56,31.69,152.79,101.45,51.34,66.4,False,none,normal
2026-01-21 14:00:00,Building_C,142.5,13.02,63.28,40.75,22.53,64.4,False,none,normal
2026-01-21 15:00:00,Building_C,136.93,13.28,64.91,42.14,22.77,64.9,False,none,normal
2026-01-21 16:00:00,Building_C,138.46,13.74,62.66,36.86,25.8,58.8,False,none,normal
2026-01-21 17:00:00,Building_C,140.4,25.91,129.77,87.7,42.07,67.6,False,none,normal
2026-01-21 18:00:00,Building_C,140.85,26.17,129.03,94.73,34.3,73.4,False,none,normal
2026-01-21 19:00:00,Building_C,82.73,12.76,49.17,26.81,22.36,54.5,False,none,normal
2026-01-21 20:00:00,Building_C,81.58,6.88,25.19,16.67,8.52,66.2,False,none,normal
2026-01-21 21:00:00,Building_C,84.31,6.89,26.18,17.49,8.69,66.8,False,none,normal
2026-01-21 22:00:00,Building_C,80.45,5.69,25.64,17.19,8.45,67.1,False,none,normal
2026-01-21 23:00:00,Building_C,32.39,0.91,2.69,1.72,0.97,64.0,False,none,normal
2026-01-22 00:00:00,Building_C,31.64,1.13,2.07,1.25,0.82,60.4,False,none,normal
2026-01-22 01:00:00,Building_C,34.03,0.89,0.71,0.49,0.22,68.5,False,none,normal
2026-01-22 02:00:00,Building_C,27.8,1.46,1.65,0.96,0.69,58.4,False,none,normal
2026-01-22 03:00:00,Building_C,37.24,1.26,2.0,1.38,0.62,69.0,False,none,normal
2026-01-22 04:00:00,Building_C,37.77,1.22,2.27,1.51,0.76,66.5,False,none,normal
2026-01-22 05:00:00,Building_C,30.41,0.59,1.79,1.26,0.53,70.5,False,none,normal
2026-01-22 06:00:00,Building_C,84.05,6.13,25.78,16.44,9.34,63.8,False,none,normal
2026-01-22 07:00:00,Building_C,73.35,6.86,23.33,16.83,6.5,72.1,False,none,normal
2026-01-22 08:00:00,Building_C,145.32,12.92,64.78,48.39,16.39,74.7,False,none,normal
2026-01-22 09:00:00,Building_C,144.73,13.08,67.69,44.32,23.37,65.5,False,none,normal
2026-01-22 10:00:00,Building_C,143.06,12.67,62.22,39.73,22.49,63.8,False,none,normal
2026-01-22 11:00:00,Building_C,140.88,31.31,152.44,103.11,49.33,67.6,False,none,normal
2026-01-22 12:00:00,Building_C,137.41,31.41,155.26,98.46,56.8,63.4,False,none,normal
2026-01-22 13:00:00,Building_C,136.88,31.74,155.19,101.82,53.37,65.6,False,none,normal
2026-01-22 14:00:00,Building_C,146.6,13.03,63.48,38.72,24.76,61.0,False,none,normal
2026-01-22 15:00:00,Building_C,140.3,13.27,65.89,42.89,23.0,65.1,False,none,normal
2026-01-22 16:00:00,Building_C,145.58,12.92,63.29,37.83,25.46,59.8,False,none,normal
2026-01-22 17:00:00,Building_C,138.71,25.55,130.86,87.36,43.5,66.8,False,none,normal
2026-01-22 18:00:00,Building_C,140.35,26.6,126.89,81.78,45.11,64.5,False,none,normal
2026-01-22 19:00:00,Building_C,89.71,12.95,51.87,35.35,16.52,68.1,False,none,normal
2026-01-22 20:00:00,Building_C,86.94,6.97,24.47,15.43,9.04,63.0,False,none,normal
2026-01-22 21:00:00,Building_C,81.25,6.15,24.39,15.85,8.54,65.0,False,none,normal
2026-01-22 22:00:00,Building_C,88.47,6.71,27.3,15.39,11.91,56.4,False,none,normal
2026-01-22 23:00:00,Building_C,26.91,1.02,3.32,2.14,1.18,64.6,False,none,normal
2026-01-23 00:00:00,Building_C,25.91,1.06,0.5,0.3,0.2,59.4,False,none,normal
2026-01-23 01:00:00,Building_C,39.77,1.02,1.74,1.12,0.62,64.6,False,none,normal
2026-01-23 02:00:00,Building_C,30.77,0.85,1.16,0.77,0.39,66.3,False,none,normal
2026-01-23 03:00:00,Building_C,37.45,1.48,0.5,0.34,0.16,69.0,False,none,normal
2026-01-23 04:00:00,Building_C,33.68,0.93,1.75,1.18,0.57,67.3,False,none,normal
2026-01-23 05:00:00,Building_C,31.97,1.31,0.5,0.36,0.14,73.0,False,none,normal
2026-01-23 06:00:00,Building_C,74.0,6.7,24.91,16.83,8.08,67.6,False,none,normal
2026-01-23 07:00:00,Building_C,78.88,6.91,24.34,14.67,9.67,60.3,False,none,normal
2026-01-23 08:00:00,Building_C,136.35,13.04,62.31,44.99,17.32,72.2,False,none,normal
2026-01-23 09:00:00,Building_C,144.93,13.64,66.29,42.16,24.13,63.6,False,none,normal
2026-01-23 10:00:00,Building_C,137.25,12.06,63.74,45.93,17.81,72.1,False,none,normal
2026-01-23 11:00:00,Building_C,137.42,31.12,153.47,102.06,51.41,66.5,False,none,normal
2026-01-23 12:00:00,Building_C,145.88,30.66,152.52,108.21,44.31,70.9,False,none,normal
2026-01-23 13:00:00,Building_C,143.66,31.1,156.19,93.0,63.19,59.5,False,none,normal
2026-01-23 14:00:00,Building_C,144.46,12.97,64.95,36.02,28.93,55.5,False,none,normal
2026-01-23 15:00:00,Building_C,139.69,13.26,64.15,44.92,19.23,70.0,False,none,normal
2026-01-23 16:00:00,Building_C,145.62,12.66,65.21,39.8,25.41,61.0,False,none,normal
2026-01-23 17:00:00,Building_C,140.95,26.23,127.45,86.85,40.6,68.1,False,none,normal
2026-01-23 18:00:00,Building_C,138.71,25.79,129.3,79.72,49.58,61.7,False,none,normal
2026-01-23 19:00:00,Building_C,78.17,13.36,49.06,29.04,20.02,59.2,False,none,normal
2026-01-23 20:00:00,Building_C,85.14,6.36,22.78,12.52,10.26,55.0,False,none,normal
2026-01-23 21:00:00,Building_C,85.33,6.2,22.97,15.52,7.45,67.6,False,none,normal
2026-01-23 22:00:00,Building_C,84.94,6.22,25.56,18.71,6.85,73.2,False,none,normal
2026-01-23 23:00:00,Building_C,37.16,1.56,1.91,1.21,0.7,63.2,False,none,normal
2026-01-24 00:00:00,Building_C,31.55,1.3,0.5,0.31,0.19,61.9,False,none,normal
2026-01-24 01:00:00,Building_C,26.07,1.23,1.63,1.02,0.61,62.4,False,none,normal
2026-01-24 02:00:00,Building_C,35.06,0.78,0.7,0.48,0.22,68.1,False,none,normal
2026-01-24 03:00:00,Building_C,35.49,0.87,1.81,1.12,0.69,61.9,False,none,normal
2026-01-24 04:00:00,Building_C,30.99,1.2,2.2,1.46,0.74,66.3,False,none,normal
2026-01-24 05:00:00,Building_C,32.87,0.77,2.0,1.34,0.66,67.2,False,none,normal
2026-01-24 06:00:00,Building_C,34.53,0.9,2.63,1.57,1.06,59.7,False,none,normal
2026-01-24 07:00:00,Building_C,30.05,1.05,0.5,0.32,0.18,63.8,False,none,normal
2026-01-24 08:00:00,Building_C,32.66,0.51,1.06,0.61,0.45,58.0,False,none,normal
2026-01-24 09:00:00,Building_C,39.94,1.22,1.68,1.11,0.57,65.9,False,none,normal
2026-01-24 10:00:00,Building_C,47.82,2.64,8.83,6.2,2.63,70.2,False,none,normal
2026-01-24 11:00:00,Building_C,50.38,5.48,25.55,13.44,12.11,52.6,False,none,normal
2026-01-24 12:00:00,Building_C,40.42,5.69,27.13,18.43,8.7,67.9,False,none,normal
2026-01-24 13:00:00,Building_C,45.09,6.18,26.9,17.06,9.84,63.4,False,none,normal
2026-01-24 14:00:00,Building_C,54.13,1.91,8.94,5.66,3.28,63.3,False,none,normal
2026-01-24 15:00:00,Building_C,42.36,2.17,11.66,7.56,4.1,64.9,False,none,normal
2026-01-24 16:00:00,Building_C,45.36,2.31,7.93,4.67,3.26,58.9,False,none,normal
2026-01-24 17:00:00,Building_C,43.86,4.29,21.13,14.92,6.21,70.6,False,none,normal
2026-01-24 18:00:00,Building_C,45.1,4.12,20.46,14.7,5.76,71.8,False,none,normal
2026-01-24 19:00:00,Building_C,37.91,2.5,1.18,0.78,0.4,66.2,False,none,normal
2026-01-24 20:00:00,Building_C,33.31,1.16,0.85,0.54,0.31,63.5,False,none,normal
2026-01-24 21:00:00,Building_C,29.22,0.75,3.17,2.17,1.0,68.5,False,none,normal
2026-01-24 22:00:00,Building_C,30.64,1.27,2.0,1.49,0.51,74.4,False,none,normal
2026-01-24 23:00:00,Building_C,35.27,1.44,1.57,0.99,0.58,63.3,False,none,normal
2026-01-25 00:00:00,Building_C,37.31,1.38,0.53,0.35,0.18,66.8,False,none,normal
2026-01-25 01:00:00,Building_C,35.13,0.41,0.5,0.33,0.17,66.5,False,none,normal
2026-01-25 02:00:00,Building_C,24.08,0.53,1.2,0.8,0.4,67.0,False,none,normal
2026-01-25 03:00:00,Building_C,33.93,1.7,1.63,1.04,0.59,63.5,False,none,normal
2026-01-25 04:00:00,Building_C,26.55,1.01,2.38,1.62,0.76,68.0,False,none,normal
2026-01-25 05:00:00,Building_C,32.84,1.34,3.06,2.0,1.06,65.3,False,none,normal
2026-01-25 06:00:00,Building_C,37.25,0.89,1.44,0.91,0.53,63.1,False,none,normal
2026-01-25 07:00:00,Building_C,34.95,0.79,1.14,0.66,0.48,57.6,False,none,normal
2026-01-25 08:00:00,Building_C,34.16,1.58,2.62,1.79,0.83,68.3,False,none,normal
2026-01-25 09:00:00,Building_C,35.14,1.39,2.27,1.54,0.73,67.7,False,none,normal
2026-01-25 10:00:00,Building_C,42.77,2.22,10.79,6.87,3.92,63.7,False,none,normal
2026-01-25 11:00:00,Building_C,39.13,5.07,25.97,17.82,8.15,68.6,False,none,normal
2026-01-25 12:00:00,Building_C,45.43,6.47,24.59,16.42,8.17,66.8,False,none,normal
2026-01-25 13:00:00,Building_C,50.56,5.88,26.48,18.35,8.13,69.3,False,none,normal
2026-01-25 14:00:00,Building_C,45.62,2.88,12.24,7.54,4.7,61.6,False,none,normal
2026-01-25 15:00:00,Building_C,46.68,1.75,12.53,8.26,4.27,65.9,False,none,normal
2026-01-25 16:00:00,Building_C,50.79,2.26,8.48,6.41,2.07,75.5,False,none,normal
2026-01-25 17:00:00,Building_C,45.92,4.24,22.78,16.66,6.12,73.1,False,none,normal
2026-01-25 18:00:00,Building_C,44.59,4.55,21.69,13.13,8.56,60.6,False,none,normal
2026-01-25 19:00:00,Building_C,29.02,2.92,2.9,1.79,1.11,61.6,False,none,normal
2026-01-25 20:00:00,Building_C,29.97,1.52,0.5,0.33,0.17,66.0,False,none,normal
2026-01-25 21:00:00,Building_C,41.63,1.86,2.22,1.56,0.66,70.3,False,none,normal
2026-01-25 22:00:00,Building_C,37.01,1.1,2.64,1.9,0.74,72.2,False,none,normal
2026-01-25 23:00:00,Building_C,26.72,1.35,1.96,1.28,0.68,65.4,False,none,normal
2026-01-26 00:00:00,Building_C,31.84,1.23,1.91,1.33,0.58,69.5,False,none,normal
2026-01-26 01:00:00,Building_C,33.68,1.08,0.52,0.33,0.19,63.1,False,none,normal
2026-01-26 02:00:00,Building_C,32.82,0.9,2.66,1.77,0.89,66.7,False,none,normal
2026-01-26 03:00:00,Building_C,36.35,0.92,0.53,0.37,0.16,69.5,False,none,normal
2026-01-26 04:00:00,Building_C,32.3,1.08,2.37,1.6,0.77,67.6,False,none,normal
2026-01-26 05:00:00,Building_C,26.75,1.63,1.04,0.75,0.29,71.8,False,none,normal
2026-01-26 06:00:00,Building_C,76.38,6.61,24.24,13.84,10.4,57.1,False,none,normal
2026-01-26 07:00:00,Building_C,84.35,5.83,24.12,16.74,7.38,69.4,False,none,normal
2026-01-26 08:00:00,Building_C,138.61,12.68,65.19,41.72,23.47,64.0,False,none,normal
2026-01-26 09:00:00,Building_C,139.11,13.44,62.82,39.68,23.14,63.2,False,none,normal
2026-01-26 10:00:00,Building_C,144.2,12.57,66.36,42.56,23.8,64.1,False,none,normal
2026-01-26 11:00:00,Building_C,144.23,31.5,153.96,97.12,56.84,63.1,False,none,normal
2026-01-26 12:00:00,Building_C,140.56,31.44,152.96,92.06,60.9,60.2,False,none,normal
2026-01-26 13:00:00,Building_C,146.67,30.94,154.56,99.21,55.35,64.2,False,none,normal
2026-01-26 14:00:00,Building_C,140.1,13.5,64.12,40.76,23.36,63.6,False,none,normal
2026-01-26 15:00:00,Building_C,139.65,12.82,63.42,39.96,23.46,63.0,False,none,normal
2026-01-26 16:00:00,Building_C,147.38,13.25,63.81,43.98,19.83,68.9,False,none,normal
2026-01-26 17:00:00,Building_C,134.38,26.48,130.0,96.13,33.87,73.9,False,none,normal
2026-01-26 18:00:00,Building_C,144.78,26.15,130.0,81.25,48.75,62.5,False,none,normal
2026-01-26 19:00:00,Building_C,80.13,12.98,50.58,31.15,19.43,61.6,False,none,normal
2026-01-26 20:00:00,Building_C,77.87,6.58,25.33,15.75,9.58,62.2,False,none,normal
2026-01-26 21:00:00,Building_C,84.4,6.98,25.91,17.21,8.7,66.4,False,none,normal
2026-01-26 22:00:00,Building_C,81.35,7.11,24.49,16.84,7.65,68.8,False,none,normal
2026-01-26 23:00:00,Building_C,39.61,1.44,0.5,0.3,0.2,60.0,False,none,normal
2026-01-27 00:00:00,Building_C,30.59,1.4,2.06,1.52,0.54,73.8,False,none,normal
2026-01-27 01:00:00,Building_C,33.52,1.03,0.5,0.35,0.15,69.7,False,none,normal
2026-01-27 02:00:00,Building_C,31.75,0.62,1.56,0.95,0.61,61.0,False,none,normal
2026-01-27 03:00:00,Building_C,30.08,1.15,0.5,0.32,0.18,63.0,False,none,normal
2026-01-27 04:00:00,Building_C,28.8,0.9,0.5,0.32,0.18,63.1,False,none,normal
2026-01-27 05:00:00,Building_C,28.2,1.35,1.77,1.24,0.53,69.8,False,none,normal
2026-01-27 06:00:00,Building_C,89.26,6.74,25.01,17.0,8.01,68.0,False,none,normal
2026-01-27 07:00:00,Building_C,83.58,6.52,24.43,14.88,9.55,60.9,False,none,normal
2026-01-27 08:00:00,Building_C,144.09,12.99,65.96,45.29,20.67,68.7,False,none,normal
2026-01-27 09:00:00,Building_C,138.23,13.43,61.15,44.47,16.68,72.7,False,none,normal
2026-01-27 10:00:00,Building_C,135.38,13.17,64.74,44.99,19.75,69.5,False,none,normal
2026-01-27 11:00:00,Building_C,139.42,30.44,153.75,98.59,55.16,64.1,False,none,normal
2026-01-27 12:00:00,Building_C,132.53,31.21,152.85,103.32,49.53,67.6,False,none,normal
2026-01-27 13:00:00,Building_C,139.75,31.88,153.83,102.64,51.19,66.7,False,none,normal
2026-01-27 14:00:00,Building_C,139.88,12.43,63.98,43.52,20.46,68.0,False,none,normal
2026-01-27 15:00:00,Building_C,143.14,12.9,62.48,42.22,20.26,67.6,False,none,normal
2026-01-27 16:00:00,Building_C,142.41,13.29,63.9,37.23,26.67,58.3,False,none,normal
2026-01-27 17:00:00,Building_C,142.87,25.99,130.12,84.73,45.39,65.1,False,none,normal
2026-01-27 18:00:00,Building_C,140.55,26.14,127.73,79.73,48.0,62.4,False,none,normal
2026-01-27 19:00:00,Building_C,81.32,12.68,48.66,35.4,13.26,72.8,False,none,normal
2026-01-27 20:00:00,Building_C,85.89,6.61,26.33,16.25,10.08,61.7,False,none,normal
2026-01-27 21:00:00,Building_C,91.68,6.34,26.87,19.61,7.26,73.0,False,none,normal
2026-01-27 22:00:00,Building_C,74.7,7.01,24.13,15.14,8.99,62.7,False,none,normal
2026-01-27 23:00:00,Building_C,33.88,0.79,2.13,1.3,0.83,61.2,False,none,normal
2026-01-28 00:00:00,Building_C,32.49,1.61,1.99,1.26,0.73,63.6,False,none,normal
2026-01-28 01:00:00,Building_C,33.94,0.65,0.52,0.33,0.19,63.3,False,none,normal
2026-01-28 02:00:00,Building_C,34.93,1.29,2.17,1.41,0.76,64.9,False,none,normal
2026-01-28 03:00:00,Building_C,28.63,1.67,0.69,0.46,0.23,66.7,False,none,normal
2026-01-28 04:00:00,Building_C,31.33,1.34,0.8,0.55,0.25,69.2,False,none,normal
2026-01-28 05:00:00,Building_C,37.29,1.49,1.72,1.09,0.63,63.3,False,none,normal
2026-01-28 06:00:00,Building_C,93.0,6.15,25.52,16.93,8.59,66.3,False,none,normal
2026-01-28 07:00:00,Building_C,81.46,6.56,23.85,15.91,7.94,66.7,False,none,normal
2026-01-28 08:00:00,Building_C,142.0,13.94,65.51,43.93,21.58,67.1,False,none,normal
2026-01-28 09:00:00,Building_C,143.03,13.64,63.06,40.53,22.53,64.3,False,none,normal
2026-01-28 10:00:00,Building_C,133.1,13.19,65.24,39.81,25.43,61.0,False,none,normal
2026-01-28 11:00:00,Building_C,146.47,30.94,153.73,100.66,53.07,65.5,False,none,normal
2026-01-28 12:00:00,Building_C,147.11,30.89,154.49,105.21,49.28,68.1,False,none,normal
2026-01-28 13:00:00,Building_C,143.0,31.41,155.05,97.34,57.71,62.8,False,none,normal
2026-01-28 14:00:00,Building_C,147.48,12.96,63.93,45.0,18.93,70.4,False,none,normal
2026-01-28 15:00:00,Building_C,138.21,13.11,63.36,47.57,15.79,75.1,False,none,normal
2026-01-28 16:00:00,Building_C,149.97,12.96,64.85,42.17,22.68,65.0,False,none,normal
2026-01-28 17:00:00,Building_C,139.34,26.04,128.4,75.65,52.75,58.9,False,none,normal
2026-01-28 18:00:00,Building_C,141.78,25.98,128.82,83.33,45.49,64.7,False,none,normal
2026-01-28 19:00:00,Building_C,80.27,13.3,49.57,34.99,14.58,70.6,False,none,normal
2026-01-28 20:00:00,Building_C,83.69,6.43,25.21,14.39,10.82,57.1,False,none,normal
2026-01-28 21:00:00,Building_C,90.13,6.59,27.09,16.67,10.42,61.5,False,none,normal
2026-01-28 22:00:00,Building_C,77.24,6.63,24.9,16.52,8.38,66.4,False,none,normal
2026-01-28 23:00:00,Building_C,32.52,0.93,0.5,0.33,0.17,66.1,False,none,normal
2026-01-29 00:00:00,Building_C,26.65,0.66,1.07,0.71,0.36,66.7,False,none,normal
2026-01-29 01:00:00,Building_C,39.73,1.49,3.25,2.2,1.05,67.6,False,none,normal
2026-01-29 02:00:00,Building_C,33.25,2.02,0.5,0.32,0.18,63.3,False,none,normal
2026-01-29 03:00:00,Building_C,30.44,1.46,0.5,0.34,0.16,68.1,False,none,normal
2026-01-29 04:00:00,Building_C,34.1,1.43,2.48,1.76,0.72,71.2,False,none,normal
2026-01-29 05:00:00,Building_C,31.58,1.33,0.65,0.4,0.25,61.1,False,none,normal
2026-01-29 06:00:00,Building_C,88.77,6.21,25.24,16.94,8.3,67.1,False,none,normal
2026-01-29 07:00:00,Building_C,86.41,5.92,25.54,16.54,9.0,64.8,False,none,normal
2026-01-29 08:00:00,Building_C,138.33,12.91,65.47,44.47,21.0,67.9,False,none,normal
2026-01-29 09:00:00,Building_C,140.22,12.6,62.94,42.81,20.13,68.0,False,none,normal
2026-01-29 10:00:00,Building_C,135.62,12.96,67.44,45.08,22.36,66.8,False,none,normal
2026-01-29 11:00:00,Building_C,143.7,30.82,152.67,104.1,48.57,68.2,False,none,normal
2026-01-29 12:00:00,Building_C,139.6,31.61,154.31,122.25,32.06,79.2,False,none,normal
2026-01-29 13:00:00,Building_C,138.84,31.33,153.19,106.51,46.68,69.5,False,none,normal
2026-01-29 14:00:00,Building_C,142.89,12.7,63.96,45.34,18.62,70.9,False,none,normal
2026-01-29 15:00:00,Building_C,146.14,12.54,63.79,46.37,17.42,72.7,False,none,normal
2026-01-29 16:00:00,Building_C,140.46,13.1,65.58,39.39,26.19,60.1,False,none,normal
2026-01-29 17:00:00,Building_C,137.37,25.92,130.02,90.34,39.68,69.5,False,none,normal
2026-01-29 18:00:00,Building_C,144.01,25.98,129.93,84.18,45.75,64.8,False,none,normal
2026-01-29 19:00:00,Building_C,84.43,13.35,51.09,33.3,17.79,65.2,False,none,normal
2026-01-29 20:00:00,Building_C,80.66,6.99,26.23,16.58,9.65,63.2,False,none,normal
2026-01-29 21:00:00,Building_C,77.69,6.96,22.62,13.26,9.36,58.6,False,none,normal
2026-01-29 22:00:00,Building_C,81.04,6.53,23.19,15.28,7.91,65.9,False,none,normal
2026-01-29 23:00:00,Building_C,32.84,0.98,3.97,2.65,1.32,66.7,False,none,normal
2026-01-30 00:00:00,Building_C,36.29,0.64,0.5,0.33,0.17,66.8,False,none,normal
2026-01-30 01:00:00,Building_C,39.2,0.79,1.7,1.02,0.68,60.1,False,none,normal
2026-01-30 02:00:00,Building_C,28.9,1.21,0.94,0.56,0.38,59.8,False,none,normal
2026-01-30 03:00:00,Building_C,26.47,0.49,2.1,1.42,0.68,67.4,False,none,normal
2026-01-30 04:00:00,Building_C,34.15,0.83,2.74,1.86,0.88,67.8,False,none,normal
2026-01-30 05:00:00,Building_C,31.81,1.09,0.75,0.49,0.26,65.8,False,none,normal
2026-01-30 06:00:00,Building_C,88.18,6.9,24.16,16.22,7.94,67.2,False,none,normal
2026-01-30 07:00:00,Building_C,77.31,6.75,23.47,15.9,7.57,67.8,False,none,normal
2026-01-30 08:00:00,Building_C,152.61,12.8,67.73,45.35,22.38,67.0,False,none,normal
2026-01-30 09:00:00,Building_C,137.73,12.72,67.06,44.91,22.15,67.0,False,none,normal
2026-01-30 10:00:00,Building_C,138.47,12.93,64.74,42.06,22.68,65.0,False,none,normal
2026-01-30 11:00:00,Building_C,142.11,31.82,152.79,103.25,49.54,67.6,False,none,normal
2026-01-30 12:00:00,Building_C,140.44,31.02,155.43,91.94,63.49,59.2,False,none,normal
2026-01-30 13:00:00,Building_C,131.27,31.27,153.97,91.75,62.22,59.6,False,none,normal
2026-01-30 14:00:00,Building_C,133.89,13.67,64.78,42.16,22.62,65.1,False,none,normal
2026-01-30 15:00:00,Building_C,149.51,13.36,66.35,40.0,26.35,60.3,False,none,normal
2026-01-30 16:00:00,Building_C,135.86,13.21,64.72,45.3,19.42,70.0,False,none,normal
2026-01-30 17:00:00,Building_C,134.21,26.24,129.64,89.12,40.52,68.7,False,none,normal
2026-01-30 18:00:00,Building_C,139.1,26.18,127.52,81.39,46.13,63.8,False,none,normal
2026-01-30 19:00:00,Building_C,77.54,12.73,48.64,30.66,17.98,63.0,False,none,normal
2026-01-30 20:00:00,Building_C,78.68,6.04,26.82,16.9,9.92,63.0,False,none,normal
2026-01-30 21:00:00,Building_C,83.03,5.88,26.1,17.14,8.96,65.7,False,none,normal
2026-01-30 22:00:00,Building_C,79.94,6.35,25.51,13.57,11.94,53.2,False,none,normal
2026-01-30 23:00:00,Building_C,28.48,1.11,1.37,1.03,0.34,75.0,False,none,normal
2026-01-31 00:00:00,Building_C,30.43,1.49,3.7,2.5,1.2,67.7,False,none,normal
2026-01-31 01:00:00,Building_C,29.08,0.7,2.42,1.73,0.69,71.6,False,none,normal
2026-01-31 02:00:00,Building_C,33.96,1.58,4.64,3.17,1.47,68.3,False,none,normal
2026-01-31 03:00:00,Building_C,27.38,1.16,3.17,2.03,1.14,64.0,False,none,normal
2026-01-31 04:00:00,Building_C,37.8,1.12,1.93,1.23,0.7,63.6,False,none,normal
2026-01-31 05:00:00,Building_C,32.42,1.22,0.5,0.32,0.18,63.2,False,none,normal
2026-01-31 06:00:00,Building_C,26.85,1.0,0.57,0.39,0.18,69.0,False,none,normal
2026-01-31 07:00:00,Building_C,35.87,1.34,0.5,0.32,0.18,64.6,False,none,normal
2026-01-31 08:00:00,Building_C,26.39,1.1,2.31,1.59,0.72,69.0,False,none,normal
2026-01-31 09:00:00,Building_C,33.67,1.59,1.84,1.18,0.66,64.1,False,none,normal
2026-01-31 10:00:00,Building_C,48.89,2.61,10.08,6.7,3.38,66.5,False,none,normal
2026-01-31 11:00:00,Building_C,44.22,4.8,26.22,15.69,10.53,59.8,False,none,normal
2026-01-31 12:00:00,Building_C,46.71,4.97,24.83,15.71,9.12,63.3,False,none,normal
2026-01-31 13:00:00,Building_C,50.2,5.32,24.4,16.22,8.18,66.5,False,none,normal
2026-01-31 14:00:00,Building_C,44.53,2.57,9.49,6.25,3.24,65.8,False,none,normal
2026-01-31 15:00:00,Building_C,55.28,2.21,10.93,6.38,4.55,58.4,False,none,normal
2026-01-31 16:00:00,Building_C,41.99,2.45,10.31,6.95,3.36,67.5,False,none,normal
2026-01-31 17:00:00,Building_C,47.1,4.13,22.63,13.58,9.05,60.0,False,none,normal
2026-01-31 18:00:00,Building_C,42.34,4.67,23.29,14.2,9.09,61.0,False,none,normal
2026-01-31 19:00:00,Building_C,32.37,2.35,3.85,2.68,1.17,69.7,False,none,normal
2026-01-31 20:00:00,Building_C,30.16,1.5,3.13,2.26,0.87,72.1,False,none,normal
2026-01-31 21:00:00,Building_C,33.79,1.2,0.96,0.57,0.39,59.2,False,none,normal
2026-01-31 22:00:00,Building_C,30.67,1.19,1.4,0.94,0.46,67.4,False,none,normal
2026-01-31 23:00:00,Building_C,25.96,1.08,3.92,2.7,1.22,69.0,False,none,normal
2026-02-01 00:00:00,Building_C,34.24,1.28,1.09,0.63,0.46,58.0,False,none,normal
2026-02-01 01:00:00,Building_C,33.61,0.29,1.14,0.74,0.4,65.0,False,none,normal
2026-02-01 02:00:00,Building_C,29.99,1.91,3.72,2.57,1.15,69.1,False,none,normal
2026-02-01 03:00:00,Building_C,28.08,1.82,2.27,1.39,0.88,61.2,False,none,normal
2026-02-01 04:00:00,Building_C,31.91,1.48,0.81,0.53,0.28,65.6,False,none,normal
2026-02-01 05:00:00,Building_C,33.04,0.76,1.21,0.74,0.47,60.9,False,none,normal
2026-02-01 06:00:00,Building_C,35.25,0.83,1.88,1.12,0.76,59.4,False,none,normal
2026-02-01 07:00:00,Building_C,27.24,0.73,1.18,0.78,0.4,65.7,False,none,normal
2026-02-01 08:00:00,Building_C,33.24,0.53,1.33,0.82,0.51,62.0,False,none,normal
2026-02-01 09:00:00,Building_C,33.91,1.05,1.43,0.89,0.54,62.0,False,none,normal
2026-02-01 10:00:00,Building_C,52.3,1.84,10.22,6.69,3.53,65.4,False,none,normal
2026-02-01 11:00:00,Building_C,44.39,5.24,23.52,14.64,8.88,62.2,False,none,normal
2026-02-01 12:00:00,Building_C,41.56,6.09,28.41,18.41,10.0,64.8,False,none,normal
2026-02-01 13:00:00,Building_C,39.78,5.76,24.51,15.39,9.12,62.8,False,none,normal
2026-02-01 14:00:00,Building_C,42.88,2.12,10.28,6.14,4.14,59.7,False,none,normal
2026-02-01 15:00:00,Building_C,42.59,2.65,10.66,6.98,3.68,65.5,False,none,normal
2026-02-01 16:00:00,Building_C,36.47,2.63,9.88,6.87,3.01,69.5,False,none,normal
2026-02-01 17:00:00,Building_C,46.01,4.39,19.39,14.29,5.1,73.7,False,none,normal
2026-02-01 18:00:00,Building_C,48.61,4.89,23.59,15.54,8.05,65.9,False,none,normal
2026-02-01 19:00:00,Building_C,37.19,2.13,3.94,2.46,1.48,62.5,False,none,normal
2026-02-01 20:00:00,Building_C,29.76,1.18,0.5,0.33,0.17,66.3,False,none,normal
2026-02-01 21:00:00,Building_C,30.53,0.45,0.98,0.62,0.36,63.6,False,none,normal
2026-02-01 22:00:00,Building_C,35.19,1.25,3.27,2.19,1.08,67.1,False,none,normal
2026-02-01 23:00:00,Building_C,29.56,1.13,1.11,0.74,0.37,67.0,False,none,normal
2026-02-02 00:00:00,Building_C,32.02,0.93,1.54,1.03,0.51,66.8,False,none,normal
2026-02-02 01:00:00,Building_C,27.75,1.26,0.5,0.35,0.15,69.4,False,none,normal
2026-02-02 02:00:00,Building_C,33.89,1.72,0.5,0.35,0.15,69.5,False,none,normal
2026-02-02 03:00:00,Building_C,35.52,1.08,1.08,0.66,0.42,60.7,False,none,normal
2026-02-02 04:00:00,Building_C,26.39,0.88,0.5,0.36,0.14,71.4,False,none,normal
2026-02-02 05:00:00,Building_C,25.77,1.2,2.05,1.36,0.69,66.4,False,none,normal
2026-02-02 06:00:00,Building_C,83.5,6.83,23.93,15.64,8.29,65.4,False,none,normal
2026-02-02 07:00:00,Building_C,80.54,6.95,26.99,16.25,10.74,60.2,False,none,normal
2026-02-02 08:00:00,Building_C,132.61,13.2,65.51,47.71,17.8,72.8,False,none,normal
2026-02-02 09:00:00,Building_C,143.68,13.49,66.22,46.92,19.3,70.9,False,none,normal
2026-02-02 10:00:00,Building_C,144.26,12.55,64.21,42.51,21.7,66.2,False,none,normal
2026-02-02 11:00:00,Building_C,140.33,31.18,156.02,96.69,59.33,62.0,False,none,normal
2026-02-02 12:00:00,Building_C,143.93,31.31,153.11,92.93,60.18,60.7,False,none,normal
2026-02-02 13:00:00,Building_C,133.93,31.36,154.06,95.05,59.01,61.7,False,none,normal
2026-02-02 14:00:00,Building_C,133.23,13.15,64.02,39.79,24.23,62.1,False,none,normal
2026-02-02 15:00:00,Building_C,136.87,12.91,64.79,41.26,23.53,63.7,False,none,normal
2026-02-02 16:00:00,Building_C,135.98,12.98,65.48,42.67,22.81,65.2,False,none,normal
2026-02-02 17:00:00,Building_C,141.0,25.88,127.38,78.09,49.29,61.3,False,none,normal
2026-02-02 18:00:00,Building_C,134.08,26.41,129.0,84.28,44.72,65.3,False,none,normal
2026-02-02 19:00:00,Building_C,82.9,13.12,48.05,30.61,17.44,63.7,False,none,normal
2026-02-02 20:00:00,Building_C,79.82,7.38,25.69,16.87,8.82,65.7,False,none,normal
2026-02-02 21:00:00,Building_C,87.18,6.93,22.81,14.62,8.19,64.1,False,none,normal
2026-02-02 22:00:00,Building_C,81.65,6.71,24.2,15.63,8.57,64.6,False,none,normal
2026-02-02 23:00:00,Building_C,29.93,1.51,0.5,0.32,0.18,63.3,False,none,normal
2026-02-03 00:00:00,Building_C,24.4,0.79,1.91,1.27,0.64,66.3,False,none,normal
2026-02-03 01:00:00,Building_C,30.53,1.54,3.15,2.04,1.11,64.7,False,none,normal
2026-02-03 02:00:00,Building_C,32.78,0.99,2.28,1.37,0.91,60.2,False,none,normal
2026-02-03 03:00:00,Building_C,38.96,1.55,0.5,0.31,0.19,61.8,False,none,normal
2026-02-03 04:00:00,Building_C,33.46,1.03,2.18,1.39,0.79,63.6,False,none,normal
2026-02-03 05:00:00,Building_C,37.88,1.15,4.43,2.99,1.44,67.4,False,none,normal
2026-02-03 06:00:00,Building_C,76.32,7.23,25.79,17.16,8.63,66.5,False,none,normal
2026-02-03 07:00:00,Building_C,84.3,6.08,22.3,14.46,7.84,64.8,False,none,normal
2026-02-03 08:00:00,Building_C,146.25,13.14,66.28,46.58,19.7,70.3,False,none,normal
2026-02-03 09:00:00,Building_C,140.81,13.41,66.05,42.72,23.33,64.7,False,none,normal
2026-02-03 10:00:00,Building_C,139.88,13.05,61.33,40.55,20.78,66.1,False,none,normal
2026-02-03 11:00:00,Building_C,143.61,31.25,154.55,100.19,54.36,64.8,False,none,normal
2026-02-03 12:00:00,Building_C,132.74,31.78,153.7,96.11,57.59,62.5,False,none,normal
2026-02-03 13:00:00,Building_C,146.16,31.54,154.47,105.16,49.31,68.1,False,none,normal
2026-02-03 14:00:00,Building_C,136.11,12.97,65.78,40.98,24.8,62.3,False,none,normal
2026-02-03 15:00:00,Building_C,136.74,13.03,64.35,43.49,20.86,67.6,False,none,normal
2026-02-03 16:00:00,Building_C,135.22,12.11,65.33,39.63,25.7,60.7,False,none,normal
2026-02-03 17:00:00,Building_C,138.29,25.23,129.68,86.11,43.57,66.4,False,none,normal
2026-02-03 18:00:00,Building_C,141.97,26.1,125.98,76.92,49.06,61.1,False,none,normal
2026-02-03 19:00:00,Building_C,79.91,12.74,48.61,32.08,16.53,66.0,False,none,normal
2026-02-03 20:00:00,Building_C,85.74,5.98,24.46,16.6,7.86,67.8,False,none,normal
2026-02-03 21:00:00,Building_C,78.02,6.43,25.03,16.28,8.75,65.0,False,none,normal
2026-02-03 22:00:00,Building_C,84.41,6.53,24.09,14.53,9.56,60.3,False,none,normal
2026-02-03 23:00:00,Building_C,32.77,1.18,0.5,0.34,0.16,67.3,False,none,normal
2026-02-04 00:00:00,Building_C,36.85,0.92,0.66,0.41,0.25,61.9,False,none,normal
2026-02-04 01:00:00,Building_C,25.06,1.85,0.99,0.61,0.38,61.6,False,none,normal
2026-02-04 02:00:00,Building_C,27.27,1.01,0.69,0.49,0.2,70.8,False,none,normal
2026-02-04 03:00:00,Building_C,26.78,0.61,2.19,1.41,0.78,64.6,False,none,normal
2026-02-04 04:00:00,Building_C,30.89,1.34,1.69,1.1,0.59,64.8,False,none,normal
2026-02-04 05:00:00,Building_C,26.16,0.56,0.69,0.42,0.27,60.7,False,none,normal
2026-02-04 06:00:00,Building_C,82.79,5.87,23.93,15.39,8.54,64.3,False,none,normal
2026-02-04 07:00:00,Building_C,81.56,6.64,24.07,15.0,9.07,62.3,False,none,normal
2026-02-04 08:00:00,Building_C,145.71,12.89,65.93,42.0,23.93,63.7,False,none,normal
2026-02-04 09:00:00,Building_C,140.67,12.95,64.5,40.84,23.66,63.3,False,none,normal
2026-02-04 10:00:00,Building_C,141.12,13.53,65.48,45.33,20.15,69.2,False,none,normal
2026-02-04 11:00:00,Building_C,135.36,30.78,154.4,105.12,49.28,68.1,False,none,normal
2026-02-04 12:00:00,Building_C,138.65,30.95,155.81,105.55,50.26,67.7,False,none,normal
2026-02-04 13:00:00,Building_C,144.96,31.04,153.52,105.61,47.91,68.8,False,none,normal
2026-02-04 14:00:00,Building_C,139.68,12.78,63.13,39.74,23.39,63.0,False,none,normal
2026-02-04 15:00:00,Building_C,144.23,12.47,64.98,40.4,24.58,62.2,False,none,normal
2026-02-04 16:00:00,Building_C,139.89,12.95,63.96,40.84,23.12,63.9,False,none,normal
2026-02-04 17:00:00,Building_C,138.95,25.8,130.03,84.65,45.38,65.1,False,none,normal
2026-02-04 18:00:00,Building_C,140.23,25.77,127.96,79.89,48.07,62.4,False,none,normal
2026-02-04 19:00:00,Building_C,84.78,12.73,46.24,30.16,16.08,65.2,False,none,normal
2026-02-04 20:00:00,Building_C,80.6,6.29,25.56,13.82,11.74,54.1,False,none,normal
2026-02-04 21:00:00,Building_C,88.02,6.87,23.71,14.98,8.73,63.2,False,none,normal
2026-02-04 22:00:00,Building_C,83.73,6.68,23.71,13.88,9.83,58.5,False,none,normal
2026-02-04 23:00:00,Building_C,40.23,1.48,1.72,1.13,0.59,65.7,False,none,normal
2026-02-05 00:00:00,Building_C,34.26,1.41,0.5,0.32,0.18,63.6,False,none,normal
2026-02-05 01:00:00,Building_C,29.96,1.09,2.45,1.42,1.03,57.8,False,none,normal
2026-02-05 02:00:00,Building_C,26.38,0.91,1.71,1.17,0.54,68.3,False,none,normal
2026-02-05 03:00:00,Building_C,38.3,1.05,2.53,1.72,0.81,67.8,False,none,normal
2026-02-05 04:00:00,Building_C,33.94,1.14,1.05,0.64,0.41,60.7,False,none,normal
2026-02-05 05:00:00,Building_C,27.25,1.27,1.46,0.92,0.54,63.3,False,none,normal
2026-02-05 06:00:00,Building_C,84.37,6.43,23.37,14.94,8.43,63.9,False,none,normal
2026-02-05 07:00:00,Building_C,85.0,6.14,24.72,16.01,8.71,64.8,False,none,normal
2026-02-05 08:00:00,Building_C,137.69,12.9,62.34,40.79,21.55,65.4,False,none,normal
2026-02-05 09:00:00,Building_C,135.27,13.37,64.11,40.21,23.9,62.7,False,none,normal
2026-02-05 10:00:00,Building_C,145.37,12.64,63.33,36.53,26.8,57.7,False,none,normal
2026-02-05 11:00:00,Building_C,145.97,31.85,152.13,93.92,58.21,61.7,False,none,normal
2026-02-05 12:00:00,Building_C,141.01,31.01,154.1,99.44,54.66,64.5,False,none,normal
2026-02-05 13:00:00,Building_C,142.36,30.86,154.37,93.45,60.92,60.5,False,none,normal
2026-02-05 14:00:00,Building_C,139.08,12.39,63.74,39.97,23.77,62.7,False,none,normal
2026-02-05 15:00:00,Building_C,144.51,12.98,64.37,41.78,22.59,64.9,False,none,normal
2026-02-05 16:00:00,Building_C,132.21,12.3,63.84,42.21,21.63,66.1,False,none,normal
2026-02-05 17:00:00,Building_C,139.79,25.69,128.16,81.63,46.53,63.7,False,none,normal
2026-02-05 18:00:00,Building_C,143.85,26.25,127.79,82.81,44.98,64.8,False,none,normal
2026-02-05 19:00:00,Building_C,82.82,13.15,50.92,33.04,17.88,64.9,False,none,normal
2026-02-05 20:00:00,Building_C,86.39,6.09,23.7,13.38,10.32,56.5,False,none,normal
2026-02-05 21:00:00,Building_C,82.32,6.73,21.4,14.07,7.33,65.8,False,none,normal
2026-02-05 22:00:00,Building_C,84.13,6.69,23.03,15.68,7.35,68.1,False,none,normal
2026-02-05 23:00:00,Building_C,31.82,1.35,1.38,0.92,0.46,66.5,False,none,normal
2026-02-06 00:00:00,Building_C,36.21,1.08,1.87,1.31,0.56,70.0,False,none,normal
2026-02-06 01:00:00,Building_C,31.25,0.75,2.34,1.66,0.68,70.7,False,none,normal
2026-02-06 02:00:00,Building_C,36.93,1.4,0.5,0.31,0.19,62.5,False,none,normal
2026-02-06 03:00:00,Building_C,29.44,1.16,3.56,2.16,1.4,60.7,False,none,normal
2026-02-06 04:00:00,Building_C,40.75,1.01,0.61,0.42,0.19,68.4,False,none,normal
2026-02-06 05:00:00,Building_C,35.48,1.37,0.61,0.41,0.2,67.0,False,none,normal
2026-02-06 06:00:00,Building_C,77.58,6.22,24.35,15.03,9.32,61.7,False,none,normal
2026-02-06 07:00:00,Building_C,85.93,6.3,24.2,14.88,9.32,61.5,False,none,normal
2026-02-06 08:00:00,Building_C,144.88,12.76,65.6,45.44,20.16,69.3,False,none,normal
2026-02-06 09:00:00,Building_C,138.95,13.01,63.66,42.77,20.89,67.2,False,none,normal
2026-02-06 10:00:00,Building_C,139.95,12.85,64.28,37.71,26.57,58.7,False,none,normal
2026-02-06 11:00:00,Building_C,140.43,31.42,154.31,106.18,48.13,68.8,False,none,normal
2026-02-06 12:00:00,Building_C,139.22,31.03,152.8,96.84,55.96,63.4,False,none,normal
2026-02-06 13:00:00,Building_C,148.59,31.29,153.44,93.56,59.88,61.0,False,none,normal
2026-02-06 14:00:00,Building_C,134.34,12.71,65.14,41.23,23.91,63.3,False,none,normal
2026-02-06 15:00:00,Building_C,136.9,12.7,65.0,42.04,22.96,64.7,False,none,normal
2026-02-06 16:00:00,Building_C,138.22,12.89,66.87,46.73,20.14,69.9,False,none,normal
2026-02-06 17:00:00,Building_C,146.61,25.38,128.27,80.07,48.2,62.4,False,none,normal
2026-02-06 18:00:00,Building_C,142.91,26.37,128.84,79.25,49.59,61.5,False,none,normal
2026-02-06 19:00:00,Building_C,79.07,13.22,49.8,32.65,17.15,65.6,False,none,normal
2026-02-06 20:00:00,Building_C,82.23,6.52,24.79,16.82,7.97,67.9,False,none,normal
2026-02-06 21:00:00,Building_C,84.24,6.51,24.41,15.78,8.63,64.7,False,none,normal
2026-02-06 22:00:00,Building_C,78.59,6.22,25.12,15.61,9.51,62.1,False,none,normal
2026-02-06 23:00:00,Building_C,35.03,1.13,2.51,1.7,0.81,67.5,False,none,normal
2026-02-07 00:00:00,Building_C,35.15,0.98,2.02,1.37,0.65,68.0,False,none,normal
2026-02-07 01:00:00,Building_C,25.57,1.74,4.25,2.92,1.33,68.8,False,none,normal
2026-02-07 02:00:00,Building_C,35.0,1.35,1.14,0.74,0.4,64.6,False,none,normal
2026-02-07 03:00:00,Building_C,35.64,0.81,0.5,0.32,0.18,63.4,False,none,normal
2026-02-07 04:00:00,Building_C,34.4,0.84,1.26,0.81,0.45,64.6,False,none,normal
2026-02-07 05:00:00,Building_C,27.73,0.29,0.5,0.33,0.17,66.0,False,none,normal
2026-02-07 06:00:00,Building_C,33.72,1.32,2.26,1.41,0.85,62.5,False,none,normal
2026-02-07 07:00:00,Building_C,28.42,1.28,1.28,0.88,0.4,68.6,False,none,normal
2026-02-07 08:00:00,Building_C,33.3,1.6,0.97,0.67,0.3,69.3,False,none,normal
2026-02-07 09:00:00,Building_C,39.92,1.17,2.13,1.31,0.82,61.3,False,none,normal
2026-02-07 10:00:00,Building_C,48.97,2.69,10.11,6.81,3.3,67.3,False,none,normal
2026-02-07 11:00:00,Building_C,46.52,5.64,26.66,17.88,8.78,67.1,False,none,normal
2026-02-07 12:00:00,Building_C,44.84,5.8,27.02,16.96,10.06,62.8,False,none,normal
2026-02-07 13:00:00,Building_C,45.39,4.89,26.39,18.44,7.95,69.9,False,none,normal
2026-02-07 14:00:00,Building_C,44.37,2.34,10.44,6.63,3.81,63.5,False,none,normal
2026-02-07 15:00:00,Building_C,46.33,2.02,10.42,6.4,4.02,61.4,False,none,normal
2026-02-07 16:00:00,Building_C,47.75,2.38,10.19,6.64,3.55,65.1,False,none,normal
2026-02-07 17:00:00,Building_C,44.51,4.99,20.88,14.1,6.78,67.5,False,none,normal
2026-02-07 18:00:00,Building_C,42.58,4.87,22.65,15.71,6.94,69.3,False,none,normal
2026-02-07 19:00:00,Building_C,37.66,2.4,4.54,3.25,1.29,71.5,False,none,normal
2026-02-07 20:00:00,Building_C,27.29,0.94,0.5,0.35,0.15,69.2,False,none,normal
2026-02-07 21:00:00,Building_C,25.74,0.52,0.5,0.29,0.21,58.0,False,none,normal
2026-02-07 22:00:00,Building_C,32.87,0.77,0.5,0.32,0.18,64.8,False,none,normal
2026-02-07 23:00:00,Building_C,31.85,0.49,0.67,0.43,0.24,64.7,False,none,normal
2026-02-08 00:00:00,Building_C,30.35,1.03,2.94,2.16,0.78,73.6,False,none,normal
2026-02-08 01:00:00,Building_C,30.52,0.68,1.25,0.82,0.43,65.8,False,none,normal
2026-02-08 02:00:00,Building_C,31.56,1.36,4.18,2.43,1.75,58.1,False,none,normal
2026-02-08 03:00:00,Building_C,29.75,1.69,0.9,0.61,0.29,68.2,False,none,normal
2026-02-08 04:00:00,Building_C,34.3,1.58,3.83,2.54,1.29,66.3,False,none,normal
2026-02-08 05:00:00,Building_C,24.79,0.9,4.15,2.46,1.69,59.3,False,none,normal
2026-02-08 06:00:00,Building_C,33.77,0.27,0.5,0.34,0.16,68.5,False,none,normal
2026-02-08 07:00:00,Building_C,31.92,1.02,0.55,0.31,0.24,57.0,False,none,normal
2026-02-08 08:00:00,Building_C,34.55,1.05,0.5,0.33,0.17,65.1,False,none,normal
2026-02-08 09:00:00,Building_C,34.1,1.08,1.67,1.09,0.58,65.2,False,none,normal
2026-02-08 10:00:00,Building_C,42.57,2.31,11.59,8.01,3.58,69.1,False,none,normal
2026-02-08 11:00:00,Building_C,48.56,5.27,26.45,17.68,8.77,66.9,False,none,normal
2026-02-08 12:00:00,Building_C,42.56,5.34,26.51,18.69,7.82,70.5,False,none,normal
2026-02-08 13:00:00,Building_C,38.15,6.08,27.09,17.82,9.27,65.8,False,none,normal
2026-02-08 14:00:00,Building_C,44.43,2.43,9.94,6.39,3.55,64.3,False,none,normal
2026-02-08 15:00:00,Building_C,39.5,1.68,13.5,8.81,4.69,65.3,False,none,normal
2026-02-08 16:00:00,Building_C,46.21,2.28,9.71,6.19,3.52,63.8,False,none,normal
2026-02-08 17:00:00,Building_C,45.76,4.52,20.51,13.72,6.79,66.9,False,none,normal
2026-02-08 18:00:00,Building_C,46.15,4.73,22.25,14.31,7.94,64.3,False,none,normal
2026-02-08 19:00:00,Building_C,31.1,2.81,1.93,1.11,0.82,57.5,False,none,normal
2026-02-08 20:00:00,Building_C,34.0,0.93,0.5,0.34,0.16,68.5,False,none,normal
2026-02-08 21:00:00,Building_C,31.2,0.7,3.85,2.25,1.6,58.6,False,none,normal
2026-02-08 22:00:00,Building_C,31.43,0.49,1.85,1.16,0.69,62.4,False,none,normal
2026-02-08 23:00:00,Building_C,35.06,1.14,3.15,1.99,1.16,63.3,False,none,normal
2026-02-09 00:00:00,Building_C,25.36,1.23,1.23,0.71,0.52,57.7,False,none,normal
2026-02-09 01:00:00,Building_C,27.56,0.89,3.4,2.31,1.09,67.8,False,none,normal
2026-02-09 02:00:00,Building_C,30.39,1.31,0.5,0.31,0.19,62.7,False,none,normal
2026-02-09 03:00:00,Building_C,33.38,1.2,0.88,0.57,0.31,64.8,False,none,normal
2026-02-09 04:00:00,Building_C,33.13,1.14,2.56,1.7,0.86,66.3,False,none,normal
2026-02-09 05:00:00,Building_C,33.82,1.75,2.52,1.81,0.71,72.0,False,none,normal
2026-02-09 06:00:00,Building_C,79.03,5.94,24.3,15.58,8.72,64.1,False,none,normal
2026-02-09 07:00:00,Building_C,87.55,6.1,24.37,16.24,8.13,66.6,False,none,normal
2026-02-09 08:00:00,Building_C,141.13,12.94,64.66,44.82,19.84,69.3,False,none,normal
2026-02-09 09:00:00,Building_C,146.87,13.01,63.25,44.99,18.26,71.1,False,none,normal
2026-02-09 10:00:00,Building_C,136.42,13.62,65.84,46.72,19.12,71.0,False,none,normal
2026-02-09 11:00:00,Building_C,143.47,30.46,152.89,101.26,51.63,66.2,False,none,normal
2026-02-09 12:00:00,Building_C,138.03,31.08,154.88,99.62,55.26,64.3,False,none,normal
2026-02-09 13:00:00,Building_C,135.86,31.5,154.76,99.05,55.71,64.0,False,none,normal
2026-02-09 14:00:00,Building_C,143.58,13.03,65.82,43.18,22.64,65.6,False,none,normal
2026-02-09 15:00:00,Building_C,146.03,12.34,64.78,41.08,23.7,63.4,False,none,normal
2026-02-09 16:00:00,Building_C,137.29,13.4,65.29,37.2,28.09,57.0,False,none,normal
2026-02-09 17:00:00,Building_C,143.59,26.2,127.58,78.66,48.92,61.7,False,none,normal
2026-02-09 18:00:00,Building_C,134.37,25.88,128.24,87.44,40.8,68.2,False,none,normal
2026-02-09 19:00:00,Building_C,82.79,12.63,49.22,31.49,17.73,64.0,False,none,normal
2026-02-09 20:00:00,Building_C,77.98,5.94,25.22,16.84,8.38,66.8,False,none,normal
2026-02-09 21:00:00,Building_C,83.94,6.24,24.67,14.68,9.99,59.5,False,none,normal
2026-02-09 22:00:00,Building_C,77.77,6.51,24.78,14.49,10.29,58.5,False,none,normal
2026-02-09 23:00:00,Building_C,27.55,1.02,2.68,1.65,1.03,61.7,False,none,normal
2026-02-10 00:00:00,Building_C,32.34,1.23,1.23,0.81,0.42,66.1,False,none,normal
2026-02-10 01:00:00,Building_C,26.4,0.92,3.25,2.31,0.94,71.0,False,none,normal
2026-02-10 02:00:00,Building_C,35.15,1.53,0.5,0.31,0.19,61.2,False,none,normal
2026-02-10 03:00:00,Building_C,30.53,1.99,1.15,0.78,0.37,68.0,False,none,normal
2026-02-10 04:00:00,Building_C,33.29,1.27,1.5,0.9,0.6,60.2,False,none,normal
2026-02-10 05:00:00,Building_C,20.97,1.6,0.79,0.45,0.34,57.5,False,none,normal
2026-02-10 06:00:00,Building_C,83.47,6.65,25.39,17.64,7.75,69.5,False,none,normal
2026-02-10 07:00:00,Building_C,78.04,6.19,24.08,16.44,7.64,68.3,False,none,normal
2026-02-10 08:00:00,Building_C,132.32,13.04,65.34,44.8,20.54,68.6,False,none,normal
2026-02-10 09:00:00,Building_C,143.57,13.37,60.93,43.54,17.39,71.5,False,none,normal
2026-02-10 10:00:00,Building_C,142.05,13.47,62.82,36.43,26.39,58.0,False,none,normal
2026-02-10 11:00:00,Building_C,147.88,30.87,153.77,103.19,50.58,67.1,False,none,normal
2026-02-10 12:00:00,Building_C,143.82,31.57,154.41,93.85,60.56,60.8,False,none,normal
2026-02-10 13:00:00,Building_C,143.56,31.45,151.96,107.4,44.56,70.7,False,none,normal
2026-02-10 14:00:00,Building_C,130.78,13.36,63.46,43.04,20.42,67.8,False,none,normal
2026-02-10 15:00:00,Building_C,142.77,12.98,64.77,41.88,22.89,64.7,False,none,normal
2026-02-10 16:00:00,Building_C,143.59,13.76,62.62,32.72,29.9,52.2,False,none,normal
2026-02-10 17:00:00,Building_C,139.07,25.83,128.0,78.46,49.54,61.3,False,none,normal
2026-02-10 18:00:00,Building_C,144.22,25.51,128.99,87.14,41.85,67.6,False,none,normal
2026-02-10 19:00:00,Building_C,82.98,13.17,50.07,32.65,17.42,65.2,False,none,normal
2026-02-10 20:00:00,Building_C,80.33,6.67,25.19,17.27,7.92,68.6,False,none,normal
2026-02-10 21:00:00,Building_C,74.87,6.43,23.19,15.59,7.6,67.2,False,none,normal
2026-02-10 22:00:00,Building_C,84.62,6.4,23.59,15.9,7.69,67.4,False,none,normal
2026-02-10 23:00:00,Building_C,31.25,1.65,3.66,2.53,1.13,69.0,False,none,normal
2026-02-11 00:00:00,Building_C,32.71,1.79,1.82,1.15,0.67,63.1,False,none,normal
2026-02-11 01:00:00,Building_C,29.08,0.9,1.52,1.02,0.5,66.9,False,none,normal
2026-02-11 02:00:00,Building_C,26.12,0.99,1.78,1.2,0.58,67.6,False,none,normal
2026-02-11 03:00:00,Building_C,31.67,1.23,0.5,0.31,0.19,61.4,False,none,normal
2026-02-11 04:00:00,Building_C,31.53,1.33,1.81,1.12,0.69,61.6,False,none,normal
2026-02-11 05:00:00,Building_C,30.83,1.68,2.18,1.4,0.78,64.3,False,none,normal
2026-02-11 06:00:00,Building_C,77.61,6.25,24.47,16.18,8.29,66.1,False,none,normal
2026-02-11 07:00:00,Building_C,83.98,6.63,24.02,15.12,8.9,63.0,False,none,normal
2026-02-11 08:00:00,Building_C,148.92,12.8,62.67,36.63,26.04,58.4,False,none,normal
2026-02-11 09:00:00,Building_C,139.32,13.33,63.53,45.05,18.48,70.9,False,none,normal
2026-02-11 10:00:00,Building_C,140.7,13.39,63.32,39.28,24.04,62.0,False,none,normal
2026-02-11 11:00:00,Building_C,141.1,31.36,153.93,101.86,52.07,66.2,False,none,normal
2026-02-11 12:00:00,Building_C,143.09,30.7,153.73,96.74,56.99,62.9,False,none,normal
2026-02-11 13:00:00,Building_C,138.85,31.34,153.53,87.48,66.05,57.0,False,none,normal
2026-02-11 14:00:00,Building_C,139.79,12.63,64.82,44.22,20.6,68.2,False,none,normal
2026-02-11 15:00:00,Building_C,132.03,12.73,64.65,38.38,26.27,59.4,False,none,normal
2026-02-11 16:00:00,Building_C,143.86,13.37,64.03,39.64,24.39,61.9,False,none,normal
2026-02-11 17:00:00,Building_C,131.49,26.28,130.85,94.45,36.4,72.2,False,none,normal
2026-02-11 18:00:00,Building_C,139.95,25.61,129.46,83.49,45.97,64.5,False,none,normal
2026-02-11 19:00:00,Building_C,83.63,13.1,49.04,33.89,15.15,69.1,False,none,normal
2026-02-11 20:00:00,Building_C,85.98,6.32,23.36,12.85,10.51,55.0,False,none,normal
2026-02-11 21:00:00,Building_C,80.33,6.12,24.97,15.9,9.07,63.7,False,none,normal
2026-02-11 22:00:00,Building_C,80.81,6.78,24.94,16.09,8.85,64.5,False,none,normal
2026-02-11 23:00:00,Building_C,38.52,1.41,1.03,0.65,0.38,63.5,False,none,normal
2026-02-12 00:00:00,Building_C,34.93,1.22,0.5,0.34,0.16,68.6,False,none,normal
2026-02-12 01:00:00,Building_C,36.81,1.56,3.38,2.48,0.9,73.3,False,none,normal
2026-02-12 02:00:00,Building_C,38.7,1.27,1.28,0.74,0.54,57.7,False,none,normal
2026-02-12 03:00:00,Building_C,31.82,1.33,1.58,0.91,0.67,57.4,False,none,normal
2026-02-12 04:00:00,Building_C,30.63,1.37,0.5,0.33,0.17,65.7,False,none,normal
2026-02-12 05:00:00,Building_C,33.5,1.54,3.58,2.27,1.31,63.5,False,none,normal
2026-02-12 06:00:00,Building_C,82.45,6.57,25.25,16.96,8.29,67.1,False,none,normal
2026-02-12 07:00:00,Building_C,87.41,5.68,24.97,16.72,8.25,66.9,False,none,normal
2026-02-12 08:00:00,Building_C,139.79,12.21,64.15,39.87,24.28,62.2,False,none,normal
2026-02-12 09:00:00,Building_C,147.44,13.13,63.27,35.93,27.34,56.8,False,none,normal
2026-02-12 10:00:00,Building_C,143.09,13.24,63.97,43.13,20.84,67.4,False,none,normal
2026-02-12 11:00:00,Building_C,139.34,31.57,155.33,90.78,64.55,58.4,False,none,normal
2026-02-12 12:00:00,Building_C,135.15,31.91,155.26,93.08,62.18,60.0,False,none,normal
2026-02-12 13:00:00,Building_C,134.45,31.27,152.77,97.37,55.4,63.7,False,none,normal
2026-02-12 14:00:00,Building_C,140.54,12.97,65.58,47.44,18.14,72.3,False,none,normal
2026-02-12 15:00:00,Building_C,138.82,12.6,64.69,46.27,18.42,71.5,False,none,normal
2026-02-12 16:00:00,Building_C,139.12,13.3,63.22,41.15,22.07,65.1,False,none,normal
2026-02-12 17:00:00,Building_C,136.08,26.0,128.31,86.52,41.79,67.4,False,none,normal
2026-02-12 18:00:00,Building_C,147.84,25.86,126.05,80.91,45.14,64.2,False,none,normal
2026-02-12 19:00:00,Building_C,82.91,13.07,48.74,34.58,14.16,71.0,False,none,normal
2026-02-12 20:00:00,Building_C,82.26,6.46,23.53,13.65,9.88,58.0,False,none,normal
2026-02-12 21:00:00,Building_C,83.03,6.58,23.2,15.04,8.16,64.8,False,none,normal
2026-02-12 22:00:00,Building_C,81.14,6.28,23.51,15.66,7.85,66.6,False,none,normal
2026-02-12 23:00:00,Building_C,30.87,0.94,0.5,0.32,0.18,64.5,False,none,normal
2026-02-13 00:00:00,Building_C,35.48,1.22,1.24,0.82,0.42,66.2,False,none,normal
2026-02-13 01:00:00,Building_C,37.24,1.32,1.84,1.24,0.6,67.6,False,none,normal
2026-02-13 02:00:00,Building_C,31.15,1.21,0.94,0.55,0.39,58.8,False,none,normal
2026-02-13 03:00:00,Building_C,33.15,1.27,1.18,0.82,0.36,69.1,False,none,normal
2026-02-13 04:00:00,Building_C,28.89,0.53,0.69,0.41,0.28,58.8,False,none,normal
2026-02-13 05:00:00,Building_C,33.13,0.88,2.71,1.87,0.84,68.9,False,none,normal
2026-02-13 06:00:00,Building_C,78.01,6.22,25.11,17.31,7.8,68.9,False,none,normal
2026-02-13 07:00:00,Building_C,73.66,6.6,21.83,13.71,8.12,62.8,False,none,normal
2026-02-13 08:00:00,Building_C,145.11,14.05,63.94,38.37,25.57,60.0,False,none,normal
2026-02-13 09:00:00,Building_C,138.68,13.02,63.42,38.88,24.54,61.3,False,none,normal
2026-02-13 10:00:00,Building_C,139.02,13.14,64.02,39.36,24.66,61.5,False,none,normal
2026-02-13 11:00:00,Building_C,138.05,31.05,152.94,95.08,57.86,62.2,False,none,normal
2026-02-13 12:00:00,Building_C,143.31,31.11,152.04,105.06,46.98,69.1,False,none,normal
2026-02-13 13:00:00,Building_C,142.4,30.71,153.7,95.04,58.66,61.8,False,none,normal
2026-02-13 14:00:00,Building_C,143.44,12.87,64.14,41.21,22.93,64.2,False,none,normal
2026-02-13 15:00:00,Building_C,134.81,13.49,65.02,40.32,24.7,62.0,False,none,normal
2026-02-13 16:00:00,Building_C,141.5,13.34,64.29,45.79,18.5,71.2,False,none,normal
2026-02-13 17:00:00,Building_C,152.4,25.95,127.75,77.98,49.77,61.0,False,none,normal
2026-02-13 18:00:00,Building_C,131.88,26.43,128.03,87.7,40.33,68.5,False,none,normal
2026-02-13 19:00:00,Building_C,86.02,12.62,47.82,34.42,13.4,72.0,False,none,normal
2026-02-13 20:00:00,Building_C,81.43,6.27,23.21,14.96,8.25,64.4,False,none,normal
2026-02-13 21:00:00,Building_C,87.75,6.74,24.68,17.61,7.07,71.4,False,none,normal
2026-02-13 22:00:00,Building_C,87.3,6.62,27.8,17.79,10.01,64.0,False,none,normal
2026-02-13 23:00:00,Building_C,36.17,1.01,2.61,1.67,0.94,64.0,False,none,normal
2026-02-14 00:00:00,Building_C,33.62,1.98,2.67,1.79,0.88,66.9,False,none,normal
2026-02-14 01:00:00,Building_C,28.68,1.21,0.5,0.34,0.16,68.5,False,none,normal
2026-02-14 02:00:00,Building_C,35.23,1.08,3.53,2.51,1.02,71.1,False,none,normal
2026-02-14 03:00:00,Building_C,32.38,1.34,0.82,0.52,0.3,63.9,False,none,normal
2026-02-14 04:00:00,Building_C,27.47,0.98,1.4,0.82,0.58,58.4,False,none,normal
2026-02-14 05:00:00,Building_C,34.09,1.5,1.52,0.82,0.7,54.2,False,none,normal
2026-02-14 06:00:00,Building_C,30.77,0.66,0.8,0.57,0.23,70.8,False,none,normal
2026-02-14 07:00:00,Building_C,22.04,0.86,2.52,1.57,0.95,62.2,False,none,normal
2026-02-14 08:00:00,Building_C,28.66,1.86,1.98,1.36,0.62,68.7,False,none,normal
2026-02-14 09:00:00,Building_C,33.76,1.2,3.05,2.21,0.84,72.6,False,none,normal
2026-02-14 10:00:00,Building_C,38.66,2.28,10.65,6.74,3.91,63.3,False,none,normal
2026-02-14 11:00:00,Building_C,49.32,5.59,28.0,19.43,8.57,69.4,False,none,normal
2026-02-14 12:00:00,Building_C,50.86,5.09,24.72,15.35,9.37,62.1,False,none,normal
2026-02-14 13:00:00,Building_C,50.69,5.17,24.56,14.86,9.7,60.5,False,none,normal
2026-02-14 14:00:00,Building_C,56.41,2.24,11.34,6.85,4.49,60.4,False,none,normal
2026-02-14 15:00:00,Building_C,49.23,1.67,9.53,5.92,3.61,62.1,False,none,normal
2026-02-14 16:00:00,Building_C,46.27,2.02,12.53,8.4,4.13,67.0,False,none,normal
2026-02-14 17:00:00,Building_C,42.64,4.94,20.94,13.12,7.82,62.6,False,none,normal
2026-02-14 18:00:00,Building_C,48.98,3.73,22.29,13.85,8.44,62.1,False,none,normal
2026-02-14 19:00:00,Building_C,28.92,2.98,2.42,1.67,0.75,68.8,False,none,normal
2026-02-14 20:00:00,Building_C,32.89,1.28,1.23,0.78,0.45,63.8,False,none,normal
2026-02-14 21:00:00,Building_C,37.89,1.47,0.93,0.57,0.36,60.8,False,none,normal
2026-02-14 22:00:00,Building_C,29.44,1.49,2.94,1.98,0.96,67.2,False,none,normal
2026-02-14 23:00:00,Building_C,25.31,1.41,3.09,2.03,1.06,65.7,False,none,normal
2026-02-15 00:00:00,Building_C,39.7,0.68,2.35,1.43,0.92,60.9,False,none,normal
2026-02-15 01:00:00,Building_C,36.01,1.36,3.69,2.47,1.22,67.0,False,none,normal
2026-02-15 02:00:00,Building_C,30.16,0.98,1.23,0.77,0.46,63.0,False,none,normal
2026-02-15 03:00:00,Building_C,37.17,1.59,0.5,0.33,0.17,65.2,False,none,normal
2026-02-15 04:00:00,Building_C,32.03,0.87,2.06,1.46,0.6,70.8,False,none,normal
2026-02-15 05:00:00,Building_C,35.35,1.62,0.67,0.44,0.23,65.1,False,none,normal
2026-02-15 06:00:00,Building_C,28.72,1.23,1.92,1.32,0.6,68.8,False,none,normal
2026-02-15 07:00:00,Building_C,37.03,1.39,0.5,0.3,0.2,59.6,False,none,normal
2026-02-15 08:00:00,Building_C,33.86,1.67,1.5,0.88,0.62,58.9,False,none,normal
2026-02-15 09:00:00,Building_C,40.12,1.32,1.73,1.04,0.69,60.3,False,none,normal
2026-02-15 10:00:00,Building_C,45.46,2.53,11.31,7.04,4.27,62.3,False,none,normal
2026-02-15 11:00:00,Building_C,45.17,5.29,27.69,18.99,8.7,68.6,False,none,normal
2026-02-15 12:00:00,Building_C,43.3,5.1,26.02,16.4,9.62,63.0,False,none,normal
2026-02-15 13:00:00,Building_C,43.72,5.11,24.48,16.07,8.41,65.7,False,none,normal
2026-02-15 14:00:00,Building_C,44.33,3.17,11.42,6.9,4.52,60.4,False,none,normal
2026-02-15 15:00:00,Building_C,39.25,2.43,10.23,7.19,3.04,70.3,False,none,normal
2026-02-15 16:00:00,Building_C,46.52,1.6,9.48,5.91,3.57,62.3,False,none,normal
2026-02-15 17:00:00,Building_C,47.17,4.22,21.59,12.88,8.71,59.7,False,none,normal
2026-02-15 18:00:00,Building_C,45.42,4.72,23.16,15.28,7.88,66.0,False,none,normal
2026-02-15 19:00:00,Building_C,28.51,2.82,2.84,1.93,0.91,68.1,False,none,normal
2026-02-15 20:00:00,Building_C,29.33,1.18,0.57,0.38,0.19,66.3,False,none,normal
2026-02-15 21:00:00,Building_C,34.99,0.97,0.87,0.58,0.29,66.4,False,none,normal
2026-02-15 22:00:00,Building_C,28.48,0.62,1.95,1.26,0.69,64.6,False,none,normal
2026-02-15 23:00:00,Building_C,31.26,1.33,2.32,1.49,0.83,64.4,False,none,normal
2026-02-16 00:00:00,Building_C,27.29,0.92,2.23,1.46,0.77,65.5,False,none,normal
2026-02-16 01:00:00,Building_C,29.58,0.87,2.27,1.46,0.81,64.1,False,none,normal
2026-02-16 02:00:00,Building_C,34.79,1.45,1.15,0.79,0.36,68.8,False,none,normal
2026-02-16 03:00:00,Building_C,32.33,1.24,0.5,0.31,0.19,61.1,False,none,normal
2026-02-16 04:00:00,Building_C,28.11,1.04,1.67,1.1,0.57,65.6,False,none,normal
2026-02-16 05:00:00,Building_C,32.92,0.91,2.36,1.7,0.66,72.2,False,none,normal
2026-02-16 06:00:00,Building_C,80.3,6.27,23.64,15.45,8.19,65.3,False,none,normal
2026-02-16 07:00:00,Building_C,79.61,5.89,22.72,15.7,7.02,69.1,False,none,normal
2026-02-16 08:00:00,Building_C,145.86,13.56,64.5,39.37,25.13,61.0,False,none,normal
2026-02-16 09:00:00,Building_C,138.98,12.48,62.39,41.19,21.2,66.0,False,none,normal
2026-02-16 10:00:00,Building_C,142.89,13.68,64.13,38.2,25.93,59.6,False,none,normal
2026-02-16 11:00:00,Building_C,140.24,31.1,153.55,101.92,51.63,66.4,False,none,normal
2026-02-16 12:00:00,Building_C,135.87,31.24,154.92,109.5,45.42,70.7,False,none,normal
2026-02-16 13:00:00,Building_C,141.97,31.56,153.61,97.98,55.63,63.8,False,none,normal
2026-02-16 14:00:00,Building_C,146.12,12.52,63.74,44.31,19.43,69.5,False,none,normal
2026-02-16 15:00:00,Building_C,139.89,12.9,63.91,41.84,22.07,65.5,False,none,normal
2026-02-16 16:00:00,Building_C,145.08,13.32,64.24,44.56,19.68,69.4,False,none,normal
2026-02-16 17:00:00,Building_C,142.1,26.3,127.22,91.54,35.68,72.0,False,none,normal
2026-02-16 18:00:00,Building_C,141.61,25.03,130.44,84.81,45.63,65.0,False,none,normal
2026-02-16 19:00:00,Building_C,80.13,12.79,49.46,30.39,19.07,61.4,False,none,normal
2026-02-16 20:00:00,Building_C,79.41,6.31,24.12,15.18,8.94,62.9,False,none,normal
2026-02-16 21:00:00,Building_C,85.13,6.59,24.94,16.82,8.12,67.4,False,none,normal
2026-02-16 22:00:00,Building_C,81.34,6.14,26.63,18.3,8.33,68.7,False,none,normal
2026-02-16 23:00:00,Building_C,38.23,1.51,0.98,0.54,0.44,55.6,False,none,normal
2026-02-17 00:00:00,Building_C,26.86,1.37,1.41,0.89,0.52,63.3,False,none,normal
2026-02-17 01:00:00,Building_C,21.8,1.14,0.5,0.31,0.19,62.1,False,none,normal
2026-02-17 02:00:00,Building_C,35.18,0.79,0.5,0.33,0.17,65.7,False,none,normal
2026-02-17 03:00:00,Building_C,35.27,1.01,3.29,1.97,1.32,59.9,False,none,normal
2026-02-17 04:00:00,Building_C,25.96,0.61,0.5,0.33,0.17,66.3,False,none,normal
2026-02-17 05:00:00,Building_C,27.87,0.65,1.98,1.35,0.63,68.3,False,none,normal
2026-02-17 06:00:00,Building_C,85.92,6.81,23.36,15.44,7.92,66.1,False,none,normal
2026-02-17 07:00:00,Building_C,83.7,6.33,24.66,14.79,9.87,60.0,False,none,normal
2026-02-17 08:00:00,Building_C,138.22,13.13,66.03,45.96,20.07,69.6,False,none,normal
2026-02-17 09:00:00,Building_C,143.37,13.03,64.13,37.97,26.16,59.2,False,none,normal
2026-02-17 10:00:00,Building_C,137.39,12.72,64.91,44.64,20.27,68.8,False,none,normal
2026-02-17 11:00:00,Building_C,143.68,31.61,154.23,94.19,60.04,61.1,False,none,normal
2026-02-17 12:00:00,Building_C,140.53,30.94,154.93,98.48,56.45,63.6,False,none,normal
2026-02-17 13:00:00,Building_C,140.34,31.44,153.25,105.52,47.73,68.9,False,none,normal
2026-02-17 14:00:00,Building_C,135.34,13.11,64.12,43.8,20.32,68.3,False,none,normal
2026-02-17 15:00:00,Building_C,135.23,12.46,65.13,41.32,23.81,63.4,False,none,normal
2026-02-17 16:00:00,Building_C,140.37,12.77,65.32,43.24,22.08,66.2,False,none,normal
2026-02-17 17:00:00,Building_C,141.69,25.59,129.05,78.76,50.29,61.0,False,none,normal
2026-02-17 18:00:00,Building_C,138.1,25.52,128.26,88.83,39.43,69.3,False,none,normal
2026-02-17 19:00:00,Building_C,82.62,12.84,49.06,32.09,16.97,65.4,False,none,normal
2026-02-17 20:00:00,Building_C,81.98,6.56,23.22,15.19,8.03,65.4,False,none,normal
2026-02-17 21:00:00,Building_C,74.69,6.7,23.14,16.13,7.01,69.7,False,none,normal
2026-02-17 22:00:00,Building_C,71.93,7.09,22.5,13.55,8.95,60.2,False,none,normal
2026-02-17 23:00:00,Building_C,32.97,1.36,1.19,0.82,0.37,68.6,False,none,normal
2026-02-18 00:00:00,Building_C,28.59,1.01,1.17,0.74,0.43,62.8,False,none,normal
2026-02-18 01:00:00,Building_C,24.04,1.14,1.39,0.96,0.43,69.3,False,none,normal
2026-02-18 02:00:00,Building_C,26.63,0.92,2.97,1.97,1.0,66.2,False,none,normal
2026-02-18 03:00:00,Building_C,33.98,1.31,2.08,1.5,0.58,72.3,False,none,normal
2026-02-18 04:00:00,Building_C,32.14,0.79,2.3,1.44,0.86,62.7,False,none,normal
2026-02-18 05:00:00,Building_C,31.34,1.28,0.54,0.34,0.2,63.0,False,none,normal
2026-02-18 06:00:00,Building_C,83.62,6.31,25.63,15.65,9.98,61.1,False,none,normal
2026-02-18 07:00:00,Building_C,77.76,7.17,22.63,14.69,7.94,64.9,False,none,normal
2026-02-18 08:00:00,Building_C,148.14,12.99,65.84,44.51,21.33,67.6,False,none,normal
2026-02-18 09:00:00,Building_C,140.7,12.95,61.68,39.3,22.38,63.7,False,none,normal
2026-02-18 10:00:00,Building_C,141.66,13.08,67.18,44.42,22.76,66.1,False,none,normal
2026-02-18 11:00:00,Building_C,143.25,31.6,154.79,100.08,54.71,64.7,False,none,normal
2026-02-18 12:00:00,Building_C,140.41,31.07,154.67,99.48,55.19,64.3,False,none,normal
2026-02-18 13:00:00,Building_C,143.23,30.84,154.32,109.89,44.43,71.2,False,none,normal
2026-02-18 14:00:00,Building_C,139.83,13.64,64.42,41.73,22.69,64.8,False,none,normal
2026-02-18 15:00:00,Building_C,141.2,12.89,61.85,42.38,19.47,68.5,False,none,normal
2026-02-18 16:00:00,Building_C,149.5,13.17,64.87,41.69,23.18,64.3,False,none,normal
2026-02-18 17:00:00,Building_C,145.36,25.98,128.77,75.64,53.13,58.7,False,none,normal
2026-02-18 18:00:00,Building_C,138.61,26.12,129.54,89.05,40.49,68.7,False,none,normal
2026-02-18 19:00:00,Building_C,75.4,12.48,49.63,30.78,18.85,62.0,False,none,normal
2026-02-18 20:00:00,Building_C,85.29,5.93,24.35,15.79,8.56,64.9,False,none,normal
2026-02-18 21:00:00,Building_C,83.64,6.14,22.11,14.52,7.59,65.7,False,none,normal
2026-02-18 22:00:00,Building_C,83.82,6.85,24.04,16.37,7.67,68.1,False,none,normal
2026-02-18 23:00:00,Building_C,33.72,1.61,1.46,0.85,0.61,58.1,False,none,normal
2026-02-19 00:00:00,Building_C,31.51,1.18,2.15,1.27,0.88,58.9,False,none,normal
2026-02-19 01:00:00,Building_C,30.53,1.45,1.4,0.89,0.51,63.8,False,none,normal
2026-02-19 02:00:00,Building_C,39.4,0.77,3.01,2.08,0.93,69.1,False,none,normal
2026-02-19 03:00:00,Building_C,30.88,1.14,1.49,0.98,0.51,65.7,False,none,normal
2026-02-19 04:00:00,Building_C,29.4,1.0,1.1,0.7,0.4,63.7,False,none,normal
2026-02-19 05:00:00,Building_C,30.53,0.36,1.65,1.04,0.61,62.9,False,none,normal
2026-02-19 06:00:00,Building_C,74.25,6.38,24.01,16.83,7.18,70.1,False,none,normal
2026-02-19 07:00:00,Building_C,79.56,6.73,26.13,16.33,9.8,62.5,False,none,normal
2026-02-19 08:00:00,Building_C,140.54,13.6,64.5,42.89,21.61,66.5,False,none,normal
2026-02-19 09:00:00,Building_C,139.1,13.24,64.18,37.01,27.17,57.7,False,none,normal
2026-02-19 10:00:00,Building_C,139.31,12.58,64.36,39.47,24.89,61.3,False,none,normal
2026-02-19 11:00:00,Building_C,142.64,31.21,152.64,96.21,56.43,63.0,False,none,normal
2026-02-19 12:00:00,Building_C,143.21,31.6,153.06,92.77,60.29,60.6,False,none,normal
2026-02-19 13:00:00,Building_C,148.54,31.19,154.25,95.7,58.55,62.0,False,none,normal
2026-02-19 14:00:00,Building_C,141.59,13.6,64.53,44.69,19.84,69.3,False,none,normal
2026-02-19 15:00:00,Building_C,140.85,12.64,63.41,38.38,25.03,60.5,False,none,normal
2026-02-19 16:00:00,Building_C,141.6,13.43,64.42,41.08,23.34,63.8,False,none,normal
2026-02-19 17:00:00,Building_C,137.57,26.12,126.96,76.76,50.2,60.5,False,none,normal
2026-02-19 18:00:00,Building_C,144.33,25.9,128.09,82.39,45.7,64.3,False,none,normal
2026-02-19 19:00:00,Building_C,84.62,13.06,48.04,29.87,18.17,62.2,False,none,normal
2026-02-19 20:00:00,Building_C,80.93,6.6,24.42,15.75,8.67,64.5,False,none,normal
2026-02-19 21:00:00,Building_C,81.9,6.49,23.53,16.34,7.19,69.4,False,none,normal
2026-02-19 22:00:00,Building_C,79.79,6.54,21.99,14.1,7.89,64.1,False,none,normal
2026-02-19 23:00:00,Building_C,27.38,0.8,4.44,2.93,1.51,66.0,False,none,normal
2026-02-20 00:00:00,Building_C,36.68,1.45,2.71,1.74,0.97,64.2,False,none,normal
2026-02-20 01:00:00,Building_C,38.2,1.44,1.58,1.04,0.54,66.1,False,none,normal
2026-02-20 02:00:00,Building_C,31.23,1.17,1.48,0.98,0.5,66.5,False,none,normal
2026-02-20 03:00:00,Building_C,38.74,0.73,2.9,1.84,1.06,63.5,False,none,normal
2026-02-20 04:00:00,Building_C,36.86,1.03,2.02,1.3,0.72,64.4,False,none,normal
2026-02-20 05:00:00,Building_C,24.86,1.76,0.5,0.33,0.17,65.3,False,none,normal
2026-02-20 06:00:00,Building_C,77.51,6.03,24.22,15.17,9.05,62.6,False,none,normal
2026-02-20 07:00:00,Building_C,77.04,6.49,22.69,14.86,7.83,65.5,False,none,normal
2026-02-20 08:00:00,Building_C,140.22,12.13,63.6,42.53,21.07,66.9,False,none,normal
2026-02-20 09:00:00,Building_C,136.48,13.18,64.74,39.45,25.29,60.9,False,none,normal
2026-02-20 10:00:00,Building_C,140.68,13.29,63.17,40.54,22.63,64.2,False,none,normal
2026-02-20 11:00:00,Building_C,145.33,30.89,154.69,93.87,60.82,60.7,False,none,normal
2026-02-20 12:00:00,Building_C,140.09,31.35,151.25,95.08,56.17,62.9,False,none,normal
2026-02-20 13:00:00,Building_C,142.45,31.27,153.51,93.0,60.51,60.6,False,none,normal
2026-02-20 14:00:00,Building_C,143.24,12.89,64.88,43.16,21.72,66.5,False,none,normal
2026-02-20 15:00:00,Building_C,138.94,13.37,63.51,44.31,19.2,69.8,False,none,normal
2026-02-20 16:00:00,Building_C,146.02,13.37,64.01,48.13,15.88,75.2,False,none,normal
2026-02-20 17:00:00,Building_C,141.34,26.08,128.42,77.67,50.75,60.5,False,none,normal
2026-02-20 18:00:00,Building_C,145.91,25.8,129.55,90.22,39.33,69.6,False,none,normal
2026-02-20 19:00:00,Building_C,84.13,12.76,48.52,26.34,22.18,54.3,False,none,normal
2026-02-20 20:00:00,Building_C,81.25,6.78,24.18,15.15,9.03,62.6,False,none,normal
2026-02-20 21:00:00,Building_C,80.52,6.92,24.4,17.67,6.73,72.4,False,none,normal
2026-02-20 22:00:00,Building_C,79.43,6.57,23.95,17.55,6.4,73.3,False,none,normal
2026-02-20 23:00:00,Building_C,32.5,1.89,1.03,0.73,0.3,71.1,False,none,normal
2026-02-21 00:00:00,Building_C,32.25,1.44,0.5,0.33,0.17,66.4,False,none,normal
2026-02-21 01:00:00,Building_C,27.5,1.24,0.5,0.32,0.18,64.6,False,none,normal
2026-02-21 02:00:00,Building_C,36.16,1.34,0.5,0.29,0.21,57.4,False,none,normal
2026-02-21 03:00:00,Building_C,33.77,1.7,0.5,0.37,0.13,73.4,False,none,normal
2026-02-21 04:00:00,Building_C,31.75,0.46,0.5,0.34,0.16,68.1,False,none,normal
2026-02-21 05:00:00,Building_C,32.3,1.67,0.5,0.33,0.17,65.5,False,none,normal
2026-02-21 06:00:00,Building_C,31.81,1.1,1.07,0.68,0.39,63.5,False,none,normal
2026-02-21 07:00:00,Building_C,32.48,1.25,1.83,1.28,0.55,69.8,False,none,normal
2026-02-21 08:00:00,Building_C,26.97,0.51,2.75,1.68,1.07,61.2,False,none,normal
2026-02-21 09:00:00,Building_C,30.26,0.93,0.77,0.46,0.31,59.2,False,none,normal
2026-02-21 10:00:00,Building_C,43.12,2.52,10.7,7.17,3.53,67.0,False,none,normal
2026-02-21 11:00:00,Building_C,43.41,5.82,25.08,14.19,10.89,56.6,False,none,normal
2026-02-21 12:00:00,Building_C,46.66,5.77,25.02,17.46,7.56,69.8,False,none,normal
2026-02-21 13:00:00,Building_C,41.99,5.74,27.78,18.1,9.68,65.1,False,none,normal
2026-02-21 14:00:00,Building_C,44.49,2.26,12.66,8.43,4.23,66.6,False,none,normal
2026-02-21 15:00:00,Building_C,53.97,2.39,9.92,6.22,3.7,62.7,False,none,normal
2026-02-21 16:00:00,Building_C,45.64,1.58,10.13,6.4,3.73,63.2,False,none,normal
2026-02-21 17:00:00,Building_C,46.36,5.27,21.47,12.3,9.17,57.3,False,none,normal
2026-02-21 18:00:00,Building_C,41.74,4.68,21.52,15.39,6.13,71.5,False,none,normal
2026-02-21 19:00:00,Building_C,35.62,2.62,2.8,1.94,0.86,69.4,False,none,normal
2026-02-21 20:00:00,Building_C,28.19,1.49,1.19,0.7,0.49,59.2,False,none,normal
2026-02-21 21:00:00,Building_C,34.15,1.64,1.04,0.74,0.3,71.3,False,none,normal
2026-02-21 22:00:00,Building_C,25.15,0.73,1.35,0.86,0.49,63.5,False,none,normal
2026-02-21 23:00:00,Building_C,29.11,1.19,0.89,0.57,0.32,63.6,False,none,normal
2026-02-22 00:00:00,Building_C,32.89,0.91,1.4,0.87,0.53,62.4,False,none,normal
2026-02-22 01:00:00,Building_C,26.96,1.41,3.58,2.48,1.1,69.3,False,none,normal
2026-02-22 02:00:00,Building_C,33.1,0.92,1.18,0.82,0.36,69.2,False,none,normal
2026-02-22 03:00:00,Building_C,22.65,1.02,2.41,1.46,0.95,60.4,False,none,normal
2026-02-22 04:00:00,Building_C,33.47,1.28,0.5,0.33,0.17,65.3,False,none,normal
2026-02-22 05:00:00,Building_C,29.31,1.29,2.33,1.55,0.78,66.6,False,none,normal
2026-02-22 06:00:00,Building_C,32.07,1.25,0.5,0.32,0.18,64.9,False,none,normal
2026-02-22 07:00:00,Building_C,28.59,1.51,2.35,1.59,0.76,67.7,False,none,normal
2026-02-22 08:00:00,Building_C,38.63,1.03,0.87,0.55,0.32,63.6,False,none,normal
2026-02-22 09:00:00,Building_C,25.37,0.61,2.27,1.35,0.92,59.4,False,none,normal
2026-02-22 10:00:00,Building_C,41.1,2.26,10.21,7.0,3.21,68.5,False,none,normal
2026-02-22 11:00:00,Building_C,45.64,5.23,26.86,18.24,8.62,67.9,False,none,normal
2026-02-22 12:00:00,Building_C,39.75,5.59,24.83,15.4,9.43,62.0,False,none,normal
2026-02-22 13:00:00,Building_C,52.88,5.55,25.43,16.62,8.81,65.3,False,none,normal
2026-02-22 14:00:00,Building_C,48.89,2.05,10.07,6.81,3.26,67.6,False,none,normal
2026-02-22 15:00:00,Building_C,39.33,2.64,8.78,5.62,3.16,64.0,False,none,normal
2026-02-22 16:00:00,Building_C,39.0,1.92,12.26,8.48,3.78,69.2,False,none,normal
2026-02-22 17:00:00,Building_C,50.0,4.08,20.15,13.37,6.78,66.4,False,none,normal
2026-02-22 18:00:00,Building_C,48.26,4.31,20.71,12.52,8.19,60.5,False,none,normal
2026-02-22 19:00:00,Building_C,38.41,2.13,3.1,2.03,1.07,65.3,False,none,normal
2026-02-22 20:00:00,Building_C,36.2,0.81,2.93,1.75,1.18,59.9,False,none,normal
2026-02-22 21:00:00,Building_C,36.44,0.55,1.4,1.0,0.4,71.5,False,none,normal
2026-02-22 22:00:00,Building_C,34.57,1.29,0.5,0.31,0.19,62.1,False,none,normal
2026-02-22 23:00:00,Building_C,37.16,1.31,2.6,1.7,0.9,65.3,False,none,normal
2026-02-23 00:00:00,Building_C,30.65,1.42,1.84,1.18,0.66,64.3,False,none,normal
2026-02-23 01:00:00,Building_C,26.12,1.48,2.06,1.29,0.77,62.6,False,none,normal
2026-02-23 02:00:00,Building_C,36.5,1.23,1.85,1.27,0.58,68.5,False,none,normal
2026-02-23 03:00:00,Building_C,34.45,1.25,1.3,0.95,0.35,72.9,False,none,normal
2026-02-23 04:00:00,Building_C,28.84,1.41,1.43,0.96,0.47,66.8,False,none,normal
2026-02-23 05:00:00,Building_C,36.71,1.04,2.25,1.49,0.76,66.1,False,none,normal
2026-02-23 06:00:00,Building_C,79.15,6.94,25.32,16.02,9.3,63.3,False,none,normal
2026-02-23 07:00:00,Building_C,86.13,6.21,24.43,15.46,8.97,63.3,False,none,normal
2026-02-23 08:00:00,Building_C,143.74,12.83,65.14,43.89,21.25,67.4,False,none,normal
2026-02-23 09:00:00,Building_C,139.23,13.64,63.33,37.6,25.73,59.4,False,none,normal
2026-02-23 10:00:00,Building_C,144.16,12.25,66.02,43.18,22.84,65.4,False,none,normal
2026-02-23 11:00:00,Building_C,135.02,30.86,152.18,101.25,50.93,66.5,False,none,normal
2026-02-23 12:00:00,Building_C,135.42,31.37,153.77,97.03,56.74,63.1,False,none,normal
2026-02-23 13:00:00,Building_C,142.77,31.41,155.51,97.14,58.37,62.5,False,none,normal
2026-02-23 14:00:00,Building_C,140.61,12.78,64.42,39.87,24.55,61.9,False,none,normal
2026-02-23 15:00:00,Building_C,139.03,12.85,64.58,41.98,22.6,65.0,False,none,normal
2026-02-23 16:00:00,Building_C,142.76,12.96,63.53,41.78,21.75,65.8,False,none,normal
2026-02-23 17:00:00,Building_C,137.06,26.2,128.11,84.32,43.79,65.8,False,none,normal
2026-02-23 18:00:00,Building_C,141.61,26.56,128.91,84.17,44.74,65.3,False,none,normal
2026-02-23 19:00:00,Building_C,78.95,13.28,48.61,28.63,19.98,58.9,False,none,normal
2026-02-23 20:00:00,Building_C,80.93,6.57,23.48,15.15,8.33,64.5,False,none,normal
2026-02-23 21:00:00,Building_C,81.43,6.48,25.95,15.51,10.44,59.8,False,none,normal
2026-02-23 22:00:00,Building_C,89.85,6.49,25.16,16.48,8.68,65.5,False,none,normal
2026-02-23 23:00:00,Building_C,24.87,0.78,0.9,0.62,0.28,69.0,False,none,normal
2026-02-24 00:00:00,Building_C,26.24,0.85,1.73,1.16,0.57,66.9,False,none,normal
2026-02-24 01:00:00,Building_C,33.55,0.8,0.5,0.34,0.16,67.2,False,none,normal
2026-02-24 02:00:00,Building_C,37.51,1.03,0.5,0.32,0.18,63.3,False,none,normal
2026-02-24 03:00:00,Building_C,33.35,1.07,3.22,2.21,1.01,68.7,False,none,normal
2026-02-24 04:00:00,Building_C,32.52,0.46,0.7,0.44,0.26,62.8,False,none,normal
2026-02-24 05:00:00,Building_C,28.79,1.21,1.78,1.04,0.74,58.3,False,none,normal
2026-02-24 06:00:00,Building_C,84.93,6.5,24.9,16.93,7.97,68.0,False,none,normal
2026-02-24 07:00:00,Building_C,78.65,6.94,24.3,17.27,7.03,71.1,False,none,normal
2026-02-24 08:00:00,Building_C,137.16,13.5,63.14,47.48,15.66,75.2,False,none,normal
2026-02-24 09:00:00,Building_C,136.92,13.37,63.79,43.29,20.5,67.9,False,none,normal
2026-02-24 10:00:00,Building_C,140.57,12.62,60.87,45.67,15.2,75.0,False,none,normal
2026-02-24 11:00:00,Building_C,141.02,30.16,154.5,104.69,49.81,67.8,False,none,normal
2026-02-24 12:00:00,Building_C,137.87,30.95,154.12,107.59,46.53,69.8,False,none,normal
2026-02-24 13:00:00,Building_C,141.13,31.71,155.5,99.65,55.85,64.1,False,none,normal
2026-02-24 14:00:00,Building_C,134.45,12.92,64.86,42.31,22.55,65.2,False,none,normal
2026-02-24 15:00:00,Building_C,143.27,13.3,64.86,41.44,23.42,63.9,False,none,normal
2026-02-24 16:00:00,Building_C,142.81,13.78,62.44,41.8,20.64,66.9,False,none,normal
2026-02-24 17:00:00,Building_C,148.06,25.58,129.65,90.16,39.49,69.5,False,none,normal
2026-02-24 18:00:00,Building_C,134.82,26.25,128.12,82.97,45.15,64.8,False,none,normal
2026-02-24 19:00:00,Building_C,80.42,13.46,48.8,30.82,17.98,63.1,False,none,normal
2026-02-24 20:00:00,Building_C,79.93,6.38,23.17,14.62,8.55,63.1,False,none,normal
2026-02-24 21:00:00,Building_C,82.19,6.64,25.91,17.09,8.82,66.0,False,none,normal
2026-02-24 22:00:00,Building_C,79.82,6.15,24.82,16.02,8.8,64.5,False,none,normal
2026-02-24 23:00:00,Building_C,31.44,1.24,2.15,1.42,0.73,66.1,False,none,normal
2026-02-25 00:00:00,Building_C,31.1,0.87,0.79,0.54,0.25,68.4,False,none,normal
2026-02-25 01:00:00,Building_C,30.08,0.68,2.92,1.79,1.13,61.2,False,none,normal
2026-02-25 02:00:00,Building_C,31.92,1.32,1.53,0.84,0.69,55.1,False,none,normal
2026-02-25 03:00:00,Building_C,33.34,1.61,2.47,1.4,1.07,56.5,False,none,normal
2026-02-25 04:00:00,Building_C,40.29,0.68,0.5,0.34,0.16,68.1,False,none,normal
2026-02-25 05:00:00,Building_C,33.59,1.17,0.85,0.6,0.25,70.3,False,none,normal
2026-02-25 06:00:00,Building_C,81.56,5.95,25.95,17.1,8.85,65.9,False,none,normal
2026-02-25 07:00:00,Building_C,86.17,6.7,27.34,17.43,9.91,63.8,False,none,normal
2026-02-25 08:00:00,Building_C,140.8,13.25,63.86,43.56,20.3,68.2,False,none,normal
2026-02-25 09:00:00,Building_C,128.94,12.97,64.1,41.31,22.79,64.4,False,none,normal
2026-02-25 10:00:00,Building_C,137.22,13.32,63.62,41.86,21.76,65.8,False,none,normal
2026-02-25 11:00:00,Building_C,140.58,31.37,155.86,102.53,53.33,65.8,False,none,normal
2026-02-25 12:00:00,Building_C,144.1,31.25,153.53,98.93,54.6,64.4,False,none,normal
2026-02-25 13:00:00,Building_C,139.6,31.39,154.27,95.37,58.9,61.8,False,none,normal
2026-02-25 14:00:00,Building_C,139.84,12.46,64.0,41.6,22.4,65.0,False,none,normal
2026-02-25 15:00:00,Building_C,147.96,13.47,62.98,41.45,21.53,65.8,False,none,normal
2026-02-25 16:00:00,Building_C,141.61,12.92,64.02,40.71,23.31,63.6,False,none,normal
2026-02-25 17:00:00,Building_C,148.22,25.85,128.86,70.72,58.14,54.9,False,none,normal
2026-02-25 18:00:00,Building_C,144.03,26.41,127.19,80.07,47.12,63.0,False,none,normal
2026-02-25 19:00:00,Building_C,83.52,13.0,49.49,31.6,17.89,63.9,False,none,normal
2026-02-25 20:00:00,Building_C,89.17,6.26,27.7,19.38,8.32,70.0,False,none,normal
2026-02-25 21:00:00,Building_C,85.04,6.13,25.56,17.23,8.33,67.4,False,none,normal
2026-02-25 22:00:00,Building_C,73.24,6.01,24.9,16.05,8.85,64.5,False,none,normal
2026-02-25 23:00:00,Building_C,29.71,1.52,0.5,0.32,0.18,63.2,False,none,normal
2026-02-26 00:00:00,Building_C,29.19,1.33,0.5,0.32,0.18,63.0,False,none,normal
2026-02-26 01:00:00,Building_C,24.89,1.04,2.4,1.63,0.77,68.0,False,none,normal
2026-02-26 02:00:00,Building_C,28.87,1.33,1.31,0.92,0.39,70.4,False,none,normal
2026-02-26 03:00:00,Building_C,31.26,0.2,2.6,1.64,0.96,63.2,False,none,normal
2026-02-26 04:00:00,Building_C,30.68,1.26,0.5,0.33,0.17,65.3,False,none,normal
2026-02-26 05:00:00,Building_C,33.92,1.27,0.81,0.56,0.25,69.0,False,none,normal
2026-02-26 06:00:00,Building_C,77.72,6.28,24.3,16.08,8.22,66.2,False,none,normal
2026-02-26 07:00:00,Building_C,80.42,6.93,24.82,16.21,8.61,65.3,False,none,normal
2026-02-26 08:00:00,Building_C,141.77,13.25,64.51,37.26,27.25,57.8,False,none,normal
2026-02-26 09:00:00,Building_C,145.09,13.04,65.05,41.23,23.82,63.4,False,none,normal
2026-02-26 10:00:00,Building_C,133.42,12.2,63.09,42.31,20.78,67.1,False,none,normal
2026-02-26 11:00:00,Building_C,145.92,31.3,152.88,94.58,58.3,61.9,False,none,normal
2026-02-26 12:00:00,Building_C,146.17,30.74,156.66,113.59,43.07,72.5,False,none,normal
2026-02-26 13:00:00,Building_C,149.27,31.33,153.73,102.12,51.61,66.4,False,none,normal
2026-02-26 14:00:00,Building_C,144.37,12.77,62.9,40.17,22.73,63.9,False,none,normal
2026-02-26 15:00:00,Building_C,137.64,13.43,63.49,41.51,21.98,65.4,False,none,normal
2026-02-26 16:00:00,Building_C,144.66,13.45,64.48,42.9,21.58,66.5,False,none,normal
2026-02-26 17:00:00,Building_C,136.66,26.35,129.97,74.76,55.21,57.5,False,none,normal
2026-02-26 18:00:00,Building_C,147.78,25.75,129.16,84.35,44.81,65.3,False,none,normal
2026-02-26 19:00:00,Building_C,81.47,12.93,47.74,32.03,15.71,67.1,False,none,normal
2026-02-26 20:00:00,Building_C,80.57,6.04,23.22,13.89,9.33,59.8,False,none,normal
2026-02-26 21:00:00,Building_C,79.62,6.67,23.61,16.27,7.34,68.9,False,none,normal
2026-02-26 22:00:00,Building_C,81.24,6.4,24.49,17.29,7.2,70.6,False,none,normal
2026-02-26 23:00:00,Building_C,26.29,1.73,2.68,1.74,0.94,64.9,False,none,normal
2026-02-27 00:00:00,Building_C,36.51,1.03,1.87,1.18,0.69,62.8,False,none,normal
2026-02-27 01:00:00,Building_C,35.64,0.9,1.47,1.0,0.47,67.7,False,none,normal
2026-02-27 02:00:00,Building_C,35.97,0.86,2.43,1.48,0.95,61.1,False,none,normal
2026-02-27 03:00:00,Building_C,23.18,0.89,2.53,1.64,0.89,65.0,False,none,normal
2026-02-27 04:00:00,Building_C,29.64,1.17,1.56,1.05,0.51,67.5,False,none,normal
2026-02-27 05:00:00,Building_C,25.33,1.11,1.68,1.0,0.68,59.5,False,none,normal
2026-02-27 06:00:00,Building_C,76.2,6.37,24.48,15.92,8.56,65.0,False,none,normal
2026-02-27 07:00:00,Building_C,79.49,6.29,23.99,15.88,8.11,66.2,False,none,normal
2026-02-27 08:00:00,Building_C,145.71,12.22,64.97,41.94,23.03,64.6,False,none,normal
2026-02-27 09:00:00,Building_C,142.83,13.41,63.32,43.55,19.77,68.8,False,none,normal
2026-02-27 10:00:00,Building_C,135.71,13.04,63.93,41.67,22.26,65.2,False,none,normal
2026-02-27 11:00:00,Building_C,136.77,31.35,156.04,95.36,60.68,61.1,False,none,normal
2026-02-27 12:00:00,Building_C,141.49,31.49,153.78,108.33,45.45,70.4,False,none,normal
2026-02-27 13:00:00,Building_C,139.01,31.15,152.95,100.19,52.76,65.5,False,none,normal
2026-02-27 14:00:00,Building_C,140.74,13.22,63.46,39.52,23.94,62.3,False,none,normal
2026-02-27 15:00:00,Building_C,142.58,13.49,64.98,47.04,17.94,72.4,False,none,normal
2026-02-27 16:00:00,Building_C,142.95,13.18,65.04,46.15,18.89,71.0,False,none,normal
2026-02-27 17:00:00,Building_C,145.68,25.62,129.41,85.49,43.92,66.1,False,none,normal
2026-02-27 18:00:00,Building_C,139.95,25.38,126.6,80.44,46.16,63.5,False,none,normal
2026-02-27 19:00:00,Building_C,75.86,12.88,49.79,31.21,18.58,62.7,False,none,normal
2026-02-27 20:00:00,Building_C,82.05,6.12,24.83,16.64,8.19,67.0,False,none,normal
2026-02-27 21:00:00,Building_C,76.02,6.24,22.95,15.38,7.57,67.0,False,none,normal
2026-02-27 22:00:00,Building_C,82.37,6.48,24.31,16.12,8.19,66.3,False,none,normal
2026-02-27 23:00:00,Building_C,33.15,0.97,0.77,0.5,0.27,64.8,False,none,normal
2026-02-28 00:00:00,Building_C,31.02,1.87,1.07,0.71,0.36,66.2,False,none,normal
2026-02-28 01:00:00,Building_C,33.64,1.64,0.56,0.39,0.17,70.4,False,none,normal
2026-02-28 02:00:00,Building_C,31.19,2.02,1.96,1.18,0.78,60.1,False,none,normal
2026-02-28 03:00:00,Building_C,30.99,1.61,1.63,1.06,0.57,64.8,False,none,normal
2026-02-28 04:00:00,Building_C,34.65,1.03,1.28,0.78,0.5,61.2,False,none,normal
2026-02-28 05:00:00,Building_C,38.69,0.72,1.73,1.16,0.57,66.9,False,none,normal
2026-02-28 06:00:00,Building_C,31.72,0.71,0.5,0.34,0.16,67.1,False,none,normal
2026-02-28 07:00:00,Building_C,28.66,0.42,1.99,1.22,0.77,61.5,False,none,normal
2026-02-28 08:00:00,Building_C,34.3,1.08,1.23,0.8,0.43,65.2,False,none,normal
2026-02-28 09:00:00,Building_C,27.22,0.86,1.22,0.74,0.48,60.4,False,none,normal
2026-02-28 10:00:00,Building_C,48.25,2.19,8.96,5.62,3.34,62.8,False,none,normal
2026-02-28 11:00:00,Building_C,45.8,5.35,26.17,17.61,8.56,67.3,False,none,normal
2026-02-28 12:00:00,Building_C,55.0,5.91,23.73,15.08,8.65,63.6,False,none,normal
2026-02-28 13:00:00,Building_C,44.33,5.71,24.57,15.45,9.12,62.9,False,none,normal
2026-02-28 14:00:00,Building_C,40.42,2.08,10.03,6.39,3.64,63.7,False,none,normal
2026-02-28 15:00:00,Building_C,40.65,2.64,11.27,6.67,4.6,59.2,False,none,normal
2026-02-28 16:00:00,Building_C,45.5,1.75,12.31,8.8,3.51,71.5,False,none,normal
2026-02-28 17:00:00,Building_C,45.17,4.29,20.61,13.02,7.59,63.2,False,none,normal
2026-02-28 18:00:00,Building_C,44.97,5.07,22.56,15.54,7.02,68.9,False,none,normal
2026-02-28 19:00:00,Building_C,32.46,1.89,2.13,1.39,0.74,65.2,False,none,normal
2026-02-28 20:00:00,Building_C,26.97,1.25,2.5,1.68,0.82,67.2,False,none,normal
2026-02-28 21:00:00,Building_C,33.8,0.49,3.13,1.84,1.29,58.7,False,none,normal
2026-02-28 22:00:00,Building_C,31.17,1.36,1.96,1.17,0.79,59.9,False,none,normal
2026-02-28 23:00:00,Building_C,27.38,1.25,2.14,1.3,0.84,60.6,False,none,normal
2026-03-01 00:00:00,Building_C,36.68,0.62,2.28,1.4,0.88,61.5,True,energy,gradual_drift
2026-03-01 01:00:00,Building_C,35.31,1.12,2.92,1.93,0.99,66.0,True,energy,gradual_drift
2026-03-01 02:00:00,Building_C,32.32,1.27,4.1,2.79,1.31,68.0,True,energy,gradual_drift
2026-03-01 03:00:00,Building_C,34.69,0.86,0.79,0.53,0.26,67.7,True,energy,gradual_drift
2026-03-01 04:00:00,Building_C,31.05,1.15,3.25,2.13,1.12,65.6,True,energy,gradual_drift
2026-03-01 05:00:00,Building_C,30.21,1.91,3.64,2.44,1.2,67.0,True,energy,gradual_drift
2026-03-01 06:00:00,Building_C,40.57,1.05,2.4,1.52,0.88,63.3,True,energy,gradual_drift
2026-03-01 07:00:00,Building_C,29.0,2.05,0.5,0.33,0.17,66.2,True,energy,gradual_drift
2026-03-01 08:00:00,Building_C,36.21,1.33,1.42,0.92,0.5,64.7,True,energy,gradual_drift
2026-03-01 09:00:00,Building_C,35.56,1.31,1.53,0.99,0.54,64.7,True,energy,gradual_drift
2026-03-01 10:00:00,Building_C,44.12,3.0,11.35,7.47,3.88,65.8,True,energy,gradual_drift
2026-03-01 11:00:00,Building_C,47.19,5.15,26.72,17.2,9.52,64.4,True,energy,gradual_drift
2026-03-01 12:00:00,Building_C,52.67,5.03,27.55,18.9,8.65,68.6,True,energy,gradual_drift
2026-03-01 13:00:00,Building_C,49.58,5.67,26.58,15.86,10.72,59.7,True,energy,gradual_drift
2026-03-01 14:00:00,Building_C,57.32,2.46,9.86,5.98,3.88,60.6,True,energy,gradual_drift
2026-03-01 15:00:00,Building_C,54.28,2.37,11.28,7.34,3.94,65.1,True,energy,gradual_drift
2026-03-01 16:00:00,Building_C,45.53,2.47,10.47,6.8,3.67,64.9,True,energy,gradual_drift
2026-03-01 17:00:00,Building_C,60.4,4.89,22.52,17.09,5.43,75.9,True,energy,gradual_drift
2026-03-01 18:00:00,Building_C,51.63,4.63,20.59,13.01,7.58,63.2,True,energy,gradual_drift
2026-03-01 19:00:00,Building_C,25.95,2.57,1.54,1.06,0.48,68.6,True,energy,gradual_drift
2026-03-01 20:00:00,Building_C,34.77,1.19,1.48,1.04,0.44,70.5,True,energy,gradual_drift
2026-03-01 21:00:00,Building_C,40.28,1.14,0.5,0.34,0.16,68.7,True,energy,gradual_drift
2026-03-01 22:00:00,Building_C,30.67,0.6,2.13,1.49,0.64,69.9,True,energy,gradual_drift
2026-03-01 23:00:00,Building_C,33.18,1.29,1.03,0.7,0.33,67.9,True,energy,gradual_drift
2026-03-02 00:00:00,Building_C,40.5,1.05,0.5,0.3,0.2,59.2,True,energy,gradual_drift
2026-03-02 01:00:00,Building_C,39.74,0.75,1.98,1.35,0.63,68.1,True,energy,gradual_drift
2026-03-02 02:00:00,Building_C,33.34,1.09,2.73,1.69,1.04,61.8,True,energy,gradual_drift
2026-03-02 03:00:00,Building_C,31.52,1.06,3.06,2.19,0.87,71.4,True,energy,gradual_drift
2026-03-02 04:00:00,Building_C,35.15,0.9,2.81,1.64,1.17,58.3,True,energy,gradual_drift
2026-03-02 05:00:00,Building_C,36.7,1.13,3.08,2.17,0.91,70.6,True,energy,gradual_drift
2026-03-02 06:00:00,Building_C,87.29,6.56,23.78,15.18,8.6,63.8,True,energy,gradual_drift
2026-03-02 07:00:00,Building_C,94.28,6.38,24.7,17.0,7.7,68.8,True,energy,gradual_drift
2026-03-02 08:00:00,Building_C,164.4,13.1,64.37,38.99,25.38,60.6,True,energy,gradual_drift
2026-03-02 09:00:00,Building_C,164.72,13.17,64.39,42.07,22.32,65.3,True,energy,gradual_drift
2026-03-02 10:00:00,Building_C,159.23,13.27,65.3,46.65,18.65,71.4,True,energy,gradual_drift
2026-03-02 11:00:00,Building_C,158.7,31.81,155.41,100.64,54.77,64.8,True,energy,gradual_drift
2026-03-02 12:00:00,Building_C,150.15,31.22,156.01,96.57,59.44,61.9,True,energy,gradual_drift
2026-03-02 13:00:00,Building_C,157.99,31.25,155.27,98.52,56.75,63.4,True,energy,gradual_drift
2026-03-02 14:00:00,Building_C,153.72,13.2,63.33,36.51,26.82,57.7,True,energy,gradual_drift
2026-03-02 15:00:00,Building_C,165.86,13.32,66.49,45.54,20.95,68.5,True,energy,gradual_drift
2026-03-02 16:00:00,Building_C,160.66,13.13,64.0,42.91,21.09,67.0,True,energy,gradual_drift
2026-03-02 17:00:00,Building_C,155.14,25.62,128.05,89.85,38.2,70.2,True,energy,gradual_drift
2026-03-02 18:00:00,Building_C,152.1,25.57,129.16,81.81,47.35,63.3,True,energy,gradual_drift
2026-03-02 19:00:00,Building_C,93.7,13.34,49.49,30.92,18.57,62.5,True,energy,gradual_drift
2026-03-02 20:00:00,Building_C,97.27,6.76,24.5,15.9,8.6,64.9,True,energy,gradual_drift
2026-03-02 21:00:00,Building_C,93.2,6.39,22.51,15.31,7.2,68.0,True,energy,gradual_drift
2026-03-02 22:00:00,Building_C,94.62,5.69,25.08,18.06,7.02,72.0,True,energy,gradual_drift
2026-03-02 23:00:00,Building_C,30.54,1.12,1.31,0.94,0.37,71.6,True,energy,gradual_drift
2026-03-03 00:00:00,Building_C,41.34,0.84,1.94,1.44,0.5,74.2,True,energy,gradual_drift
2026-03-03 01:00:00,Building_C,33.38,1.14,2.15,1.35,0.8,62.6,True,energy,gradual_drift
2026-03-03 02:00:00,Building_C,44.27,0.98,0.5,0.31,0.19,62.9,True,energy,gradual_drift
2026-03-03 03:00:00,Building_C,39.2,0.87,1.89,1.27,0.62,67.3,True,energy,gradual_drift
2026-03-03 04:00:00,Building_C,30.71,0.95,1.95,1.32,0.63,67.8,True,energy,gradual_drift
2026-03-03 05:00:00,Building_C,33.77,1.2,1.19,0.81,0.38,67.9,True,energy,gradual_drift
2026-03-03 06:00:00,Building_C,95.52,6.37,25.04,15.86,9.18,63.3,True,energy,gradual_drift
2026-03-03 07:00:00,Building_C,95.24,6.66,27.31,17.38,9.93,63.7,True,energy,gradual_drift
2026-03-03 08:00:00,Building_C,159.79,12.77,62.99,39.79,23.2,63.2,True,energy,gradual_drift
2026-03-03 09:00:00,Building_C,163.46,13.26,64.58,41.21,23.37,63.8,True,energy,gradual_drift
2026-03-03 10:00:00,Building_C,158.19,12.68,63.56,38.02,25.54,59.8,True,energy,gradual_drift
2026-03-03 11:00:00,Building_C,166.62,31.84,151.82,100.44,51.38,66.2,True,energy,gradual_drift
2026-03-03 12:00:00,Building_C,161.67,31.27,153.43,106.0,47.43,69.1,True,energy,gradual_drift
2026-03-03 13:00:00,Building_C,162.3,31.56,153.25,91.13,62.12,59.5,True,energy,gradual_drift
2026-03-03 14:00:00,Building_C,162.42,12.66,65.49,37.0,28.49,56.5,True,energy,gradual_drift
2026-03-03 15:00:00,Building_C,158.3,12.78,63.83,42.16,21.67,66.0,True,energy,gradual_drift
2026-03-03 16:00:00,Building_C,162.24,13.22,65.13,41.89,23.24,64.3,True,energy,gradual_drift
2026-03-03 17:00:00,Building_C,170.05,26.48,128.08,82.55,45.53,64.5,True,energy,gradual_drift
2026-03-03 18:00:00,Building_C,158.92,26.12,127.28,78.71,48.57,61.8,True,energy,gradual_drift
2026-03-03 19:00:00,Building_C,83.28,12.86,50.21,32.33,17.88,64.4,True,energy,gradual_drift
2026-03-03 20:00:00,Building_C,92.72,6.6,23.26,15.14,8.12,65.1,True,energy,gradual_drift
2026-03-03 21:00:00,Building_C,97.22,6.61,25.64,17.96,7.68,70.1,True,energy,gradual_drift
2026-03-03 22:00:00,Building_C,96.18,6.25,24.05,17.49,6.56,72.7,True,energy,gradual_drift
2026-03-03 23:00:00,Building_C,37.65,1.21,0.5,0.32,0.18,64.6,True,energy,gradual_drift
2026-03-04 00:00:00,Building_C,40.18,1.15,0.91,0.58,0.33,63.9,True,energy,gradual_drift
2026-03-04 01:00:00,Building_C,42.4,1.38,2.17,1.45,0.72,66.8,True,energy,gradual_drift
2026-03-04 02:00:00,Building_C,31.38,1.24,2.81,1.8,1.01,64.0,True,energy,gradual_drift
2026-03-04 03:00:00,Building_C,41.4,1.34,2.52,1.64,0.88,65.2,True,energy,gradual_drift
2026-03-04 04:00:00,Building_C,40.97,0.63,1.57,1.07,0.5,67.9,True,energy,gradual_drift
2026-03-04 05:00:00,Building_C,38.23,1.53,1.34,0.84,0.5,62.8,True,energy,gradual_drift
2026-03-04 06:00:00,Building_C,87.19,6.4,25.09,17.07,8.02,68.0,True,energy,gradual_drift
2026-03-04 07:00:00,Building_C,88.3,6.91,23.3,15.03,8.27,64.5,True,energy,gradual_drift
2026-03-04 08:00:00,Building_C,160.61,13.14,64.34,43.57,20.77,67.7,True,energy,gradual_drift
2026-03-04 09:00:00,Building_C,171.81,13.14,63.53,42.47,21.06,66.8,True,energy,gradual_drift
2026-03-04 10:00:00,Building_C,172.27,13.23,65.36,38.32,27.04,58.6,True,energy,gradual_drift
2026-03-04 11:00:00,Building_C,165.04,31.1,153.32,99.52,53.8,64.9,True,energy,gradual_drift
2026-03-04 12:00:00,Building_C,163.76,30.98,154.37,99.27,55.1,64.3,True,energy,gradual_drift
2026-03-04 13:00:00,Building_C,166.51,31.27,154.59,106.54,48.05,68.9,True,energy,gradual_drift
2026-03-04 14:00:00,Building_C,165.82,13.0,61.72,41.39,20.33,67.1,True,energy,gradual_drift
2026-03-04 15:00:00,Building_C,159.01,12.97,64.67,45.48,19.19,70.3,True,energy,gradual_drift
2026-03-04 16:00:00,Building_C,171.8,12.68,62.65,41.54,21.11,66.3,True,energy,gradual_drift
2026-03-04 17:00:00,Building_C,164.37,25.58,128.43,86.55,41.88,67.4,True,energy,gradual_drift
2026-03-04 18:00:00,Building_C,157.54,25.65,127.68,81.91,45.77,64.2,True,energy,gradual_drift
2026-03-04 19:00:00,Building_C,98.01,12.88,49.0,36.25,12.75,74.0,True,energy,gradual_drift
2026-03-04 20:00:00,Building_C,90.35,6.27,25.28,17.43,7.85,69.0,True,energy,gradual_drift
2026-03-04 21:00:00,Building_C,96.71,7.13,24.85,14.19,10.66,57.1,True,energy,gradual_drift
2026-03-04 22:00:00,Building_C,95.24,6.3,26.13,17.99,8.14,68.9,True,energy,gradual_drift
2026-03-04 23:00:00,Building_C,29.49,1.62,2.66,1.69,0.97,63.7,True,energy,gradual_drift
2026-03-05 00:00:00,Building_C,37.12,1.63,0.5,0.33,0.17,66.8,True,energy,gradual_drift
2026-03-05 01:00:00,Building_C,42.66,1.12,2.31,1.51,0.8,65.4,True,energy,gradual_drift
2026-03-05 02:00:00,Building_C,33.8,0.86,2.38,1.49,0.89,62.5,True,energy,gradual_drift
2026-03-05 03:00:00,Building_C,30.3,1.19,0.91,0.55,0.36,60.2,True,energy,gradual_drift
2026-03-05 04:00:00,Building_C,37.83,1.42,1.55,0.94,0.61,60.7,True,energy,gradual_drift
2026-03-05 05:00:00,Building_C,39.78,1.51,4.18,2.96,1.22,70.8,True,energy,gradual_drift
2026-03-05 06:00:00,Building_C,91.67,6.8,24.77,14.96,9.81,60.4,True,energy,gradual_drift
2026-03-05 07:00:00,Building_C,97.76,7.17,25.9,15.79,10.11,60.9,True,energy,gradual_drift
2026-03-05 08:00:00,Building_C,166.13,13.17,62.15,36.18,25.97,58.2,True,energy,gradual_drift
2026-03-05 09:00:00,Building_C,166.79,13.06,62.02,41.28,20.74,66.6,True,energy,gradual_drift
2026-03-05 10:00:00,Building_C,171.19,12.92,64.3,43.26,21.04,67.3,True,energy,gradual_drift
2026-03-05 11:00:00,Building_C,168.14,30.61,153.05,97.06,55.99,63.4,True,energy,gradual_drift
2026-03-05 12:00:00,Building_C,162.0,31.71,154.9,93.81,61.09,60.6,True,energy,gradual_drift
2026-03-05 13:00:00,Building_C,165.05,31.59,153.36,104.91,48.45,68.4,True,energy,gradual_drift
2026-03-05 14:00:00,Building_C,172.59,13.42,64.44,45.11,19.33,70.0,True,energy,gradual_drift
2026-03-05 15:00:00,Building_C,163.6,13.87,64.51,44.89,19.62,69.6,True,energy,gradual_drift
2026-03-05 16:00:00,Building_C,164.35,13.17,64.88,39.76,25.12,61.3,True,energy,gradual_drift
2026-03-05 17:00:00,Building_C,161.54,25.92,129.78,74.85,54.93,57.7,True,energy,gradual_drift
2026-03-05 18:00:00,Building_C,164.35,26.45,126.97,88.9,38.07,70.0,True,energy,gradual_drift
2026-03-05 19:00:00,Building_C,91.1,12.68,48.76,35.35,13.41,72.5,True,energy,gradual_drift
2026-03-05 20:00:00,Building_C,93.4,5.89,22.78,15.66,7.12,68.7,True,energy,gradual_drift
2026-03-05 21:00:00,Building_C,90.03,6.91,24.55,15.93,8.62,64.9,True,energy,gradual_drift
2026-03-05 22:00:00,Building_C,97.82,6.22,24.63,14.83,9.8,60.2,True,energy,gradual_drift
2026-03-05 23:00:00,Building_C,43.86,0.79,2.06,1.25,0.81,60.9,True,energy,gradual_drift
2026-03-06 00:00:00,Building_C,35.58,1.02,5.11,3.32,1.79,64.9,True,energy,gradual_drift
2026-03-06 01:00:00,Building_C,34.19,0.99,0.5,0.32,0.18,64.3,True,energy,gradual_drift
2026-03-06 02:00:00,Building_C,47.02,1.26,2.61,1.6,1.01,61.4,True,energy,gradual_drift
2026-03-06 03:00:00,Building_C,37.15,1.22,0.66,0.44,0.22,66.6,True,energy,gradual_drift
2026-03-06 04:00:00,Building_C,41.09,1.34,1.35,0.94,0.41,69.4,True,energy,gradual_drift
2026-03-06 05:00:00,Building_C,36.9,1.02,3.26,1.97,1.29,60.6,True,energy,gradual_drift
2026-03-06 06:00:00,Building_C,89.88,6.2,24.93,17.48,7.45,70.1,True,energy,gradual_drift
2026-03-06 07:00:00,Building_C,94.88,7.13,24.5,15.81,8.69,64.5,True,energy,gradual_drift
2026-03-06 08:00:00,Building_C,164.8,13.68,64.04,38.21,25.83,59.7,True,energy,gradual_drift
2026-03-06 09:00:00,Building_C,180.67,13.14,65.18,46.75,18.43,71.7,True,energy,gradual_drift
2026-03-06 10:00:00,Building_C,171.83,13.34,64.29,43.68,20.61,67.9,True,energy,gradual_drift
2026-03-06 11:00:00,Building_C,168.71,31.19,154.28,97.83,56.45,63.4,True,energy,gradual_drift
2026-03-06 12:00:00,Building_C,171.3,31.37,155.12,104.8,50.32,67.6,True,energy,gradual_drift
2026-03-06 13:00:00,Building_C,178.48,31.56,153.89,102.82,51.07,66.8,True,energy,gradual_drift
2026-03-06 14:00:00,Building_C,175.66,12.67,66.64,41.25,25.39,61.9,True,energy,gradual_drift
2026-03-06 15:00:00,Building_C,173.2,13.0,64.16,38.36,25.8,59.8,True,energy,gradual_drift
2026-03-06 16:00:00,Building_C,173.23,12.55,62.49,43.52,18.97,69.6,True,energy,gradual_drift
2026-03-06 17:00:00,Building_C,177.47,25.76,129.65,88.4,41.25,68.2,True,energy,gradual_drift
2026-03-06 18:00:00,Building_C,168.44,26.46,128.25,86.02,42.23,67.1,True,energy,gradual_drift
2026-03-06 19:00:00,Building_C,92.04,12.57,50.34,33.83,16.51,67.2,True,energy,gradual_drift
2026-03-06 20:00:00,Building_C,97.38,7.17,26.74,17.85,8.89,66.8,True,energy,gradual_drift
2026-03-06 21:00:00,Building_C,91.07,6.46,23.47,15.34,8.13,65.4,True,energy,gradual_drift
2026-03-06 22:00:00,Building_C,93.56,6.08,21.75,14.28,7.47,65.7,True,energy,gradual_drift
2026-03-06 23:00:00,Building_C,27.1,1.03,2.36,1.47,0.89,62.1,True,energy,gradual_drift
2026-03-07 00:00:00,Building_C,33.48,1.12,0.53,0.35,0.18,65.7,True,energy,gradual_drift
2026-03-07 01:00:00,Building_C,33.73,1.11,1.11,0.72,0.39,65.0,True,energy,gradual_drift
2026-03-07 02:00:00,Building_C,46.75,1.22,2.13,1.33,0.8,62.5,True,energy,gradual_drift
2026-03-07 03:00:00,Building_C,39.86,1.05,1.56,1.05,0.51,67.6,True,energy,gradual_drift
2026-03-07 04:00:00,Building_C,36.33,1.01,0.95,0.6,0.35,63.0,True,energy,gradual_drift
2026-03-07 05:00:00,Building_C,39.61,1.02,3.33,2.52,0.81,75.7,True,energy,gradual_drift
2026-03-07 06:00:00,Building_C,36.0,1.25,2.77,1.77,1.0,63.9,True,energy,gradual_drift
2026-03-07 07:00:00,Building_C,33.92,1.76,2.35,1.56,0.79,66.3,True,energy,gradual_drift
2026-03-07 08:00:00,Building_C,45.85,1.42,1.47,0.9,0.57,61.1,True,energy,gradual_drift
2026-03-07 09:00:00,Building_C,36.36,1.57,2.35,1.51,0.84,64.3,True,energy,gradual_drift
2026-03-07 10:00:00,Building_C,64.0,2.24,11.89,7.83,4.06,65.9,True,energy,gradual_drift
2026-03-07 11:00:00,Building_C,64.82,5.77,25.75,16.55,9.2,64.3,True,energy,gradual_drift
2026-03-07 12:00:00,Building_C,55.31,5.25,24.05,15.93,8.12,66.2,True,energy,gradual_drift
2026-03-07 13:00:00,Building_C,52.78,5.32,25.58,16.68,8.9,65.2,True,energy,gradual_drift
2026-03-07 14:00:00,Building_C,55.42,2.9,11.5,8.44,3.06,73.4,True,energy,gradual_drift
2026-03-07 15:00:00,Building_C,53.24,2.57,10.24,6.43,3.81,62.8,True,energy,gradual_drift
2026-03-07 16:00:00,Building_C,65.86,2.02,8.03,4.99,3.04,62.2,True,energy,gradual_drift
2026-03-07 17:00:00,Building_C,45.58,4.25,20.38,13.28,7.1,65.1,True,energy,gradual_drift
2026-03-07 18:00:00,Building_C,45.38,5.01,19.16,12.36,6.8,64.5,True,energy,gradual_drift
2026-03-07 19:00:00,Building_C,37.19,2.58,3.48,2.43,1.05,69.7,True,energy,gradual_drift
2026-03-07 20:00:00,Building_C,37.0,0.98,2.02,1.4,0.62,69.1,True,energy,gradual_drift
2026-03-07 21:00:00,Building_C,42.8,1.26,1.81,1.17,0.64,64.9,True,energy,gradual_drift
2026-03-07 22:00:00,Building_C,40.77,1.86,1.24,0.79,0.45,63.5,True,energy,gradual_drift
2026-03-07 23:00:00,Building_C,36.61,1.28,0.5,0.32,0.18,64.5,True,energy,gradual_drift
2026-03-08 00:00:00,Building_C,35.3,0.96,1.75,1.29,0.46,73.4,False,none,normal
2026-03-08 01:00:00,Building_C,33.1,0.36,0.5,0.32,0.18,64.0,False,none,normal
2026-03-08 02:00:00,Building_C,28.56,1.18,1.18,0.82,0.36,69.7,False,none,normal
2026-03-08 03:00:00,Building_C,27.41,1.07,1.79,1.19,0.6,66.4,False,none,normal
2026-03-08 04:00:00,Building_C,32.37,0.3,1.63,1.05,0.58,64.4,False,none,normal
2026-03-08 05:00:00,Building_C,35.23,1.4,1.82,1.21,0.61,66.3,False,none,normal
2026-03-08 06:00:00,Building_C,37.19,1.55,1.86,1.37,0.49,73.6,False,none,normal
2026-03-08 07:00:00,Building_C,29.27,0.73,1.52,0.97,0.55,63.5,False,none,normal
2026-03-08 08:00:00,Building_C,21.92,0.92,1.94,1.26,0.68,64.8,False,none,normal
2026-03-08 09:00:00,Building_C,28.67,1.16,1.68,1.14,0.54,67.9,False,none,normal
2026-03-08 10:00:00,Building_C,42.83,2.6,9.4,5.92,3.48,63.0,False,none,normal
2026-03-08 11:00:00,Building_C,52.19,5.15,24.9,14.94,9.96,60.0,False,none,normal
2026-03-08 12:00:00,Building_C,42.09,5.55,26.54,17.23,9.31,64.9,False,none,normal
2026-03-08 13:00:00,Building_C,44.1,5.07,24.82,14.6,10.22,58.8,False,none,normal
2026-03-08 14:00:00,Building_C,48.34,2.58,10.66,7.12,3.54,66.8,False,none,normal
2026-03-08 15:00:00,Building_C,48.9,2.33,12.38,7.54,4.84,60.9,False,none,normal
2026-03-08 16:00:00,Building_C,44.0,2.13,11.48,6.8,4.68,59.3,False,none,normal
2026-03-08 17:00:00,Building_C,51.19,4.78,23.51,15.24,8.27,64.8,False,none,normal
2026-03-08 18:00:00,Building_C,43.2,4.82,22.65,14.08,8.57,62.1,False,none,normal
2026-03-08 19:00:00,Building_C,23.79,1.65,3.37,2.4,0.97,71.2,False,none,normal
2026-03-08 20:00:00,Building_C,26.57,1.05,1.11,0.81,0.3,72.7,False,none,normal
2026-03-08 21:00:00,Building_C,40.81,1.3,2.61,1.79,0.82,68.5,False,none,normal
2026-03-08 22:00:00,Building_C,26.66,1.39,0.5,0.32,0.18,64.3,False,none,normal
2026-03-08 23:00:00,Building_C,36.34,1.18,2.85,2.0,0.85,70.2,False,none,normal
2026-03-09 00:00:00,Building_C,24.75,0.38,2.92,2.04,0.88,69.8,False,none,normal
2026-03-09 01:00:00,Building_C,32.8,1.28,2.6,1.78,0.82,68.5,False,none,normal
2026-03-09 02:00:00,Building_C,30.56,1.48,1.11,0.73,0.38,66.0,False,none,normal
2026-03-09 03:00:00,Building_C,32.58,0.85,0.64,0.47,0.17,73.9,False,none,normal
2026-03-09 04:00:00,Building_C,28.21,1.28,2.22,1.44,0.78,64.8,False,none,normal
2026-03-09 05:00:00,Building_C,34.46,1.26,0.5,0.34,0.16,67.1,False,none,normal
2026-03-09 06:00:00,Building_C,79.54,7.11,24.98,15.54,9.44,62.2,False,none,normal
2026-03-09 07:00:00,Building_C,83.08,6.18,24.78,15.88,8.9,64.1,False,none,normal
2026-03-09 08:00:00,Building_C,137.42,12.7,67.15,43.89,23.26,65.4,False,none,normal
2026-03-09 09:00:00,Building_C,139.0,12.79,64.79,40.46,24.33,62.4,False,none,normal
2026-03-09 10:00:00,Building_C,136.35,12.99,64.18,40.65,23.53,63.3,False,none,normal
2026-03-09 11:00:00,Building_C,137.17,31.06,153.58,96.09,57.49,62.6,False,none,normal
2026-03-09 12:00:00,Building_C,141.84,31.97,155.74,113.33,42.41,72.8,False,none,normal
2026-03-09 13:00:00,Building_C,138.46,31.78,154.41,106.46,47.95,68.9,False,none,normal
2026-03-09 14:00:00,Building_C,142.56,12.88,65.09,43.57,21.52,66.9,False,none,normal
2026-03-09 15:00:00,Building_C,133.66,12.95,65.27,43.15,22.12,66.1,False,none,normal
2026-03-09 16:00:00,Building_C,142.61,12.73,64.53,41.7,22.83,64.6,False,none,normal
2026-03-09 17:00:00,Building_C,139.92,25.76,129.55,86.0,43.55,66.4,False,none,normal
2026-03-09 18:00:00,Building_C,141.71,26.71,129.02,90.06,38.96,69.8,False,none,normal
2026-03-09 19:00:00,Building_C,82.81,12.87,47.66,31.44,16.22,66.0,False,none,normal
2026-03-09 20:00:00,Building_C,71.06,6.59,24.85,15.94,8.91,64.1,False,none,normal
2026-03-09 21:00:00,Building_C,81.35,6.06,26.13,16.63,9.5,63.7,False,none,normal
2026-03-09 22:00:00,Building_C,77.83,6.69,24.6,15.64,8.96,63.6,False,none,normal
2026-03-09 23:00:00,Building_C,29.92,1.14,3.14,2.1,1.04,66.9,False,none,normal
2026-03-10 00:00:00,Building_C,31.64,1.45,1.56,1.04,0.52,66.6,False,none,normal
2026-03-10 01:00:00,Building_C,32.38,1.35,1.0,0.6,0.4,60.4,False,none,normal
2026-03-10 02:00:00,Building_C,35.41,1.67,0.5,0.33,0.17,65.7,False,none,normal
2026-03-10 03:00:00,Building_C,29.98,1.46,1.83,1.43,0.4,78.3,False,none,normal
2026-03-10 04:00:00,Building_C,30.57,1.68,3.49,2.34,1.15,67.1,False,none,normal
2026-03-10 05:00:00,Building_C,31.93,1.18,1.54,1.07,0.47,69.5,False,none,normal
2026-03-10 06:00:00,Building_C,78.22,6.44,24.13,14.02,10.11,58.1,False,none,normal
2026-03-10 07:00:00,Building_C,85.15,6.87,23.71,16.39,7.32,69.1,False,none,normal
2026-03-10 08:00:00,Building_C,134.4,13.01,64.07,41.87,22.2,65.4,False,none,normal
2026-03-10 09:00:00,Building_C,141.06,12.97,63.76,41.17,22.59,64.6,False,none,normal
2026-03-10 10:00:00,Building_C,146.18,12.8,66.93,41.8,25.13,62.5,False,none,normal
2026-03-10 11:00:00,Building_C,141.69,31.39,153.79,108.47,45.32,70.5,False,none,normal
2026-03-10 12:00:00,Building_C,142.91,31.12,155.79,94.94,60.85,60.9,False,none,normal
2026-03-10 13:00:00,Building_C,138.47,31.39,155.1,102.82,52.28,66.3,False,none,normal
2026-03-10 14:00:00,Building_C,140.22,12.91,65.58,43.26,22.32,66.0,False,none,normal
2026-03-10 15:00:00,Building_C,137.24,12.67,66.04,41.03,25.01,62.1,False,none,normal
2026-03-10 16:00:00,Building_C,141.82,13.47,64.88,40.21,24.67,62.0,False,none,normal
2026-03-10 17:00:00,Building_C,136.67,26.65,127.2,79.86,47.34,62.8,False,none,normal
2026-03-10 18:00:00,Building_C,142.22,25.92,129.14,76.36,52.78,59.1,False,none,normal
2026-03-10 19:00:00,Building_C,80.87,13.24,49.75,31.2,18.55,62.7,False,none,normal
2026-03-10 20:00:00,Building_C,77.63,6.57,22.89,16.05,6.84,70.1,False,none,normal
2026-03-10 21:00:00,Building_C,82.34,6.26,23.2,14.49,8.71,62.5,False,none,normal
2026-03-10 22:00:00,Building_C,75.47,6.67,23.5,15.65,7.85,66.6,False,none,normal
2026-03-10 23:00:00,Building_C,33.93,1.48,1.83,1.27,0.56,69.5,False,none,normal
2026-03-11 00:00:00,Building_C,37.32,1.24,1.91,1.2,0.71,62.8,False,none,normal
2026-03-11 01:00:00,Building_C,27.83,1.6,2.26,1.53,0.73,67.7,False,none,normal
2026-03-11 02:00:00,Building_C,29.42,1.72,1.25,0.77,0.48,61.8,False,none,normal
2026-03-11 03:00:00,Building_C,29.48,1.7,0.5,0.31,0.19,62.0,False,none,normal
2026-03-11 04:00:00,Building_C,43.37,1.48,0.65,0.39,0.26,60.7,False,none,normal
2026-03-11 05:00:00,Building_C,25.09,1.18,2.4,1.71,0.69,71.1,False,none,normal
2026-03-11 06:00:00,Building_C,74.14,6.04,24.32,18.52,5.8,76.2,False,none,normal
2026-03-11 07:00:00,Building_C,85.26,6.63,23.0,13.0,10.0,56.5,False,none,normal
2026-03-11 08:00:00,Building_C,140.89,12.96,63.9,40.56,23.34,63.5,False,none,normal
2026-03-11 09:00:00,Building_C,137.74,12.66,65.89,40.49,25.4,61.5,False,none,normal
2026-03-11 10:00:00,Building_C,139.63,12.98,65.07,40.08,24.99,61.6,False,none,normal
2026-03-11 11:00:00,Building_C,144.64,30.99,153.95,110.19,43.76,71.6,False,none,normal
2026-03-11 12:00:00,Building_C,136.85,31.45,155.35,102.9,52.45,66.2,False,none,normal
2026-03-11 13:00:00,Building_C,140.26,31.94,154.12,101.44,52.68,65.8,False,none,normal
2026-03-11 14:00:00,Building_C,139.39,13.05,65.38,41.78,23.6,63.9,False,none,normal
2026-03-11 15:00:00,Building_C,132.3,13.18,62.93,42.77,20.16,68.0,False,none,normal
2026-03-11 16:00:00,Building_C,140.73,13.33,63.09,39.66,23.43,62.9,False,none,normal
2026-03-11 17:00:00,Building_C,139.37,25.48,129.78,75.92,53.86,58.5,False,none,normal
2026-03-11 18:00:00,Building_C,145.12,26.14,128.21,85.11,43.1,66.4,False,none,normal
2026-03-11 19:00:00,Building_C,82.99,12.86,49.29,33.48,15.81,67.9,False,none,normal
2026-03-11 20:00:00,Building_C,77.94,6.62,21.32,12.21,9.11,57.3,False,none,normal
2026-03-11 21:00:00,Building_C,83.97,6.35,23.44,15.19,8.25,64.8,False,none,normal
2026-03-11 22:00:00,Building_C,80.13,6.15,22.5,12.85,9.65,57.1,False,none,normal
2026-03-11 23:00:00,Building_C,34.73,1.0,2.69,1.7,0.99,63.3,False,none,normal
2026-03-12 00:00:00,Building_C,33.2,1.1,1.58,1.03,0.55,65.4,False,none,normal
2026-03-12 01:00:00,Building_C,30.0,0.72,2.45,1.75,0.7,71.4,False,none,normal
2026-03-12 02:00:00,Building_C,38.41,0.95,0.65,0.41,0.24,62.8,False,none,normal
2026-03-12 03:00:00,Building_C,31.07,1.13,0.5,0.3,0.2,59.1,False,none,normal
2026-03-12 04:00:00,Building_C,31.98,0.2,1.41,0.86,0.55,61.2,False,none,normal
2026-03-12 05:00:00,Building_C,34.9,1.51,2.81,1.79,1.02,63.6,False,none,normal
2026-03-12 06:00:00,Building_C,77.17,6.21,24.81,14.49,10.32,58.4,False,none,normal
2026-03-12 07:00:00,Building_C,87.29,6.38,25.07,14.51,10.56,57.9,False,none,normal
2026-03-12 08:00:00,Building_C,137.03,12.33,65.45,42.12,23.33,64.4,False,none,normal
2026-03-12 09:00:00,Building_C,143.02,13.02,64.79,41.24,23.55,63.7,False,none,normal
2026-03-12 10:00:00,Building_C,139.92,12.97,64.71,43.18,21.53,66.7,False,none,normal
2026-03-12 11:00:00,Building_C,151.98,31.78,152.01,97.94,54.07,64.4,False,none,normal
2026-03-12 12:00:00,Building_C,139.11,31.64,153.76,102.8,50.96,66.9,False,none,normal
2026-03-12 13:00:00,Building_C,131.38,30.67,156.65,102.14,54.51,65.2,False,none,normal
2026-03-12 14:00:00,Building_C,136.74,13.08,62.96,40.21,22.75,63.9,False,none,normal
2026-03-12 15:00:00,Building_C,134.92,12.72,63.73,44.28,19.45,69.5,False,none,normal
2026-03-12 16:00:00,Building_C,142.59,13.22,64.19,43.84,20.35,68.3,False,none,normal
2026-03-12 17:00:00,Building_C,137.24,25.74,128.94,82.37,46.57,63.9,False,none,normal
2026-03-12 18:00:00,Building_C,140.68,25.94,129.95,91.25,38.7,70.2,False,none,normal
2026-03-12 19:00:00,Building_C,79.21,12.38,48.08,29.53,18.55,61.4,False,none,normal
2026-03-12 20:00:00,Building_C,85.04,6.82,23.23,14.4,8.83,62.0,False,none,normal
2026-03-12 21:00:00,Building_C,75.8,6.55,24.41,16.64,7.77,68.2,False,none,normal
2026-03-12 22:00:00,Building_C,83.7,6.71,22.62,14.14,8.48,62.5,False,none,normal
2026-03-12 23:00:00,Building_C,35.57,0.96,0.5,0.34,0.16,68.2,False,none,normal
2026-03-13 00:00:00,Building_C,29.47,1.52,1.51,0.96,0.55,63.9,False,none,normal
2026-03-13 01:00:00,Building_C,37.23,0.69,3.25,2.03,1.22,62.4,False,none,normal
2026-03-13 02:00:00,Building_C,32.43,1.21,1.02,0.63,0.39,62.0,False,none,normal
2026-03-13 03:00:00,Building_C,30.3,0.79,3.88,2.45,1.43,63.1,False,none,normal
2026-03-13 04:00:00,Building_C,36.41,1.51,1.96,1.26,0.7,64.5,False,none,normal
2026-03-13 05:00:00,Building_C,32.55,1.35,1.65,0.97,0.68,58.7,False,none,normal
2026-03-13 06:00:00,Building_C,74.44,7.03,21.31,14.02,7.29,65.8,False,none,normal
2026-03-13 07:00:00,Building_C,80.77,6.56,23.1,15.34,7.76,66.4,False,none,normal
2026-03-13 08:00:00,Building_C,141.56,13.96,64.38,45.32,19.06,70.4,False,none,normal
2026-03-13 09:00:00,Building_C,134.74,13.35,64.5,42.62,21.88,66.1,False,none,normal
2026-03-13 10:00:00,Building_C,141.87,13.6,64.53,39.92,24.61,61.9,False,none,normal
2026-03-13 11:00:00,Building_C,138.27,31.48,154.68,91.07,63.61,58.9,False,none,normal
2026-03-13 12:00:00,Building_C,142.79,30.82,154.67,95.55,59.12,61.8,False,none,normal
2026-03-13 13:00:00,Building_C,139.61,31.0,155.96,103.88,52.08,66.6,False,none,normal
2026-03-13 14:00:00,Building_C,145.78,14.01,64.28,45.64,18.64,71.0,False,none,normal
2026-03-13 15:00:00,Building_C,137.93,13.44,63.26,41.07,22.19,64.9,False,none,normal
2026-03-13 16:00:00,Building_C,142.88,13.24,62.7,38.58,24.12,61.5,False,none,normal
2026-03-13 17:00:00,Building_C,143.18,25.87,126.77,82.04,44.73,64.7,False,none,normal
2026-03-13 18:00:00,Building_C,140.26,26.06,129.09,86.31,42.78,66.9,False,none,normal
2026-03-13 19:00:00,Building_C,78.64,12.85,50.05,31.45,18.6,62.8,False,none,normal
2026-03-13 20:00:00,Building_C,80.13,5.97,24.43,16.22,8.21,66.4,False,none,normal
2026-03-13 21:00:00,Building_C,73.81,6.12,22.76,15.51,7.25,68.2,False,none,normal
2026-03-13 22:00:00,Building_C,74.07,6.47,25.33,16.65,8.68,65.8,False,none,normal
2026-03-13 23:00:00,Building_C,30.02,1.27,2.77,1.79,0.98,64.6,False,none,normal
2026-03-14 00:00:00,Building_C,22.82,1.55,2.01,1.3,0.71,64.9,False,none,normal
2026-03-14 01:00:00,Building_C,23.86,1.04,0.5,0.3,0.2,60.1,False,none,normal
2026-03-14 02:00:00,Building_C,31.23,0.96,0.97,0.66,0.31,68.0,False,none,normal
2026-03-14 03:00:00,Building_C,32.8,0.97,0.78,0.49,0.29,63.2,False,none,normal
2026-03-14 04:00:00,Building_C,30.79,1.35,0.5,0.35,0.15,70.8,False,none,normal
2026-03-14 05:00:00,Building_C,34.12,0.2,1.63,1.13,0.5,69.2,False,none,normal
2026-03-14 06:00:00,Building_C,33.33,1.0,1.46,0.96,0.5,65.7,False,none,normal
2026-03-14 07:00:00,Building_C,34.86,0.65,0.8,0.57,0.23,71.6,False,none,normal
2026-03-14 08:00:00,Building_C,31.91,1.68,5.11,3.22,1.89,63.0,False,none,normal
2026-03-14 09:00:00,Building_C,26.99,1.05,2.85,1.99,0.86,70.0,False,none,normal
2026-03-14 10:00:00,Building_C,54.49,2.28,11.29,7.02,4.27,62.2,False,none,normal
2026-03-14 11:00:00,Building_C,35.37,5.49,24.31,16.43,7.88,67.6,False,none,normal
2026-03-14 12:00:00,Building_C,37.87,5.25,26.01,17.29,8.72,66.5,False,none,normal
2026-03-14 13:00:00,Building_C,45.21,6.16,27.57,17.17,10.4,62.3,False,none,normal
2026-03-14 14:00:00,Building_C,51.83,2.91,10.56,6.88,3.68,65.2,False,none,normal
2026-03-14 15:00:00,Building_C,45.19,2.07,10.05,7.06,2.99,70.3,False,none,normal
2026-03-14 16:00:00,Building_C,47.15,2.1,9.59,5.94,3.65,62.0,False,none,normal
2026-03-14 17:00:00,Building_C,44.74,4.91,20.38,13.98,6.4,68.6,False,none,normal
2026-03-14 18:00:00,Building_C,46.18,4.64,22.64,15.48,7.16,68.4,False,none,normal
2026-03-14 19:00:00,Building_C,26.16,1.91,2.78,1.85,0.93,66.4,False,none,normal
2026-03-14 20:00:00,Building_C,37.24,1.17,3.57,2.22,1.35,62.2,False,none,normal
2026-03-14 21:00:00,Building_C,29.63,1.04,0.55,0.38,0.17,69.6,False,none,normal
2026-03-14 22:00:00,Building_C,20.7,0.97,2.91,1.86,1.05,63.8,False,none,normal
2026-03-14 23:00:00,Building_C,36.07,1.92,1.63,1.14,0.49,69.7,False,none,normal
2026-03-15 00:00:00,Building_C,41.45,1.29,1.47,1.01,0.46,68.6,False,none,normal
2026-03-15 01:00:00,Building_C,36.51,1.13,0.95,0.68,0.27,71.9,False,none,normal
2026-03-15 02:00:00,Building_C,30.7,1.56,1.84,1.33,0.51,72.3,False,none,normal
2026-03-15 03:00:00,Building_C,28.38,0.85,2.55,1.54,1.01,60.5,False,none,normal
2026-03-15 04:00:00,Building_C,32.24,1.69,0.5,0.33,0.17,66.6,False,none,normal
2026-03-15 05:00:00,Building_C,36.62,1.14,0.5,0.32,0.18,63.9,False,none,normal
2026-03-15 06:00:00,Building_C,28.42,1.17,1.2,0.76,0.44,62.9,False,none,normal
2026-03-15 07:00:00,Building_C,33.64,1.7,1.92,1.35,0.57,70.4,False,none,normal
2026-03-15 08:00:00,Building_C,38.09,0.94,1.86,1.18,0.68,63.3,False,none,normal
2026-03-15 09:00:00,Building_C,25.85,1.27,0.5,0.33,0.17,66.9,False,none,normal
2026-03-15 10:00:00,Building_C,39.17,2.35,8.82,5.97,2.85,67.7,False,none,normal
2026-03-15 11:00:00,Building_C,43.82,5.33,27.04,17.23,9.81,63.7,False,none,normal
2026-03-15 12:00:00,Building_C,45.84,5.44,26.3,18.19,8.11,69.2,False,none,normal
2026-03-15 13:00:00,Building_C,48.74,5.34,27.14,16.65,10.49,61.3,False,none,normal
2026-03-15 14:00:00,Building_C,42.43,2.25,11.96,7.21,4.75,60.3,False,none,normal
2026-03-15 15:00:00,Building_C,48.96,2.27,10.18,7.06,3.12,69.4,False,none,normal
2026-03-15 16:00:00,Building_C,42.19,3.09,10.49,6.88,3.61,65.6,False,none,normal
2026-03-15 17:00:00,Building_C,51.57,4.65,22.83,13.06,9.77,57.2,False,none,normal
2026-03-15 18:00:00,Building_C,43.63,4.73,22.71,15.46,7.25,68.1,False,none,normal
2026-03-15 19:00:00,Building_C,34.48,2.67,3.63,2.05,1.58,56.4,False,none,normal
2026-03-15 20:00:00,Building_C,37.55,0.85,1.91,1.26,0.65,65.7,False,none,normal
2026-03-15 21:00:00,Building_C,31.97,0.76,0.5,0.3,0.2,61.0,False,none,normal
2026-03-15 22:00:00,Building_C,35.08,0.64,0.5,0.33,0.17,66.7,False,none,normal
2026-03-15 23:00:00,Building_C,27.67,0.96,1.63,1.08,0.55,66.1,False,none,normal
2026-03-16 00:00:00,Building_C,27.59,1.2,2.01,1.2,0.81,59.9,False,none,normal
2026-03-16 01:00:00,Building_C,32.64,0.9,1.68,1.14,0.54,67.9,False,none,normal
2026-03-16 02:00:00,Building_C,31.07,1.47,2.48,1.7,0.78,68.6,False,none,normal
2026-03-16 03:00:00,Building_C,33.39,1.53,1.99,1.16,0.83,58.3,False,none,normal
2026-03-16 04:00:00,Building_C,28.61,1.07,1.42,0.94,0.48,66.4,False,none,normal
2026-03-16 05:00:00,Building_C,28.55,1.85,1.41,0.92,0.49,65.0,False,none,normal
2026-03-16 06:00:00,Building_C,79.03,6.15,24.32,15.83,8.49,65.1,False,none,normal
2026-03-16 07:00:00,Building_C,81.37,7.08,24.32,15.72,8.6,64.7,False,none,normal
2026-03-16 08:00:00,Building_C,143.99,12.94,64.87,38.85,26.02,59.9,False,none,normal
2026-03-16 09:00:00,Building_C,135.65,13.04,63.95,39.5,24.45,61.8,False,none,normal
2026-03-16 10:00:00,Building_C,141.22,13.07,63.37,39.88,23.49,62.9,False,none,normal
2026-03-16 11:00:00,Building_C,141.6,30.84,153.42,103.0,50.42,67.1,False,none,normal
2026-03-16 12:00:00,Building_C,140.64,31.03,153.06,93.29,59.77,60.9,False,none,normal
2026-03-16 13:00:00,Building_C,140.2,31.9,154.82,92.38,62.44,59.7,False,none,normal
2026-03-16 14:00:00,Building_C,143.56,12.73,64.22,40.23,23.99,62.6,False,none,normal
2026-03-16 15:00:00,Building_C,148.82,12.6,64.6,40.22,24.38,62.3,False,none,normal
2026-03-16 16:00:00,Building_C,143.69,13.1,65.73,44.61,21.12,67.9,False,none,normal
2026-03-16 17:00:00,Building_C,137.96,27.02,129.12,81.08,48.04,62.8,False,none,normal
2026-03-16 18:00:00,Building_C,141.55,26.22,129.16,86.52,42.64,67.0,False,none,normal
2026-03-16 19:00:00,Building_C,85.58,13.3,47.92,35.19,12.73,73.4,False,none,normal
2026-03-16 20:00:00,Building_C,89.59,6.78,24.51,15.99,8.52,65.2,False,none,normal
2026-03-16 21:00:00,Building_C,80.42,6.43,21.84,15.53,6.31,71.1,False,none,normal
2026-03-16 22:00:00,Building_C,86.42,5.91,25.53,16.59,8.94,65.0,False,none,normal
2026-03-16 23:00:00,Building_C,30.98,1.32,0.5,0.32,0.18,65.0,False,none,normal
2026-03-17 00:00:00,Building_C,32.1,1.18,0.5,0.33,0.17,66.8,False,none,normal
2026-03-17 01:00:00,Building_C,36.02,1.29,1.25,0.95,0.3,75.8,False,none,normal
2026-03-17 02:00:00,Building_C,28.08,1.42,1.82,1.33,0.49,73.0,False,none,normal
2026-03-17 03:00:00,Building_C,33.32,1.36,2.14,1.3,0.84,60.8,False,none,normal
2026-03-17 04:00:00,Building_C,28.3,1.05,2.68,1.77,0.91,65.9,False,none,normal
2026-03-17 05:00:00,Building_C,30.95,1.63,0.5,0.3,0.2,59.8,False,none,normal
2026-03-17 06:00:00,Building_C,71.73,6.92,24.35,16.77,7.58,68.9,False,none,normal
2026-03-17 07:00:00,Building_C,81.28,6.86,24.31,16.2,8.11,66.6,False,none,normal
2026-03-17 08:00:00,Building_C,141.79,13.12,66.25,38.76,27.49,58.5,False,none,normal
2026-03-17 09:00:00,Building_C,140.46,13.07,64.28,40.76,23.52,63.4,False,none,normal
2026-03-17 10:00:00,Building_C,138.59,13.53,64.14,47.95,16.19,74.8,False,none,normal
2026-03-17 11:00:00,Building_C,142.84,31.09,154.8,101.29,53.51,65.4,False,none,normal
2026-03-17 12:00:00,Building_C,146.1,30.79,151.98,100.98,51.0,66.4,False,none,normal
2026-03-17 13:00:00,Building_C,144.07,31.3,154.95,103.97,50.98,67.1,False,none,normal
2026-03-17 14:00:00,Building_C,134.81,13.1,65.81,43.23,22.58,65.7,False,none,normal
2026-03-17 15:00:00,Building_C,135.49,12.88,64.89,46.84,18.05,72.2,False,none,normal
2026-03-17 16:00:00,Building_C,132.91,13.12,63.11,42.3,20.81,67.0,False,none,normal
2026-03-17 17:00:00,Building_C,143.08,25.91,129.21,89.88,39.33,69.6,False,none,normal
2026-03-17 18:00:00,Building_C,140.07,25.53,130.16,88.92,41.24,68.3,False,none,normal
2026-03-17 19:00:00,Building_C,83.97,12.76,50.12,36.67,13.45,73.2,False,none,normal
2026-03-17 20:00:00,Building_C,81.23,6.53,23.19,14.41,8.78,62.1,False,none,normal
2026-03-17 21:00:00,Building_C,77.42,6.54,24.06,16.0,8.06,66.5,False,none,normal
2026-03-17 22:00:00,Building_C,78.15,6.44,23.32,15.33,7.99,65.8,False,none,normal
2026-03-17 23:00:00,Building_C,25.25,1.2,1.19,0.78,0.41,65.7,False,none,normal
2026-03-18 00:00:00,Building_C,25.17,1.38,1.17,0.77,0.4,65.9,False,none,normal
2026-03-18 01:00:00,Building_C,24.3,0.71,1.06,0.75,0.31,70.5,False,none,normal
2026-03-18 02:00:00,Building_C,33.89,1.19,0.5,0.3,0.2,60.6,False,none,normal
2026-03-18 03:00:00,Building_C,32.88,1.39,1.78,1.28,0.5,71.8,False,none,normal
2026-03-18 04:00:00,Building_C,29.05,1.21,0.5,0.33,0.17,65.8,False,none,normal
2026-03-18 05:00:00,Building_C,37.66,0.78,2.54,1.8,0.74,70.8,False,none,normal
2026-03-18 06:00:00,Building_C,78.96,6.66,26.36,17.38,8.98,65.9,False,none,normal
2026-03-18 07:00:00,Building_C,84.86,5.88,25.18,16.89,8.29,67.1,False,none,normal
2026-03-18 08:00:00,Building_C,135.43,12.66,64.95,41.43,23.52,63.8,False,none,normal
2026-03-18 09:00:00,Building_C,145.18,13.11,64.29,41.35,22.94,64.3,False,none,normal
2026-03-18 10:00:00,Building_C,141.9,13.28,64.87,41.07,23.8,63.3,False,none,normal
2026-03-18 11:00:00,Building_C,145.69,31.43,154.6,101.06,53.54,65.4,False,none,normal
2026-03-18 12:00:00,Building_C,142.73,30.55,154.43,110.51,43.92,71.6,False,none,normal
2026-03-18 13:00:00,Building_C,141.61,31.22,153.42,102.75,50.67,67.0,False,none,normal
2026-03-18 14:00:00,Building_C,139.95,13.46,63.19,39.93,23.26,63.2,False,none,normal
2026-03-18 15:00:00,Building_C,138.33,13.64,64.0,40.2,23.8,62.8,False,none,normal
2026-03-18 16:00:00,Building_C,132.37,12.68,64.86,43.52,21.34,67.1,False,none,normal
2026-03-18 17:00:00,Building_C,138.13,25.79,130.68,99.04,31.64,75.8,False,none,normal
2026-03-18 18:00:00,Building_C,145.33,26.54,130.58,96.44,34.14,73.9,False,none,normal
2026-03-18 19:00:00,Building_C,80.51,12.69,51.13,31.26,19.87,61.1,False,none,normal
2026-03-18 20:00:00,Building_C,77.6,6.15,24.31,13.87,10.44,57.1,False,none,normal
2026-03-18 21:00:00,Building_C,75.98,6.28,23.03,15.95,7.08,69.2,False,none,normal
2026-03-18 22:00:00,Building_C,81.74,6.7,25.03,16.06,8.97,64.2,False,none,normal
2026-03-18 23:00:00,Building_C,35.73,1.31,1.15,0.67,0.48,58.3,False,none,normal
2026-03-19 00:00:00,Building_C,33.86,0.71,1.99,1.3,0.69,65.3,False,none,normal
2026-03-19 01:00:00,Building_C,26.34,1.24,1.76,1.16,0.6,65.8,False,none,normal
2026-03-19 02:00:00,Building_C,32.37,0.92,2.24,1.39,0.85,62.2,False,none,normal
2026-03-19 03:00:00,Building_C,27.48,1.38,2.65,1.79,0.86,67.4,False,none,normal
2026-03-19 04:00:00,Building_C,30.95,0.47,3.31,1.89,1.42,57.2,False,none,normal
2026-03-19 05:00:00,Building_C,34.12,1.89,1.71,1.13,0.58,66.2,False,none,normal
2026-03-19 06:00:00,Building_C,83.23,6.57,27.29,16.82,10.47,61.6,False,none,normal
2026-03-19 07:00:00,Building_C,77.84,6.38,26.56,16.65,9.91,62.7,False,none,normal
2026-03-19 08:00:00,Building_C,142.45,13.37,65.16,45.01,20.15,69.1,False,none,normal
2026-03-19 09:00:00,Building_C,146.4,13.11,63.68,41.77,21.91,65.6,False,none,normal
2026-03-19 10:00:00,Building_C,139.37,13.88,63.59,42.56,21.03,66.9,False,none,normal
2026-03-19 11:00:00,Building_C,134.73,31.24,153.8,104.13,49.67,67.7,False,none,normal
2026-03-19 12:00:00,Building_C,143.54,31.69,155.75,100.82,54.93,64.7,False,none,normal
2026-03-19 13:00:00,Building_C,136.95,30.91,154.5,101.4,53.1,65.6,False,none,normal
2026-03-19 14:00:00,Building_C,141.76,12.81,65.95,38.98,26.97,59.1,False,none,normal
2026-03-19 15:00:00,Building_C,138.37,12.62,63.97,44.77,19.2,70.0,False,none,normal
2026-03-19 16:00:00,Building_C,139.58,13.03,65.02,41.39,23.63,63.7,False,none,normal
2026-03-19 17:00:00,Building_C,142.26,26.08,127.09,80.25,46.84,63.1,False,none,normal
2026-03-19 18:00:00,Building_C,142.15,26.44,129.99,95.39,34.6,73.4,False,none,normal
2026-03-19 19:00:00,Building_C,83.66,12.85,48.86,31.54,17.32,64.5,False,none,normal
2026-03-19 20:00:00,Building_C,80.08,6.63,24.98,15.06,9.92,60.3,False,none,normal
2026-03-19 21:00:00,Building_C,86.07,5.86,24.2,16.84,7.36,69.6,False,none,normal
2026-03-19 22:00:00,Building_C,84.14,6.37,26.83,16.97,9.86,63.2,False,none,normal
2026-03-19 23:00:00,Building_C,23.77,1.31,0.5,0.31,0.19,61.7,False,none,normal
2026-03-20 00:00:00,Building_C,34.27,0.99,2.23,1.35,0.88,60.4,False,none,normal
2026-03-20 01:00:00,Building_C,35.21,0.56,3.11,1.96,1.15,63.1,False,none,normal
2026-03-20 02:00:00,Building_C,37.9,0.85,3.84,2.35,1.49,61.2,False,none,normal
2026-03-20 03:00:00,Building_C,24.6,1.16,3.01,2.05,0.96,68.2,False,none,normal
2026-03-20 04:00:00,Building_C,36.43,1.43,0.54,0.37,0.17,68.1,False,none,normal
2026-03-20 05:00:00,Building_C,32.15,0.9,1.74,1.13,0.61,64.8,False,none,normal
2026-03-20 06:00:00,Building_C,87.38,6.32,23.79,14.8,8.99,62.2,False,none,normal
2026-03-20 07:00:00,Building_C,89.3,6.27,26.02,15.84,10.18,60.9,False,none,normal
2026-03-20 08:00:00,Building_C,142.76,13.09,65.71,11.39,54.32,17.3,True,waste,diversion_drop
2026-03-20 09:00:00,Building_C,141.06,12.81,66.17,10.33,55.84,15.6,True,waste,diversion_drop
2026-03-20 10:00:00,Building_C,131.66,12.35,62.29,10.49,51.8,16.8,True,waste,diversion_drop
2026-03-20 11:00:00,Building_C,149.59,30.48,153.2,25.03,128.17,16.3,True,waste,diversion_drop
2026-03-20 12:00:00,Building_C,146.91,30.92,154.85,24.78,130.07,16.0,True,waste,diversion_drop
2026-03-20 13:00:00,Building_C,151.16,31.25,154.57,25.25,129.32,16.3,True,waste,diversion_drop
2026-03-20 14:00:00,Building_C,139.07,13.33,62.83,8.95,53.88,14.2,True,waste,diversion_drop
2026-03-20 15:00:00,Building_C,140.13,13.28,63.53,10.44,53.09,16.4,True,waste,diversion_drop
2026-03-20 16:00:00,Building_C,135.85,13.37,65.01,10.58,54.43,16.3,True,waste,diversion_drop
2026-03-20 17:00:00,Building_C,141.41,25.51,126.83,20.45,106.38,16.1,True,waste,diversion_drop
2026-03-20 18:00:00,Building_C,142.79,26.19,128.01,21.76,106.25,17.0,True,waste,diversion_drop
2026-03-20 19:00:00,Building_C,87.4,12.97,49.3,7.91,41.39,16.0,True,waste,diversion_drop
2026-03-20 20:00:00,Building_C,81.21,6.56,26.51,4.55,21.96,17.2,True,waste,diversion_drop
2026-03-20 21:00:00,Building_C,85.02,6.34,23.39,3.89,19.5,16.6,True,waste,diversion_drop
2026-03-20 22:00:00,Building_C,86.69,7.1,21.52,4.02,17.5,18.7,True,waste,diversion_drop
2026-03-20 23:00:00,Building_C,33.45,1.47,0.5,0.08,0.42,16.0,True,waste,diversion_drop
2026-03-21 00:00:00,Building_C,35.07,0.74,0.5,0.08,0.42,16.0,True,waste,diversion_drop
2026-03-21 01:00:00,Building_C,31.58,1.65,1.34,0.22,1.12,16.4,True,waste,diversion_drop
2026-03-21 02:00:00,Building_C,34.57,1.51,0.68,0.12,0.56,17.6,True,waste,diversion_drop
2026-03-21 03:00:00,Building_C,29.69,1.15,2.33,0.4,1.93,17.2,True,waste,diversion_drop
2026-03-21 04:00:00,Building_C,33.05,0.77,0.5,0.08,0.42,16.0,True,waste,diversion_drop
2026-03-21 05:00:00,Building_C,35.66,1.3,1.82,0.3,1.52,16.5,True,waste,diversion_drop
2026-03-21 06:00:00,Building_C,33.01,0.8,2.47,0.42,2.05,17.0,True,waste,diversion_drop
2026-03-21 07:00:00,Building_C,30.36,1.3,0.5,0.08,0.42,16.0,True,waste,diversion_drop
2026-03-21 08:00:00,Building_C,31.25,1.59,1.29,0.22,1.07,17.1,True,waste,diversion_drop
2026-03-21 09:00:00,Building_C,30.21,0.35,1.26,0.21,1.05,16.7,True,waste,diversion_drop
2026-03-21 10:00:00,Building_C,46.0,2.35,10.1,1.61,8.49,15.9,True,waste,diversion_drop
2026-03-21 11:00:00,Building_C,40.89,4.81,25.56,3.96,21.6,15.5,True,waste,diversion_drop
2026-03-21 12:00:00,Building_C,49.72,4.74,26.04,4.78,21.26,18.4,True,waste,diversion_drop
2026-03-21 13:00:00,Building_C,44.67,5.5,26.2,4.39,21.81,16.8,True,waste,diversion_drop
2026-03-21 14:00:00,Building_C,43.76,1.94,11.49,1.65,9.84,14.4,True,waste,diversion_drop
2026-03-21 15:00:00,Building_C,48.73,2.16,10.71,1.68,9.03,15.7,True,waste,diversion_drop
2026-03-21 16:00:00,Building_C,51.12,2.38,10.32,1.64,8.68,15.9,True,waste,diversion_drop
2026-03-21 17:00:00,Building_C,44.8,5.43,19.83,3.44,16.39,17.3,True,waste,diversion_drop
2026-03-21 18:00:00,Building_C,47.67,5.13,22.16,3.6,18.56,16.2,True,waste,diversion_drop
2026-03-21 19:00:00,Building_C,35.86,2.37,3.96,0.7,3.26,17.7,True,waste,diversion_drop
2026-03-21 20:00:00,Building_C,32.15,1.0,0.76,0.13,0.63,17.1,True,waste,diversion_drop
2026-03-21 21:00:00,Building_C,28.27,1.02,0.5,0.08,0.42,16.0,True,waste,diversion_drop
2026-03-21 22:00:00,Building_C,28.77,0.7,0.5,0.08,0.42,16.0,True,waste,diversion_drop
2026-03-21 23:00:00,Building_C,29.86,1.23,1.34,0.22,1.12,16.4,True,waste,diversion_drop
2026-03-22 00:00:00,Building_C,33.58,1.41,0.5,0.08,0.42,16.0,True,waste,diversion_drop
2026-03-22 01:00:00,Building_C,34.0,1.22,2.7,0.4,2.3,14.8,True,waste,diversion_drop
2026-03-22 02:00:00,Building_C,29.88,1.04,1.73,0.28,1.45,16.2,True,waste,diversion_drop
2026-03-22 03:00:00,Building_C,33.65,1.11,3.18,0.57,2.61,17.9,True,waste,diversion_drop
2026-03-22 04:00:00,Building_C,27.31,1.16,2.49,0.42,2.07,16.9,True,waste,diversion_drop
2026-03-22 05:00:00,Building_C,30.15,1.24,0.5,0.08,0.42,16.0,True,waste,diversion_drop
2026-03-22 06:00:00,Building_C,25.94,1.32,0.5,0.08,0.42,16.0,True,waste,diversion_drop
2026-03-22 07:00:00,Building_C,33.05,1.17,0.77,0.12,0.65,15.6,True,waste,diversion_drop
2026-03-22 08:00:00,Building_C,36.5,1.0,1.55,0.24,1.31,15.5,True,waste,diversion_drop
2026-03-22 09:00:00,Building_C,35.86,1.17,0.61,0.1,0.51,16.4,True,waste,diversion_drop
2026-03-22 10:00:00,Building_C,44.43,2.78,10.65,1.58,9.07,14.8,True,waste,diversion_drop
2026-03-22 11:00:00,Building_C,47.39,6.13,27.13,4.11,23.02,15.1,True,waste,diversion_drop
2026-03-22 12:00:00,Building_C,44.32,5.49,25.67,4.27,21.4,16.6,True,waste,diversion_drop
2026-03-22 13:00:00,Building_C,44.02,5.18,26.83,4.06,22.77,15.1,True,waste,diversion_drop
2026-03-22 14:00:00,Building_C,42.19,1.9,11.44,1.87,9.57,16.3,True,waste,diversion_drop
2026-03-22 15:00:00,Building_C,48.93,2.02,9.2,1.46,7.74,15.9,True,waste,diversion_drop
2026-03-22 16:00:00,Building_C,44.67,2.37,8.69,1.45,7.24,16.7,True,waste,diversion_drop
2026-03-22 17:00:00,Building_C,41.82,4.36,22.82,3.21,19.61,14.1,True,waste,diversion_drop
2026-03-22 18:00:00,Building_C,46.69,4.7,20.43,3.23,17.2,15.8,True,waste,diversion_drop
2026-03-22 19:00:00,Building_C,36.66,2.98,4.34,0.79,3.55,18.2,True,waste,diversion_drop
2026-03-22 20:00:00,Building_C,29.01,0.59,1.47,0.25,1.22,17.0,True,waste,diversion_drop
2026-03-22 21:00:00,Building_C,24.36,0.82,0.55,0.09,0.46,16.4,True,waste,diversion_drop
2026-03-22 22:00:00,Building_C,32.69,0.88,1.74,0.26,1.48,14.9,True,waste,diversion_drop
2026-03-22 23:00:00,Building_C,30.07,0.7,1.35,0.21,1.14,15.6,True,waste,diversion_drop
2026-03-23 00:00:00,Building_C,34.54,1.14,1.26,0.23,1.03,18.3,True,waste,diversion_drop
2026-03-23 01:00:00,Building_C,33.31,1.02,0.83,0.12,0.71,14.5,True,waste,diversion_drop
2026-03-23 02:00:00,Building_C,31.51,1.25,0.5,0.08,0.42,16.0,True,waste,diversion_drop
2026-03-23 03:00:00,Building_C,29.71,0.76,1.58,0.26,1.32,16.5,True,waste,diversion_drop
2026-03-23 04:00:00,Building_C,31.29,1.34,0.83,0.14,0.69,16.9,True,waste,diversion_drop
2026-03-23 05:00:00,Building_C,27.76,1.25,1.62,0.24,1.38,14.8,True,waste,diversion_drop
2026-03-23 06:00:00,Building_C,81.09,6.49,24.8,4.11,20.69,16.6,True,waste,diversion_drop
2026-03-23 07:00:00,Building_C,78.83,6.77,25.09,3.9,21.19,15.5,True,waste,diversion_drop
2026-03-23 08:00:00,Building_C,136.16,12.77,62.46,10.28,52.18,16.5,True,waste,diversion_drop
2026-03-23 09:00:00,Building_C,145.47,13.5,62.92,10.72,52.2,17.0,True,waste,diversion_drop
2026-03-23 10:00:00,Building_C,141.07,12.16,63.83,10.09,53.74,15.8,True,waste,diversion_drop
2026-03-23 11:00:00,Building_C,145.57,30.89,154.82,24.99,129.83,16.1,True,waste,diversion_drop
2026-03-23 12:00:00,Building_C,134.95,31.0,155.98,25.08,130.9,16.1,True,waste,diversion_drop
2026-03-23 13:00:00,Building_C,144.35,31.49,153.6,22.99,130.61,15.0,True,waste,diversion_drop
2026-03-23 14:00:00,Building_C,136.12,13.51,64.41,9.35,55.06,14.5,True,waste,diversion_drop
2026-03-23 15:00:00,Building_C,144.07,12.37,63.23,10.33,52.9,16.3,True,waste,diversion_drop
2026-03-23 16:00:00,Building_C,150.81,13.28,63.65,10.36,53.29,16.3,True,waste,diversion_drop
2026-03-23 17:00:00,Building_C,144.41,26.49,128.15,20.54,107.61,16.0,True,waste,diversion_drop
2026-03-23 18:00:00,Building_C,137.41,26.23,129.68,18.56,111.12,14.3,True,waste,diversion_drop
2026-03-23 19:00:00,Building_C,80.13,12.57,49.11,7.37,41.74,15.0,True,waste,diversion_drop
2026-03-23 20:00:00,Building_C,76.43,6.89,24.27,3.93,20.34,16.2,True,waste,diversion_drop
2026-03-23 21:00:00,Building_C,83.44,6.84,23.96,3.8,20.16,15.9,True,waste,diversion_drop
2026-03-23 22:00:00,Building_C,80.15,6.88,24.38,3.89,20.49,16.0,True,waste,diversion_drop
2026-03-23 23:00:00,Building_C,33.34,1.79,1.62,0.26,1.36,16.0,True,waste,diversion_drop
2026-03-24 00:00:00,Building_C,39.55,1.61,2.95,0.46,2.49,15.6,True,waste,diversion_drop
2026-03-24 01:00:00,Building_C,29.38,0.5,2.69,0.44,2.25,16.4,True,waste,diversion_drop
2026-03-24 02:00:00,Building_C,24.57,1.57,1.12,0.18,0.94,16.1,True,waste,diversion_drop
2026-03-24 03:00:00,Building_C,25.73,1.32,2.13,0.34,1.79,16.0,True,waste,diversion_drop
2026-03-24 04:00:00,Building_C,30.11,2.07,0.5,0.08,0.42,16.0,True,waste,diversion_drop
2026-03-24 05:00:00,Building_C,34.61,0.79,0.5,0.09,0.41,18.0,True,waste,diversion_drop
2026-03-24 06:00:00,Building_C,84.14,6.67,24.68,3.84,20.84,15.6,True,waste,diversion_drop
2026-03-24 07:00:00,Building_C,80.7,6.47,25.48,4.25,21.23,16.7,True,waste,diversion_drop
2026-03-24 08:00:00,Building_C,137.02,13.27,62.21,9.91,52.3,15.9,True,waste,diversion_drop
2026-03-24 09:00:00,Building_C,136.16,12.7,66.54,9.84,56.7,14.8,True,waste,diversion_drop
2026-03-24 10:00:00,Building_C,137.45,13.18,63.66,10.44,53.22,16.4,True,waste,diversion_drop
2026-03-24 11:00:00,Building_C,146.45,31.42,153.58,24.75,128.83,16.1,True,waste,diversion_drop
2026-03-24 12:00:00,Building_C,142.85,31.42,154.16,25.61,128.55,16.6,True,waste,diversion_drop
2026-03-24 13:00:00,Building_C,142.18,31.16,153.41,26.07,127.34,17.0,True,waste,diversion_drop
2026-03-24 14:00:00,Building_C,141.9,12.27,63.23,9.97,53.26,15.8,True,waste,diversion_drop
2026-03-24 15:00:00,Building_C,139.93,13.42,68.07,9.39,58.68,13.8,True,waste,diversion_drop
2026-03-24 16:00:00,Building_C,141.95,13.02,64.01,10.75,53.26,16.8,True,waste,diversion_drop
2026-03-24 17:00:00,Building_C,141.33,25.87,128.49,21.6,106.89,16.8,True,waste,diversion_drop
2026-03-24 18:00:00,Building_C,142.58,26.06,127.75,24.36,103.39,19.1,True,waste,diversion_drop
2026-03-24 19:00:00,Building_C,83.15,13.26,48.32,31.77,16.55,65.8,False,none,normal
2026-03-24 20:00:00,Building_C,82.44,5.83,23.61,14.65,8.96,62.1,False,none,normal
2026-03-24 21:00:00,Building_C,79.31,6.12,24.52,17.31,7.21,70.6,False,none,normal
2026-03-24 22:00:00,Building_C,82.24,6.09,23.23,14.75,8.48,63.5,False,none,normal
2026-03-24 23:00:00,Building_C,26.12,1.25,3.15,1.97,1.18,62.7,False,none,normal
2026-03-25 00:00:00,Building_C,32.08,1.0,0.77,0.51,0.26,65.8,False,none,normal
2026-03-25 01:00:00,Building_C,29.12,0.86,0.5,0.33,0.17,65.3,False,none,normal
2026-03-25 02:00:00,Building_C,36.05,1.39,3.32,2.07,1.25,62.3,False,none,normal
2026-03-25 03:00:00,Building_C,35.18,0.76,2.38,1.7,0.68,71.6,False,none,normal
2026-03-25 04:00:00,Building_C,33.77,1.73,0.81,0.52,0.29,64.5,False,none,normal
2026-03-25 05:00:00,Building_C,28.12,1.16,1.85,1.2,0.65,65.1,False,none,normal
2026-03-25 06:00:00,Building_C,79.82,6.33,24.88,16.01,8.87,64.4,False,none,normal
2026-03-25 07:00:00,Building_C,77.11,5.83,23.75,14.12,9.63,59.5,False,none,normal
2026-03-25 08:00:00,Building_C,137.39,12.85,64.05,39.93,24.12,62.3,False,none,normal
2026-03-25 09:00:00,Building_C,149.5,12.56,65.68,42.26,23.42,64.3,False,none,normal
2026-03-25 10:00:00,Building_C,138.1,13.2,63.68,39.34,24.34,61.8,False,none,normal
2026-03-25 11:00:00,Building_C,147.89,30.43,153.85,101.17,52.68,65.8,False,none,normal
2026-03-25 12:00:00,Building_C,146.36,31.06,157.33,107.04,50.29,68.0,False,none,normal
2026-03-25 13:00:00,Building_C,131.26,30.69,154.42,93.31,61.11,60.4,False,none,normal
2026-03-25 14:00:00,Building_C,142.92,12.84,62.79,38.39,24.4,61.1,False,none,normal
2026-03-25 15:00:00,Building_C,144.14,12.29,65.48,45.38,20.1,69.3,False,none,normal
2026-03-25 16:00:00,Building_C,139.41,12.51,64.89,40.92,23.97,63.1,False,none,normal
2026-03-25 17:00:00,Building_C,134.67,26.66,127.39,75.3,52.09,59.1,False,none,normal
2026-03-25 18:00:00,Building_C,141.87,25.97,130.23,82.67,47.56,63.5,False,none,normal
2026-03-25 19:00:00,Building_C,80.24,13.12,49.17,32.41,16.76,65.9,False,none,normal
2026-03-25 20:00:00,Building_C,82.8,6.56,23.97,16.38,7.59,68.3,False,none,normal
2026-03-25 21:00:00,Building_C,80.28,6.78,26.13,16.28,9.85,62.3,False,none,normal
2026-03-25 22:00:00,Building_C,91.33,6.25,23.62,15.86,7.76,67.2,False,none,normal
2026-03-25 23:00:00,Building_C,33.54,1.17,2.51,1.66,0.85,66.0,False,none,normal
2026-03-26 00:00:00,Building_C,40.04,1.13,0.5,0.31,0.19,62.8,False,none,normal
2026-03-26 01:00:00,Building_C,33.66,1.32,1.78,1.1,0.68,61.6,False,none,normal
2026-03-26 02:00:00,Building_C,36.21,1.82,1.56,1.13,0.43,72.2,False,none,normal
2026-03-26 03:00:00,Building_C,35.24,1.92,2.1,1.38,0.72,65.5,False,none,normal
2026-03-26 04:00:00,Building_C,35.15,1.0,2.02,1.42,0.6,70.3,False,none,normal
2026-03-26 05:00:00,Building_C,35.06,1.14,1.77,1.2,0.57,68.0,False,none,normal
2026-03-26 06:00:00,Building_C,84.61,6.76,24.87,15.35,9.52,61.7,False,none,normal
2026-03-26 07:00:00,Building_C,79.05,6.66,25.46,17.26,8.2,67.8,False,none,normal
2026-03-26 08:00:00,Building_C,138.03,12.95,62.82,37.34,25.48,59.4,False,none,normal
2026-03-26 09:00:00,Building_C,141.06,13.47,64.34,46.73,17.61,72.6,False,none,normal
2026-03-26 10:00:00,Building_C,140.07,13.01,63.04,40.1,22.94,63.6,False,none,normal
2026-03-26 11:00:00,Building_C,135.97,30.65,152.73,99.8,52.93,65.3,False,none,normal
2026-03-26 12:00:00,Building_C,137.78,31.02,154.63,90.93,63.7,58.8,False,none,normal
2026-03-26 13:00:00,Building_C,141.06,31.49,155.26,104.13,51.13,67.1,False,none,normal
2026-03-26 14:00:00,Building_C,140.52,12.78,64.13,45.93,18.2,71.6,False,none,normal
2026-03-26 15:00:00,Building_C,141.82,12.96,64.9,42.31,22.59,65.2,False,none,normal
2026-03-26 16:00:00,Building_C,141.63,12.91,63.73,43.96,19.77,69.0,False,none,normal
2026-03-26 17:00:00,Building_C,132.93,26.16,127.88,73.38,54.5,57.4,False,none,normal
2026-03-26 18:00:00,Building_C,136.83,25.98,128.57,87.38,41.19,68.0,False,none,normal
2026-03-26 19:00:00,Building_C,84.95,12.46,49.39,33.54,15.85,67.9,False,none,normal
2026-03-26 20:00:00,Building_C,82.59,6.67,22.15,13.52,8.63,61.0,False,none,normal
2026-03-26 21:00:00,Building_C,87.18,6.4,27.13,16.25,10.88,59.9,False,none,normal
2026-03-26 22:00:00,Building_C,87.97,6.29,25.5,16.27,9.23,63.8,False,none,normal
2026-03-26 23:00:00,Building_C,32.24,1.36,0.79,0.54,0.25,68.2,False,none,normal
2026-03-27 00:00:00,Building_C,30.71,1.21,0.5,0.32,0.18,63.7,False,none,normal
2026-03-27 01:00:00,Building_C,36.83,1.39,2.59,1.69,0.9,65.2,False,none,normal
2026-03-27 02:00:00,Building_C,38.48,1.25,0.74,0.51,0.23,68.4,False,none,normal
2026-03-27 03:00:00,Building_C,35.47,1.37,1.05,0.69,0.36,66.1,False,none,normal
2026-03-27 04:00:00,Building_C,37.35,1.31,0.5,0.31,0.19,62.5,False,none,normal
2026-03-27 05:00:00,Building_C,29.08,0.88,0.5,0.36,0.14,72.6,False,none,normal
2026-03-27 06:00:00,Building_C,78.21,6.22,22.14,15.16,6.98,68.5,False,none,normal
2026-03-27 07:00:00,Building_C,81.35,6.38,24.11,16.24,7.87,67.4,False,none,normal
2026-03-27 08:00:00,Building_C,138.81,12.3,62.68,37.37,25.31,59.6,False,none,normal
2026-03-27 09:00:00,Building_C,141.83,13.32,65.98,38.57,27.41,58.5,False,none,normal
2026-03-27 10:00:00,Building_C,143.21,12.78,67.73,47.77,19.96,70.5,False,none,normal
2026-03-27 11:00:00,Building_C,147.54,31.48,154.6,98.0,56.6,63.4,False,none,normal
2026-03-27 12:00:00,Building_C,138.33,30.91,154.88,110.34,44.54,71.2,False,none,normal
2026-03-27 13:00:00,Building_C,139.3,30.94,152.36,100.53,51.83,66.0,False,none,normal
2026-03-27 14:00:00,Building_C,145.65,13.45,65.88,43.92,21.96,66.7,False,none,normal
2026-03-27 15:00:00,Building_C,141.09,13.45,62.89,39.77,23.12,63.2,False,none,normal
2026-03-27 16:00:00,Building_C,147.57,12.62,64.18,43.34,20.84,67.5,False,none,normal
2026-03-27 17:00:00,Building_C,141.06,26.4,130.28,87.18,43.1,66.9,False,none,normal
2026-03-27 18:00:00,Building_C,146.29,25.67,128.26,95.71,32.55,74.6,False,none,normal
2026-03-27 19:00:00,Building_C,89.49,12.55,48.92,32.06,16.86,65.5,False,none,normal
2026-03-27 20:00:00,Building_C,83.38,6.94,26.67,17.38,9.29,65.1,False,none,normal
2026-03-27 21:00:00,Building_C,86.2,6.73,24.44,14.23,10.21,58.2,False,none,normal
2026-03-27 22:00:00,Building_C,85.79,6.71,24.93,15.23,9.7,61.1,False,none,normal
2026-03-27 23:00:00,Building_C,39.61,1.2,0.5,0.3,0.2,59.8,False,none,normal
2026-03-28 00:00:00,Building_C,34.49,1.39,0.97,0.65,0.32,66.9,False,none,normal
2026-03-28 01:00:00,Building_C,34.45,1.2,0.69,0.48,0.21,68.8,False,none,normal
2026-03-28 02:00:00,Building_C,35.13,1.35,0.53,0.32,0.21,59.7,False,none,normal
2026-03-28 03:00:00,Building_C,32.08,1.47,2.78,1.87,0.91,67.3,False,none,normal
2026-03-28 04:00:00,Building_C,29.98,0.87,1.51,0.98,0.53,65.0,False,none,normal
2026-03-28 05:00:00,Building_C,36.21,0.98,1.05,0.77,0.28,73.2,False,none,normal
2026-03-28 06:00:00,Building_C,37.98,0.84,3.29,1.99,1.3,60.5,False,none,normal
2026-03-28 07:00:00,Building_C,30.04,1.03,1.44,0.97,0.47,67.5,False,none,normal
2026-03-28 08:00:00,Building_C,32.2,1.36,1.05,0.7,0.35,66.5,False,none,normal
2026-03-28 09:00:00,Building_C,32.09,0.66,2.11,1.38,0.73,65.4,False,none,normal
2026-03-28 10:00:00,Building_C,42.54,2.15,10.22,6.54,3.68,64.0,False,none,normal
2026-03-28 11:00:00,Building_C,52.43,6.24,22.42,15.01,7.41,67.0,False,none,normal
2026-03-28 12:00:00,Building_C,49.22,5.43,26.8,19.19,7.61,71.6,False,none,normal
2026-03-28 13:00:00,Building_C,39.91,5.55,28.04,16.84,11.2,60.0,False,none,normal
2026-03-28 14:00:00,Building_C,44.94,2.14,11.97,8.35,3.62,69.8,False,none,normal
2026-03-28 15:00:00,Building_C,46.05,2.31,8.64,6.11,2.53,70.7,False,none,normal
2026-03-28 16:00:00,Building_C,43.98,2.24,11.87,7.81,4.06,65.8,False,none,normal
2026-03-28 17:00:00,Building_C,49.41,4.8,21.65,14.34,7.31,66.2,False,none,normal
2026-03-28 18:00:00,Building_C,40.91,4.54,22.71,13.95,8.76,61.4,False,none,normal
2026-03-28 19:00:00,Building_C,28.92,1.99,3.24,2.29,0.95,70.6,False,none,normal
2026-03-28 20:00:00,Building_C,33.97,0.38,2.31,1.46,0.85,63.2,False,none,normal
2026-03-28 21:00:00,Building_C,33.82,1.09,0.5,0.32,0.18,64.7,False,none,normal
2026-03-28 22:00:00,Building_C,30.01,1.25,0.5,0.3,0.2,60.5,False,none,normal
2026-03-28 23:00:00,Building_C,34.71,1.53,2.23,1.39,0.84,62.4,False,none,normal
2026-03-29 00:00:00,Building_C,28.82,0.91,2.6,1.6,1.0,61.7,False,none,normal
2026-03-29 01:00:00,Building_C,35.31,1.37,3.01,2.08,0.93,69.3,False,none,normal
2026-03-29 02:00:00,Building_C,33.95,0.63,2.26,1.48,0.78,65.5,False,none,normal
2026-03-29 03:00:00,Building_C,30.28,1.62,1.35,0.85,0.5,62.9,False,none,normal
2026-03-29 04:00:00,Building_C,36.27,1.01,0.83,0.5,0.33,60.5,False,none,normal
2026-03-29 05:00:00,Building_C,28.5,0.89,2.27,1.38,0.89,60.9,False,none,normal
2026-03-29 06:00:00,Building_C,24.35,1.25,0.77,0.5,0.27,64.9,False,none,normal
2026-03-29 07:00:00,Building_C,36.91,1.17,3.34,2.16,1.18,64.7,False,none,normal
2026-03-29 08:00:00,Building_C,35.81,0.96,1.66,1.02,0.64,61.3,False,none,normal
2026-03-29 09:00:00,Building_C,28.52,1.07,0.5,0.33,0.17,65.6,False,none,normal
2026-03-29 10:00:00,Building_C,44.19,2.38,9.13,6.19,2.94,67.8,False,none,normal
2026-03-29 11:00:00,Building_C,52.19,6.03,27.97,18.23,9.74,65.2,False,none,normal
2026-03-29 12:00:00,Building_C,43.99,5.68,25.4,14.74,10.66,58.0,False,none,normal
2026-03-29 13:00:00,Building_C,48.67,5.42,23.93,15.07,8.86,63.0,False,none,normal
2026-03-29 14:00:00,Building_C,44.55,2.3,10.73,7.56,3.17,70.5,False,none,normal
2026-03-29 15:00:00,Building_C,40.24,2.24,9.65,6.76,2.89,70.0,False,none,normal
2026-03-29 16:00:00,Building_C,43.15,2.17,11.96,8.41,3.55,70.3,False,none,normal
2026-03-29 17:00:00,Building_C,51.29,4.01,21.99,14.53,7.46,66.1,False,none,normal
2026-03-29 18:00:00,Building_C,45.19,4.61,22.95,15.87,7.08,69.2,False,none,normal
2026-03-29 19:00:00,Building_C,35.37,2.37,5.78,3.66,2.12,63.4,False,none,normal
2026-03-29 20:00:00,Building_C,25.31,1.05,1.6,1.12,0.48,70.2,False,none,normal
2026-03-29 21:00:00,Building_C,29.73,1.32,0.5,0.35,0.15,69.3,False,none,normal
2026-03-29 22:00:00,Building_C,32.05,1.05,4.09,2.83,1.26,69.3,False,none,normal
2026-03-29 23:00:00,Building_C,27.62,1.11,4.81,3.51,1.3,72.9,False,none,normal
2026-03-30 00:00:00,Building_C,35.47,0.5,3.13,1.95,1.18,62.5,False,none,normal
2026-03-30 01:00:00,Building_C,37.07,0.89,2.12,1.32,0.8,62.4,False,none,normal
2026-03-30 02:00:00,Building_C,30.32,1.36,0.5,0.37,0.13,74.5,False,none,normal
2026-03-30 03:00:00,Building_C,27.67,0.77,2.28,1.6,0.68,70.2,False,none,normal
2026-03-30 04:00:00,Building_C,30.48,0.77,0.5,0.3,0.2,60.9,False,none,normal
2026-03-30 05:00:00,Building_C,33.01,1.12,2.04,1.36,0.68,66.5,False,none,normal
2026-03-30 06:00:00,Building_C,85.01,6.36,23.58,15.47,8.11,65.6,False,none,normal
2026-03-30 07:00:00,Building_C,81.49,6.59,23.61,15.95,7.66,67.6,False,none,normal
2026-03-30 08:00:00,Building_C,136.02,12.84,65.58,39.66,25.92,60.5,False,none,normal
2026-03-30 09:00:00,Building_C,144.93,12.5,62.32,36.78,25.54,59.0,False,none,normal
2026-03-30 10:00:00,Building_C,141.2,13.25,65.78,45.95,19.83,69.9,False,none,normal
2026-03-30 11:00:00,Building_C,144.18,30.9,153.13,104.36,48.77,68.2,False,none,normal
2026-03-30 12:00:00,Building_C,146.42,30.83,155.69,89.24,66.45,57.3,False,none,normal
2026-03-30 13:00:00,Building_C,142.29,31.16,153.89,100.22,53.67,65.1,False,none,normal
2026-03-30 14:00:00,Building_C,137.32,13.15,64.3,44.2,20.1,68.7,False,none,normal
2026-03-30 15:00:00,Building_C,147.09,13.04,63.24,38.23,25.01,60.4,False,none,normal
2026-03-30 16:00:00,Building_C,147.52,13.55,65.29,42.59,22.7,65.2,False,none,normal
2026-03-30 17:00:00,Building_C,143.99,26.45,127.71,83.16,44.55,65.1,False,none,normal
2026-03-30 18:00:00,Building_C,136.31,25.95,130.3,90.32,39.98,69.3,False,none,normal
2026-03-30 19:00:00,Building_C,82.25,12.06,48.15,31.49,16.66,65.4,False,none,normal
2026-03-30 20:00:00,Building_C,80.85,6.51,24.76,15.57,9.19,62.9,False,none,normal
2026-03-30 21:00:00,Building_C,81.68,6.45,23.62,17.1,6.52,72.4,False,none,normal
2026-03-30 22:00:00,Building_C,79.81,5.71,26.61,16.4,10.21,61.6,False,none,normal
2026-03-30 23:00:00,Building_C,35.38,0.91,2.21,1.43,0.78,64.8,False,none,normal
2026-03-31 00:00:00,Building_C,35.78,1.07,0.74,0.49,0.25,66.0,False,none,normal
2026-03-31 01:00:00,Building_C,30.25,0.47,0.81,0.62,0.19,76.5,False,none,normal
2026-03-31 02:00:00,Building_C,24.49,1.23,1.24,0.9,0.34,72.3,False,none,normal
2026-03-31 03:00:00,Building_C,27.33,1.18,2.35,1.51,0.84,64.3,False,none,normal
2026-03-31 04:00:00,Building_C,28.71,1.14,1.16,0.74,0.42,63.8,False,none,normal
2026-03-31 05:00:00,Building_C,35.5,1.29,2.19,1.45,0.74,66.3,False,none,normal
2026-03-31 06:00:00,Building_C,85.55,6.96,24.12,16.47,7.65,68.3,False,none,normal
2026-03-31 07:00:00,Building_C,76.53,5.71,26.66,16.97,9.69,63.7,False,none,normal
2026-03-31 08:00:00,Building_C,141.74,12.57,62.7,38.97,23.73,62.1,False,none,normal
2026-03-31 09:00:00,Building_C,143.3,12.82,63.82,39.58,24.24,62.0,False,none,normal
2026-03-31 10:00:00,Building_C,145.39,13.3,63.64,43.11,20.53,67.7,False,none,normal
2026-03-31 11:00:00,Building_C,139.75,31.08,154.08,104.12,49.96,67.6,False,none,normal
2026-03-31 12:00:00,Building_C,137.16,31.37,157.14,103.29,53.85,65.7,False,none,normal
2026-03-31 13:00:00,Building_C,140.87,31.17,154.71,90.6,64.11,58.6,False,none,normal
2026-03-31 14:00:00,Building_C,147.54,13.34,63.45,41.32,22.13,65.1,False,none,normal
2026-03-31 15:00:00,Building_C,138.5,13.1,64.3,42.38,21.92,65.9,False,none,normal
2026-03-31 16:00:00,Building_C,136.62,12.83,65.6,41.24,24.36,62.9,False,none,normal
2026-03-31 17:00:00,Building_C,130.16,25.94,131.34,89.83,41.51,68.4,False,none,normal
2026-03-31 18:00:00,Building_C,138.39,25.98,129.27,74.94,54.33,58.0,False,none,normal
2026-03-31 19:00:00,Building_C,78.29,13.14,50.85,32.16,18.69,63.2,False,none,normal
2026-03-31 20:00:00,Building_C,87.98,6.23,20.4,13.87,6.53,68.0,False,none,normal
2026-03-31 21:00:00,Building_C,83.88,6.76,25.3,16.64,8.66,65.8,False,none,normal
2026-03-31 22:00:00,Building_C,80.68,6.42,23.91,15.16,8.75,63.4,False,none,normal
2026-03-31 23:00:00,Building_C,24.53,0.72,1.33,0.75,0.58,56.0,False,none,normal
2026-01-01 00:00:00,Building_D,20.91,0.4,0.5,0.19,0.31,38.5,False,none,normal
2026-01-01 01:00:00,Building_D,28.46,0.2,0.5,0.21,0.29,43.0,False,none,normal
2026-01-01 02:00:00,Building_D,27.44,0.59,0.5,0.23,0.27,45.8,False,none,normal
2026-01-01 03:00:00,Building_D,22.96,0.2,0.95,0.44,0.51,45.8,False,none,normal
2026-01-01 04:00:00,Building_D,24.33,0.61,0.5,0.2,0.3,39.8,False,none,normal
2026-01-01 05:00:00,Building_D,21.26,0.2,0.58,0.27,0.31,47.0,False,none,normal
2026-01-01 06:00:00,Building_D,54.85,2.04,9.25,4.27,4.98,46.2,False,none,normal
2026-01-01 07:00:00,Building_D,66.62,2.51,8.24,3.97,4.27,48.2,False,none,normal
2026-01-01 08:00:00,Building_D,99.89,5.37,21.86,8.95,12.91,40.9,False,none,normal
2026-01-01 09:00:00,Building_D,101.94,5.16,20.58,11.29,9.29,54.9,False,none,normal
2026-01-01 10:00:00,Building_D,105.53,5.3,19.88,8.59,11.29,43.2,False,none,normal
2026-01-01 11:00:00,Building_D,101.54,5.46,18.1,9.47,8.63,52.3,False,none,normal
2026-01-01 12:00:00,Building_D,97.5,4.35,21.1,10.9,10.2,51.6,False,none,normal
2026-01-01 13:00:00,Building_D,97.11,4.62,22.59,10.24,12.35,45.3,False,none,normal
2026-01-01 14:00:00,Building_D,103.16,4.46,21.03,10.42,10.61,49.6,False,none,normal
2026-01-01 15:00:00,Building_D,102.01,5.51,19.56,9.8,9.76,50.1,False,none,normal
2026-01-01 16:00:00,Building_D,93.05,4.5,19.84,9.85,9.99,49.6,False,none,normal
2026-01-01 17:00:00,Building_D,105.23,5.64,20.11,9.9,10.21,49.2,False,none,normal
2026-01-01 18:00:00,Building_D,102.29,5.26,20.33,9.82,10.51,48.3,False,none,normal
2026-01-01 19:00:00,Building_D,56.76,2.42,7.41,3.52,3.89,47.5,False,none,normal
2026-01-01 20:00:00,Building_D,55.58,2.1,8.86,4.44,4.42,50.1,False,none,normal
2026-01-01 21:00:00,Building_D,64.71,2.62,7.32,3.33,3.99,45.5,False,none,normal
2026-01-01 22:00:00,Building_D,57.39,2.69,7.53,3.17,4.36,42.1,False,none,normal
2026-01-01 23:00:00,Building_D,19.29,0.45,1.38,0.58,0.8,42.1,False,none,normal
2026-01-02 00:00:00,Building_D,23.31,0.52,0.5,0.23,0.27,45.7,False,none,normal
2026-01-02 01:00:00,Building_D,19.3,0.49,1.84,0.97,0.87,52.8,False,none,normal
2026-01-02 02:00:00,Building_D,17.75,0.37,0.5,0.24,0.26,48.4,False,none,normal
2026-01-02 03:00:00,Building_D,24.64,0.99,0.5,0.22,0.28,43.6,False,none,normal
2026-01-02 04:00:00,Building_D,22.82,0.2,0.7,0.35,0.35,50.5,False,none,normal
2026-01-02 05:00:00,Building_D,17.12,0.49,0.5,0.27,0.23,53.5,False,none,normal
2026-01-02 06:00:00,Building_D,58.03,2.27,6.34,3.14,3.2,49.6,False,none,normal
2026-01-02 07:00:00,Building_D,62.64,2.22,7.3,3.28,4.02,45.0,False,none,normal
2026-01-02 08:00:00,Building_D,104.74,4.32,22.08,10.27,11.81,46.5,False,none,normal
2026-01-02 09:00:00,Building_D,98.23,4.87,20.82,9.39,11.43,45.1,False,none,normal
2026-01-02 10:00:00,Building_D,102.75,5.37,19.36,9.81,9.55,50.7,False,none,normal
2026-01-02 11:00:00,Building_D,97.09,5.01,22.37,10.13,12.24,45.3,False,none,normal
2026-01-02 12:00:00,Building_D,102.23,5.15,20.3,10.04,10.26,49.5,False,none,normal
2026-01-02 13:00:00,Building_D,99.51,4.58,19.81,8.68,11.13,43.8,False,none,normal
2026-01-02 14:00:00,Building_D,97.41,5.46,21.23,8.97,12.26,42.3,False,none,normal
2026-01-02 15:00:00,Building_D,97.43,5.07,21.43,9.73,11.7,45.4,False,none,normal
2026-01-02 16:00:00,Building_D,93.57,4.97,21.22,10.38,10.84,48.9,False,none,normal
2026-01-02 17:00:00,Building_D,94.98,5.6,20.42,9.96,10.46,48.8,False,none,normal
2026-01-02 18:00:00,Building_D,95.87,5.37,21.22,10.45,10.77,49.3,False,none,normal
2026-01-02 19:00:00,Building_D,52.6,2.88,8.73,4.54,4.19,52.1,False,none,normal
2026-01-02 20:00:00,Building_D,57.35,2.47,7.6,4.34,3.26,57.1,False,none,normal
2026-01-02 21:00:00,Building_D,55.04,2.08,7.38,3.39,3.99,45.9,False,none,normal
2026-01-02 22:00:00,Building_D,62.24,2.02,7.15,3.49,3.66,48.8,False,none,normal
2026-01-02 23:00:00,Building_D,27.32,0.69,2.43,1.2,1.23,49.4,False,none,normal
2026-01-03 00:00:00,Building_D,21.43,0.74,0.5,0.21,0.29,41.2,False,none,normal
2026-01-03 01:00:00,Building_D,26.15,0.51,1.65,0.74,0.91,44.6,False,none,normal
2026-01-03 02:00:00,Building_D,27.39,0.67,0.5,0.24,0.26,48.8,False,none,normal
2026-01-03 03:00:00,Building_D,23.63,0.2,0.5,0.25,0.25,49.3,False,none,normal
2026-01-03 04:00:00,Building_D,20.55,0.2,0.84,0.43,0.41,51.3,False,none,normal
2026-01-03 05:00:00,Building_D,26.52,0.63,1.47,0.76,0.71,52.0,False,none,normal
2026-01-03 06:00:00,Building_D,22.57,0.2,1.88,0.84,1.04,44.4,False,none,normal
2026-01-03 07:00:00,Building_D,17.72,0.2,3.47,1.73,1.74,49.8,False,none,normal
2026-01-03 08:00:00,Building_D,18.08,0.2,0.5,0.25,0.25,50.2,False,none,normal
2026-01-03 09:00:00,Building_D,23.36,0.2,0.87,0.4,0.47,45.6,False,none,normal
2026-01-03 10:00:00,Building_D,35.97,0.9,2.51,1.27,1.24,50.8,False,none,normal
2026-01-03 11:00:00,Building_D,33.31,0.71,4.3,2.17,2.13,50.5,False,none,normal
2026-01-03 12:00:00,Building_D,36.59,1.13,3.17,1.31,1.86,41.2,False,none,normal
2026-01-03 13:00:00,Building_D,32.53,1.0,3.48,1.25,2.23,36.0,False,none,normal
2026-01-03 14:00:00,Building_D,34.5,0.56,4.25,2.33,1.92,54.8,False,none,normal
2026-01-03 15:00:00,Building_D,30.77,1.03,3.46,1.73,1.73,50.1,False,none,normal
2026-01-03 16:00:00,Building_D,32.19,0.7,2.34,1.27,1.07,54.4,False,none,normal
2026-01-03 17:00:00,Building_D,33.53,1.17,3.9,2.02,1.88,51.9,False,none,normal
2026-01-03 18:00:00,Building_D,28.2,0.91,4.03,2.14,1.89,53.2,False,none,normal
2026-01-03 19:00:00,Building_D,32.94,0.58,0.5,0.22,0.28,43.2,False,none,normal
2026-01-03 20:00:00,Building_D,18.63,0.2,0.5,0.23,0.27,45.3,False,none,normal
2026-01-03 21:00:00,Building_D,25.11,0.47,0.5,0.21,0.29,41.5,False,none,normal
2026-01-03 22:00:00,Building_D,26.45,0.62,0.5,0.2,0.3,39.2,False,none,normal
2026-01-03 23:00:00,Building_D,20.28,0.59,0.5,0.24,0.26,48.8,False,none,normal
2026-01-04 00:00:00,Building_D,24.99,0.49,1.27,0.57,0.7,44.6,False,none,normal
2026-01-04 01:00:00,Building_D,17.36,0.61,1.31,0.66,0.65,50.1,False,none,normal
2026-01-04 02:00:00,Building_D,22.77,0.33,0.74,0.37,0.37,49.5,False,none,normal
2026-01-04 03:00:00,Building_D,24.0,1.35,0.5,0.3,0.2,60.9,False,none,normal
2026-01-04 04:00:00,Building_D,17.22,0.58,0.5,0.25,0.25,49.2,False,none,normal
2026-01-04 05:00:00,Building_D,26.17,0.45,1.66,0.77,0.89,46.3,False,none,normal
2026-01-04 06:00:00,Building_D,14.05,0.66,0.53,0.24,0.29,46.1,False,none,normal
2026-01-04 07:00:00,Building_D,20.6,0.58,0.5,0.25,0.25,49.5,False,none,normal
2026-01-04 08:00:00,Building_D,27.0,1.16,2.17,1.06,1.11,48.6,False,none,normal
2026-01-04 09:00:00,Building_D,23.28,0.3,0.5,0.26,0.24,51.5,False,none,normal
2026-01-04 10:00:00,Building_D,30.55,1.01,2.27,1.21,1.06,53.5,False,none,normal
2026-01-04 11:00:00,Building_D,30.49,1.26,2.58,1.16,1.42,45.0,False,none,normal
2026-01-04 12:00:00,Building_D,37.09,0.66,1.54,0.68,0.86,43.8,False,none,normal
2026-01-04 13:00:00,Building_D,35.21,1.15,2.51,1.14,1.37,45.5,False,none,normal
2026-01-04 14:00:00,Building_D,34.47,1.34,3.34,1.68,1.66,50.2,False,none,normal
2026-01-04 15:00:00,Building_D,35.27,1.63,2.04,0.92,1.12,45.3,False,none,normal
2026-01-04 16:00:00,Building_D,29.75,1.17,3.12,1.54,1.58,49.2,False,none,normal
2026-01-04 17:00:00,Building_D,32.27,0.88,3.55,1.85,1.7,52.1,False,none,normal
2026-01-04 18:00:00,Building_D,27.9,0.83,1.96,0.96,1.0,48.9,False,none,normal
2026-01-04 19:00:00,Building_D,21.46,0.81,0.5,0.23,0.27,46.2,False,none,normal
2026-01-04 20:00:00,Building_D,21.26,1.04,0.5,0.23,0.27,45.5,False,none,normal
2026-01-04 21:00:00,Building_D,22.39,0.22,1.08,0.52,0.56,47.8,False,none,normal
2026-01-04 22:00:00,Building_D,23.27,0.48,0.5,0.21,0.29,42.8,False,none,normal
2026-01-04 23:00:00,Building_D,22.95,0.2,0.5,0.25,0.25,50.0,False,none,normal
2026-01-05 00:00:00,Building_D,27.01,1.26,0.5,0.22,0.28,44.5,False,none,normal
2026-01-05 01:00:00,Building_D,24.34,1.09,2.33,1.02,1.31,43.9,False,none,normal
2026-01-05 02:00:00,Building_D,21.68,0.74,1.59,0.8,0.79,50.4,False,none,normal
2026-01-05 03:00:00,Building_D,20.45,0.64,1.6,0.71,0.89,44.3,False,none,normal
2026-01-05 04:00:00,Building_D,27.57,0.79,0.5,0.26,0.24,51.7,False,none,normal
2026-01-05 05:00:00,Building_D,25.5,0.74,2.38,1.14,1.24,48.0,False,none,normal
2026-01-05 06:00:00,Building_D,58.53,1.57,9.16,4.77,4.39,52.1,False,none,normal
2026-01-05 07:00:00,Building_D,62.63,2.17,8.98,4.68,4.3,52.1,False,none,normal
2026-01-05 08:00:00,Building_D,95.92,5.36,21.09,8.69,12.4,41.2,False,none,normal
2026-01-05 09:00:00,Building_D,100.86,4.72,18.52,9.16,9.36,49.5,False,none,normal
2026-01-05 10:00:00,Building_D,98.26,5.48,20.75,10.61,10.14,51.1,False,none,normal
2026-01-05 11:00:00,Building_D,100.56,5.34,19.47,9.5,9.97,48.8,False,none,normal
2026-01-05 12:00:00,Building_D,97.96,5.22,20.84,9.49,11.35,45.5,False,none,normal
2026-01-05 13:00:00,Building_D,97.17,5.56,18.5,9.4,9.1,50.8,False,none,normal
2026-01-05 14:00:00,Building_D,103.49,5.19,22.9,11.85,11.05,51.8,False,none,normal
2026-01-05 15:00:00,Building_D,100.06,4.82,21.02,10.66,10.36,50.7,False,none,normal
2026-01-05 16:00:00,Building_D,98.53,4.73,19.09,9.3,9.79,48.7,False,none,normal
2026-01-05 17:00:00,Building_D,92.6,4.82,17.62,9.04,8.58,51.3,False,none,normal
2026-01-05 18:00:00,Building_D,103.14,5.01,22.73,12.14,10.59,53.4,False,none,normal
2026-01-05 19:00:00,Building_D,59.12,2.45,7.4,3.72,3.68,50.2,False,none,normal
2026-01-05 20:00:00,Building_D,56.64,2.69,8.57,4.03,4.54,47.1,False,none,normal
2026-01-05 21:00:00,Building_D,61.59,2.41,7.85,3.46,4.39,44.1,False,none,normal
2026-01-05 22:00:00,Building_D,56.12,3.25,6.74,3.35,3.39,49.8,False,none,normal
2026-01-05 23:00:00,Building_D,20.43,0.2,1.16,0.53,0.63,45.8,False,none,normal
2026-01-06 00:00:00,Building_D,23.52,0.79,0.77,0.38,0.39,49.3,False,none,normal
2026-01-06 01:00:00,Building_D,18.77,0.69,0.5,0.2,0.3,40.0,False,none,normal
2026-01-06 02:00:00,Building_D,25.56,0.84,2.27,1.29,0.98,56.7,False,none,normal
2026-01-06 03:00:00,Building_D,25.34,0.62,1.8,0.8,1.0,44.5,False,none,normal
2026-01-06 04:00:00,Building_D,15.56,0.27,2.02,0.92,1.1,45.4,False,none,normal
2026-01-06 05:00:00,Building_D,24.11,0.64,0.78,0.33,0.45,42.9,False,none,normal
2026-01-06 06:00:00,Building_D,58.58,2.35,9.87,5.19,4.68,52.5,False,none,normal
2026-01-06 07:00:00,Building_D,55.66,3.11,8.24,3.4,4.84,41.3,False,none,normal
2026-01-06 08:00:00,Building_D,98.21,5.56,19.55,9.33,10.22,47.7,False,none,normal
2026-01-06 09:00:00,Building_D,93.08,4.57,19.53,8.42,11.11,43.1,False,none,normal
2026-01-06 10:00:00,Building_D,96.05,5.6,20.49,10.48,10.01,51.1,False,none,normal
2026-01-06 11:00:00,Building_D,102.89,4.6,19.54,9.98,9.56,51.1,False,none,normal
2026-01-06 12:00:00,Building_D,95.98,5.23,22.55,9.51,13.04,42.2,False,none,normal
2026-01-06 13:00:00,Building_D,97.09,4.92,19.9,9.07,10.83,45.6,False,none,normal
2026-01-06 14:00:00,Building_D,96.55,4.98,20.73,10.74,9.99,51.8,False,none,normal
2026-01-06 15:00:00,Building_D,98.42,5.38,19.83,8.57,11.26,43.2,False,none,normal
2026-01-06 16:00:00,Building_D,97.3,5.15,21.57,11.61,9.96,53.8,False,none,normal
2026-01-06 17:00:00,Building_D,99.68,5.25,22.18,9.96,12.22,44.9,False,none,normal
2026-01-06 18:00:00,Building_D,97.68,5.96,21.56,10.79,10.77,50.0,False,none,normal
2026-01-06 19:00:00,Building_D,60.78,2.03,7.05,3.1,3.95,44.0,False,none,normal
2026-01-06 20:00:00,Building_D,58.88,2.36,7.94,3.71,4.23,46.8,False,none,normal
2026-01-06 21:00:00,Building_D,50.7,2.8,5.71,2.57,3.14,45.1,False,none,normal
2026-01-06 22:00:00,Building_D,51.94,2.19,8.07,4.27,3.8,52.9,False,none,normal
2026-01-06 23:00:00,Building_D,16.0,0.25,0.5,0.23,0.27,45.6,False,none,normal
2026-01-07 00:00:00,Building_D,22.53,0.71,0.5,0.25,0.25,50.2,False,none,normal
2026-01-07 01:00:00,Building_D,18.36,0.2,0.57,0.29,0.28,50.5,False,none,normal
2026-01-07 02:00:00,Building_D,21.84,0.2,0.5,0.23,0.27,45.1,False,none,normal
2026-01-07 03:00:00,Building_D,24.66,0.82,1.7,0.81,0.89,47.9,False,none,normal
2026-01-07 04:00:00,Building_D,26.74,0.2,2.63,1.15,1.48,43.9,False,none,normal
2026-01-07 05:00:00,Building_D,14.13,0.92,0.5,0.24,0.26,48.5,False,none,normal
2026-01-07 06:00:00,Building_D,53.08,3.32,10.01,5.42,4.59,54.2,False,none,normal
2026-01-07 07:00:00,Building_D,57.56,2.84,7.76,4.07,3.69,52.5,False,none,normal
2026-01-07 08:00:00,Building_D,96.88,5.54,19.98,9.31,10.67,46.6,False,none,normal
2026-01-07 09:00:00,Building_D,96.65,5.05,20.07,10.02,10.05,49.9,False,none,normal
2026-01-07 10:00:00,Building_D,96.6,5.26,22.36,10.8,11.56,48.3,False,none,normal
2026-01-07 11:00:00,Building_D,107.39,5.38,23.1,11.03,12.07,47.8,False,none,normal
2026-01-07 12:00:00,Building_D,91.87,4.74,19.81,8.75,11.06,44.2,False,none,normal
2026-01-07 13:00:00,Building_D,89.74,5.35,18.3,9.46,8.84,51.7,False,none,normal
2026-01-07 14:00:00,Building_D,107.26,4.71,21.0,9.75,11.25,46.4,False,none,normal
2026-01-07 15:00:00,Building_D,101.83,4.57,20.38,10.7,9.68,52.5,False,none,normal
2026-01-07 16:00:00,Building_D,98.32,4.42,22.03,9.43,12.6,42.8,False,none,normal
2026-01-07 17:00:00,Building_D,98.84,5.19,20.68,12.03,8.65,58.1,False,none,normal
2026-01-07 18:00:00,Building_D,101.46,4.92,21.26,10.38,10.88,48.8,False,none,normal
2026-01-07 19:00:00,Building_D,57.38,2.58,7.3,3.57,3.73,48.9,False,none,normal
2026-01-07 20:00:00,Building_D,55.18,1.83,9.19,4.2,4.99,45.7,False,none,normal
2026-01-07 21:00:00,Building_D,57.77,2.23,6.95,3.05,3.9,43.8,False,none,normal
2026-01-07 22:00:00,Building_D,61.0,2.91,7.85,3.6,4.25,45.9,False,none,normal
2026-01-07 23:00:00,Building_D,15.47,0.72,0.5,0.22,0.28,43.5,False,none,normal
2026-01-08 00:00:00,Building_D,22.36,0.32,0.5,0.21,0.29,42.5,False,none,normal
2026-01-08 01:00:00,Building_D,23.59,0.21,1.1,0.53,0.57,48.6,False,none,normal
2026-01-08 02:00:00,Building_D,26.44,0.2,0.77,0.39,0.38,50.6,False,none,normal
2026-01-08 03:00:00,Building_D,19.74,0.83,0.5,0.22,0.28,44.7,False,none,normal
2026-01-08 04:00:00,Building_D,15.43,0.2,0.5,0.26,0.24,51.3,False,none,normal
2026-01-08 05:00:00,Building_D,21.63,0.23,0.5,0.22,0.28,43.1,False,none,normal
2026-01-08 06:00:00,Building_D,58.45,2.8,7.32,3.87,3.45,52.8,False,none,normal
2026-01-08 07:00:00,Building_D,53.41,2.36,7.46,4.04,3.42,54.1,False,none,normal
2026-01-08 08:00:00,Building_D,99.05,4.36,21.68,12.01,9.67,55.4,False,none,normal
2026-01-08 09:00:00,Building_D,97.52,4.67,21.57,12.05,9.52,55.9,False,none,normal
2026-01-08 10:00:00,Building_D,101.92,4.42,21.44,10.64,10.8,49.6,False,none,normal
2026-01-08 11:00:00,Building_D,94.7,5.44,21.06,11.22,9.84,53.3,False,none,normal
2026-01-08 12:00:00,Building_D,94.27,5.13,19.46,9.53,9.93,49.0,False,none,normal
2026-01-08 13:00:00,Building_D,104.43,4.49,18.89,9.79,9.1,51.8,False,none,normal
2026-01-08 14:00:00,Building_D,98.46,5.4,19.57,9.43,10.14,48.2,False,none,normal
2026-01-08 15:00:00,Building_D,101.27,5.06,18.39,10.9,7.49,59.3,False,none,normal
2026-01-08 16:00:00,Building_D,99.37,4.52,20.91,10.4,10.51,49.7,False,none,normal
2026-01-08 17:00:00,Building_D,102.5,5.31,20.28,8.34,11.94,41.1,False,none,normal
2026-01-08 18:00:00,Building_D,100.37,4.41,21.99,9.91,12.08,45.1,False,none,normal
2026-01-08 19:00:00,Building_D,59.75,2.26,7.23,3.24,3.99,44.8,False,none,normal
2026-01-08 20:00:00,Building_D,60.07,2.28,8.75,3.99,4.76,45.6,False,none,normal
2026-01-08 21:00:00,Building_D,56.28,2.51,8.01,3.55,4.46,44.3,False,none,normal
2026-01-08 22:00:00,Building_D,60.02,2.4,8.48,4.06,4.42,47.9,False,none,normal
2026-01-08 23:00:00,Building_D,24.59,0.3,0.5,0.25,0.25,49.7,False,none,normal
2026-01-09 00:00:00,Building_D,20.27,0.95,0.57,0.24,0.33,42.5,False,none,normal
2026-01-09 01:00:00,Building_D,19.9,0.2,1.78,0.91,0.87,51.1,False,none,normal
2026-01-09 02:00:00,Building_D,22.0,0.54,0.5,0.26,0.24,51.4,False,none,normal
2026-01-09 03:00:00,Building_D,24.33,0.69,0.5,0.23,0.27,45.5,False,none,normal
2026-01-09 04:00:00,Building_D,24.91,0.98,1.82,0.99,0.83,54.3,False,none,normal
2026-01-09 05:00:00,Building_D,22.89,0.2,0.5,0.27,0.23,53.5,False,none,normal
2026-01-09 06:00:00,Building_D,49.76,3.02,6.88,3.83,3.05,55.7,False,none,normal
2026-01-09 07:00:00,Building_D,56.92,2.75,10.69,4.99,5.7,46.7,False,none,normal
2026-01-09 08:00:00,Building_D,97.13,4.74,19.33,9.02,10.31,46.7,False,none,normal
2026-01-09 09:00:00,Building_D,96.3,4.55,20.28,10.1,10.18,49.8,False,none,normal
2026-01-09 10:00:00,Building_D,94.94,4.93,22.22,9.4,12.82,42.3,False,none,normal
2026-01-09 11:00:00,Building_D,106.25,4.75,20.78,11.04,9.74,53.1,False,none,normal
2026-01-09 12:00:00,Building_D,104.86,5.15,19.7,8.84,10.86,44.9,False,none,normal
2026-01-09 13:00:00,Building_D,96.22,5.65,20.08,9.9,10.18,49.3,False,none,normal
2026-01-09 14:00:00,Building_D,94.35,4.58,20.57,9.61,10.96,46.7,False,none,normal
2026-01-09 15:00:00,Building_D,97.51,4.47,20.45,11.08,9.37,54.2,False,none,normal
2026-01-09 16:00:00,Building_D,95.11,5.3,16.38,7.34,9.04,44.8,False,none,normal
2026-01-09 17:00:00,Building_D,90.88,5.42,21.59,9.47,12.12,43.9,False,none,normal
2026-01-09 18:00:00,Building_D,99.68,5.41,22.16,10.28,11.88,46.4,False,none,normal
2026-01-09 19:00:00,Building_D,48.37,2.18,8.74,4.93,3.81,56.4,False,none,normal
2026-01-09 20:00:00,Building_D,56.99,2.28,10.7,5.31,5.39,49.6,False,none,normal
2026-01-09 21:00:00,Building_D,52.29,2.45,9.02,4.3,4.72,47.7,False,none,normal
2026-01-09 22:00:00,Building_D,60.38,1.93,6.1,2.75,3.35,45.1,False,none,normal
2026-01-09 23:00:00,Building_D,21.12,0.56,1.25,0.72,0.53,57.9,False,none,normal
2026-01-10 00:00:00,Building_D,19.29,0.33,0.5,0.26,0.24,52.3,False,none,normal
2026-01-10 01:00:00,Building_D,26.78,0.28,2.97,1.34,1.63,45.2,False,none,normal
2026-01-10 02:00:00,Building_D,26.37,0.95,0.5,0.25,0.25,50.3,False,none,normal
2026-01-10 03:00:00,Building_D,11.35,0.73,0.5,0.25,0.25,50.3,False,none,normal
2026-01-10 04:00:00,Building_D,25.27,0.83,1.56,0.75,0.81,48.2,False,none,normal
2026-01-10 05:00:00,Building_D,20.72,0.41,0.5,0.24,0.26,47.2,False,none,normal
2026-01-10 06:00:00,Building_D,21.08,0.2,0.5,0.21,0.29,42.9,False,none,normal
2026-01-10 07:00:00,Building_D,9.65,0.33,0.92,0.34,0.58,37.3,False,none,normal
2026-01-10 08:00:00,Building_D,23.19,0.4,0.5,0.23,0.27,46.3,False,none,normal
2026-01-10 09:00:00,Building_D,26.45,0.2,0.58,0.29,0.29,49.4,False,none,normal
2026-01-10 10:00:00,Building_D,28.49,1.23,3.91,1.84,2.07,47.0,False,none,normal
2026-01-10 11:00:00,Building_D,41.23,1.23,1.4,0.65,0.75,46.4,False,none,normal
2026-01-10 12:00:00,Building_D,41.65,0.54,3.5,1.85,1.65,52.9,False,none,normal
2026-01-10 13:00:00,Building_D,34.39,1.16,4.31,2.07,2.24,48.1,False,none,normal
2026-01-10 14:00:00,Building_D,28.61,1.03,2.94,1.35,1.59,46.1,False,none,normal
2026-01-10 15:00:00,Building_D,37.71,0.75,5.47,2.68,2.79,49.0,False,none,normal
2026-01-10 16:00:00,Building_D,31.14,0.24,5.97,2.86,3.11,48.0,False,none,normal
2026-01-10 17:00:00,Building_D,22.7,1.23,3.36,1.49,1.87,44.3,False,none,normal
2026-01-10 18:00:00,Building_D,35.51,0.2,2.57,1.2,1.37,46.8,False,none,normal
2026-01-10 19:00:00,Building_D,25.66,1.22,0.5,0.25,0.25,49.8,False,none,normal
2026-01-10 20:00:00,Building_D,33.24,0.44,1.05,0.45,0.6,43.1,False,none,normal
2026-01-10 21:00:00,Building_D,30.08,0.2,0.81,0.4,0.41,49.0,False,none,normal
2026-01-10 22:00:00,Building_D,22.59,0.29,0.78,0.43,0.35,55.0,False,none,normal
2026-01-10 23:00:00,Building_D,31.37,0.38,0.5,0.22,0.28,44.8,False,none,normal
2026-01-11 00:00:00,Building_D,32.99,0.49,1.83,0.93,0.9,50.8,False,none,normal
2026-01-11 01:00:00,Building_D,31.08,0.35,0.5,0.28,0.22,55.4,False,none,normal
2026-01-11 02:00:00,Building_D,25.86,0.6,2.33,1.17,1.16,50.1,False,none,normal
2026-01-11 03:00:00,Building_D,28.53,0.53,1.57,0.79,0.78,50.1,False,none,normal
2026-01-11 04:00:00,Building_D,20.95,0.37,0.5,0.25,0.25,49.1,False,none,normal
2026-01-11 05:00:00,Building_D,20.42,0.59,0.97,0.47,0.5,48.8,False,none,normal
2026-01-11 06:00:00,Building_D,23.14,0.24,0.5,0.21,0.29,41.3,False,none,normal
2026-01-11 07:00:00,Building_D,21.77,0.2,0.61,0.28,0.33,45.1,False,none,normal
2026-01-11 08:00:00,Building_D,14.04,1.23,0.5,0.27,0.23,53.8,False,none,normal
2026-01-11 09:00:00,Building_D,20.14,1.03,0.5,0.24,0.26,48.7,False,none,normal
2026-01-11 10:00:00,Building_D,27.41,1.79,3.12,1.6,1.52,51.3,False,none,normal
2026-01-11 11:00:00,Building_D,33.58,0.87,4.04,2.16,1.88,53.4,False,none,normal
2026-01-11 12:00:00,Building_D,34.45,0.94,4.05,2.25,1.8,55.7,False,none,normal
2026-01-11 13:00:00,Building_D,30.11,0.23,2.11,0.93,1.18,43.9,False,none,normal
2026-01-11 14:00:00,Building_D,28.26,0.58,3.39,1.66,1.73,49.0,False,none,normal
2026-01-11 15:00:00,Building_D,32.73,0.62,4.62,2.32,2.3,50.1,False,none,normal
2026-01-11 16:00:00,Building_D,38.11,1.18,3.0,1.6,1.4,53.2,False,none,normal
2026-01-11 17:00:00,Building_D,32.88,1.16,4.29,2.04,2.25,47.5,False,none,normal
2026-01-11 18:00:00,Building_D,32.19,0.83,2.4,0.95,1.45,39.4,False,none,normal
2026-01-11 19:00:00,Building_D,19.47,0.51,1.79,0.92,0.87,51.2,False,none,normal
2026-01-11 20:00:00,Building_D,21.13,0.2,0.5,0.22,0.28,44.1,False,none,normal
2026-01-11 21:00:00,Building_D,13.79,0.2,2.14,1.19,0.95,55.4,False,none,normal
2026-01-11 22:00:00,Building_D,25.26,0.42,0.5,0.24,0.26,47.4,False,none,normal
2026-01-11 23:00:00,Building_D,24.69,0.73,1.32,0.7,0.62,52.8,False,none,normal
2026-01-12 00:00:00,Building_D,30.02,0.3,3.86,1.54,2.32,39.9,False,none,normal
2026-01-12 01:00:00,Building_D,19.13,0.51,1.15,0.54,0.61,47.3,False,none,normal
2026-01-12 02:00:00,Building_D,20.26,1.21,0.5,0.22,0.28,43.9,False,none,normal
2026-01-12 03:00:00,Building_D,29.01,0.74,1.8,0.88,0.92,48.8,False,none,normal
2026-01-12 04:00:00,Building_D,16.74,0.47,0.5,0.24,0.26,49.0,False,none,normal
2026-01-12 05:00:00,Building_D,24.86,0.82,0.5,0.25,0.25,51.0,False,none,normal
2026-01-12 06:00:00,Building_D,53.59,2.83,8.63,3.87,4.76,44.8,False,none,normal
2026-01-12 07:00:00,Building_D,59.33,2.87,7.92,3.54,4.38,44.7,False,none,normal
2026-01-12 08:00:00,Building_D,99.23,5.18,19.54,8.59,10.95,44.0,False,none,normal
2026-01-12 09:00:00,Building_D,100.61,5.28,23.11,11.71,11.4,50.7,False,none,normal
2026-01-12 10:00:00,Building_D,93.68,5.7,21.8,8.72,13.08,40.0,False,none,normal
2026-01-12 11:00:00,Building_D,94.4,4.82,21.54,8.29,13.25,38.5,False,none,normal
2026-01-12 12:00:00,Building_D,98.04,5.26,17.13,8.73,8.4,51.0,False,none,normal
2026-01-12 13:00:00,Building_D,101.99,4.69,19.15,8.53,10.62,44.6,False,none,normal
2026-01-12 14:00:00,Building_D,87.83,4.87,20.8,8.97,11.83,43.1,False,none,normal
2026-01-12 15:00:00,Building_D,102.41,5.02,20.85,9.67,11.18,46.4,False,none,normal
2026-01-12 16:00:00,Building_D,101.49,5.44,20.05,10.23,9.82,51.0,False,none,normal
2026-01-12 17:00:00,Building_D,101.61,5.13,22.55,10.17,12.38,45.1,False,none,normal
2026-01-12 18:00:00,Building_D,96.83,4.72,21.41,10.04,11.37,46.9,False,none,normal
2026-01-12 19:00:00,Building_D,54.42,3.08,9.99,4.66,5.33,46.7,False,none,normal
2026-01-12 20:00:00,Building_D,51.74,3.15,8.39,4.17,4.22,49.7,False,none,normal
2026-01-12 21:00:00,Building_D,57.63,2.21,7.33,3.72,3.61,50.7,False,none,normal
2026-01-12 22:00:00,Building_D,55.42,2.65,7.84,3.43,4.41,43.8,False,none,normal
2026-01-12 23:00:00,Building_D,28.73,0.65,0.89,0.45,0.44,50.2,False,none,normal
2026-01-13 00:00:00,Building_D,15.07,0.27,0.5,0.24,0.26,48.5,False,none,normal
2026-01-13 01:00:00,Building_D,23.55,0.49,1.9,0.8,1.1,42.0,False,none,normal
2026-01-13 02:00:00,Building_D,19.05,0.59,0.81,0.35,0.46,42.7,False,none,normal
2026-01-13 03:00:00,Building_D,27.03,0.98,1.0,0.42,0.58,42.0,False,none,normal
2026-01-13 04:00:00,Building_D,22.89,0.56,0.5,0.27,0.23,53.4,False,none,normal
2026-01-13 05:00:00,Building_D,21.78,1.18,1.43,0.7,0.73,49.1,False,none,normal
2026-01-13 06:00:00,Building_D,60.89,3.03,8.9,4.25,4.65,47.7,False,none,normal
2026-01-13 07:00:00,Building_D,54.57,2.1,4.89,2.38,2.51,48.7,False,none,normal
2026-01-13 08:00:00,Building_D,96.97,4.87,21.77,10.35,11.42,47.6,False,none,normal
2026-01-13 09:00:00,Building_D,106.1,4.79,19.37,8.32,11.05,43.0,False,none,normal
2026-01-13 10:00:00,Building_D,101.41,5.39,19.82,8.67,11.15,43.7,False,none,normal
2026-01-13 11:00:00,Building_D,104.64,4.48,21.75,9.94,11.81,45.7,False,none,normal
2026-01-13 12:00:00,Building_D,100.11,5.36,21.11,9.88,11.23,46.8,False,none,normal
2026-01-13 13:00:00,Building_D,104.1,5.09,24.95,10.27,14.68,41.2,False,none,normal
2026-01-13 14:00:00,Building_D,91.64,5.34,20.5,10.49,10.01,51.2,False,none,normal
2026-01-13 15:00:00,Building_D,94.13,5.01,21.08,9.66,11.42,45.8,False,none,normal
2026-01-13 16:00:00,Building_D,99.45,4.51,21.01,11.3,9.71,53.8,False,none,normal
2026-01-13 17:00:00,Building_D,93.57,4.53,21.96,9.39,12.57,42.7,False,none,normal
2026-01-13 18:00:00,Building_D,101.88,5.01,20.03,10.79,9.24,53.9,False,none,normal
2026-01-13 19:00:00,Building_D,60.92,2.59,5.24,2.66,2.58,50.8,False,none,normal
2026-01-13 20:00:00,Building_D,52.92,2.42,7.83,4.35,3.48,55.6,False,none,normal
2026-01-13 21:00:00,Building_D,56.19,2.0,9.59,4.88,4.71,50.9,False,none,normal
2026-01-13 22:00:00,Building_D,60.26,3.01,9.89,4.39,5.5,44.4,False,none,normal
2026-01-13 23:00:00,Building_D,16.68,0.73,0.5,0.24,0.26,47.3,False,none,normal
2026-01-14 00:00:00,Building_D,17.76,0.64,0.97,0.46,0.51,47.4,False,none,normal
2026-01-14 01:00:00,Building_D,16.69,0.86,0.8,0.42,0.38,52.5,False,none,normal
2026-01-14 02:00:00,Building_D,13.83,0.46,0.5,0.24,0.26,48.1,False,none,normal
2026-01-14 03:00:00,Building_D,26.02,0.57,0.51,0.25,0.26,48.1,False,none,normal
2026-01-14 04:00:00,Building_D,16.01,0.2,1.83,0.84,0.99,46.0,False,none,normal
2026-01-14 05:00:00,Building_D,26.81,0.73,1.54,0.76,0.78,49.3,False,none,normal
2026-01-14 06:00:00,Building_D,55.46,2.44,8.59,3.39,5.2,39.5,False,none,normal
2026-01-14 07:00:00,Building_D,62.18,2.32,7.72,3.68,4.04,47.7,False,none,normal
2026-01-14 08:00:00,Building_D,98.36,4.53,20.72,10.44,10.28,50.4,False,none,normal
2026-01-14 09:00:00,Building_D,90.34,4.53,21.61,10.99,10.62,50.8,False,none,normal
2026-01-14 10:00:00,Building_D,99.72,4.75,21.39,9.24,12.15,43.2,False,none,normal
2026-01-14 11:00:00,Building_D,97.97,4.53,20.34,8.92,11.42,43.9,False,none,normal
2026-01-14 12:00:00,Building_D,101.54,5.14,19.85,10.39,9.46,52.4,False,none,normal
2026-01-14 13:00:00,Building_D,94.69,4.97,19.8,10.09,9.71,51.0,False,none,normal
2026-01-14 14:00:00,Building_D,101.09,5.44,20.63,7.46,13.17,36.2,False,none,normal
2026-01-14 15:00:00,Building_D,96.8,5.53,20.15,8.13,12.02,40.3,False,none,normal
2026-01-14 16:00:00,Building_D,100.32,5.17,19.66,9.24,10.42,47.0,False,none,normal
2026-01-14 17:00:00,Building_D,95.13,5.17,20.6,8.93,11.67,43.3,False,none,normal
2026-01-14 18:00:00,Building_D,98.48,4.73,22.29,11.5,10.79,51.6,False,none,normal
2026-01-14 19:00:00,Building_D,56.72,2.52,9.04,4.28,4.76,47.3,False,none,normal
2026-01-14 20:00:00,Building_D,60.24,3.01,7.23,3.95,3.28,54.6,False,none,normal
2026-01-14 21:00:00,Building_D,62.63,2.58,7.29,3.57,3.72,48.9,False,none,normal
2026-01-14 22:00:00,Building_D,56.23,2.22,8.46,3.71,4.75,43.9,False,none,normal
2026-01-14 23:00:00,Building_D,20.89,0.33,0.5,0.25,0.25,50.6,False,none,normal
2026-01-15 00:00:00,Building_D,21.33,0.89,0.5,0.23,0.27,46.4,False,none,normal
2026-01-15 01:00:00,Building_D,18.63,0.45,0.54,0.28,0.26,51.0,False,none,normal
2026-01-15 02:00:00,Building_D,22.51,1.17,1.04,0.46,0.58,44.1,False,none,normal
2026-01-15 03:00:00,Building_D,17.96,0.63,0.5,0.25,0.25,50.4,False,none,normal
2026-01-15 04:00:00,Building_D,25.83,0.76,0.5,0.26,0.24,51.7,False,none,normal
2026-01-15 05:00:00,Building_D,23.54,0.23,0.5,0.25,0.25,49.9,False,none,normal
2026-01-15 06:00:00,Building_D,54.51,2.6,9.56,4.96,4.6,51.9,False,none,normal
2026-01-15 07:00:00,Building_D,57.53,2.58,7.18,3.3,3.88,46.0,False,none,normal
2026-01-15 08:00:00,Building_D,92.37,5.08,21.35,10.19,11.16,47.7,False,none,normal
2026-01-15 09:00:00,Building_D,95.01,5.01,22.15,11.43,10.72,51.6,False,none,normal
2026-01-15 10:00:00,Building_D,98.4,5.7,23.77,10.95,12.82,46.1,False,none,normal
2026-01-15 11:00:00,Building_D,97.54,5.23,19.44,9.99,9.45,51.4,False,none,normal
2026-01-15 12:00:00,Building_D,98.93,5.12,19.84,8.9,10.94,44.8,False,none,normal
2026-01-15 13:00:00,Building_D,90.58,5.51,21.66,10.98,10.68,50.7,False,none,normal
2026-01-15 14:00:00,Building_D,99.91,4.18,19.63,9.22,10.41,47.0,False,none,normal
2026-01-15 15:00:00,Building_D,94.19,4.39,19.36,9.33,10.03,48.2,False,none,normal
2026-01-15 16:00:00,Building_D,98.72,5.3,23.01,11.68,11.33,50.7,False,none,normal
2026-01-15 17:00:00,Building_D,97.82,5.62,18.64,7.4,11.24,39.7,False,none,normal
2026-01-15 18:00:00,Building_D,94.97,5.27,20.74,9.02,11.72,43.5,False,none,normal
2026-01-15 19:00:00,Building_D,54.3,2.06,6.33,3.43,2.9,54.2,False,none,normal
2026-01-15 20:00:00,Building_D,56.63,3.11,6.75,3.37,3.38,50.0,False,none,normal
2026-01-15 21:00:00,Building_D,58.11,2.8,8.13,4.22,3.91,51.9,False,none,normal
2026-01-15 22:00:00,Building_D,59.42,2.11,8.7,4.14,4.56,47.6,False,none,normal
2026-01-15 23:00:00,Building_D,19.14,0.68,1.59,0.73,0.86,46.1,False,none,normal
2026-01-16 00:00:00,Building_D,20.84,0.2,0.5,0.24,0.26,47.0,False,none,normal
2026-01-16 01:00:00,Building_D,25.41,0.24,2.2,1.04,1.16,47.2,False,none,normal
2026-01-16 02:00:00,Building_D,21.44,0.34,1.67,0.74,0.93,44.2,False,none,normal
2026-01-16 03:00:00,Building_D,21.73,0.25,0.5,0.24,0.26,48.1,False,none,normal
2026-01-16 04:00:00,Building_D,21.79,0.81,0.5,0.25,0.25,50.2,False,none,normal
2026-01-16 05:00:00,Building_D,22.94,0.93,0.5,0.23,0.27,46.8,False,none,normal
2026-01-16 06:00:00,Building_D,60.19,2.38,8.42,4.83,3.59,57.4,False,none,normal
2026-01-16 07:00:00,Building_D,53.29,3.03,7.23,3.86,3.37,53.4,False,none,normal
2026-01-16 08:00:00,Building_D,101.26,5.2,20.35,9.56,10.79,47.0,False,none,normal
2026-01-16 09:00:00,Building_D,95.63,4.99,20.31,9.9,10.41,48.8,False,none,normal
2026-01-16 10:00:00,Building_D,92.88,5.0,22.05,11.42,10.63,51.8,False,none,normal
2026-01-16 11:00:00,Building_D,98.61,5.88,19.84,9.45,10.39,47.7,False,none,normal
2026-01-16 12:00:00,Building_D,92.72,4.85,22.68,10.55,12.13,46.5,False,none,normal
2026-01-16 13:00:00,Building_D,92.41,5.29,21.0,10.78,10.22,51.3,False,none,normal
2026-01-16 14:00:00,Building_D,97.33,4.63,20.31,10.2,10.11,50.2,False,none,normal
2026-01-16 15:00:00,Building_D,98.23,5.12,19.89,9.89,10.0,49.7,False,none,normal
2026-01-16 16:00:00,Building_D,98.51,4.74,20.7,9.62,11.08,46.5,False,none,normal
2026-01-16 17:00:00,Building_D,100.99,5.29,21.14,8.76,12.38,41.5,False,none,normal
2026-01-16 18:00:00,Building_D,94.66,4.76,19.58,8.97,10.61,45.8,False,none,normal
2026-01-16 19:00:00,Building_D,60.91,2.74,7.31,3.68,3.63,50.4,False,none,normal
2026-01-16 20:00:00,Building_D,58.52,2.48,9.2,4.17,5.03,45.4,False,none,normal
2026-01-16 21:00:00,Building_D,57.42,2.13,6.62,2.82,3.8,42.6,False,none,normal
2026-01-16 22:00:00,Building_D,53.26,2.52,7.46,3.5,3.96,46.9,False,none,normal
2026-01-16 23:00:00,Building_D,21.05,1.06,0.5,0.22,0.28,43.0,False,none,normal
2026-01-17 00:00:00,Building_D,18.86,0.41,1.11,0.56,0.55,50.5,False,none,normal
2026-01-17 01:00:00,Building_D,26.03,0.4,0.5,0.27,0.23,54.5,False,none,normal
2026-01-17 02:00:00,Building_D,11.11,0.46,1.0,0.55,0.45,55.5,False,none,normal
2026-01-17 03:00:00,Building_D,15.6,0.29,0.5,0.2,0.3,40.8,False,none,normal
2026-01-17 04:00:00,Building_D,21.43,0.73,1.94,0.89,1.05,45.9,False,none,normal
2026-01-17 05:00:00,Building_D,24.91,0.37,1.16,0.61,0.55,52.6,False,none,normal
2026-01-17 06:00:00,Building_D,21.47,0.82,0.5,0.25,0.25,50.6,False,none,normal
2026-01-17 07:00:00,Building_D,26.38,0.77,0.5,0.24,0.26,47.2,False,none,normal
2026-01-17 08:00:00,Building_D,23.46,0.6,0.63,0.34,0.29,53.7,False,none,normal
2026-01-17 09:00:00,Building_D,17.06,0.36,0.5,0.25,0.25,50.5,False,none,normal
2026-01-17 10:00:00,Building_D,34.0,2.05,4.65,2.29,2.36,49.3,False,none,normal
2026-01-17 11:00:00,Building_D,32.8,0.77,3.58,1.76,1.82,49.1,False,none,normal
2026-01-17 12:00:00,Building_D,23.92,0.95,3.54,1.95,1.59,55.0,False,none,normal
2026-01-17 13:00:00,Building_D,31.25,0.61,3.74,1.81,1.93,48.3,False,none,normal
2026-01-17 14:00:00,Building_D,31.26,0.43,3.24,1.48,1.76,45.7,False,none,normal
2026-01-17 15:00:00,Building_D,30.91,1.14,2.61,1.23,1.38,47.1,False,none,normal
2026-01-17 16:00:00,Building_D,33.95,0.79,6.55,3.21,3.34,49.0,False,none,normal
2026-01-17 17:00:00,Building_D,26.81,0.59,2.29,1.02,1.27,44.7,False,none,normal
2026-01-17 18:00:00,Building_D,33.93,0.49,3.03,1.59,1.44,52.6,False,none,normal
2026-01-17 19:00:00,Building_D,20.17,0.68,0.5,0.23,0.27,46.5,False,none,normal
2026-01-17 20:00:00,Building_D,18.7,0.54,0.5,0.28,0.22,56.3,False,none,normal
2026-01-17 21:00:00,Building_D,15.69,0.84,1.54,0.76,0.78,49.2,False,none,normal
2026-01-17 22:00:00,Building_D,22.46,1.09,3.45,1.63,1.82,47.2,False,none,normal
2026-01-17 23:00:00,Building_D,22.88,0.25,0.5,0.25,0.25,49.9,False,none,normal
2026-01-18 00:00:00,Building_D,23.24,0.2,1.04,0.51,0.53,49.1,False,none,normal
2026-01-18 01:00:00,Building_D,19.84,0.21,1.0,0.54,0.46,54.4,False,none,normal
2026-01-18 02:00:00,Building_D,23.84,0.71,0.5,0.23,0.27,46.3,False,none,normal
2026-01-18 03:00:00,Building_D,24.68,0.2,0.74,0.37,0.37,50.0,False,none,normal
2026-01-18 04:00:00,Building_D,22.09,0.55,0.56,0.25,0.31,45.5,False,none,normal
2026-01-18 05:00:00,Building_D,17.53,0.41,2.05,1.07,0.98,52.1,False,none,normal
2026-01-18 06:00:00,Building_D,20.87,0.31,0.5,0.23,0.27,46.2,False,none,normal
2026-01-18 07:00:00,Building_D,23.4,0.81,3.2,1.43,1.77,44.7,False,none,normal
2026-01-18 08:00:00,Building_D,24.85,0.63,0.5,0.22,0.28,43.9,False,none,normal
2026-01-18 09:00:00,Building_D,23.35,1.18,0.81,0.36,0.45,44.9,False,none,normal
2026-01-18 10:00:00,Building_D,31.15,0.48,3.44,1.75,1.69,50.7,False,none,normal
2026-01-18 11:00:00,Building_D,29.01,0.2,3.75,1.72,2.03,46.0,False,none,normal
2026-01-18 12:00:00,Building_D,28.78,0.61,3.9,1.81,2.09,46.4,False,none,normal
2026-01-18 13:00:00,Building_D,35.5,1.21,3.1,1.42,1.68,45.9,False,none,normal
2026-01-18 14:00:00,Building_D,32.29,0.83,1.32,0.73,0.59,55.7,False,none,normal
2026-01-18 15:00:00,Building_D,34.64,0.72,1.12,0.53,0.59,47.3,False,none,normal
2026-01-18 16:00:00,Building_D,29.43,0.86,0.83,0.38,0.45,46.1,False,none,normal
2026-01-18 17:00:00,Building_D,30.14,0.81,3.14,1.51,1.63,48.2,False,none,normal
2026-01-18 18:00:00,Building_D,37.87,0.7,2.33,0.96,1.37,41.1,False,none,normal
2026-01-18 19:00:00,Building_D,20.2,0.2,1.64,0.78,0.86,47.6,False,none,normal
2026-01-18 20:00:00,Building_D,26.0,0.95,0.5,0.23,0.27,46.6,False,none,normal
2026-01-18 21:00:00,Building_D,27.57,0.51,1.11,0.58,0.53,52.1,False,none,normal
2026-01-18 22:00:00,Building_D,25.83,0.58,2.16,1.03,1.13,47.7,False,none,normal
2026-01-18 23:00:00,Building_D,24.32,0.38,1.71,0.77,0.94,45.2,False,none,normal
2026-01-19 00:00:00,Building_D,15.52,0.67,0.5,0.22,0.28,43.5,False,none,normal
2026-01-19 01:00:00,Building_D,27.31,0.78,0.5,0.18,0.32,35.8,False,none,normal
2026-01-19 02:00:00,Building_D,24.38,0.67,1.11,0.55,0.56,49.9,False,none,normal
2026-01-19 03:00:00,Building_D,21.52,0.3,0.5,0.23,0.27,45.2,False,none,normal
2026-01-19 04:00:00,Building_D,23.53,0.56,1.44,0.61,0.83,42.4,False,none,normal
2026-01-19 05:00:00,Building_D,15.61,0.31,0.5,0.24,0.26,48.7,False,none,normal
2026-01-19 06:00:00,Building_D,51.97,2.91,6.84,3.72,3.12,54.4,False,none,normal
2026-01-19 07:00:00,Building_D,59.3,2.12,10.34,5.07,5.27,49.1,False,none,normal
2026-01-19 08:00:00,Building_D,99.18,4.96,21.1,10.57,10.53,50.1,False,none,normal
2026-01-19 09:00:00,Building_D,95.06,4.91,20.67,10.4,10.27,50.3,False,none,normal
2026-01-19 10:00:00,Building_D,100.92,5.04,19.87,9.06,10.81,45.6,False,none,normal
2026-01-19 11:00:00,Building_D,93.75,5.19,19.8,9.35,10.45,47.2,False,none,normal
2026-01-19 12:00:00,Building_D,99.47,4.99,20.53,9.11,11.42,44.4,False,none,normal
2026-01-19 13:00:00,Building_D,99.6,4.88,20.43,10.75,9.68,52.6,False,none,normal
2026-01-19 14:00:00,Building_D,100.54,4.79,20.36,11.08,9.28,54.4,False,none,normal
2026-01-19 15:00:00,Building_D,97.29,5.0,21.33,10.42,10.91,48.9,False,none,normal
2026-01-19 16:00:00,Building_D,97.03,4.73,20.52,10.39,10.13,50.6,False,none,normal
2026-01-19 17:00:00,Building_D,103.8,4.47,22.65,10.61,12.04,46.8,False,none,normal
2026-01-19 18:00:00,Building_D,102.22,4.73,18.6,7.95,10.65,42.7,False,none,normal
2026-01-19 19:00:00,Building_D,55.88,2.68,7.86,3.69,4.17,47.0,False,none,normal
2026-01-19 20:00:00,Building_D,61.68,2.49,8.16,4.93,3.23,60.4,False,none,normal
2026-01-19 21:00:00,Building_D,57.17,2.25,8.4,4.28,4.12,50.9,False,none,normal
2026-01-19 22:00:00,Building_D,58.41,2.55,9.6,5.13,4.47,53.4,False,none,normal
2026-01-19 23:00:00,Building_D,21.78,0.21,1.0,0.45,0.55,45.4,False,none,normal
2026-01-20 00:00:00,Building_D,25.79,0.59,3.69,1.99,1.7,53.9,False,none,normal
2026-01-20 01:00:00,Building_D,17.93,0.26,0.5,0.2,0.3,39.4,False,none,normal
2026-01-20 02:00:00,Building_D,22.7,0.2,2.46,1.29,1.17,52.6,False,none,normal
2026-01-20 03:00:00,Building_D,21.16,0.33,2.27,1.25,1.02,54.9,False,none,normal
2026-01-20 04:00:00,Building_D,18.52,0.2,0.5,0.25,0.25,49.7,False,none,normal
2026-01-20 05:00:00,Building_D,20.19,0.6,2.83,1.2,1.63,42.4,False,none,normal
2026-01-20 06:00:00,Building_D,55.42,2.01,6.82,3.19,3.63,46.8,False,none,normal
2026-01-20 07:00:00,Building_D,54.3,2.68,8.0,3.94,4.06,49.2,False,none,normal
2026-01-20 08:00:00,Building_D,97.29,4.91,20.11,9.45,10.66,47.0,False,none,normal
2026-01-20 09:00:00,Building_D,100.2,4.31,20.88,9.3,11.58,44.5,False,none,normal
2026-01-20 10:00:00,Building_D,97.16,4.44,20.1,9.87,10.23,49.1,False,none,normal
2026-01-20 11:00:00,Building_D,100.35,4.57,21.03,11.05,9.98,52.6,False,none,normal
2026-01-20 12:00:00,Building_D,96.55,4.99,18.05,8.02,10.03,44.4,False,none,normal
2026-01-20 13:00:00,Building_D,99.6,5.32,19.82,11.63,8.19,58.7,False,none,normal
2026-01-20 14:00:00,Building_D,99.78,4.54,22.08,9.49,12.59,43.0,False,none,normal
2026-01-20 15:00:00,Building_D,99.83,4.66,18.91,9.8,9.11,51.8,False,none,normal
2026-01-20 16:00:00,Building_D,97.48,5.59,19.31,8.06,11.25,41.8,False,none,normal
2026-01-20 17:00:00,Building_D,96.6,6.0,21.54,10.82,10.72,50.2,False,none,normal
2026-01-20 18:00:00,Building_D,100.87,4.82,23.81,11.87,11.94,49.8,False,none,normal
2026-01-20 19:00:00,Building_D,58.66,2.84,6.3,2.8,3.5,44.5,False,none,normal
2026-01-20 20:00:00,Building_D,56.22,2.84,6.27,2.99,3.28,47.7,False,none,normal
2026-01-20 21:00:00,Building_D,56.37,1.94,7.21,3.62,3.59,50.2,False,none,normal
2026-01-20 22:00:00,Building_D,51.27,2.99,8.38,4.14,4.24,49.4,False,none,normal
2026-01-20 23:00:00,Building_D,22.28,0.2,0.5,0.25,0.25,49.4,False,none,normal
2026-01-21 00:00:00,Building_D,19.64,0.51,0.5,0.25,0.25,49.8,False,none,normal
2026-01-21 01:00:00,Building_D,24.35,0.2,0.57,0.24,0.33,41.9,False,none,normal
2026-01-21 02:00:00,Building_D,14.8,0.23,3.85,1.97,1.88,51.1,False,none,normal
2026-01-21 03:00:00,Building_D,27.81,0.65,0.74,0.38,0.36,51.6,False,none,normal
2026-01-21 04:00:00,Building_D,19.69,0.6,1.9,0.97,0.93,50.8,False,none,normal
2026-01-21 05:00:00,Building_D,27.22,0.5,2.52,1.19,1.33,47.2,False,none,normal
2026-01-21 06:00:00,Building_D,65.68,2.69,7.36,3.19,4.17,43.3,False,none,normal
2026-01-21 07:00:00,Building_D,53.97,2.16,7.72,3.31,4.41,42.9,False,none,normal
2026-01-21 08:00:00,Building_D,103.69,5.03,20.62,8.94,11.68,43.3,False,none,normal
2026-01-21 09:00:00,Building_D,95.44,4.21,22.48,9.52,12.96,42.3,False,none,normal
2026-01-21 10:00:00,Building_D,93.15,5.48,21.0,10.18,10.82,48.5,False,none,normal
2026-01-21 11:00:00,Building_D,99.88,5.32,20.66,8.64,12.02,41.8,False,none,normal
2026-01-21 12:00:00,Building_D,101.45,5.13,21.94,9.43,12.51,43.0,False,none,normal
2026-01-21 13:00:00,Building_D,95.6,5.12,19.4,7.49,11.91,38.6,False,none,normal
2026-01-21 14:00:00,Building_D,99.31,5.3,20.38,10.23,10.15,50.2,False,none,normal
2026-01-21 15:00:00,Building_D,100.13,4.99,20.7,11.05,9.65,53.4,False,none,normal
2026-01-21 16:00:00,Building_D,94.66,5.26,19.12,8.57,10.55,44.8,False,none,normal
2026-01-21 17:00:00,Building_D,103.3,4.56,20.25,11.63,8.62,57.4,False,none,normal
2026-01-21 18:00:00,Building_D,102.62,4.73,19.86,9.4,10.46,47.3,False,none,normal
2026-01-21 19:00:00,Building_D,62.45,2.14,6.55,3.33,3.22,50.9,False,none,normal
2026-01-21 20:00:00,Building_D,50.48,2.17,7.72,3.7,4.02,47.9,False,none,normal
2026-01-21 21:00:00,Building_D,51.75,2.62,8.49,3.85,4.64,45.4,False,none,normal
2026-01-21 22:00:00,Building_D,63.85,2.61,6.62,3.61,3.01,54.5,False,none,normal
2026-01-21 23:00:00,Building_D,20.15,0.5,0.5,0.25,0.25,50.5,False,none,normal
2026-01-22 00:00:00,Building_D,20.32,0.29,0.5,0.23,0.27,46.0,False,none,normal
2026-01-22 01:00:00,Building_D,26.53,0.2,0.5,0.24,0.26,48.4,False,none,normal
2026-01-22 02:00:00,Building_D,21.75,0.78,0.5,0.25,0.25,50.3,False,none,normal
2026-01-22 03:00:00,Building_D,17.27,0.26,0.5,0.23,0.27,46.7,False,none,normal
2026-01-22 04:00:00,Building_D,19.93,1.01,0.78,0.39,0.39,49.8,False,none,normal
2026-01-22 05:00:00,Building_D,17.82,0.7,2.45,1.26,1.19,51.5,False,none,normal
2026-01-22 06:00:00,Building_D,51.96,2.33,7.95,3.63,4.32,45.7,False,none,normal
2026-01-22 07:00:00,Building_D,67.34,2.32,7.77,3.54,4.23,45.6,False,none,normal
2026-01-22 08:00:00,Building_D,99.45,5.47,20.67,9.74,10.93,47.1,False,none,normal
2026-01-22 09:00:00,Building_D,94.22,5.41,20.36,9.62,10.74,47.3,False,none,normal
2026-01-22 10:00:00,Building_D,89.16,4.94,20.05,8.16,11.89,40.7,False,none,normal
2026-01-22 11:00:00,Building_D,102.48,4.8,22.81,12.24,10.57,53.7,False,none,normal
2026-01-22 12:00:00,Building_D,95.64,5.47,22.47,10.28,12.19,45.8,False,none,normal
2026-01-22 13:00:00,Building_D,94.39,4.23,20.99,9.26,11.73,44.1,False,none,normal
2026-01-22 14:00:00,Building_D,100.16,4.79,19.6,8.97,10.63,45.8,False,none,normal
2026-01-22 15:00:00,Building_D,93.32,4.79,19.65,9.42,10.23,47.9,False,none,normal
2026-01-22 16:00:00,Building_D,98.94,4.61,21.86,10.35,11.51,47.4,False,none,normal
2026-01-22 17:00:00,Building_D,104.53,5.07,20.62,9.49,11.13,46.0,False,none,normal
2026-01-22 18:00:00,Building_D,100.98,5.0,21.57,11.74,9.83,54.4,False,none,normal
2026-01-22 19:00:00,Building_D,54.3,2.71,8.53,4.25,4.28,49.8,False,none,normal
2026-01-22 20:00:00,Building_D,55.47,2.35,7.12,3.25,3.87,45.6,False,none,normal
2026-01-22 21:00:00,Building_D,53.84,2.46,6.91,3.44,3.47,49.7,False,none,normal
2026-01-22 22:00:00,Building_D,57.43,2.55,7.49,3.62,3.87,48.3,False,none,normal
2026-01-22 23:00:00,Building_D,21.26,0.71,0.5,0.25,0.25,49.5,False,none,normal
2026-01-23 00:00:00,Building_D,17.02,0.69,0.5,0.22,0.28,44.4,False,none,normal
2026-01-23 01:00:00,Building_D,17.69,0.2,0.5,0.27,0.23,54.0,False,none,normal
2026-01-23 02:00:00,Building_D,19.67,0.2,0.93,0.4,0.53,43.5,False,none,normal
2026-01-23 03:00:00,Building_D,25.51,0.29,0.5,0.26,0.24,52.8,False,none,normal
2026-01-23 04:00:00,Building_D,24.72,0.2,0.5,0.2,0.3,40.9,False,none,normal
2026-01-23 05:00:00,Building_D,32.66,0.2,1.89,0.87,1.02,45.9,False,none,normal
2026-01-23 06:00:00,Building_D,52.89,2.5,7.43,3.8,3.63,51.2,False,none,normal
2026-01-23 07:00:00,Building_D,60.46,2.29,6.1,2.64,3.46,43.2,False,none,normal
2026-01-23 08:00:00,Building_D,89.39,4.89,20.52,8.91,11.61,43.4,False,none,normal
2026-01-23 09:00:00,Building_D,93.47,4.98,19.78,9.33,10.45,47.1,False,none,normal
2026-01-23 10:00:00,Building_D,97.05,5.07,19.86,9.14,10.72,46.0,False,none,normal
2026-01-23 11:00:00,Building_D,90.99,4.97,20.64,9.76,10.88,47.3,False,none,normal
2026-01-23 12:00:00,Building_D,106.17,5.04,20.35,10.17,10.18,50.0,False,none,normal
2026-01-23 13:00:00,Building_D,106.97,5.08,17.87,8.89,8.98,49.7,False,none,normal
2026-01-23 14:00:00,Building_D,95.0,4.31,22.57,12.17,10.4,53.9,False,none,normal
2026-01-23 15:00:00,Building_D,94.9,4.67,20.73,9.22,11.51,44.5,False,none,normal
2026-01-23 16:00:00,Building_D,97.98,4.74,20.05,8.5,11.55,42.4,False,none,normal
2026-01-23 17:00:00,Building_D,101.83,5.41,20.41,9.77,10.64,47.9,False,none,normal
2026-01-23 18:00:00,Building_D,101.04,4.99,22.61,9.66,12.95,42.7,False,none,normal
2026-01-23 19:00:00,Building_D,60.65,2.45,6.48,3.69,2.79,57.0,False,none,normal
2026-01-23 20:00:00,Building_D,66.75,2.42,8.36,3.86,4.5,46.1,False,none,normal
2026-01-23 21:00:00,Building_D,55.96,2.1,6.29,3.48,2.81,55.4,False,none,normal
2026-01-23 22:00:00,Building_D,57.05,2.51,6.85,3.34,3.51,48.8,False,none,normal
2026-01-23 23:00:00,Building_D,16.23,0.2,0.5,0.27,0.23,53.2,False,none,normal
2026-01-24 00:00:00,Building_D,15.64,0.2,0.5,0.22,0.28,44.4,False,none,normal
2026-01-24 01:00:00,Building_D,20.41,0.78,0.5,0.23,0.27,46.4,False,none,normal
2026-01-24 02:00:00,Building_D,23.45,0.29,3.38,1.54,1.84,45.6,False,none,normal
2026-01-24 03:00:00,Building_D,23.9,0.73,0.5,0.24,0.26,48.7,False,none,normal
2026-01-24 04:00:00,Building_D,20.24,0.54,0.61,0.29,0.32,47.4,False,none,normal
2026-01-24 05:00:00,Building_D,17.62,1.09,1.19,0.5,0.69,41.6,False,none,normal
2026-01-24 06:00:00,Building_D,20.57,0.2,1.4,0.67,0.73,47.9,False,none,normal
2026-01-24 07:00:00,Building_D,22.26,0.2,0.5,0.26,0.24,51.1,False,none,normal
2026-01-24 08:00:00,Building_D,26.47,0.74,0.5,0.24,0.26,47.3,False,none,normal
2026-01-24 09:00:00,Building_D,23.26,0.2,0.5,0.21,0.29,42.9,False,none,normal
2026-01-24 10:00:00,Building_D,37.78,0.46,3.48,1.65,1.83,47.4,False,none,normal
2026-01-24 11:00:00,Building_D,31.17,0.77,4.37,2.1,2.27,48.1,False,none,normal
2026-01-24 12:00:00,Building_D,29.28,0.9,1.89,0.94,0.95,49.9,False,none,normal
2026-01-24 13:00:00,Building_D,29.06,0.66,4.04,1.87,2.17,46.4,False,none,normal
2026-01-24 14:00:00,Building_D,30.38,1.29,2.25,1.12,1.13,50.0,False,none,normal
2026-01-24 15:00:00,Building_D,35.58,1.29,6.03,2.74,3.29,45.4,False,none,normal
2026-01-24 16:00:00,Building_D,28.31,1.17,4.55,2.04,2.51,44.8,False,none,normal
2026-01-24 17:00:00,Building_D,33.72,1.83,3.55,1.84,1.71,51.7,False,none,normal
2026-01-24 18:00:00,Building_D,38.09,1.76,3.72,1.97,1.75,53.0,False,none,normal
2026-01-24 19:00:00,Building_D,19.09,0.45,0.5,0.2,0.3,40.5,False,none,normal
2026-01-24 20:00:00,Building_D,15.83,0.59,1.03,0.45,0.58,43.8,False,none,normal
2026-01-24 21:00:00,Building_D,28.48,0.2,0.8,0.37,0.43,46.3,False,none,normal
2026-01-24 22:00:00,Building_D,22.67,0.75,1.4,0.71,0.69,50.8,False,none,normal
2026-01-24 23:00:00,Building_D,24.57,0.2,1.85,0.81,1.04,43.8,False,none,normal
2026-01-25 00:00:00,Building_D,21.82,0.32,0.91,0.42,0.49,46.1,False,none,normal
2026-01-25 01:00:00,Building_D,21.61,1.01,0.5,0.24,0.26,48.0,False,none,normal
2026-01-25 02:00:00,Building_D,17.79,0.68,0.5,0.24,0.26,48.2,False,none,normal
2026-01-25 03:00:00,Building_D,16.95,0.89,0.58,0.28,0.3,48.6,False,none,normal
2026-01-25 04:00:00,Building_D,25.56,0.2,0.5,0.24,0.26,48.7,False,none,normal
2026-01-25 05:00:00,Building_D,15.2,0.2,0.5,0.22,0.28,43.4,False,none,normal
2026-01-25 06:00:00,Building_D,20.87,0.62,1.39,0.77,0.62,55.2,False,none,normal
2026-01-25 07:00:00,Building_D,22.16,0.49,0.5,0.25,0.25,49.3,False,none,normal
2026-01-25 08:00:00,Building_D,23.84,0.76,1.59,0.8,0.79,50.1,False,none,normal
2026-01-25 09:00:00,Building_D,28.29,0.45,0.5,0.23,0.27,46.2,False,none,normal
2026-01-25 10:00:00,Building_D,31.36,0.5,2.69,1.17,1.52,43.4,False,none,normal
2026-01-25 11:00:00,Building_D,33.16,1.0,1.3,0.59,0.71,45.4,False,none,normal
2026-01-25 12:00:00,Building_D,39.08,1.1,3.97,1.8,2.17,45.3,False,none,normal
2026-01-25 13:00:00,Building_D,32.93,0.88,2.47,1.14,1.33,46.0,False,none,normal
2026-01-25 14:00:00,Building_D,29.9,0.36,1.83,0.86,0.97,47.2,False,none,normal
2026-01-25 15:00:00,Building_D,28.39,0.77,1.5,0.77,0.73,51.2,False,none,normal
2026-01-25 16:00:00,Building_D,40.1,1.24,4.78,2.41,2.37,50.5,False,none,normal
2026-01-25 17:00:00,Building_D,32.84,0.91,2.33,1.18,1.15,50.8,False,none,normal
2026-01-25 18:00:00,Building_D,34.3,0.72,4.05,1.83,2.22,45.2,False,none,normal
2026-01-25 19:00:00,Building_D,19.73,0.71,1.01,0.48,0.53,47.1,False,none,normal
2026-01-25 20:00:00,Building_D,20.86,0.5,0.5,0.22,0.28,45.0,False,none,normal
2026-01-25 21:00:00,Building_D,17.19,0.44,1.8,0.9,0.9,49.9,False,none,normal
2026-01-25 22:00:00,Building_D,20.2,0.2,0.5,0.28,0.22,56.0,False,none,normal
2026-01-25 23:00:00,Building_D,22.52,0.51,0.5,0.22,0.28,43.3,False,none,normal
2026-01-26 00:00:00,Building_D,22.07,0.27,0.65,0.32,0.33,48.5,False,none,normal
2026-01-26 01:00:00,Building_D,24.65,0.2,0.5,0.24,0.26,47.6,False,none,normal
2026-01-26 02:00:00,Building_D,19.66,0.33,0.62,0.28,0.34,45.0,False,none,normal
2026-01-26 03:00:00,Building_D,23.02,0.63,0.57,0.29,0.28,50.9,False,none,normal
2026-01-26 04:00:00,Building_D,13.55,0.23,1.56,0.69,0.87,44.5,False,none,normal
2026-01-26 05:00:00,Building_D,18.25,0.4,0.5,0.23,0.27,45.9,False,none,normal
2026-01-26 06:00:00,Building_D,64.58,2.59,6.74,2.85,3.89,42.2,False,none,normal
2026-01-26 07:00:00,Building_D,58.83,2.17,10.41,5.17,5.24,49.7,False,none,normal
2026-01-26 08:00:00,Building_D,100.76,5.07,21.88,8.41,13.47,38.4,False,none,normal
2026-01-26 09:00:00,Building_D,93.71,5.35,22.34,9.62,12.72,43.1,False,none,normal
2026-01-26 10:00:00,Building_D,91.25,5.05,21.12,10.26,10.86,48.6,False,none,normal
2026-01-26 11:00:00,Building_D,98.28,4.34,20.09,9.46,10.63,47.1,False,none,normal
2026-01-26 12:00:00,Building_D,96.33,4.32,21.24,10.93,10.31,51.5,False,none,normal
2026-01-26 13:00:00,Building_D,95.34,4.92,19.94,9.18,10.76,46.1,False,none,normal
2026-01-26 14:00:00,Building_D,100.49,5.17,21.82,11.39,10.43,52.2,False,none,normal
2026-01-26 15:00:00,Building_D,97.83,5.98,22.4,10.16,12.24,45.4,False,none,normal
2026-01-26 16:00:00,Building_D,99.03,4.29,20.57,11.25,9.32,54.7,False,none,normal
2026-01-26 17:00:00,Building_D,109.65,4.94,20.94,10.56,10.38,50.4,False,none,normal
2026-01-26 18:00:00,Building_D,106.44,4.64,23.72,11.08,12.64,46.7,False,none,normal
2026-01-26 19:00:00,Building_D,52.52,2.38,6.85,3.4,3.45,49.7,False,none,normal
2026-01-26 20:00:00,Building_D,50.6,2.54,8.62,4.65,3.97,53.9,False,none,normal
2026-01-26 21:00:00,Building_D,59.93,2.99,7.1,3.52,3.58,49.6,False,none,normal
2026-01-26 22:00:00,Building_D,48.29,2.45,8.29,4.14,4.15,49.9,False,none,normal
2026-01-26 23:00:00,Building_D,15.95,0.3,0.5,0.23,0.27,46.3,False,none,normal
2026-01-27 00:00:00,Building_D,25.15,0.36,0.61,0.28,0.33,46.0,False,none,normal
2026-01-27 01:00:00,Building_D,26.51,0.84,0.5,0.3,0.2,59.4,False,none,normal
2026-01-27 02:00:00,Building_D,19.18,0.79,0.5,0.26,0.24,51.1,False,none,normal
2026-01-27 03:00:00,Building_D,25.03,0.2,0.5,0.28,0.22,55.5,False,none,normal
2026-01-27 04:00:00,Building_D,18.99,0.58,0.89,0.43,0.46,47.8,False,none,normal
2026-01-27 05:00:00,Building_D,15.32,0.73,0.5,0.26,0.24,52.4,False,none,normal
2026-01-27 06:00:00,Building_D,58.13,2.52,8.27,3.64,4.63,44.0,False,none,normal
2026-01-27 07:00:00,Building_D,63.44,2.36,7.39,3.93,3.46,53.2,False,none,normal
2026-01-27 08:00:00,Building_D,99.51,4.9,21.03,10.62,10.41,50.5,False,none,normal
2026-01-27 09:00:00,Building_D,98.05,5.31,19.01,9.32,9.69,49.0,False,none,normal
2026-01-27 10:00:00,Building_D,101.72,5.2,17.85,8.48,9.37,47.5,False,none,normal
2026-01-27 11:00:00,Building_D,93.66,5.44,20.07,10.58,9.49,52.7,False,none,normal
2026-01-27 12:00:00,Building_D,93.65,5.12,20.54,12.13,8.41,59.1,False,none,normal
2026-01-27 13:00:00,Building_D,103.23,5.38,22.97,11.29,11.68,49.1,False,none,normal
2026-01-27 14:00:00,Building_D,98.12,4.91,20.93,7.73,13.2,36.9,False,none,normal
2026-01-27 15:00:00,Building_D,98.53,5.07,20.35,8.52,11.83,41.9,False,none,normal
2026-01-27 16:00:00,Building_D,97.92,4.45,22.66,10.64,12.02,47.0,False,none,normal
2026-01-27 17:00:00,Building_D,90.27,4.91,21.61,10.53,11.08,48.7,False,none,normal
2026-01-27 18:00:00,Building_D,94.86,4.75,20.19,9.34,10.85,46.2,False,none,normal
2026-01-27 19:00:00,Building_D,52.17,2.47,6.22,3.22,3.0,51.8,False,none,normal
2026-01-27 20:00:00,Building_D,61.49,2.14,6.96,3.22,3.74,46.3,False,none,normal
2026-01-27 21:00:00,Building_D,57.08,2.58,8.38,4.17,4.21,49.8,False,none,normal
2026-01-27 22:00:00,Building_D,63.42,2.51,6.26,2.6,3.66,41.6,False,none,normal
2026-01-27 23:00:00,Building_D,28.79,0.62,0.74,0.37,0.37,49.8,False,none,normal
2026-01-28 00:00:00,Building_D,22.89,0.59,0.5,0.26,0.24,52.2,False,none,normal
2026-01-28 01:00:00,Building_D,20.15,0.2,0.5,0.24,0.26,47.0,False,none,normal
2026-01-28 02:00:00,Building_D,27.32,0.28,0.5,0.25,0.25,49.1,False,none,normal
2026-01-28 03:00:00,Building_D,19.64,0.98,1.78,0.76,1.02,42.9,False,none,normal
2026-01-28 04:00:00,Building_D,21.55,0.2,0.5,0.24,0.26,47.8,False,none,normal
2026-01-28 05:00:00,Building_D,25.52,0.41,0.5,0.2,0.3,39.2,False,none,normal
2026-01-28 06:00:00,Building_D,54.54,2.69,6.21,3.3,2.91,53.1,False,none,normal
2026-01-28 07:00:00,Building_D,54.87,2.56,7.34,3.18,4.16,43.3,False,none,normal
2026-01-28 08:00:00,Building_D,100.28,4.78,19.54,7.52,12.02,38.5,False,none,normal
2026-01-28 09:00:00,Building_D,103.73,4.99,21.86,11.04,10.82,50.5,False,none,normal
2026-01-28 10:00:00,Building_D,102.95,4.79,18.89,9.64,9.25,51.1,False,none,normal
2026-01-28 11:00:00,Building_D,99.04,4.82,21.43,10.55,10.88,49.2,False,none,normal
2026-01-28 12:00:00,Building_D,101.08,4.63,21.71,10.42,11.29,48.0,False,none,normal
2026-01-28 13:00:00,Building_D,102.86,5.33,21.36,10.16,11.2,47.6,False,none,normal
2026-01-28 14:00:00,Building_D,101.36,5.38,21.26,10.38,10.88,48.8,False,none,normal
2026-01-28 15:00:00,Building_D,101.37,4.8,22.35,9.22,13.13,41.3,False,none,normal
2026-01-28 16:00:00,Building_D,98.66,4.85,19.77,9.73,10.04,49.2,False,none,normal
2026-01-28 17:00:00,Building_D,94.02,5.74,18.91,8.36,10.55,44.2,False,none,normal
2026-01-28 18:00:00,Building_D,94.34,5.06,21.75,10.9,10.85,50.1,False,none,normal
2026-01-28 19:00:00,Building_D,63.09,2.2,8.61,4.03,4.58,46.8,False,none,normal
2026-01-28 20:00:00,Building_D,58.12,2.88,5.79,3.24,2.55,56.0,False,none,normal
2026-01-28 21:00:00,Building_D,56.62,1.93,6.99,3.38,3.61,48.4,False,none,normal
2026-01-28 22:00:00,Building_D,54.43,1.78,7.94,3.58,4.36,45.1,False,none,normal
2026-01-28 23:00:00,Building_D,24.85,0.2,3.2,1.6,1.6,50.1,False,none,normal
2026-01-29 00:00:00,Building_D,23.03,0.66,0.5,0.23,0.27,46.0,False,none,normal
2026-01-29 01:00:00,Building_D,29.38,0.33,0.5,0.23,0.27,46.1,False,none,normal
2026-01-29 02:00:00,Building_D,28.1,0.35,0.5,0.29,0.21,58.3,False,none,normal
2026-01-29 03:00:00,Building_D,16.75,0.41,0.5,0.23,0.27,45.2,False,none,normal
2026-01-29 04:00:00,Building_D,18.01,0.25,1.67,0.67,1.0,40.4,False,none,normal
2026-01-29 05:00:00,Building_D,27.29,0.82,1.1,0.53,0.57,48.5,False,none,normal
2026-01-29 06:00:00,Building_D,58.31,2.99,5.73,2.92,2.81,50.9,False,none,normal
2026-01-29 07:00:00,Building_D,54.22,2.78,7.09,3.6,3.49,50.8,False,none,normal
2026-01-29 08:00:00,Building_D,92.33,4.39,20.4,10.96,9.44,53.7,False,none,normal
2026-01-29 09:00:00,Building_D,100.67,5.17,21.57,10.01,11.56,46.4,False,none,normal
2026-01-29 10:00:00,Building_D,100.96,4.78,20.16,9.52,10.64,47.2,False,none,normal
2026-01-29 11:00:00,Building_D,96.34,4.96,20.23,9.14,11.09,45.2,False,none,normal
2026-01-29 12:00:00,Building_D,97.96,5.04,19.22,9.55,9.67,49.7,False,none,normal
2026-01-29 13:00:00,Building_D,96.55,5.06,19.74,10.3,9.44,52.2,False,none,normal
2026-01-29 14:00:00,Building_D,102.34,4.62,21.17,11.39,9.78,53.8,False,none,normal
2026-01-29 15:00:00,Building_D,94.73,4.68,21.42,9.16,12.26,42.8,False,none,normal
2026-01-29 16:00:00,Building_D,95.41,4.63,21.43,9.69,11.74,45.2,False,none,normal
2026-01-29 17:00:00,Building_D,97.38,4.73,21.91,9.76,12.15,44.6,False,none,normal
2026-01-29 18:00:00,Building_D,92.89,4.48,21.37,10.91,10.46,51.1,False,none,normal
2026-01-29 19:00:00,Building_D,62.2,2.05,7.55,4.36,3.19,57.7,False,none,normal
2026-01-29 20:00:00,Building_D,56.0,2.3,7.8,3.91,3.89,50.1,False,none,normal
2026-01-29 21:00:00,Building_D,59.26,2.28,7.12,3.33,3.79,46.8,False,none,normal
2026-01-29 22:00:00,Building_D,54.28,2.06,9.99,4.63,5.36,46.4,False,none,normal
2026-01-29 23:00:00,Building_D,20.85,0.33,0.5,0.25,0.25,49.7,False,none,normal
2026-01-30 00:00:00,Building_D,20.39,0.84,1.21,0.57,0.64,47.2,False,none,normal
2026-01-30 01:00:00,Building_D,19.58,0.82,0.5,0.22,0.28,43.0,False,none,normal
2026-01-30 02:00:00,Building_D,26.33,0.2,1.53,0.58,0.95,37.9,False,none,normal
2026-01-30 03:00:00,Building_D,20.77,0.85,0.5,0.25,0.25,50.4,False,none,normal
2026-01-30 04:00:00,Building_D,18.64,0.56,0.5,0.24,0.26,49.0,False,none,normal
2026-01-30 05:00:00,Building_D,30.4,0.9,1.44,0.74,0.7,51.2,False,none,normal
2026-01-30 06:00:00,Building_D,53.57,2.33,5.98,2.57,3.41,42.9,False,none,normal
2026-01-30 07:00:00,Building_D,53.66,2.48,6.35,3.04,3.31,47.8,False,none,normal
2026-01-30 08:00:00,Building_D,97.9,4.59,22.37,9.55,12.82,42.7,False,none,normal
2026-01-30 09:00:00,Building_D,102.99,4.2,20.36,8.8,11.56,43.2,False,none,normal
2026-01-30 10:00:00,Building_D,95.9,5.62,20.12,8.77,11.35,43.6,False,none,normal
2026-01-30 11:00:00,Building_D,100.47,4.86,20.72,9.19,11.53,44.3,False,none,normal
2026-01-30 12:00:00,Building_D,95.06,4.71,21.49,10.12,11.37,47.1,False,none,normal
2026-01-30 13:00:00,Building_D,94.33,5.04,20.63,10.38,10.25,50.3,False,none,normal
2026-01-30 14:00:00,Building_D,96.59,4.96,21.04,9.25,11.79,44.0,False,none,normal
2026-01-30 15:00:00,Building_D,102.07,4.99,19.21,8.37,10.84,43.6,False,none,normal
2026-01-30 16:00:00,Building_D,98.12,4.79,21.44,10.05,11.39,46.9,False,none,normal
2026-01-30 17:00:00,Building_D,99.73,4.69,20.51,10.92,9.59,53.3,False,none,normal
2026-01-30 18:00:00,Building_D,97.93,4.79,19.5,9.35,10.15,47.9,False,none,normal
2026-01-30 19:00:00,Building_D,62.84,2.02,7.76,3.19,4.57,41.1,False,none,normal
2026-01-30 20:00:00,Building_D,55.56,2.59,5.93,2.74,3.19,46.2,False,none,normal
2026-01-30 21:00:00,Building_D,58.37,2.54,8.23,3.63,4.6,44.1,False,none,normal
2026-01-30 22:00:00,Building_D,58.37,2.28,8.68,3.36,5.32,38.8,False,none,normal
2026-01-30 23:00:00,Building_D,21.09,0.47,2.11,1.02,1.09,48.3,False,none,normal
2026-01-31 00:00:00,Building_D,23.0,0.57,1.99,0.92,1.07,46.5,False,none,normal
2026-01-31 01:00:00,Building_D,16.63,0.2,1.29,0.63,0.66,48.9,False,none,normal
2026-01-31 02:00:00,Building_D,21.22,0.23,0.71,0.35,0.36,48.8,False,none,normal
2026-01-31 03:00:00,Building_D,24.17,0.2,0.5,0.22,0.28,44.3,False,none,normal
2026-01-31 04:00:00,Building_D,16.84,0.2,2.37,0.92,1.45,38.9,False,none,normal
2026-01-31 05:00:00,Building_D,24.13,0.76,1.67,0.82,0.85,49.1,False,none,normal
2026-01-31 06:00:00,Building_D,27.53,1.06,0.5,0.25,0.25,49.8,False,none,normal
2026-01-31 07:00:00,Building_D,27.35,0.2,0.5,0.23,0.27,45.5,False,none,normal
2026-01-31 08:00:00,Building_D,24.09,0.2,2.21,1.11,1.1,50.1,False,none,normal
2026-01-31 09:00:00,Building_D,24.61,0.2,0.5,0.27,0.23,54.0,False,none,normal
2026-01-31 10:00:00,Building_D,31.07,0.28,3.69,1.87,1.82,50.7,False,none,normal
2026-01-31 11:00:00,Building_D,33.91,0.83,4.79,2.16,2.63,45.2,False,none,normal
2026-01-31 12:00:00,Building_D,33.94,0.93,3.26,1.52,1.74,46.5,False,none,normal
2026-01-31 13:00:00,Building_D,30.41,0.89,3.07,1.56,1.51,50.9,False,none,normal
2026-01-31 14:00:00,Building_D,29.64,1.43,2.73,1.41,1.32,51.7,False,none,normal
2026-01-31 15:00:00,Building_D,35.63,0.94,3.51,1.58,1.93,45.1,False,none,normal
2026-01-31 16:00:00,Building_D,29.71,0.96,3.37,1.78,1.59,52.7,False,none,normal
2026-01-31 17:00:00,Building_D,29.96,0.74,1.42,0.72,0.7,50.6,False,none,normal
2026-01-31 18:00:00,Building_D,33.99,1.22,4.66,2.38,2.28,51.2,False,none,normal
2026-01-31 19:00:00,Building_D,25.57,0.65,1.41,0.57,0.84,40.6,False,none,normal
2026-01-31 20:00:00,Building_D,17.85,0.2,2.01,0.9,1.11,44.9,False,none,normal
2026-01-31 21:00:00,Building_D,19.76,0.44,0.5,0.25,0.25,49.5,False,none,normal
2026-01-31 22:00:00,Building_D,13.72,0.2,0.73,0.31,0.42,43.0,False,none,normal
2026-01-31 23:00:00,Building_D,27.44,0.46,1.85,0.91,0.94,49.4,False,none,normal
2026-02-01 00:00:00,Building_D,22.2,0.2,1.6,0.8,0.8,49.8,False,none,normal
2026-02-01 01:00:00,Building_D,30.59,0.73,0.5,0.25,0.25,49.2,False,none,normal
2026-02-01 02:00:00,Building_D,23.94,0.85,2.08,0.98,1.1,47.4,False,none,normal
2026-02-01 03:00:00,Building_D,17.38,0.2,0.5,0.23,0.27,45.6,False,none,normal
2026-02-01 04:00:00,Building_D,28.26,0.97,1.64,0.87,0.77,52.9,False,none,normal
2026-02-01 05:00:00,Building_D,19.42,0.2,0.5,0.2,0.3,39.9,False,none,normal
2026-02-01 06:00:00,Building_D,17.79,0.26,0.69,0.33,0.36,48.5,False,none,normal
2026-02-01 07:00:00,Building_D,19.49,0.64,0.5,0.24,0.26,48.0,False,none,normal
2026-02-01 08:00:00,Building_D,17.81,0.82,0.51,0.26,0.25,50.7,False,none,normal
2026-02-01 09:00:00,Building_D,17.38,0.5,1.18,0.47,0.71,39.8,False,none,normal
2026-02-01 10:00:00,Building_D,36.45,0.44,3.68,2.03,1.65,55.2,False,none,normal
2026-02-01 11:00:00,Building_D,35.6,0.36,3.21,1.7,1.51,52.9,False,none,normal
2026-02-01 12:00:00,Building_D,28.51,0.75,2.96,1.49,1.47,50.3,False,none,normal
2026-02-01 13:00:00,Building_D,25.63,1.1,2.68,1.29,1.39,48.0,False,none,normal
2026-02-01 14:00:00,Building_D,30.88,1.09,3.4,1.83,1.57,53.8,False,none,normal
2026-02-01 15:00:00,Building_D,35.74,0.6,5.06,2.49,2.57,49.3,False,none,normal
2026-02-01 16:00:00,Building_D,32.46,1.18,2.17,0.92,1.25,42.5,False,none,normal
2026-02-01 17:00:00,Building_D,31.88,0.67,5.91,2.66,3.25,44.9,False,none,normal
2026-02-01 18:00:00,Building_D,31.94,0.95,4.9,2.16,2.74,44.0,False,none,normal
2026-02-01 19:00:00,Building_D,15.8,0.93,0.59,0.3,0.29,51.2,False,none,normal
2026-02-01 20:00:00,Building_D,25.67,0.8,0.5,0.23,0.27,45.4,False,none,normal
2026-02-01 21:00:00,Building_D,14.26,0.2,0.56,0.25,0.31,45.2,False,none,normal
2026-02-01 22:00:00,Building_D,17.68,0.46,2.1,1.0,1.1,47.8,False,none,normal
2026-02-01 23:00:00,Building_D,17.72,0.89,0.5,0.27,0.23,53.9,False,none,normal
2026-02-02 00:00:00,Building_D,21.19,0.48,2.36,1.01,1.35,42.6,False,none,normal
2026-02-02 01:00:00,Building_D,18.05,0.33,0.5,0.29,0.21,58.6,False,none,normal
2026-02-02 02:00:00,Building_D,18.69,0.2,0.5,0.24,0.26,48.9,False,none,normal
2026-02-02 03:00:00,Building_D,24.21,0.2,0.51,0.28,0.23,55.8,False,none,normal
2026-02-02 04:00:00,Building_D,22.39,0.55,2.76,1.25,1.51,45.2,False,none,normal
2026-02-02 05:00:00,Building_D,19.19,0.28,0.5,0.2,0.3,40.7,False,none,normal
2026-02-02 06:00:00,Building_D,57.76,2.57,7.6,3.72,3.88,49.0,False,none,normal
2026-02-02 07:00:00,Building_D,58.24,2.03,8.17,4.1,4.07,50.2,False,none,normal
2026-02-02 08:00:00,Building_D,92.13,5.5,19.05,8.28,10.77,43.4,False,none,normal
2026-02-02 09:00:00,Building_D,99.33,5.17,21.47,10.79,10.68,50.2,False,none,normal
2026-02-02 10:00:00,Building_D,96.44,5.03,20.16,9.82,10.34,48.7,False,none,normal
2026-02-02 11:00:00,Building_D,98.79,4.81,20.12,8.17,11.95,40.6,False,none,normal
2026-02-02 12:00:00,Building_D,101.84,5.09,17.77,9.09,8.68,51.2,False,none,normal
2026-02-02 13:00:00,Building_D,98.31,4.66,19.3,8.73,10.57,45.2,False,none,normal
2026-02-02 14:00:00,Building_D,94.79,4.71,22.58,11.17,11.41,49.5,False,none,normal
2026-02-02 15:00:00,Building_D,106.66,5.07,21.23,9.44,11.79,44.5,False,none,normal
2026-02-02 16:00:00,Building_D,97.85,4.96,21.28,10.17,11.11,47.8,False,none,normal
2026-02-02 17:00:00,Building_D,99.93,5.1,20.17,9.35,10.82,46.4,False,none,normal
2026-02-02 18:00:00,Building_D,95.84,5.37,20.17,9.95,10.22,49.3,False,none,normal
2026-02-02 19:00:00,Building_D,56.58,2.87,5.44,2.68,2.76,49.2,False,none,normal
2026-02-02 20:00:00,Building_D,52.19,2.63,7.65,3.22,4.43,42.1,False,none,normal
2026-02-02 21:00:00,Building_D,58.56,2.57,7.55,3.59,3.96,47.6,False,none,normal
2026-02-02 22:00:00,Building_D,57.85,2.91,7.45,3.88,3.57,52.1,False,none,normal
2026-02-02 23:00:00,Building_D,22.1,0.89,0.5,0.23,0.27,45.3,False,none,normal
2026-02-03 00:00:00,Building_D,17.86,0.43,0.5,0.27,0.23,53.6,False,none,normal
2026-02-03 01:00:00,Building_D,18.76,0.2,1.19,0.63,0.56,52.7,False,none,normal
2026-02-03 02:00:00,Building_D,25.17,0.81,0.5,0.24,0.26,47.7,False,none,normal
2026-02-03 03:00:00,Building_D,30.29,1.03,1.35,0.71,0.64,52.4,False,none,normal
2026-02-03 04:00:00,Building_D,25.68,0.2,0.5,0.27,0.23,54.0,False,none,normal
2026-02-03 05:00:00,Building_D,25.13,0.42,2.3,1.14,1.16,49.5,False,none,normal
2026-02-03 06:00:00,Building_D,60.23,2.62,8.47,4.27,4.2,50.5,False,none,normal
2026-02-03 07:00:00,Building_D,62.4,2.99,7.28,3.6,3.68,49.4,False,none,normal
2026-02-03 08:00:00,Building_D,103.6,4.94,18.96,8.41,10.55,44.4,False,none,normal
2026-02-03 09:00:00,Building_D,95.16,4.83,19.64,10.24,9.4,52.1,False,none,normal
2026-02-03 10:00:00,Building_D,97.41,5.43,19.18,8.94,10.24,46.6,False,none,normal
2026-02-03 11:00:00,Building_D,98.94,5.27,21.91,10.05,11.86,45.8,False,none,normal
2026-02-03 12:00:00,Building_D,102.49,4.4,21.58,9.2,12.38,42.6,False,none,normal
2026-02-03 13:00:00,Building_D,100.31,5.38,21.6,8.95,12.65,41.4,False,none,normal
2026-02-03 14:00:00,Building_D,96.73,5.24,21.36,10.49,10.87,49.1,False,none,normal
2026-02-03 15:00:00,Building_D,89.71,5.41,22.19,10.8,11.39,48.7,False,none,normal
2026-02-03 16:00:00,Building_D,99.43,5.16,22.29,10.92,11.37,49.0,False,none,normal
2026-02-03 17:00:00,Building_D,97.76,5.12,20.52,9.85,10.67,48.0,False,none,normal
2026-02-03 18:00:00,Building_D,91.46,5.17,21.94,11.43,10.51,52.1,False,none,normal
2026-02-03 19:00:00,Building_D,61.01,2.48,8.0,4.22,3.78,52.8,False,none,normal
2026-02-03 20:00:00,Building_D,60.67,3.01,7.02,3.18,3.84,45.3,False,none,normal
2026-02-03 21:00:00,Building_D,55.88,2.16,6.24,3.11,3.13,49.9,False,none,normal
2026-02-03 22:00:00,Building_D,58.81,2.58,8.25,3.48,4.77,42.1,False,none,normal
2026-02-03 23:00:00,Building_D,20.33,0.34,0.55,0.23,0.32,42.2,False,none,normal
2026-02-04 00:00:00,Building_D,18.54,0.29,1.76,0.86,0.9,49.0,False,none,normal
2026-02-04 01:00:00,Building_D,26.33,0.4,0.5,0.25,0.25,50.0,False,none,normal
2026-02-04 02:00:00,Building_D,21.54,0.22,0.5,0.23,0.27,45.6,False,none,normal
2026-02-04 03:00:00,Building_D,25.59,0.88,0.5,0.21,0.29,41.1,False,none,normal
2026-02-04 04:00:00,Building_D,25.95,0.46,0.5,0.18,0.32,35.6,False,none,normal
2026-02-04 05:00:00,Building_D,18.39,0.28,0.5,0.25,0.25,50.8,False,none,normal
2026-02-04 06:00:00,Building_D,53.96,2.5,10.67,5.17,5.5,48.5,False,none,normal
2026-02-04 07:00:00,Building_D,56.74,2.46,8.63,4.33,4.3,50.2,False,none,normal
2026-02-04 08:00:00,Building_D,94.51,4.84,19.73,9.25,10.48,46.9,False,none,normal
2026-02-04 09:00:00,Building_D,105.83,5.2,20.44,10.83,9.61,53.0,False,none,normal
2026-02-04 10:00:00,Building_D,99.27,4.41,22.53,10.67,11.86,47.4,False,none,normal
2026-02-04 11:00:00,Building_D,89.5,4.43,21.89,9.12,12.77,41.7,False,none,normal
2026-02-04 12:00:00,Building_D,103.92,5.02,21.39,10.05,11.34,47.0,False,none,normal
2026-02-04 13:00:00,Building_D,100.61,5.1,20.49,8.96,11.53,43.7,False,none,normal
2026-02-04 14:00:00,Building_D,99.95,4.35,21.65,10.56,11.09,48.8,False,none,normal
2026-02-04 15:00:00,Building_D,100.38,4.07,19.18,8.82,10.36,46.0,False,none,normal
2026-02-04 16:00:00,Building_D,101.21,4.66,23.59,11.07,12.52,46.9,False,none,normal
2026-02-04 17:00:00,Building_D,94.46,4.92,19.39,8.39,11.0,43.3,False,none,normal
2026-02-04 18:00:00,Building_D,102.56,5.17,21.15,11.23,9.92,53.1,False,none,normal
2026-02-04 19:00:00,Building_D,59.15,2.12,8.67,3.77,4.9,43.5,False,none,normal
2026-02-04 20:00:00,Building_D,55.29,2.48,7.65,3.12,4.53,40.8,False,none,normal
2026-02-04 21:00:00,Building_D,53.33,2.49,7.09,3.72,3.37,52.5,False,none,normal
2026-02-04 22:00:00,Building_D,62.4,2.1,7.89,4.29,3.6,54.3,False,none,normal
2026-02-04 23:00:00,Building_D,21.71,0.3,1.52,0.71,0.81,46.9,False,none,normal
2026-02-05 00:00:00,Building_D,27.33,0.23,0.5,0.26,0.24,51.2,False,none,normal
2026-02-05 01:00:00,Building_D,22.65,0.48,0.5,0.23,0.27,46.6,False,none,normal
2026-02-05 02:00:00,Building_D,25.7,0.2,1.33,0.65,0.68,49.1,False,none,normal
2026-02-05 03:00:00,Building_D,21.45,0.92,0.5,0.23,0.27,46.9,False,none,normal
2026-02-05 04:00:00,Building_D,21.4,0.47,1.41,0.59,0.82,42.1,False,none,normal
2026-02-05 05:00:00,Building_D,25.72,0.46,1.15,0.66,0.49,57.6,False,none,normal
2026-02-05 06:00:00,Building_D,55.16,2.06,8.06,3.98,4.08,49.4,False,none,normal
2026-02-05 07:00:00,Building_D,60.69,2.31,6.83,2.86,3.97,41.9,False,none,normal
2026-02-05 08:00:00,Building_D,93.05,4.84,20.4,11.48,8.92,56.3,False,none,normal
2026-02-05 09:00:00,Building_D,91.75,5.1,19.66,9.61,10.05,48.9,False,none,normal
2026-02-05 10:00:00,Building_D,96.31,5.35,21.77,10.35,11.42,47.5,False,none,normal
2026-02-05 11:00:00,Building_D,104.28,5.25,22.21,10.62,11.59,47.8,False,none,normal
2026-02-05 12:00:00,Building_D,102.33,4.72,19.49,11.05,8.44,56.7,False,none,normal
2026-02-05 13:00:00,Building_D,94.18,4.83,18.26,8.15,10.11,44.6,False,none,normal
2026-02-05 14:00:00,Building_D,94.54,4.75,20.9,10.48,10.42,50.2,False,none,normal
2026-02-05 15:00:00,Building_D,94.49,4.71,21.84,11.97,9.87,54.8,False,none,normal
2026-02-05 16:00:00,Building_D,103.54,4.41,21.96,12.17,9.79,55.4,False,none,normal
2026-02-05 17:00:00,Building_D,91.74,5.37,20.81,9.72,11.09,46.7,False,none,normal
2026-02-05 18:00:00,Building_D,98.94,5.14,21.92,11.49,10.43,52.4,False,none,normal
2026-02-05 19:00:00,Building_D,51.18,2.27,7.94,4.31,3.63,54.3,False,none,normal
2026-02-05 20:00:00,Building_D,46.3,2.28,5.99,2.55,3.44,42.5,False,none,normal
2026-02-05 21:00:00,Building_D,61.15,2.31,5.02,2.38,2.64,47.4,False,none,normal
2026-02-05 22:00:00,Building_D,65.35,1.86,8.46,4.59,3.87,54.3,False,none,normal
2026-02-05 23:00:00,Building_D,22.05,1.11,0.5,0.27,0.23,53.8,False,none,normal
2026-02-06 00:00:00,Building_D,27.09,0.43,0.5,0.22,0.28,44.0,False,none,normal
2026-02-06 01:00:00,Building_D,12.87,0.65,1.06,0.51,0.55,48.3,False,none,normal
2026-02-06 02:00:00,Building_D,21.76,0.92,0.85,0.39,0.46,45.8,False,none,normal
2026-02-06 03:00:00,Building_D,22.84,1.16,1.24,0.58,0.66,46.4,False,none,normal
2026-02-06 04:00:00,Building_D,22.07,0.6,0.5,0.23,0.27,46.0,False,none,normal
2026-02-06 05:00:00,Building_D,22.2,0.97,1.44,0.67,0.77,46.4,False,none,normal
2026-02-06 06:00:00,Building_D,60.68,2.5,8.24,4.04,4.2,49.0,False,none,normal
2026-02-06 07:00:00,Building_D,48.76,1.43,8.09,3.61,4.48,44.6,False,none,normal
2026-02-06 08:00:00,Building_D,91.96,4.7,21.64,10.7,10.94,49.4,False,none,normal
2026-02-06 09:00:00,Building_D,101.61,5.15,19.43,9.93,9.5,51.1,False,none,normal
2026-02-06 10:00:00,Building_D,100.86,4.95,20.61,10.55,10.06,51.2,False,none,normal
2026-02-06 11:00:00,Building_D,95.52,5.37,21.21,10.18,11.03,48.0,False,none,normal
2026-02-06 12:00:00,Building_D,104.65,4.53,19.98,9.05,10.93,45.3,False,none,normal
2026-02-06 13:00:00,Building_D,99.95,5.4,19.36,11.85,7.51,61.2,False,none,normal
2026-02-06 14:00:00,Building_D,95.87,5.11,20.54,9.9,10.64,48.2,False,none,normal
2026-02-06 15:00:00,Building_D,95.35,5.36,19.51,7.98,11.53,40.9,False,none,normal
2026-02-06 16:00:00,Building_D,94.03,5.49,22.04,8.81,13.23,40.0,False,none,normal
2026-02-06 17:00:00,Building_D,101.78,4.29,20.5,8.85,11.65,43.2,False,none,normal
2026-02-06 18:00:00,Building_D,102.08,5.18,21.71,10.16,11.55,46.8,False,none,normal
2026-02-06 19:00:00,Building_D,56.44,1.97,6.59,3.41,3.18,51.8,False,none,normal
2026-02-06 20:00:00,Building_D,58.67,2.53,9.34,4.0,5.34,42.8,False,none,normal
2026-02-06 21:00:00,Building_D,60.09,2.08,9.6,4.82,4.78,50.2,False,none,normal
2026-02-06 22:00:00,Building_D,61.06,2.25,10.44,5.85,4.59,56.0,False,none,normal
2026-02-06 23:00:00,Building_D,23.97,0.85,0.5,0.21,0.29,42.9,False,none,normal
2026-02-07 00:00:00,Building_D,25.43,0.2,2.06,1.08,0.98,52.2,False,none,normal
2026-02-07 01:00:00,Building_D,23.19,0.5,1.68,0.82,0.86,49.1,False,none,normal
2026-02-07 02:00:00,Building_D,20.63,0.2,1.64,0.81,0.83,49.5,False,none,normal
2026-02-07 03:00:00,Building_D,33.27,0.41,0.85,0.42,0.43,49.3,False,none,normal
2026-02-07 04:00:00,Building_D,24.85,0.2,0.5,0.26,0.24,51.3,False,none,normal
2026-02-07 05:00:00,Building_D,20.92,0.72,0.6,0.3,0.3,49.6,False,none,normal
2026-02-07 06:00:00,Building_D,26.85,0.36,0.5,0.23,0.27,46.9,False,none,normal
2026-02-07 07:00:00,Building_D,18.94,0.2,0.5,0.24,0.26,48.8,False,none,normal
2026-02-07 08:00:00,Building_D,26.33,0.2,0.6,0.32,0.28,52.5,False,none,normal
2026-02-07 09:00:00,Building_D,19.95,0.63,2.41,0.98,1.43,40.6,False,none,normal
2026-02-07 10:00:00,Building_D,32.87,1.29,3.0,1.61,1.39,53.5,False,none,normal
2026-02-07 11:00:00,Building_D,34.32,1.5,4.12,2.28,1.84,55.4,False,none,normal
2026-02-07 12:00:00,Building_D,32.98,0.4,2.67,1.39,1.28,52.1,False,none,normal
2026-02-07 13:00:00,Building_D,35.78,0.77,5.59,2.6,2.99,46.6,False,none,normal
2026-02-07 14:00:00,Building_D,33.63,1.03,1.83,0.87,0.96,47.6,False,none,normal
2026-02-07 15:00:00,Building_D,41.3,0.56,4.17,1.81,2.36,43.4,False,none,normal
2026-02-07 16:00:00,Building_D,28.05,0.39,4.55,2.03,2.52,44.5,False,none,normal
2026-02-07 17:00:00,Building_D,36.85,0.69,3.58,1.78,1.8,49.6,False,none,normal
2026-02-07 18:00:00,Building_D,25.31,0.95,3.84,2.02,1.82,52.6,False,none,normal
2026-02-07 19:00:00,Building_D,18.41,0.2,1.28,0.69,0.59,53.6,False,none,normal
2026-02-07 20:00:00,Building_D,19.88,0.2,0.5,0.22,0.28,43.9,False,none,normal
2026-02-07 21:00:00,Building_D,23.84,0.2,1.66,0.81,0.85,48.9,False,none,normal
2026-02-07 22:00:00,Building_D,26.26,0.2,0.5,0.27,0.23,53.2,False,none,normal
2026-02-07 23:00:00,Building_D,19.37,0.2,0.5,0.24,0.26,49.0,False,none,normal
2026-02-08 00:00:00,Building_D,21.61,0.6,0.89,0.44,0.45,49.1,False,none,normal
2026-02-08 01:00:00,Building_D,27.64,0.44,0.5,0.26,0.24,51.2,False,none,normal
2026-02-08 02:00:00,Building_D,24.46,0.2,0.5,0.25,0.25,49.8,False,none,normal
2026-02-08 03:00:00,Building_D,19.9,0.25,0.5,0.18,0.32,36.5,False,none,normal
2026-02-08 04:00:00,Building_D,20.75,0.48,0.5,0.27,0.23,53.5,False,none,normal
2026-02-08 05:00:00,Building_D,18.06,0.76,0.99,0.56,0.43,56.7,False,none,normal
2026-02-08 06:00:00,Building_D,24.41,0.2,1.75,0.96,0.79,54.8,False,none,normal
2026-02-08 07:00:00,Building_D,15.16,0.66,1.52,0.72,0.8,47.1,False,none,normal
2026-02-08 08:00:00,Building_D,12.56,0.34,0.5,0.27,0.23,54.1,False,none,normal
2026-02-08 09:00:00,Building_D,21.89,0.3,0.5,0.25,0.25,49.3,False,none,normal
2026-02-08 10:00:00,Building_D,32.01,0.6,3.74,1.71,2.03,45.8,False,none,normal
2026-02-08 11:00:00,Building_D,21.41,1.11,4.11,2.01,2.1,48.8,False,none,normal
2026-02-08 12:00:00,Building_D,30.01,0.85,4.41,2.01,2.4,45.5,False,none,normal
2026-02-08 13:00:00,Building_D,35.22,0.36,3.62,1.74,1.88,48.1,False,none,normal
2026-02-08 14:00:00,Building_D,35.79,0.56,2.45,1.04,1.41,42.4,False,none,normal
2026-02-08 15:00:00,Building_D,29.51,0.97,1.27,0.59,0.68,46.2,False,none,normal
2026-02-08 16:00:00,Building_D,34.22,0.84,3.51,1.47,2.04,42.0,False,none,normal
2026-02-08 17:00:00,Building_D,31.38,0.89,3.23,1.57,1.66,48.6,False,none,normal
2026-02-08 18:00:00,Building_D,30.54,0.72,2.17,1.13,1.04,51.9,False,none,normal
2026-02-08 19:00:00,Building_D,17.34,0.5,2.66,1.39,1.27,52.4,False,none,normal
2026-02-08 20:00:00,Building_D,24.28,0.53,0.5,0.22,0.28,44.4,False,none,normal
2026-02-08 21:00:00,Building_D,21.23,0.64,0.96,0.49,0.47,51.2,False,none,normal
2026-02-08 22:00:00,Building_D,27.13,0.38,0.72,0.29,0.43,40.4,False,none,normal
2026-02-08 23:00:00,Building_D,31.27,0.3,1.27,0.59,0.68,46.3,False,none,normal
2026-02-09 00:00:00,Building_D,20.5,0.36,0.5,0.19,0.31,38.1,False,none,normal
2026-02-09 01:00:00,Building_D,26.89,0.63,0.5,0.25,0.25,49.8,False,none,normal
2026-02-09 02:00:00,Building_D,25.54,0.2,0.98,0.51,0.47,52.0,False,none,normal
2026-02-09 03:00:00,Building_D,16.49,0.63,0.93,0.52,0.41,55.5,False,none,normal
2026-02-09 04:00:00,Building_D,24.47,0.3,0.5,0.28,0.22,56.1,False,none,normal
2026-02-09 05:00:00,Building_D,20.83,0.65,0.5,0.26,0.24,52.3,False,none,normal
2026-02-09 06:00:00,Building_D,61.73,2.49,7.33,3.39,3.94,46.3,False,none,normal
2026-02-09 07:00:00,Building_D,50.3,2.53,7.92,3.54,4.38,44.7,False,none,normal
2026-02-09 08:00:00,Building_D,91.18,5.06,20.93,10.38,10.55,49.6,False,none,normal
2026-02-09 09:00:00,Building_D,94.56,5.13,20.32,10.46,9.86,51.5,False,none,normal
2026-02-09 10:00:00,Building_D,94.62,5.39,22.35,10.83,11.52,48.5,False,none,normal
2026-02-09 11:00:00,Building_D,100.13,5.26,19.3,8.89,10.41,46.1,False,none,normal
2026-02-09 12:00:00,Building_D,99.26,5.7,19.1,10.42,8.68,54.6,False,none,normal
2026-02-09 13:00:00,Building_D,97.75,4.98,22.0,12.34,9.66,56.1,False,none,normal
2026-02-09 14:00:00,Building_D,100.21,5.39,19.43,8.91,10.52,45.9,False,none,normal
2026-02-09 15:00:00,Building_D,93.11,4.81,21.21,10.36,10.85,48.8,False,none,normal
2026-02-09 16:00:00,Building_D,105.43,5.71,20.37,9.22,11.15,45.3,False,none,normal
2026-02-09 17:00:00,Building_D,103.16,5.43,21.06,10.7,10.36,50.8,False,none,normal
2026-02-09 18:00:00,Building_D,100.72,4.64,19.07,9.11,9.96,47.8,False,none,normal
2026-02-09 19:00:00,Building_D,56.4,2.59,7.67,3.16,4.51,41.2,False,none,normal
2026-02-09 20:00:00,Building_D,48.76,2.75,7.03,3.31,3.72,47.1,False,none,normal
2026-02-09 21:00:00,Building_D,54.97,2.17,6.7,3.49,3.21,52.1,False,none,normal
2026-02-09 22:00:00,Building_D,56.25,2.72,8.75,4.31,4.44,49.3,False,none,normal
2026-02-09 23:00:00,Building_D,25.45,0.45,2.13,1.09,1.04,51.3,False,none,normal
2026-02-10 00:00:00,Building_D,26.07,0.2,0.8,0.33,0.47,40.7,False,none,normal
2026-02-10 01:00:00,Building_D,27.85,0.22,0.5,0.21,0.29,42.5,False,none,normal
2026-02-10 02:00:00,Building_D,22.1,0.35,2.68,1.38,1.3,51.4,False,none,normal
2026-02-10 03:00:00,Building_D,20.19,0.2,0.5,0.22,0.28,43.9,False,none,normal
2026-02-10 04:00:00,Building_D,16.92,0.56,0.5,0.24,0.26,48.1,False,none,normal
2026-02-10 05:00:00,Building_D,18.45,0.49,0.5,0.24,0.26,47.6,False,none,normal
2026-02-10 06:00:00,Building_D,60.53,2.37,8.36,3.35,5.01,40.1,False,none,normal
2026-02-10 07:00:00,Building_D,48.98,2.61,9.08,4.27,4.81,47.0,False,none,normal
2026-02-10 08:00:00,Building_D,107.1,4.48,19.72,9.58,10.14,48.6,False,none,normal
2026-02-10 09:00:00,Building_D,100.38,4.78,19.26,9.72,9.54,50.5,False,none,normal
2026-02-10 10:00:00,Building_D,99.05,4.87,21.13,10.03,11.1,47.5,False,none,normal
2026-02-10 11:00:00,Building_D,97.96,4.93,19.55,8.66,10.89,44.3,False,none,normal
2026-02-10 12:00:00,Building_D,96.42,5.0,18.29,9.47,8.82,51.8,False,none,normal
2026-02-10 13:00:00,Building_D,98.59,4.61,22.48,10.83,11.65,48.2,False,none,normal
2026-02-10 14:00:00,Building_D,93.18,5.54,22.16,9.83,12.33,44.4,False,none,normal
2026-02-10 15:00:00,Building_D,97.23,4.83,18.27,9.01,9.26,49.3,False,none,normal
2026-02-10 16:00:00,Building_D,101.9,5.22,20.57,10.65,9.92,51.8,False,none,normal
2026-02-10 17:00:00,Building_D,93.98,5.62,19.61,8.89,10.72,45.4,False,none,normal
2026-02-10 18:00:00,Building_D,96.22,4.76,20.3,9.56,10.74,47.1,False,none,normal
2026-02-10 19:00:00,Building_D,57.72,2.21,8.02,3.5,4.52,43.6,False,none,normal
2026-02-10 20:00:00,Building_D,60.14,2.75,7.82,3.55,4.27,45.4,False,none,normal
2026-02-10 21:00:00,Building_D,58.45,2.18,7.86,3.73,4.13,47.4,False,none,normal
2026-02-10 22:00:00,Building_D,67.72,2.06,4.62,2.1,2.52,45.4,False,none,normal
2026-02-10 23:00:00,Building_D,15.38,0.2,0.5,0.22,0.28,44.4,False,none,normal
2026-02-11 00:00:00,Building_D,17.99,0.78,0.5,0.26,0.24,52.3,False,none,normal
2026-02-11 01:00:00,Building_D,22.41,0.77,0.5,0.27,0.23,54.4,False,none,normal
2026-02-11 02:00:00,Building_D,24.13,0.2,1.23,0.59,0.64,48.1,False,none,normal
2026-02-11 03:00:00,Building_D,21.44,0.47,1.39,0.55,0.84,39.5,False,none,normal
2026-02-11 04:00:00,Building_D,20.84,0.68,0.79,0.34,0.45,43.5,False,none,normal
2026-02-11 05:00:00,Building_D,12.78,1.04,0.5,0.27,0.23,54.1,False,none,normal
2026-02-11 06:00:00,Building_D,60.39,2.22,4.82,2.22,2.6,46.2,False,none,normal
2026-02-11 07:00:00,Building_D,57.06,2.65,6.49,3.16,3.33,48.7,False,none,normal
2026-02-11 08:00:00,Building_D,99.23,5.33,20.17,10.04,10.13,49.8,False,none,normal
2026-02-11 09:00:00,Building_D,99.67,5.29,19.55,6.98,12.57,35.7,False,none,normal
2026-02-11 10:00:00,Building_D,97.57,4.91,19.15,8.04,11.11,42.0,False,none,normal
2026-02-11 11:00:00,Building_D,96.22,4.95,20.65,8.02,12.63,38.9,False,none,normal
2026-02-11 12:00:00,Building_D,91.51,5.38,20.31,9.75,10.56,48.0,False,none,normal
2026-02-11 13:00:00,Building_D,93.19,4.99,20.08,9.14,10.94,45.5,False,none,normal
2026-02-11 14:00:00,Building_D,92.67,4.68,22.9,10.67,12.23,46.6,False,none,normal
2026-02-11 15:00:00,Building_D,101.68,4.92,20.16,9.16,11.0,45.5,False,none,normal
2026-02-11 16:00:00,Building_D,103.9,5.12,19.59,9.09,10.5,46.4,False,none,normal
2026-02-11 17:00:00,Building_D,102.82,3.99,20.91,10.49,10.42,50.2,False,none,normal
2026-02-11 18:00:00,Building_D,95.52,5.04,21.14,9.11,12.03,43.1,False,none,normal
2026-02-11 19:00:00,Building_D,60.57,2.6,7.64,3.7,3.94,48.4,False,none,normal
2026-02-11 20:00:00,Building_D,60.03,3.3,8.55,4.38,4.17,51.2,False,none,normal
2026-02-11 21:00:00,Building_D,57.98,3.16,6.06,2.49,3.57,41.1,False,none,normal
2026-02-11 22:00:00,Building_D,57.82,2.72,4.73,2.27,2.46,48.0,False,none,normal
2026-02-11 23:00:00,Building_D,21.52,0.7,1.0,0.41,0.59,40.8,False,none,normal
2026-02-12 00:00:00,Building_D,17.93,0.2,1.38,0.68,0.7,49.5,False,none,normal
2026-02-12 01:00:00,Building_D,19.76,0.49,0.5,0.28,0.22,56.2,False,none,normal
2026-02-12 02:00:00,Building_D,24.54,0.72,2.14,1.11,1.03,52.1,False,none,normal
2026-02-12 03:00:00,Building_D,22.37,0.38,2.03,0.98,1.05,48.1,False,none,normal
2026-02-12 04:00:00,Building_D,19.25,1.13,0.5,0.21,0.29,41.1,False,none,normal
2026-02-12 05:00:00,Building_D,26.22,0.2,1.01,0.56,0.45,55.3,False,none,normal
2026-02-12 06:00:00,Building_D,51.71,2.48,9.6,4.87,4.73,50.7,False,none,normal
2026-02-12 07:00:00,Building_D,56.49,3.33,7.71,3.82,3.89,49.6,False,none,normal
2026-02-12 08:00:00,Building_D,105.12,5.33,22.12,9.82,12.3,44.4,False,none,normal
2026-02-12 09:00:00,Building_D,103.43,5.05,19.64,9.6,10.04,48.9,False,none,normal
2026-02-12 10:00:00,Building_D,99.28,5.64,20.99,9.42,11.57,44.9,False,none,normal
2026-02-12 11:00:00,Building_D,94.47,4.97,18.92,8.54,10.38,45.1,False,none,normal
2026-02-12 12:00:00,Building_D,97.54,4.84,21.41,9.64,11.77,45.0,False,none,normal
2026-02-12 13:00:00,Building_D,88.64,4.4,20.51,9.36,11.15,45.7,False,none,normal
2026-02-12 14:00:00,Building_D,93.57,5.67,21.53,10.28,11.25,47.8,False,none,normal
2026-02-12 15:00:00,Building_D,99.45,4.89,19.03,9.92,9.11,52.1,False,none,normal
2026-02-12 16:00:00,Building_D,101.93,4.3,20.81,10.27,10.54,49.3,False,none,normal
2026-02-12 17:00:00,Building_D,97.23,5.72,22.92,10.66,12.26,46.5,False,none,normal
2026-02-12 18:00:00,Building_D,97.63,4.87,19.8,8.77,11.03,44.3,False,none,normal
2026-02-12 19:00:00,Building_D,59.23,3.18,9.68,4.95,4.73,51.2,False,none,normal
2026-02-12 20:00:00,Building_D,47.58,1.84,9.1,4.96,4.14,54.5,False,none,normal
2026-02-12 21:00:00,Building_D,59.42,2.39,9.45,4.82,4.63,51.0,False,none,normal
2026-02-12 22:00:00,Building_D,61.76,1.84,8.23,4.53,3.7,55.1,False,none,normal
2026-02-12 23:00:00,Building_D,24.36,0.77,0.53,0.26,0.27,48.4,False,none,normal
2026-02-13 00:00:00,Building_D,27.86,0.21,0.5,0.23,0.27,46.1,False,none,normal
2026-02-13 01:00:00,Building_D,22.34,0.2,1.37,0.65,0.72,47.3,False,none,normal
2026-02-13 02:00:00,Building_D,25.66,0.2,1.52,0.81,0.71,53.3,False,none,normal
2026-02-13 03:00:00,Building_D,24.0,0.45,1.53,0.81,0.72,53.1,False,none,normal
2026-02-13 04:00:00,Building_D,24.34,0.65,2.48,1.27,1.21,51.0,False,none,normal
2026-02-13 05:00:00,Building_D,19.05,0.88,0.5,0.24,0.26,48.1,False,none,normal
2026-02-13 06:00:00,Building_D,57.63,2.83,9.92,4.77,5.15,48.1,False,none,normal
2026-02-13 07:00:00,Building_D,64.13,2.55,9.51,4.64,4.87,48.8,False,none,normal
2026-02-13 08:00:00,Building_D,96.55,5.66,19.83,9.0,10.83,45.4,False,none,normal
2026-02-13 09:00:00,Building_D,93.5,5.43,22.34,11.06,11.28,49.5,False,none,normal
2026-02-13 10:00:00,Building_D,94.58,4.98,20.17,8.85,11.32,43.9,False,none,normal
2026-02-13 11:00:00,Building_D,96.56,5.16,19.81,9.74,10.07,49.2,False,none,normal
2026-02-13 12:00:00,Building_D,91.41,5.57,20.07,10.33,9.74,51.5,False,none,normal
2026-02-13 13:00:00,Building_D,99.27,5.13,19.18,8.62,10.56,45.0,False,none,normal
2026-02-13 14:00:00,Building_D,95.57,5.0,22.13,11.01,11.12,49.7,False,none,normal
2026-02-13 15:00:00,Building_D,94.92,5.02,20.44,9.52,10.92,46.6,False,none,normal
2026-02-13 16:00:00,Building_D,98.46,5.25,19.67,9.17,10.5,46.6,False,none,normal
2026-02-13 17:00:00,Building_D,102.45,5.15,22.07,11.86,10.21,53.7,False,none,normal
2026-02-13 18:00:00,Building_D,93.08,5.09,19.93,8.61,11.32,43.2,False,none,normal
2026-02-13 19:00:00,Building_D,54.05,2.39,7.47,3.4,4.07,45.6,False,none,normal
2026-02-13 20:00:00,Building_D,57.15,3.35,5.75,3.02,2.73,52.5,False,none,normal
2026-02-13 21:00:00,Building_D,57.13,2.34,5.4,2.76,2.64,51.1,False,none,normal
2026-02-13 22:00:00,Building_D,51.44,2.78,9.91,4.25,5.66,42.9,False,none,normal
2026-02-13 23:00:00,Building_D,26.92,0.45,0.5,0.22,0.28,43.2,False,none,normal
2026-02-14 00:00:00,Building_D,22.96,0.58,0.5,0.24,0.26,48.1,False,none,normal
2026-02-14 01:00:00,Building_D,25.54,0.79,0.5,0.25,0.25,49.8,False,none,normal
2026-02-14 02:00:00,Building_D,26.54,0.74,1.56,0.76,0.8,48.5,False,none,normal
2026-02-14 03:00:00,Building_D,21.87,0.54,0.5,0.26,0.24,52.4,False,none,normal
2026-02-14 04:00:00,Building_D,16.12,0.26,0.5,0.25,0.25,49.9,False,none,normal
2026-02-14 05:00:00,Building_D,24.88,0.96,0.58,0.26,0.32,45.1,False,none,normal
2026-02-14 06:00:00,Building_D,21.67,0.33,1.11,0.49,0.62,43.7,False,none,normal
2026-02-14 07:00:00,Building_D,21.54,1.01,0.7,0.31,0.39,43.8,False,none,normal
2026-02-14 08:00:00,Building_D,20.89,0.2,0.5,0.27,0.23,54.6,False,none,normal
2026-02-14 09:00:00,Building_D,17.5,0.2,0.5,0.26,0.24,51.7,False,none,normal
2026-02-14 10:00:00,Building_D,38.6,1.04,1.88,0.9,0.98,47.9,False,none,normal
2026-02-14 11:00:00,Building_D,38.94,0.77,3.59,1.76,1.83,49.0,False,none,normal
2026-02-14 12:00:00,Building_D,25.6,1.23,4.45,1.78,2.67,40.0,False,none,normal
2026-02-14 13:00:00,Building_D,26.46,0.54,4.32,1.94,2.38,45.0,False,none,normal
2026-02-14 14:00:00,Building_D,33.39,0.82,3.51,1.75,1.76,50.0,False,none,normal
2026-02-14 15:00:00,Building_D,32.87,0.87,3.82,1.87,1.95,48.9,False,none,normal
2026-02-14 16:00:00,Building_D,30.94,0.73,5.68,2.63,3.05,46.2,False,none,normal
2026-02-14 17:00:00,Building_D,37.25,0.64,4.39,2.42,1.97,55.1,False,none,normal
2026-02-14 18:00:00,Building_D,30.43,0.65,2.91,1.39,1.52,47.9,False,none,normal
2026-02-14 19:00:00,Building_D,23.53,0.43,0.5,0.28,0.22,55.8,False,none,normal
2026-02-14 20:00:00,Building_D,21.44,0.22,1.49,0.77,0.72,51.4,False,none,normal
2026-02-14 21:00:00,Building_D,27.9,1.11,0.9,0.42,0.48,46.8,False,none,normal
2026-02-14 22:00:00,Building_D,14.64,0.2,0.74,0.32,0.42,43.3,False,none,normal
2026-02-14 23:00:00,Building_D,15.91,0.46,1.42,0.67,0.75,47.0,False,none,normal
2026-02-15 00:00:00,Building_D,25.83,0.66,1.87,1.06,0.81,56.7,False,none,normal
2026-02-15 01:00:00,Building_D,32.7,0.7,0.5,0.24,0.26,48.2,False,none,normal
2026-02-15 02:00:00,Building_D,28.54,0.2,2.23,1.06,1.17,47.3,False,none,normal
2026-02-15 03:00:00,Building_D,23.16,0.2,0.5,0.23,0.27,46.9,False,none,normal
2026-02-15 04:00:00,Building_D,27.46,0.2,2.42,1.11,1.31,45.7,False,none,normal
2026-02-15 05:00:00,Building_D,17.97,0.53,1.3,0.63,0.67,48.8,False,none,normal
2026-02-15 06:00:00,Building_D,22.85,1.0,0.6,0.28,0.32,46.1,False,none,normal
2026-02-15 07:00:00,Building_D,17.71,0.89,0.5,0.23,0.27,46.7,False,none,normal
2026-02-15 08:00:00,Building_D,26.45,1.16,0.79,0.37,0.42,47.5,False,none,normal
2026-02-15 09:00:00,Building_D,22.22,0.28,0.5,0.23,0.27,46.6,False,none,normal
2026-02-15 10:00:00,Building_D,35.42,0.85,5.05,2.4,2.65,47.5,False,none,normal
2026-02-15 11:00:00,Building_D,30.31,1.33,3.45,1.64,1.81,47.5,False,none,normal
2026-02-15 12:00:00,Building_D,31.91,1.39,3.79,2.01,1.78,53.0,False,none,normal
2026-02-15 13:00:00,Building_D,30.84,1.26,3.71,1.91,1.8,51.5,False,none,normal
2026-02-15 14:00:00,Building_D,35.65,0.55,3.51,1.82,1.69,51.8,False,none,normal
2026-02-15 15:00:00,Building_D,36.25,1.32,3.55,1.92,1.63,54.2,False,none,normal
2026-02-15 16:00:00,Building_D,29.15,0.36,3.09,1.63,1.46,52.8,False,none,normal
2026-02-15 17:00:00,Building_D,27.44,0.37,1.36,0.69,0.67,50.9,False,none,normal
2026-02-15 18:00:00,Building_D,25.99,1.07,3.03,1.36,1.67,44.9,False,none,normal
2026-02-15 19:00:00,Building_D,18.25,0.51,0.5,0.24,0.26,48.0,False,none,normal
2026-02-15 20:00:00,Building_D,23.85,0.65,1.61,0.78,0.83,48.7,False,none,normal
2026-02-15 21:00:00,Building_D,18.05,0.6,1.28,0.61,0.67,47.3,False,none,normal
2026-02-15 22:00:00,Building_D,21.09,1.31,0.5,0.25,0.25,50.0,False,none,normal
2026-02-15 23:00:00,Building_D,26.43,0.32,0.5,0.23,0.27,46.4,False,none,normal
2026-02-16 00:00:00,Building_D,22.25,0.75,0.5,0.3,0.2,60.4,False,none,normal
2026-02-16 01:00:00,Building_D,20.44,0.92,1.14,0.55,0.59,48.4,False,none,normal
2026-02-16 02:00:00,Building_D,28.13,0.2,1.0,0.45,0.55,45.1,False,none,normal
2026-02-16 03:00:00,Building_D,20.5,0.27,0.5,0.21,0.29,41.4,False,none,normal
2026-02-16 04:00:00,Building_D,23.8,0.42,0.5,0.26,0.24,51.0,False,none,normal
2026-02-16 05:00:00,Building_D,24.05,0.35,4.15,2.16,1.99,52.1,False,none,normal
2026-02-16 06:00:00,Building_D,66.98,2.35,8.12,3.5,4.62,43.0,False,none,normal
2026-02-16 07:00:00,Building_D,55.88,2.29,11.42,5.17,6.25,45.2,False,none,normal
2026-02-16 08:00:00,Building_D,97.58,4.48,21.18,9.4,11.78,44.4,False,none,normal
2026-02-16 09:00:00,Building_D,102.19,4.36,20.39,8.28,12.11,40.6,False,none,normal
2026-02-16 10:00:00,Building_D,96.56,4.89,19.82,9.12,10.7,46.0,False,none,normal
2026-02-16 11:00:00,Building_D,102.4,5.75,20.94,9.33,11.61,44.6,False,none,normal
2026-02-16 12:00:00,Building_D,98.78,4.86,21.6,10.62,10.98,49.2,False,none,normal
2026-02-16 13:00:00,Building_D,92.21,5.37,21.7,11.71,9.99,54.0,False,none,normal
2026-02-16 14:00:00,Building_D,96.45,5.09,19.11,9.13,9.98,47.8,False,none,normal
2026-02-16 15:00:00,Building_D,100.11,4.76,20.95,10.2,10.75,48.7,False,none,normal
2026-02-16 16:00:00,Building_D,96.72,5.48,20.25,9.83,10.42,48.5,False,none,normal
2026-02-16 17:00:00,Building_D,92.65,5.17,19.96,10.35,9.61,51.8,False,none,normal
2026-02-16 18:00:00,Building_D,93.28,5.14,17.92,9.04,8.88,50.5,False,none,normal
2026-02-16 19:00:00,Building_D,56.51,2.63,7.1,3.14,3.96,44.2,False,none,normal
2026-02-16 20:00:00,Building_D,55.47,2.56,8.51,4.19,4.32,49.2,False,none,normal
2026-02-16 21:00:00,Building_D,53.46,3.14,8.22,3.74,4.48,45.5,False,none,normal
2026-02-16 22:00:00,Building_D,58.9,2.58,7.61,3.56,4.05,46.8,False,none,normal
2026-02-16 23:00:00,Building_D,26.19,1.04,0.5,0.26,0.24,52.9,False,none,normal
2026-02-17 00:00:00,Building_D,22.33,0.52,2.11,0.79,1.32,37.4,False,none,normal
2026-02-17 01:00:00,Building_D,25.51,0.89,0.5,0.21,0.29,42.4,False,none,normal
2026-02-17 02:00:00,Building_D,28.81,0.2,0.99,0.52,0.47,52.1,False,none,normal
2026-02-17 03:00:00,Building_D,23.83,0.64,0.5,0.25,0.25,49.9,False,none,normal
2026-02-17 04:00:00,Building_D,19.41,0.24,0.53,0.22,0.31,41.8,False,none,normal
2026-02-17 05:00:00,Building_D,24.55,0.2,0.92,0.46,0.46,49.8,False,none,normal
2026-02-17 06:00:00,Building_D,54.03,2.06,7.33,3.71,3.62,50.6,False,none,normal
2026-02-17 07:00:00,Building_D,58.59,2.1,7.95,3.9,4.05,49.0,False,none,normal
2026-02-17 08:00:00,Building_D,99.4,4.64,20.72,10.71,10.01,51.7,False,none,normal
2026-02-17 09:00:00,Building_D,100.67,5.13,22.51,10.96,11.55,48.7,False,none,normal
2026-02-17 10:00:00,Building_D,95.15,4.69,20.75,8.77,11.98,42.2,False,none,normal
2026-02-17 11:00:00,Building_D,97.28,5.15,21.94,9.18,12.76,41.8,False,none,normal
2026-02-17 12:00:00,Building_D,98.92,4.96,20.58,9.99,10.59,48.6,False,none,normal
2026-02-17 13:00:00,Building_D,98.39,5.47,22.03,12.46,9.57,56.6,False,none,normal
2026-02-17 14:00:00,Building_D,98.48,4.84,19.37,8.9,10.47,45.9,False,none,normal
2026-02-17 15:00:00,Building_D,101.38,5.29,21.35,9.68,11.67,45.3,False,none,normal
2026-02-17 16:00:00,Building_D,95.88,5.67,19.54,10.49,9.05,53.7,False,none,normal
2026-02-17 17:00:00,Building_D,100.14,4.73,19.11,8.65,10.46,45.2,False,none,normal
2026-02-17 18:00:00,Building_D,100.19,4.67,22.4,10.57,11.83,47.2,False,none,normal
2026-02-17 19:00:00,Building_D,60.01,2.71,9.77,4.52,5.25,46.2,False,none,normal
2026-02-17 20:00:00,Building_D,57.63,2.0,7.95,4.18,3.77,52.6,False,none,normal
2026-02-17 21:00:00,Building_D,58.08,3.3,8.45,3.87,4.58,45.8,False,none,normal
2026-02-17 22:00:00,Building_D,59.03,1.98,6.86,2.96,3.9,43.1,False,none,normal
2026-02-17 23:00:00,Building_D,22.31,0.42,1.94,0.92,1.02,47.6,False,none,normal
2026-02-18 00:00:00,Building_D,18.24,0.99,0.5,0.24,0.26,48.2,False,none,normal
2026-02-18 01:00:00,Building_D,23.12,0.44,1.09,0.53,0.56,48.4,False,none,normal
2026-02-18 02:00:00,Building_D,24.25,0.23,0.5,0.24,0.26,47.8,False,none,normal
2026-02-18 03:00:00,Building_D,18.14,0.2,1.88,1.02,0.86,54.2,False,none,normal
2026-02-18 04:00:00,Building_D,26.82,0.78,0.56,0.29,0.27,52.1,False,none,normal
2026-02-18 05:00:00,Building_D,23.67,1.12,0.5,0.25,0.25,50.7,False,none,normal
2026-02-18 06:00:00,Building_D,52.15,2.73,5.76,2.49,3.27,43.1,False,none,normal
2026-02-18 07:00:00,Building_D,52.07,2.58,8.25,4.77,3.48,57.8,False,none,normal
2026-02-18 08:00:00,Building_D,98.16,5.26,20.73,10.52,10.21,50.8,False,none,normal
2026-02-18 09:00:00,Building_D,99.09,5.37,19.27,7.36,11.91,38.2,False,none,normal
2026-02-18 10:00:00,Building_D,100.19,4.36,22.11,10.13,11.98,45.8,False,none,normal
2026-02-18 11:00:00,Building_D,94.37,5.93,20.51,9.67,10.84,47.2,False,none,normal
2026-02-18 12:00:00,Building_D,101.51,5.27,21.9,9.34,12.56,42.7,False,none,normal
2026-02-18 13:00:00,Building_D,100.66,4.88,19.43,9.36,10.07,48.2,False,none,normal
2026-02-18 14:00:00,Building_D,91.28,5.31,20.19,9.31,10.88,46.1,False,none,normal
2026-02-18 15:00:00,Building_D,97.97,4.93,21.9,9.55,12.35,43.6,False,none,normal
2026-02-18 16:00:00,Building_D,96.99,4.91,19.26,9.37,9.89,48.6,False,none,normal
2026-02-18 17:00:00,Building_D,95.62,4.5,21.17,11.47,9.7,54.2,False,none,normal
2026-02-18 18:00:00,Building_D,98.71,4.95,20.39,9.37,11.02,45.9,False,none,normal
2026-02-18 19:00:00,Building_D,61.89,2.53,5.21,2.75,2.46,52.8,False,none,normal
2026-02-18 20:00:00,Building_D,61.02,2.7,4.52,2.17,2.35,48.0,False,none,normal
2026-02-18 21:00:00,Building_D,60.78,2.63,8.07,4.16,3.91,51.6,False,none,normal
2026-02-18 22:00:00,Building_D,57.76,2.91,8.02,3.88,4.14,48.3,False,none,normal
2026-02-18 23:00:00,Building_D,25.82,0.3,0.5,0.24,0.26,48.0,False,none,normal
2026-02-19 00:00:00,Building_D,24.61,0.76,1.61,0.77,0.84,47.7,False,none,normal
2026-02-19 01:00:00,Building_D,21.56,0.23,0.79,0.33,0.46,41.4,False,none,normal
2026-02-19 02:00:00,Building_D,22.34,1.44,0.5,0.24,0.26,48.6,False,none,normal
2026-02-19 03:00:00,Building_D,23.76,0.62,0.5,0.25,0.25,50.1,False,none,normal
2026-02-19 04:00:00,Building_D,20.11,0.2,1.63,0.83,0.8,50.7,False,none,normal
2026-02-19 05:00:00,Building_D,18.38,0.25,0.5,0.21,0.29,41.4,False,none,normal
2026-02-19 06:00:00,Building_D,60.26,2.77,7.42,3.55,3.87,47.9,False,none,normal
2026-02-19 07:00:00,Building_D,57.66,2.58,6.21,3.1,3.11,50.0,False,none,normal
2026-02-19 08:00:00,Building_D,93.82,5.23,19.26,8.24,11.02,42.8,False,none,normal
2026-02-19 09:00:00,Building_D,98.41,4.97,20.66,9.18,11.48,44.4,False,none,normal
2026-02-19 10:00:00,Building_D,99.33,5.09,21.93,10.69,11.24,48.7,False,none,normal
2026-02-19 11:00:00,Building_D,96.12,4.52,18.7,9.22,9.48,49.3,False,none,normal
2026-02-19 12:00:00,Building_D,101.69,4.68,20.84,9.86,10.98,47.3,False,none,normal
2026-02-19 13:00:00,Building_D,101.39,5.29,17.82,9.29,8.53,52.1,False,none,normal
2026-02-19 14:00:00,Building_D,99.53,4.8,19.93,9.59,10.34,48.1,False,none,normal
2026-02-19 15:00:00,Building_D,96.51,4.66,19.69,8.63,11.06,43.8,False,none,normal
2026-02-19 16:00:00,Building_D,103.91,5.01,23.24,11.5,11.74,49.5,False,none,normal
2026-02-19 17:00:00,Building_D,100.88,4.62,20.27,9.79,10.48,48.3,False,none,normal
2026-02-19 18:00:00,Building_D,95.97,4.82,21.04,10.47,10.57,49.8,False,none,normal
2026-02-19 19:00:00,Building_D,51.86,2.59,8.49,3.87,4.62,45.6,False,none,normal
2026-02-19 20:00:00,Building_D,54.44,2.65,4.74,2.28,2.46,48.0,False,none,normal
2026-02-19 21:00:00,Building_D,63.74,1.58,8.81,4.42,4.39,50.2,False,none,normal
2026-02-19 22:00:00,Building_D,51.45,2.68,9.02,3.91,5.11,43.3,False,none,normal
2026-02-19 23:00:00,Building_D,19.42,0.45,1.66,0.76,0.9,45.8,False,none,normal
2026-02-20 00:00:00,Building_D,22.08,0.21,0.52,0.27,0.25,52.2,False,none,normal
2026-02-20 01:00:00,Building_D,22.67,0.31,0.5,0.22,0.28,44.8,False,none,normal
2026-02-20 02:00:00,Building_D,18.27,0.86,2.45,1.0,1.45,40.8,False,none,normal
2026-02-20 03:00:00,Building_D,24.58,0.74,0.5,0.23,0.27,46.1,False,none,normal
2026-02-20 04:00:00,Building_D,19.94,1.11,2.47,1.09,1.38,44.3,False,none,normal
2026-02-20 05:00:00,Building_D,16.41,0.71,1.14,0.6,0.54,53.0,False,none,normal
2026-02-20 06:00:00,Building_D,52.97,2.75,6.94,3.5,3.44,50.5,False,none,normal
2026-02-20 07:00:00,Building_D,57.06,3.16,8.36,3.91,4.45,46.7,False,none,normal
2026-02-20 08:00:00,Building_D,99.07,4.95,19.15,10.67,8.48,55.7,False,none,normal
2026-02-20 09:00:00,Building_D,104.92,4.93,21.38,12.02,9.36,56.2,False,none,normal
2026-02-20 10:00:00,Building_D,103.47,4.88,20.43,8.4,12.03,41.1,False,none,normal
2026-02-20 11:00:00,Building_D,101.62,5.42,22.03,11.19,10.84,50.8,False,none,normal
2026-02-20 12:00:00,Building_D,99.93,4.64,20.92,9.51,11.41,45.5,False,none,normal
2026-02-20 13:00:00,Building_D,100.62,4.72,21.16,11.28,9.88,53.3,False,none,normal
2026-02-20 14:00:00,Building_D,100.03,5.1,21.63,11.91,9.72,55.1,False,none,normal
2026-02-20 15:00:00,Building_D,98.09,5.17,22.35,11.33,11.02,50.7,False,none,normal
2026-02-20 16:00:00,Building_D,90.51,4.74,21.44,9.95,11.49,46.4,False,none,normal
2026-02-20 17:00:00,Building_D,104.28,5.64,19.83,8.7,11.13,43.9,False,none,normal
2026-02-20 18:00:00,Building_D,97.08,4.84,22.38,9.82,12.56,43.9,False,none,normal
2026-02-20 19:00:00,Building_D,60.18,2.98,8.81,4.38,4.43,49.7,False,none,normal
2026-02-20 20:00:00,Building_D,56.56,3.14,7.53,3.9,3.63,51.8,False,none,normal
2026-02-20 21:00:00,Building_D,56.57,1.85,7.5,3.55,3.95,47.4,False,none,normal
2026-02-20 22:00:00,Building_D,56.63,2.26,8.57,4.37,4.2,50.9,False,none,normal
2026-02-20 23:00:00,Building_D,21.02,0.33,0.5,0.25,0.25,49.0,False,none,normal
2026-02-21 00:00:00,Building_D,27.76,0.92,0.5,0.28,0.22,56.0,False,none,normal
2026-02-21 01:00:00,Building_D,20.8,0.2,0.5,0.22,0.28,43.7,False,none,normal
2026-02-21 02:00:00,Building_D,23.58,0.35,0.5,0.22,0.28,44.6,False,none,normal
2026-02-21 03:00:00,Building_D,17.9,0.2,1.71,0.94,0.77,55.2,False,none,normal
2026-02-21 04:00:00,Building_D,29.71,0.68,0.5,0.23,0.27,45.3,False,none,normal
2026-02-21 05:00:00,Building_D,25.27,0.35,0.98,0.55,0.43,55.7,False,none,normal
2026-02-21 06:00:00,Building_D,23.11,1.24,0.5,0.25,0.25,49.8,False,none,normal
2026-02-21 07:00:00,Building_D,23.5,0.2,1.45,0.78,0.67,54.1,False,none,normal
2026-02-21 08:00:00,Building_D,31.06,0.58,0.5,0.25,0.25,49.9,False,none,normal
2026-02-21 09:00:00,Building_D,25.21,0.36,0.75,0.35,0.4,46.1,False,none,normal
2026-02-21 10:00:00,Building_D,31.25,1.24,5.09,2.18,2.91,42.9,False,none,normal
2026-02-21 11:00:00,Building_D,29.74,0.32,5.63,2.9,2.73,51.5,False,none,normal
2026-02-21 12:00:00,Building_D,23.78,0.86,3.08,1.39,1.69,45.0,False,none,normal
2026-02-21 13:00:00,Building_D,35.93,1.23,3.75,1.7,2.05,45.4,False,none,normal
2026-02-21 14:00:00,Building_D,29.25,0.9,2.87,1.38,1.49,48.0,False,none,normal
2026-02-21 15:00:00,Building_D,34.01,0.34,2.51,1.2,1.31,47.9,False,none,normal
2026-02-21 16:00:00,Building_D,38.04,1.18,3.42,1.7,1.72,49.6,False,none,normal
2026-02-21 17:00:00,Building_D,31.37,1.26,3.94,2.09,1.85,53.1,False,none,normal
2026-02-21 18:00:00,Building_D,26.36,0.6,3.75,1.87,1.88,50.0,False,none,normal
2026-02-21 19:00:00,Building_D,31.85,0.2,0.5,0.24,0.26,47.7,False,none,normal
2026-02-21 20:00:00,Building_D,23.2,1.05,1.54,0.64,0.9,41.6,False,none,normal
2026-02-21 21:00:00,Building_D,28.38,0.97,0.8,0.33,0.47,41.5,False,none,normal
2026-02-21 22:00:00,Building_D,21.64,0.6,1.68,0.69,0.99,40.9,False,none,normal
2026-02-21 23:00:00,Building_D,19.17,0.82,2.29,1.14,1.15,49.7,False,none,normal
2026-02-22 00:00:00,Building_D,26.84,0.6,1.64,0.8,0.84,48.6,False,none,normal
2026-02-22 01:00:00,Building_D,24.17,0.2,1.36,0.58,0.78,43.0,False,none,normal
2026-02-22 02:00:00,Building_D,25.13,0.29,0.93,0.41,0.52,44.2,False,none,normal
2026-02-22 03:00:00,Building_D,20.23,0.57,1.39,0.73,0.66,52.4,False,none,normal
2026-02-22 04:00:00,Building_D,17.65,0.2,0.5,0.22,0.28,43.7,False,none,normal
2026-02-22 05:00:00,Building_D,28.51,0.91,0.5,0.27,0.23,54.8,False,none,normal
2026-02-22 06:00:00,Building_D,27.37,0.2,0.5,0.21,0.29,41.4,False,none,normal
2026-02-22 07:00:00,Building_D,21.9,0.45,0.51,0.2,0.31,39.9,False,none,normal
2026-02-22 08:00:00,Building_D,16.54,0.53,1.24,0.5,0.74,39.9,False,none,normal
2026-02-22 09:00:00,Building_D,17.12,0.8,0.5,0.24,0.26,47.9,False,none,normal
2026-02-22 10:00:00,Building_D,26.5,1.17,1.0,0.47,0.53,46.8,False,none,normal
2026-02-22 11:00:00,Building_D,35.54,1.09,2.87,1.3,1.57,45.2,False,none,normal
2026-02-22 12:00:00,Building_D,30.85,0.43,3.3,1.57,1.73,47.7,False,none,normal
2026-02-22 13:00:00,Building_D,30.11,1.23,2.14,0.88,1.26,41.2,False,none,normal
2026-02-22 14:00:00,Building_D,29.68,0.92,3.29,1.56,1.73,47.4,False,none,normal
2026-02-22 15:00:00,Building_D,27.28,0.54,2.84,1.3,1.54,45.7,False,none,normal
2026-02-22 16:00:00,Building_D,36.17,0.97,2.78,1.46,1.32,52.4,False,none,normal
2026-02-22 17:00:00,Building_D,33.57,0.4,0.5,0.21,0.29,42.7,False,none,normal
2026-02-22 18:00:00,Building_D,34.16,1.19,1.43,0.72,0.71,50.6,False,none,normal
2026-02-22 19:00:00,Building_D,24.73,0.93,1.63,0.87,0.76,53.4,False,none,normal
2026-02-22 20:00:00,Building_D,24.2,0.6,0.5,0.26,0.24,51.3,False,none,normal
2026-02-22 21:00:00,Building_D,16.92,0.39,1.14,0.61,0.53,53.6,False,none,normal
2026-02-22 22:00:00,Building_D,20.33,0.78,0.5,0.26,0.24,51.9,False,none,normal
2026-02-22 23:00:00,Building_D,19.04,0.69,0.5,0.22,0.28,43.3,False,none,normal
2026-02-23 00:00:00,Building_D,21.63,0.9,0.5,0.21,0.29,42.1,False,none,normal
2026-02-23 01:00:00,Building_D,23.84,0.2,2.36,1.28,1.08,54.2,False,none,normal
2026-02-23 02:00:00,Building_D,26.4,0.44,2.49,1.33,1.16,53.4,False,none,normal
2026-02-23 03:00:00,Building_D,20.12,0.94,0.5,0.24,0.26,47.2,False,none,normal
2026-02-23 04:00:00,Building_D,15.07,0.49,0.5,0.23,0.27,46.2,False,none,normal
2026-02-23 05:00:00,Building_D,21.58,0.24,0.54,0.29,0.25,53.1,False,none,normal
2026-02-23 06:00:00,Building_D,52.96,2.8,8.08,4.0,4.08,49.5,False,none,normal
2026-02-23 07:00:00,Building_D,57.08,2.24,8.36,4.19,4.17,50.1,False,none,normal
2026-02-23 08:00:00,Building_D,95.32,4.52,20.64,10.53,10.11,51.0,False,none,normal
2026-02-23 09:00:00,Building_D,102.54,5.41,20.98,9.85,11.13,46.9,False,none,normal
2026-02-23 10:00:00,Building_D,98.51,4.55,19.72,9.42,10.3,47.8,False,none,normal
2026-02-23 11:00:00,Building_D,97.45,5.02,18.89,8.2,10.69,43.4,False,none,normal
2026-02-23 12:00:00,Building_D,101.62,4.7,19.72,9.54,10.18,48.4,False,none,normal
2026-02-23 13:00:00,Building_D,94.8,5.37,19.03,9.14,9.89,48.0,False,none,normal
2026-02-23 14:00:00,Building_D,95.53,5.04,19.94,9.55,10.39,47.9,False,none,normal
2026-02-23 15:00:00,Building_D,103.41,4.75,19.7,9.21,10.49,46.7,False,none,normal
2026-02-23 16:00:00,Building_D,104.42,4.96,22.02,10.41,11.61,47.3,False,none,normal
2026-02-23 17:00:00,Building_D,103.28,5.13,21.2,8.96,12.24,42.3,False,none,normal
2026-02-23 18:00:00,Building_D,92.18,5.36,21.8,12.58,9.22,57.7,False,none,normal
2026-02-23 19:00:00,Building_D,51.26,2.66,6.59,2.97,3.62,45.0,False,none,normal
2026-02-23 20:00:00,Building_D,55.2,2.63,7.03,3.38,3.65,48.1,False,none,normal
2026-02-23 21:00:00,Building_D,60.53,2.89,8.65,4.31,4.34,49.8,False,none,normal
2026-02-23 22:00:00,Building_D,56.64,2.29,8.47,3.71,4.76,43.8,False,none,normal
2026-02-23 23:00:00,Building_D,22.72,0.2,0.5,0.22,0.28,43.8,False,none,normal
2026-02-24 00:00:00,Building_D,20.64,0.2,0.5,0.24,0.26,47.7,False,none,normal
2026-02-24 01:00:00,Building_D,12.55,0.2,1.45,0.7,0.75,48.6,False,none,normal
2026-02-24 02:00:00,Building_D,19.35,0.78,0.5,0.23,0.27,45.7,False,none,normal
2026-02-24 03:00:00,Building_D,19.11,1.11,0.77,0.38,0.39,48.8,False,none,normal
2026-02-24 04:00:00,Building_D,24.11,0.2,0.5,0.25,0.25,49.8,False,none,normal
2026-02-24 05:00:00,Building_D,22.23,1.21,0.5,0.26,0.24,51.8,False,none,normal
2026-02-24 06:00:00,Building_D,60.43,2.54,8.21,3.85,4.36,46.8,False,none,normal
2026-02-24 07:00:00,Building_D,49.31,2.62,8.34,4.2,4.14,50.3,False,none,normal
2026-02-24 08:00:00,Building_D,98.77,5.33,19.5,10.51,8.99,53.9,False,none,normal
2026-02-24 09:00:00,Building_D,94.57,4.95,21.35,9.81,11.54,45.9,False,none,normal
2026-02-24 10:00:00,Building_D,101.52,4.87,20.68,9.78,10.9,47.3,False,none,normal
2026-02-24 11:00:00,Building_D,96.21,5.78,19.53,7.59,11.94,38.9,False,none,normal
2026-02-24 12:00:00,Building_D,95.31,5.03,20.08,10.46,9.62,52.1,False,none,normal
2026-02-24 13:00:00,Building_D,102.45,4.88,18.52,7.94,10.58,42.9,False,none,normal
2026-02-24 14:00:00,Building_D,98.39,4.44,20.09,10.79,9.3,53.7,False,none,normal
2026-02-24 15:00:00,Building_D,99.89,5.0,19.29,9.4,9.89,48.7,False,none,normal
2026-02-24 16:00:00,Building_D,97.49,5.07,21.41,11.05,10.36,51.6,False,none,normal
2026-02-24 17:00:00,Building_D,99.04,5.17,19.92,10.46,9.46,52.5,False,none,normal
2026-02-24 18:00:00,Building_D,94.97,4.91,22.02,10.15,11.87,46.1,False,none,normal
2026-02-24 19:00:00,Building_D,51.84,2.35,9.49,3.69,5.8,38.9,False,none,normal
2026-02-24 20:00:00,Building_D,57.61,2.27,7.62,3.55,4.07,46.6,False,none,normal
2026-02-24 21:00:00,Building_D,61.05,2.51,9.04,4.8,4.24,53.1,False,none,normal
2026-02-24 22:00:00,Building_D,57.32,2.37,8.28,4.16,4.12,50.3,False,none,normal
2026-02-24 23:00:00,Building_D,17.63,0.52,0.5,0.23,0.27,46.3,False,none,normal
2026-02-25 00:00:00,Building_D,19.48,0.22,2.0,0.93,1.07,46.5,False,none,normal
2026-02-25 01:00:00,Building_D,26.82,0.49,0.5,0.24,0.26,48.8,False,none,normal
2026-02-25 02:00:00,Building_D,17.49,0.65,0.5,0.26,0.24,51.4,False,none,normal
2026-02-25 03:00:00,Building_D,27.98,0.2,0.5,0.22,0.28,43.2,False,none,normal
2026-02-25 04:00:00,Building_D,30.88,0.29,0.5,0.28,0.22,57.0,False,none,normal
2026-02-25 05:00:00,Building_D,19.34,0.2,0.5,0.24,0.26,48.6,False,none,normal
2026-02-25 06:00:00,Building_D,57.39,2.2,7.24,3.49,3.75,48.2,False,none,normal
2026-02-25 07:00:00,Building_D,62.5,2.61,7.15,3.37,3.78,47.1,False,none,normal
2026-02-25 08:00:00,Building_D,101.6,5.58,19.21,10.08,9.13,52.5,False,none,normal
2026-02-25 09:00:00,Building_D,97.27,4.42,18.35,9.79,8.56,53.3,False,none,normal
2026-02-25 10:00:00,Building_D,104.33,4.79,20.28,8.29,11.99,40.9,False,none,normal
2026-02-25 11:00:00,Building_D,101.57,4.98,18.67,9.11,9.56,48.8,False,none,normal
2026-02-25 12:00:00,Building_D,92.96,5.18,19.24,9.49,9.75,49.3,False,none,normal
2026-02-25 13:00:00,Building_D,95.91,4.16,21.73,11.34,10.39,52.2,False,none,normal
2026-02-25 14:00:00,Building_D,96.43,5.08,21.06,10.51,10.55,49.9,False,none,normal
2026-02-25 15:00:00,Building_D,105.42,5.13,20.11,10.0,10.11,49.7,False,none,normal
2026-02-25 16:00:00,Building_D,96.8,4.61,22.0,11.03,10.97,50.1,False,none,normal
2026-02-25 17:00:00,Building_D,91.07,4.75,21.44,8.95,12.49,41.7,False,none,normal
2026-02-25 18:00:00,Building_D,95.51,5.92,20.14,10.54,9.6,52.3,False,none,normal
2026-02-25 19:00:00,Building_D,63.21,2.18,8.14,4.58,3.56,56.2,False,none,normal
2026-02-25 20:00:00,Building_D,59.04,3.32,7.06,3.9,3.16,55.2,False,none,normal
2026-02-25 21:00:00,Building_D,57.27,2.38,8.59,4.08,4.51,47.6,False,none,normal
2026-02-25 22:00:00,Building_D,56.87,2.66,5.65,2.53,3.12,44.8,False,none,normal
2026-02-25 23:00:00,Building_D,25.14,0.79,0.92,0.45,0.47,49.1,False,none,normal
2026-02-26 00:00:00,Building_D,23.86,0.78,0.5,0.23,0.27,46.0,False,none,normal
2026-02-26 01:00:00,Building_D,21.95,0.51,0.5,0.21,0.29,43.0,False,none,normal
2026-02-26 02:00:00,Building_D,22.18,0.79,0.5,0.23,0.27,45.3,False,none,normal
2026-02-26 03:00:00,Building_D,24.36,0.33,1.55,0.73,0.82,47.1,False,none,normal
2026-02-26 04:00:00,Building_D,17.79,0.94,1.97,0.87,1.1,44.2,False,none,normal
2026-02-26 05:00:00,Building_D,23.83,0.33,1.23,0.55,0.68,44.5,False,none,normal
2026-02-26 06:00:00,Building_D,60.69,2.91,6.69,3.23,3.46,48.3,False,none,normal
2026-02-26 07:00:00,Building_D,62.07,2.14,7.02,3.56,3.46,50.6,False,none,normal
2026-02-26 08:00:00,Building_D,97.88,4.44,20.15,11.08,9.07,55.0,False,none,normal
2026-02-26 09:00:00,Building_D,106.77,4.76,19.44,8.98,10.46,46.2,False,none,normal
2026-02-26 10:00:00,Building_D,105.73,5.28,22.29,11.59,10.7,52.0,False,none,normal
2026-02-26 11:00:00,Building_D,93.24,4.66,19.7,9.04,10.66,45.9,False,none,normal
2026-02-26 12:00:00,Building_D,95.81,4.79,21.3,10.34,10.96,48.5,False,none,normal
2026-02-26 13:00:00,Building_D,103.4,5.08,19.72,9.61,10.11,48.8,False,none,normal
2026-02-26 14:00:00,Building_D,92.47,4.18,21.31,11.1,10.21,52.1,False,none,normal
2026-02-26 15:00:00,Building_D,98.81,4.85,18.92,9.96,8.96,52.7,False,none,normal
2026-02-26 16:00:00,Building_D,100.49,5.09,20.53,9.47,11.06,46.1,False,none,normal
2026-02-26 17:00:00,Building_D,94.07,5.08,19.89,9.21,10.68,46.3,False,none,normal
2026-02-26 18:00:00,Building_D,105.39,4.97,17.59,8.07,9.52,45.9,False,none,normal
2026-02-26 19:00:00,Building_D,53.2,2.44,6.11,3.04,3.07,49.7,False,none,normal
2026-02-26 20:00:00,Building_D,56.02,2.33,8.0,3.82,4.18,47.7,False,none,normal
2026-02-26 21:00:00,Building_D,56.67,2.42,7.8,3.85,3.95,49.4,False,none,normal
2026-02-26 22:00:00,Building_D,58.08,2.89,7.17,3.51,3.66,49.0,False,none,normal
2026-02-26 23:00:00,Building_D,32.03,0.43,0.5,0.21,0.29,42.9,False,none,normal
2026-02-27 00:00:00,Building_D,19.39,0.4,1.13,0.57,0.56,50.6,False,none,normal
2026-02-27 01:00:00,Building_D,23.55,0.72,0.5,0.25,0.25,50.0,False,none,normal
2026-02-27 02:00:00,Building_D,22.3,0.48,0.5,0.22,0.28,44.2,False,none,normal
2026-02-27 03:00:00,Building_D,17.39,0.55,1.09,0.52,0.57,47.5,False,none,normal
2026-02-27 04:00:00,Building_D,22.19,0.2,1.09,0.53,0.56,48.2,False,none,normal
2026-02-27 05:00:00,Building_D,20.78,0.74,1.26,0.53,0.73,41.9,False,none,normal
2026-02-27 06:00:00,Building_D,57.4,2.16,7.99,2.83,5.16,35.4,False,none,normal
2026-02-27 07:00:00,Building_D,57.99,2.74,7.69,3.33,4.36,43.3,False,none,normal
2026-02-27 08:00:00,Building_D,106.35,5.39,19.9,9.34,10.56,47.0,False,none,normal
2026-02-27 09:00:00,Building_D,90.6,5.15,18.89,9.57,9.32,50.7,False,none,normal
2026-02-27 10:00:00,Building_D,102.62,4.96,19.26,10.21,9.05,53.0,False,none,normal
2026-02-27 11:00:00,Building_D,98.53,5.02,19.42,9.47,9.95,48.8,False,none,normal
2026-02-27 12:00:00,Building_D,97.71,4.52,22.14,12.19,9.95,55.0,False,none,normal
2026-02-27 13:00:00,Building_D,102.59,5.29,22.65,9.92,12.73,43.8,False,none,normal
2026-02-27 14:00:00,Building_D,94.28,4.84,20.89,9.78,11.11,46.8,False,none,normal
2026-02-27 15:00:00,Building_D,94.44,4.99,20.42,10.49,9.93,51.4,False,none,normal
2026-02-27 16:00:00,Building_D,98.7,4.32,21.0,11.41,9.59,54.3,False,none,normal
2026-02-27 17:00:00,Building_D,98.64,5.33,19.93,10.02,9.91,50.3,False,none,normal
2026-02-27 18:00:00,Building_D,95.54,4.9,20.25,10.11,10.14,49.9,False,none,normal
2026-02-27 19:00:00,Building_D,53.91,1.98,8.39,4.17,4.22,49.7,False,none,normal
2026-02-27 20:00:00,Building_D,57.66,2.82,7.58,3.72,3.86,49.1,False,none,normal
2026-02-27 21:00:00,Building_D,55.81,2.4,8.23,4.7,3.53,57.1,False,none,normal
2026-02-27 22:00:00,Building_D,60.17,2.69,8.75,3.38,5.37,38.6,False,none,normal
2026-02-27 23:00:00,Building_D,23.52,0.76,0.59,0.28,0.31,47.8,False,none,normal
2026-02-28 00:00:00,Building_D,18.49,0.29,0.5,0.26,0.24,52.0,False,none,normal
2026-02-28 01:00:00,Building_D,28.25,1.12,0.5,0.23,0.27,45.3,False,none,normal
2026-02-28 02:00:00,Building_D,19.25,0.2,0.5,0.23,0.27,45.9,False,none,normal
2026-02-28 03:00:00,Building_D,25.74,0.2,1.75,0.94,0.81,53.5,False,none,normal
2026-02-28 04:00:00,Building_D,23.39,0.87,0.5,0.23,0.27,45.8,False,none,normal
2026-02-28 05:00:00,Building_D,23.0,0.52,2.2,0.97,1.23,44.0,False,none,normal
2026-02-28 06:00:00,Building_D,20.1,0.41,0.5,0.22,0.28,43.8,False,none,normal
2026-02-28 07:00:00,Building_D,20.34,0.35,2.23,0.98,1.25,43.9,False,none,normal
2026-02-28 08:00:00,Building_D,25.51,0.89,0.5,0.25,0.25,49.0,False,none,normal
2026-02-28 09:00:00,Building_D,24.55,0.58,0.59,0.27,0.32,45.3,False,none,normal
2026-02-28 10:00:00,Building_D,34.43,0.75,3.46,1.69,1.77,48.7,False,none,normal
2026-02-28 11:00:00,Building_D,35.2,1.55,2.54,1.22,1.32,48.2,False,none,normal
2026-02-28 12:00:00,Building_D,25.84,1.4,3.48,1.63,1.85,46.8,False,none,normal
2026-02-28 13:00:00,Building_D,31.99,0.92,2.54,1.34,1.2,52.8,False,none,normal
2026-02-28 14:00:00,Building_D,34.36,1.15,2.61,1.18,1.43,45.1,False,none,normal
2026-02-28 15:00:00,Building_D,31.33,1.16,4.02,1.8,2.22,44.9,False,none,normal
2026-02-28 16:00:00,Building_D,34.45,0.54,2.63,1.28,1.35,48.6,False,none,normal
2026-02-28 17:00:00,Building_D,27.09,0.54,5.29,2.83,2.46,53.5,False,none,normal
2026-02-28 18:00:00,Building_D,40.94,1.04,4.2,1.99,2.21,47.4,False,none,normal
2026-02-28 19:00:00,Building_D,20.84,0.75,2.12,1.08,1.04,51.1,False,none,normal
2026-02-28 20:00:00,Building_D,18.89,0.58,0.5,0.23,0.27,46.7,False,none,normal
2026-02-28 21:00:00,Building_D,28.79,0.2,3.09,1.55,1.54,50.2,False,none,normal
2026-02-28 22:00:00,Building_D,20.38,0.46,0.5,0.23,0.27,45.8,False,none,normal
2026-02-28 23:00:00,Building_D,22.54,0.32,0.5,0.24,0.26,47.1,False,none,normal
2026-03-01 00:00:00,Building_D,16.99,0.2,0.5,0.27,0.23,54.7,False,none,normal
2026-03-01 01:00:00,Building_D,23.87,0.65,0.5,0.25,0.25,50.0,False,none,normal
2026-03-01 02:00:00,Building_D,26.95,0.58,2.46,1.18,1.28,47.9,False,none,normal
2026-03-01 03:00:00,Building_D,24.64,0.69,0.5,0.24,0.26,48.2,False,none,normal
2026-03-01 04:00:00,Building_D,14.88,0.39,0.5,0.23,0.27,46.6,False,none,normal
2026-03-01 05:00:00,Building_D,20.62,0.62,0.5,0.28,0.22,55.4,False,none,normal
2026-03-01 06:00:00,Building_D,24.52,0.2,1.27,0.66,0.61,52.0,False,none,normal
2026-03-01 07:00:00,Building_D,23.72,0.2,3.17,1.6,1.57,50.6,False,none,normal
2026-03-01 08:00:00,Building_D,17.26,0.51,0.5,0.24,0.26,48.0,False,none,normal
2026-03-01 09:00:00,Building_D,17.47,0.46,0.5,0.23,0.27,46.6,False,none,normal
2026-03-01 10:00:00,Building_D,33.33,0.71,3.07,1.57,1.5,51.3,False,none,normal
2026-03-01 11:00:00,Building_D,28.23,0.65,1.92,0.86,1.06,44.7,False,none,normal
2026-03-01 12:00:00,Building_D,32.3,1.1,2.46,1.24,1.22,50.4,False,none,normal
2026-03-01 13:00:00,Building_D,32.2,0.4,3.63,1.92,1.71,52.8,False,none,normal
2026-03-01 14:00:00,Building_D,24.21,1.58,2.69,1.11,1.58,41.4,False,none,normal
2026-03-01 15:00:00,Building_D,32.33,1.17,3.09,1.52,1.57,49.2,False,none,normal
2026-03-01 16:00:00,Building_D,40.26,0.95,7.0,3.71,3.29,53.1,False,none,normal
2026-03-01 17:00:00,Building_D,31.99,0.98,3.04,1.49,1.55,49.0,False,none,normal
2026-03-01 18:00:00,Building_D,34.03,0.74,1.77,0.94,0.83,53.3,False,none,normal
2026-03-01 19:00:00,Building_D,26.14,0.2,0.69,0.36,0.33,52.1,False,none,normal
2026-03-01 20:00:00,Building_D,25.94,0.2,1.67,0.8,0.87,48.1,False,none,normal
2026-03-01 21:00:00,Building_D,23.8,0.2,0.5,0.22,0.28,44.9,False,none,normal
2026-03-01 22:00:00,Building_D,24.39,0.37,1.27,0.67,0.6,52.4,False,none,normal
2026-03-01 23:00:00,Building_D,20.92,0.29,0.5,0.21,0.29,41.8,False,none,normal
2026-03-02 00:00:00,Building_D,16.89,0.63,0.5,0.23,0.27,45.9,False,none,normal
2026-03-02 01:00:00,Building_D,19.65,0.2,1.6,0.77,0.83,48.4,False,none,normal
2026-03-02 02:00:00,Building_D,26.21,0.2,1.13,0.52,0.61,46.1,False,none,normal
2026-03-02 03:00:00,Building_D,21.12,0.91,0.5,0.25,0.25,50.0,False,none,normal
2026-03-02 04:00:00,Building_D,18.17,0.45,0.5,0.24,0.26,47.8,False,none,normal
2026-03-02 05:00:00,Building_D,23.79,0.83,0.5,0.23,0.27,45.9,False,none,normal
2026-03-02 06:00:00,Building_D,54.63,2.4,6.67,2.63,4.04,39.4,False,none,normal
2026-03-02 07:00:00,Building_D,53.03,2.48,7.65,3.84,3.81,50.2,False,none,normal
2026-03-02 08:00:00,Building_D,101.89,4.83,18.63,9.24,9.39,49.6,False,none,normal
2026-03-02 09:00:00,Building_D,98.48,4.9,22.0,10.96,11.04,49.8,False,none,normal
2026-03-02 10:00:00,Building_D,99.01,5.04,21.55,9.75,11.8,45.2,False,none,normal
2026-03-02 11:00:00,Building_D,95.0,4.91,19.12,9.14,9.98,47.8,False,none,normal
2026-03-02 12:00:00,Building_D,98.91,4.96,20.1,10.98,9.12,54.6,False,none,normal
2026-03-02 13:00:00,Building_D,102.28,4.95,20.65,11.05,9.6,53.5,False,none,normal
2026-03-02 14:00:00,Building_D,96.18,4.65,20.81,10.33,10.48,49.7,False,none,normal
2026-03-02 15:00:00,Building_D,100.47,5.28,19.66,8.33,11.33,42.4,False,none,normal
2026-03-02 16:00:00,Building_D,96.18,5.19,19.43,7.82,11.61,40.3,False,none,normal
2026-03-02 17:00:00,Building_D,99.1,4.79,18.46,8.92,9.54,48.3,False,none,normal
2026-03-02 18:00:00,Building_D,96.98,5.57,20.64,10.39,10.25,50.3,False,none,normal
2026-03-02 19:00:00,Building_D,57.14,2.28,7.24,3.79,3.45,52.3,False,none,normal
2026-03-02 20:00:00,Building_D,60.2,1.97,6.32,2.73,3.59,43.2,False,none,normal
2026-03-02 21:00:00,Building_D,61.45,1.89,8.77,4.35,4.42,49.6,False,none,normal
2026-03-02 22:00:00,Building_D,57.79,2.33,9.25,4.48,4.77,48.5,False,none,normal
2026-03-02 23:00:00,Building_D,16.47,0.2,0.5,0.26,0.24,52.8,False,none,normal
2026-03-03 00:00:00,Building_D,27.94,0.82,0.5,0.21,0.29,42.3,False,none,normal
2026-03-03 01:00:00,Building_D,18.03,0.2,0.5,0.27,0.23,53.5,False,none,normal
2026-03-03 02:00:00,Building_D,27.78,0.27,0.5,0.22,0.28,43.3,False,none,normal
2026-03-03 03:00:00,Building_D,27.0,0.52,0.5,0.23,0.27,46.3,False,none,normal
2026-03-03 04:00:00,Building_D,19.24,0.2,2.98,1.64,1.34,54.9,False,none,normal
2026-03-03 05:00:00,Building_D,18.96,0.2,0.69,0.33,0.36,47.4,False,none,normal
2026-03-03 06:00:00,Building_D,59.72,2.79,6.42,3.41,3.01,53.1,False,none,normal
2026-03-03 07:00:00,Building_D,55.79,2.71,7.51,3.88,3.63,51.7,False,none,normal
2026-03-03 08:00:00,Building_D,89.07,5.25,19.54,9.44,10.1,48.3,False,none,normal
2026-03-03 09:00:00,Building_D,103.5,4.71,19.38,9.01,10.37,46.5,False,none,normal
2026-03-03 10:00:00,Building_D,96.78,4.62,20.66,10.05,10.61,48.6,False,none,normal
2026-03-03 11:00:00,Building_D,100.37,4.7,19.4,9.22,10.18,47.5,False,none,normal
2026-03-03 12:00:00,Building_D,97.54,4.91,19.69,9.71,9.98,49.3,False,none,normal
2026-03-03 13:00:00,Building_D,94.75,4.94,20.17,9.65,10.52,47.9,False,none,normal
2026-03-03 14:00:00,Building_D,103.26,4.53,17.67,8.06,9.61,45.6,False,none,normal
2026-03-03 15:00:00,Building_D,93.92,3.93,22.63,11.37,11.26,50.2,False,none,normal
2026-03-03 16:00:00,Building_D,101.19,4.89,21.04,9.74,11.3,46.3,False,none,normal
2026-03-03 17:00:00,Building_D,101.78,5.05,20.49,9.87,10.62,48.2,False,none,normal
2026-03-03 18:00:00,Building_D,104.38,5.05,19.3,9.52,9.78,49.3,False,none,normal
2026-03-03 19:00:00,Building_D,59.16,2.44,7.76,3.39,4.37,43.7,False,none,normal
2026-03-03 20:00:00,Building_D,57.59,2.07,7.52,3.41,4.11,45.3,False,none,normal
2026-03-03 21:00:00,Building_D,61.14,3.04,6.45,3.09,3.36,48.0,False,none,normal
2026-03-03 22:00:00,Building_D,55.96,2.66,7.94,3.69,4.25,46.5,False,none,normal
2026-03-03 23:00:00,Building_D,22.62,0.36,2.4,1.08,1.32,44.8,False,none,normal
2026-03-04 00:00:00,Building_D,23.28,0.62,1.02,0.48,0.54,46.8,False,none,normal
2026-03-04 01:00:00,Building_D,27.72,0.2,0.5,0.25,0.25,50.7,False,none,normal
2026-03-04 02:00:00,Building_D,18.73,0.2,0.5,0.22,0.28,44.9,False,none,normal
2026-03-04 03:00:00,Building_D,24.79,0.76,0.59,0.31,0.28,52.2,False,none,normal
2026-03-04 04:00:00,Building_D,16.7,0.47,2.11,1.1,1.01,51.9,False,none,normal
2026-03-04 05:00:00,Building_D,27.99,0.23,1.59,0.74,0.85,46.3,False,none,normal
2026-03-04 06:00:00,Building_D,59.59,2.95,6.87,2.79,4.08,40.6,False,none,normal
2026-03-04 07:00:00,Building_D,64.6,2.66,7.69,3.64,4.05,47.4,False,none,normal
2026-03-04 08:00:00,Building_D,90.14,5.06,19.9,9.59,10.31,48.2,False,none,normal
2026-03-04 09:00:00,Building_D,98.64,3.8,21.12,10.3,10.82,48.8,False,none,normal
2026-03-04 10:00:00,Building_D,99.81,4.92,20.59,10.03,10.56,48.7,False,none,normal
2026-03-04 11:00:00,Building_D,99.62,5.15,20.87,11.56,9.31,55.4,False,none,normal
2026-03-04 12:00:00,Building_D,95.62,4.86,22.57,10.69,11.88,47.4,False,none,normal
2026-03-04 13:00:00,Building_D,102.25,5.03,20.26,10.52,9.74,51.9,False,none,normal
2026-03-04 14:00:00,Building_D,100.59,4.45,20.74,9.13,11.61,44.0,False,none,normal
2026-03-04 15:00:00,Building_D,103.6,5.6,22.78,11.26,11.52,49.4,False,none,normal
2026-03-04 16:00:00,Building_D,96.67,5.1,19.41,11.14,8.27,57.4,False,none,normal
2026-03-04 17:00:00,Building_D,103.3,5.09,21.73,10.0,11.73,46.0,False,none,normal
2026-03-04 18:00:00,Building_D,94.09,4.21,20.63,9.73,10.9,47.2,False,none,normal
2026-03-04 19:00:00,Building_D,59.28,2.5,8.39,4.3,4.09,51.2,False,none,normal
2026-03-04 20:00:00,Building_D,51.36,2.8,7.34,3.68,3.66,50.1,False,none,normal
2026-03-04 21:00:00,Building_D,61.29,2.85,7.98,3.89,4.09,48.7,False,none,normal
2026-03-04 22:00:00,Building_D,60.77,1.97,6.68,3.13,3.55,46.9,False,none,normal
2026-03-04 23:00:00,Building_D,16.92,0.34,0.5,0.24,0.26,48.3,False,none,normal
2026-03-05 00:00:00,Building_D,22.02,0.81,1.18,0.56,0.62,47.7,False,none,normal
2026-03-05 01:00:00,Building_D,20.91,0.42,0.5,0.29,0.21,58.1,False,none,normal
2026-03-05 02:00:00,Building_D,16.42,0.2,0.5,0.25,0.25,49.1,False,none,normal
2026-03-05 03:00:00,Building_D,23.17,0.24,1.56,0.77,0.79,49.5,False,none,normal
2026-03-05 04:00:00,Building_D,26.0,0.86,0.5,0.25,0.25,50.7,False,none,normal
2026-03-05 05:00:00,Building_D,17.09,0.53,0.5,0.24,0.26,47.9,False,none,normal
2026-03-05 06:00:00,Building_D,52.39,2.85,6.27,3.2,3.07,51.0,False,none,normal
2026-03-05 07:00:00,Building_D,51.48,2.49,9.99,5.74,4.25,57.4,False,none,normal
2026-03-05 08:00:00,Building_D,92.05,4.74,19.91,11.35,8.56,57.0,False,none,normal
2026-03-05 09:00:00,Building_D,98.25,5.36,20.89,9.03,11.86,43.2,False,none,normal
2026-03-05 10:00:00,Building_D,91.08,4.77,23.32,11.43,11.89,49.0,False,none,normal
2026-03-05 11:00:00,Building_D,102.74,4.49,20.14,10.29,9.85,51.1,False,none,normal
2026-03-05 12:00:00,Building_D,94.16,4.96,19.48,9.99,9.49,51.3,False,none,normal
2026-03-05 13:00:00,Building_D,100.11,5.23,21.58,10.16,11.42,47.1,False,none,normal
2026-03-05 14:00:00,Building_D,102.53,4.78,21.29,8.54,12.75,40.1,False,none,normal
2026-03-05 15:00:00,Building_D,95.53,5.8,21.27,10.73,10.54,50.4,False,none,normal
2026-03-05 16:00:00,Building_D,95.22,4.6,20.22,9.65,10.57,47.7,False,none,normal
2026-03-05 17:00:00,Building_D,106.18,5.34,20.67,9.98,10.69,48.3,False,none,normal
2026-03-05 18:00:00,Building_D,101.55,4.53,18.23,9.29,8.94,51.0,False,none,normal
2026-03-05 19:00:00,Building_D,57.49,2.03,5.31,2.74,2.57,51.6,False,none,normal
2026-03-05 20:00:00,Building_D,55.12,2.63,7.51,3.59,3.92,47.9,False,none,normal
2026-03-05 21:00:00,Building_D,54.84,2.47,8.52,4.0,4.52,46.9,False,none,normal
2026-03-05 22:00:00,Building_D,55.87,2.71,8.63,3.75,4.88,43.5,False,none,normal
2026-03-05 23:00:00,Building_D,22.13,0.26,0.51,0.27,0.24,53.7,False,none,normal
2026-03-06 00:00:00,Building_D,23.68,1.2,0.75,0.36,0.39,47.3,False,none,normal
2026-03-06 01:00:00,Building_D,22.17,0.49,0.88,0.39,0.49,44.0,False,none,normal
2026-03-06 02:00:00,Building_D,21.31,0.2,1.72,0.69,1.03,40.3,False,none,normal
2026-03-06 03:00:00,Building_D,22.87,0.2,1.01,0.47,0.54,46.4,False,none,normal
2026-03-06 04:00:00,Building_D,14.98,0.77,0.5,0.24,0.26,47.9,False,none,normal
2026-03-06 05:00:00,Building_D,25.01,0.92,0.5,0.23,0.27,45.9,False,none,normal
2026-03-06 06:00:00,Building_D,61.54,2.9,9.36,5.45,3.91,58.2,False,none,normal
2026-03-06 07:00:00,Building_D,55.17,2.62,7.41,2.97,4.44,40.1,False,none,normal
2026-03-06 08:00:00,Building_D,98.16,4.29,19.91,8.39,11.52,42.1,False,none,normal
2026-03-06 09:00:00,Building_D,100.28,4.71,18.39,9.46,8.93,51.5,False,none,normal
2026-03-06 10:00:00,Building_D,96.11,4.84,19.36,10.18,9.18,52.6,False,none,normal
2026-03-06 11:00:00,Building_D,99.6,4.77,18.24,10.59,7.65,58.0,False,none,normal
2026-03-06 12:00:00,Building_D,106.44,5.49,19.69,9.06,10.63,46.0,False,none,normal
2026-03-06 13:00:00,Building_D,100.12,4.67,19.35,10.42,8.93,53.8,False,none,normal
2026-03-06 14:00:00,Building_D,98.3,4.6,21.68,9.91,11.77,45.7,False,none,normal
2026-03-06 15:00:00,Building_D,90.6,4.59,19.92,9.74,10.18,48.9,False,none,normal
2026-03-06 16:00:00,Building_D,99.21,5.42,20.25,9.34,10.91,46.1,False,none,normal
2026-03-06 17:00:00,Building_D,103.5,5.33,20.28,9.97,10.31,49.2,False,none,normal
2026-03-06 18:00:00,Building_D,96.62,4.58,23.17,10.62,12.55,45.8,False,none,normal
2026-03-06 19:00:00,Building_D,58.39,1.96,8.71,3.76,4.95,43.2,False,none,normal
2026-03-06 20:00:00,Building_D,63.92,3.12,8.5,4.12,4.38,48.5,False,none,normal
2026-03-06 21:00:00,Building_D,56.46,2.48,8.31,4.02,4.29,48.4,False,none,normal
2026-03-06 22:00:00,Building_D,61.13,2.17,9.66,4.47,5.19,46.3,False,none,normal
2026-03-06 23:00:00,Building_D,19.26,0.57,1.0,0.41,0.59,41.1,False,none,normal
2026-03-07 00:00:00,Building_D,20.32,0.2,0.5,0.23,0.27,45.5,False,none,normal
2026-03-07 01:00:00,Building_D,23.44,0.2,0.5,0.27,0.23,53.2,False,none,normal
2026-03-07 02:00:00,Building_D,30.5,0.2,1.71,0.85,0.86,49.6,False,none,normal
2026-03-07 03:00:00,Building_D,15.29,0.2,0.5,0.25,0.25,49.3,False,none,normal
2026-03-07 04:00:00,Building_D,17.94,0.49,3.57,1.94,1.63,54.4,False,none,normal
2026-03-07 05:00:00,Building_D,19.18,0.2,2.04,0.9,1.14,44.0,False,none,normal
2026-03-07 06:00:00,Building_D,26.21,1.4,1.3,0.69,0.61,52.7,False,none,normal
2026-03-07 07:00:00,Building_D,26.52,0.25,0.84,0.37,0.47,44.2,False,none,normal
2026-03-07 08:00:00,Building_D,27.41,0.2,1.33,0.7,0.63,52.5,False,none,normal
2026-03-07 09:00:00,Building_D,20.28,0.2,0.5,0.22,0.28,44.4,False,none,normal
2026-03-07 10:00:00,Building_D,32.41,0.56,2.41,1.21,1.2,50.2,False,none,normal
2026-03-07 11:00:00,Building_D,34.25,0.78,1.45,0.76,0.69,52.7,False,none,normal
2026-03-07 12:00:00,Building_D,29.99,1.6,3.26,1.58,1.68,48.5,False,none,normal
2026-03-07 13:00:00,Building_D,30.05,0.97,7.59,3.54,4.05,46.6,False,none,normal
2026-03-07 14:00:00,Building_D,36.89,0.91,4.83,1.95,2.88,40.3,False,none,normal
2026-03-07 15:00:00,Building_D,39.56,1.0,3.1,1.6,1.5,51.6,False,none,normal
2026-03-07 16:00:00,Building_D,32.36,0.48,0.51,0.28,0.23,55.3,False,none,normal
2026-03-07 17:00:00,Building_D,30.89,0.67,2.78,1.5,1.28,53.9,False,none,normal
2026-03-07 18:00:00,Building_D,29.82,1.11,3.02,1.3,1.72,43.0,False,none,normal
2026-03-07 19:00:00,Building_D,25.85,0.83,0.5,0.24,0.26,47.8,False,none,normal
2026-03-07 20:00:00,Building_D,22.63,0.6,2.85,1.33,1.52,46.7,False,none,normal
2026-03-07 21:00:00,Building_D,20.93,0.38,0.5,0.21,0.29,41.1,False,none,normal
2026-03-07 22:00:00,Building_D,22.78,0.62,0.5,0.24,0.26,47.7,False,none,normal
2026-03-07 23:00:00,Building_D,18.65,0.53,0.69,0.34,0.35,49.9,False,none,normal
2026-03-08 00:00:00,Building_D,23.54,0.58,2.07,1.04,1.03,50.3,False,none,normal
2026-03-08 01:00:00,Building_D,24.17,0.2,1.75,0.82,0.93,46.8,False,none,normal
2026-03-08 02:00:00,Building_D,22.56,0.2,3.0,1.14,1.86,38.1,False,none,normal
2026-03-08 03:00:00,Building_D,28.2,0.59,0.5,0.28,0.22,56.1,False,none,normal
2026-03-08 04:00:00,Building_D,24.3,0.2,0.5,0.25,0.25,50.1,False,none,normal
2026-03-08 05:00:00,Building_D,29.1,0.3,0.5,0.27,0.23,53.8,False,none,normal
2026-03-08 06:00:00,Building_D,24.24,0.2,0.9,0.45,0.45,49.8,False,none,normal
2026-03-08 07:00:00,Building_D,20.95,0.2,0.5,0.23,0.27,46.7,False,none,normal
2026-03-08 08:00:00,Building_D,23.67,0.72,0.5,0.25,0.25,49.0,False,none,normal
2026-03-08 09:00:00,Building_D,24.2,0.5,0.5,0.27,0.23,53.7,False,none,normal
2026-03-08 10:00:00,Building_D,37.16,0.75,3.32,1.7,1.62,51.1,False,none,normal
2026-03-08 11:00:00,Building_D,36.91,0.59,2.17,1.07,1.1,49.1,False,none,normal
2026-03-08 12:00:00,Building_D,27.29,0.2,2.44,1.21,1.23,49.7,False,none,normal
2026-03-08 13:00:00,Building_D,38.0,0.63,3.27,1.59,1.68,48.6,False,none,normal
2026-03-08 14:00:00,Building_D,29.19,0.63,3.82,1.65,2.17,43.2,False,none,normal
2026-03-08 15:00:00,Building_D,28.71,0.81,3.81,1.6,2.21,41.9,False,none,normal
2026-03-08 16:00:00,Building_D,31.26,0.43,2.6,1.33,1.27,51.2,False,none,normal
2026-03-08 17:00:00,Building_D,31.49,1.46,3.34,1.73,1.61,51.9,False,none,normal
2026-03-08 18:00:00,Building_D,34.96,0.88,1.84,0.88,0.96,47.6,False,none,normal
2026-03-08 19:00:00,Building_D,20.12,0.24,0.68,0.29,0.39,42.2,False,none,normal
2026-03-08 20:00:00,Building_D,18.75,0.2,0.5,0.22,0.28,44.9,False,none,normal
2026-03-08 21:00:00,Building_D,19.44,0.49,0.5,0.24,0.26,48.0,False,none,normal
2026-03-08 22:00:00,Building_D,17.78,0.2,2.94,1.33,1.61,45.2,False,none,normal
2026-03-08 23:00:00,Building_D,13.82,0.56,0.5,0.24,0.26,49.0,False,none,normal
2026-03-09 00:00:00,Building_D,21.89,0.63,0.5,0.24,0.26,47.1,False,none,normal
2026-03-09 01:00:00,Building_D,26.84,0.2,0.5,0.22,0.28,44.7,False,none,normal
2026-03-09 02:00:00,Building_D,15.48,0.27,0.5,0.26,0.24,51.9,False,none,normal
2026-03-09 03:00:00,Building_D,21.89,0.37,0.5,0.22,0.28,43.8,False,none,normal
2026-03-09 04:00:00,Building_D,25.81,0.86,0.5,0.27,0.23,54.5,False,none,normal
2026-03-09 05:00:00,Building_D,19.56,0.2,1.06,0.53,0.53,50.2,False,none,normal
2026-03-09 06:00:00,Building_D,56.92,2.37,9.23,4.2,5.03,45.5,False,none,normal
2026-03-09 07:00:00,Building_D,56.93,3.09,6.22,2.87,3.35,46.2,False,none,normal
2026-03-09 08:00:00,Building_D,102.62,5.17,21.61,9.23,12.38,42.7,False,none,normal
2026-03-09 09:00:00,Building_D,99.8,4.89,23.26,11.92,11.34,51.2,False,none,normal
2026-03-09 10:00:00,Building_D,98.43,5.09,20.6,10.46,10.14,50.8,False,none,normal
2026-03-09 11:00:00,Building_D,95.1,5.46,18.95,9.25,9.7,48.8,False,none,normal
2026-03-09 12:00:00,Building_D,95.22,5.0,21.72,8.94,12.78,41.2,False,none,normal
2026-03-09 13:00:00,Building_D,97.84,4.48,20.2,8.53,11.67,42.2,False,none,normal
2026-03-09 14:00:00,Building_D,99.17,4.84,21.43,11.34,10.09,52.9,False,none,normal
2026-03-09 15:00:00,Building_D,98.56,5.3,22.19,9.83,12.36,44.3,False,none,normal
2026-03-09 16:00:00,Building_D,104.26,4.97,19.36,9.52,9.84,49.2,False,none,normal
2026-03-09 17:00:00,Building_D,98.23,4.49,19.21,10.48,8.73,54.5,False,none,normal
2026-03-09 18:00:00,Building_D,99.63,5.51,20.04,8.98,11.06,44.8,False,none,normal
2026-03-09 19:00:00,Building_D,50.47,2.83,8.32,3.86,4.46,46.4,False,none,normal
2026-03-09 20:00:00,Building_D,54.03,2.89,7.61,3.6,4.01,47.3,False,none,normal
2026-03-09 21:00:00,Building_D,54.8,2.35,8.48,3.59,4.89,42.3,False,none,normal
2026-03-09 22:00:00,Building_D,57.53,2.83,7.72,4.03,3.69,52.2,False,none,normal
2026-03-09 23:00:00,Building_D,27.61,0.76,0.5,0.24,0.26,47.9,False,none,normal
2026-03-10 00:00:00,Building_D,23.63,0.28,0.5,0.23,0.27,45.7,False,none,normal
2026-03-10 01:00:00,Building_D,32.42,0.35,1.77,0.79,0.98,44.5,False,none,normal
2026-03-10 02:00:00,Building_D,29.05,0.31,0.55,0.22,0.33,40.7,False,none,normal
2026-03-10 03:00:00,Building_D,26.71,0.91,0.5,0.26,0.24,52.7,False,none,normal
2026-03-10 04:00:00,Building_D,16.9,0.66,0.5,0.27,0.23,53.3,False,none,normal
2026-03-10 05:00:00,Building_D,23.24,0.77,1.97,0.92,1.05,46.8,False,none,normal
2026-03-10 06:00:00,Building_D,57.09,2.1,7.46,4.16,3.3,55.7,False,none,normal
2026-03-10 07:00:00,Building_D,60.23,2.13,9.78,4.85,4.93,49.6,False,none,normal
2026-03-10 08:00:00,Building_D,101.84,5.16,21.04,8.42,12.62,40.0,False,none,normal
2026-03-10 09:00:00,Building_D,102.95,4.2,21.75,10.53,11.22,48.4,False,none,normal
2026-03-10 10:00:00,Building_D,101.86,5.04,21.79,10.47,11.32,48.1,False,none,normal
2026-03-10 11:00:00,Building_D,99.64,5.13,22.79,11.49,11.3,50.4,False,none,normal
2026-03-10 12:00:00,Building_D,93.25,4.79,21.25,11.27,9.98,53.0,False,none,normal
2026-03-10 13:00:00,Building_D,95.63,5.77,20.75,10.31,10.44,49.7,False,none,normal
2026-03-10 14:00:00,Building_D,93.5,5.38,20.0,9.0,11.0,45.0,False,none,normal
2026-03-10 15:00:00,Building_D,97.25,5.47,21.09,9.37,11.72,44.4,False,none,normal
2026-03-10 16:00:00,Building_D,96.4,5.48,20.25,10.17,10.08,50.2,False,none,normal
2026-03-10 17:00:00,Building_D,101.74,3.79,22.05,9.83,12.22,44.6,False,none,normal
2026-03-10 18:00:00,Building_D,97.08,5.53,22.27,11.13,11.14,50.0,False,none,normal
2026-03-10 19:00:00,Building_D,60.12,2.84,9.54,5.17,4.37,54.2,False,none,normal
2026-03-10 20:00:00,Building_D,57.64,2.24,7.52,3.65,3.87,48.5,False,none,normal
2026-03-10 21:00:00,Building_D,56.99,2.14,8.35,3.48,4.87,41.7,False,none,normal
2026-03-10 22:00:00,Building_D,57.55,2.55,7.96,4.09,3.87,51.4,False,none,normal
2026-03-10 23:00:00,Building_D,25.12,1.22,0.5,0.25,0.25,49.1,False,none,normal
2026-03-11 00:00:00,Building_D,23.11,0.5,0.5,0.22,0.28,43.3,False,none,normal
2026-03-11 01:00:00,Building_D,22.27,0.2,0.5,0.23,0.27,45.4,False,none,normal
2026-03-11 02:00:00,Building_D,21.05,0.84,0.5,0.26,0.24,51.5,False,none,normal
2026-03-11 03:00:00,Building_D,19.96,0.28,1.05,0.49,0.56,46.9,False,none,normal
2026-03-11 04:00:00,Building_D,18.68,0.31,0.5,0.25,0.25,49.5,False,none,normal
2026-03-11 05:00:00,Building_D,9.84,0.75,1.23,0.67,0.56,54.4,False,none,normal
2026-03-11 06:00:00,Building_D,65.93,2.82,7.07,4.01,3.06,56.7,False,none,normal
2026-03-11 07:00:00,Building_D,52.43,1.83,10.05,5.07,4.98,50.4,False,none,normal
2026-03-11 08:00:00,Building_D,91.02,4.51,21.2,9.44,11.76,44.5,False,none,normal
2026-03-11 09:00:00,Building_D,95.62,5.68,23.11,11.23,11.88,48.6,False,none,normal
2026-03-11 10:00:00,Building_D,97.92,5.3,19.86,7.76,12.1,39.1,False,none,normal
2026-03-11 11:00:00,Building_D,87.47,4.96,21.59,10.38,11.21,48.1,False,none,normal
2026-03-11 12:00:00,Building_D,101.76,5.31,22.2,10.82,11.38,48.7,False,none,normal
2026-03-11 13:00:00,Building_D,99.62,4.97,20.23,8.44,11.79,41.7,False,none,normal
2026-03-11 14:00:00,Building_D,103.21,4.85,20.01,9.17,10.84,45.8,False,none,normal
2026-03-11 15:00:00,Building_D,93.16,4.96,21.15,9.56,11.59,45.2,False,none,normal
2026-03-11 16:00:00,Building_D,102.67,4.86,18.7,10.0,8.7,53.5,False,none,normal
2026-03-11 17:00:00,Building_D,99.31,5.29,21.6,9.55,12.05,44.2,False,none,normal
2026-03-11 18:00:00,Building_D,96.43,5.35,22.74,10.97,11.77,48.3,False,none,normal
2026-03-11 19:00:00,Building_D,54.7,3.08,7.07,3.49,3.58,49.3,False,none,normal
2026-03-11 20:00:00,Building_D,55.49,2.59,6.69,3.11,3.58,46.5,False,none,normal
2026-03-11 21:00:00,Building_D,54.7,2.73,8.02,4.13,3.89,51.5,False,none,normal
2026-03-11 22:00:00,Building_D,53.9,2.42,8.57,4.41,4.16,51.4,False,none,normal
2026-03-11 23:00:00,Building_D,16.46,0.55,0.5,0.26,0.24,51.6,False,none,normal
2026-03-12 00:00:00,Building_D,29.69,0.2,0.5,0.25,0.25,49.1,False,none,normal
2026-03-12 01:00:00,Building_D,22.23,0.77,0.58,0.27,0.31,45.9,False,none,normal
2026-03-12 02:00:00,Building_D,18.17,0.2,0.5,0.23,0.27,45.7,False,none,normal
2026-03-12 03:00:00,Building_D,23.78,0.39,0.5,0.22,0.28,44.0,False,none,normal
2026-03-12 04:00:00,Building_D,19.44,0.24,0.5,0.25,0.25,50.7,False,none,normal
2026-03-12 05:00:00,Building_D,27.72,0.2,1.83,0.93,0.9,50.8,False,none,normal
2026-03-12 06:00:00,Building_D,57.92,3.03,7.62,3.78,3.84,49.6,False,none,normal
2026-03-12 07:00:00,Building_D,57.7,2.51,8.37,4.03,4.34,48.2,False,none,normal
2026-03-12 08:00:00,Building_D,100.38,4.75,19.77,8.96,10.81,45.3,False,none,normal
2026-03-12 09:00:00,Building_D,97.06,5.34,19.98,10.11,9.87,50.6,False,none,normal
2026-03-12 10:00:00,Building_D,99.58,4.83,22.11,11.26,10.85,50.9,False,none,normal
2026-03-12 11:00:00,Building_D,98.53,4.96,20.65,8.65,12.0,41.9,False,none,normal
2026-03-12 12:00:00,Building_D,95.22,5.15,18.64,8.39,10.25,45.0,False,none,normal
2026-03-12 13:00:00,Building_D,96.95,6.0,21.34,11.18,10.16,52.4,False,none,normal
2026-03-12 14:00:00,Building_D,95.3,5.11,18.42,8.6,9.82,46.7,False,none,normal
2026-03-12 15:00:00,Building_D,100.54,4.49,21.01,10.48,10.53,49.9,False,none,normal
2026-03-12 16:00:00,Building_D,96.11,4.69,19.68,9.17,10.51,46.6,False,none,normal
2026-03-12 17:00:00,Building_D,97.25,5.17,19.89,10.82,9.07,54.4,False,none,normal
2026-03-12 18:00:00,Building_D,104.9,5.07,20.12,9.23,10.89,45.9,False,none,normal
2026-03-12 19:00:00,Building_D,58.47,2.67,7.58,3.52,4.06,46.4,False,none,normal
2026-03-12 20:00:00,Building_D,58.62,2.52,7.14,3.46,3.68,48.5,False,none,normal
2026-03-12 21:00:00,Building_D,54.78,2.23,7.82,3.57,4.25,45.7,False,none,normal
2026-03-12 22:00:00,Building_D,54.27,2.86,7.35,4.07,3.28,55.4,False,none,normal
2026-03-12 23:00:00,Building_D,24.75,0.2,1.88,0.85,1.03,45.1,False,none,normal
2026-03-13 00:00:00,Building_D,30.14,0.52,1.14,0.55,0.59,48.1,False,none,normal
2026-03-13 01:00:00,Building_D,23.31,0.36,0.5,0.25,0.25,49.4,False,none,normal
2026-03-13 02:00:00,Building_D,26.35,0.2,2.34,1.18,1.16,50.4,False,none,normal
2026-03-13 03:00:00,Building_D,20.5,0.28,2.73,1.41,1.32,51.8,False,none,normal
2026-03-13 04:00:00,Building_D,26.81,0.35,1.16,0.57,0.59,49.4,False,none,normal
2026-03-13 05:00:00,Building_D,21.55,0.48,1.82,0.99,0.83,54.4,False,none,normal
2026-03-13 06:00:00,Building_D,56.2,2.03,9.8,5.35,4.45,54.6,False,none,normal
2026-03-13 07:00:00,Building_D,58.81,3.12,8.22,3.65,4.57,44.4,False,none,normal
2026-03-13 08:00:00,Building_D,93.27,4.52,20.54,9.48,11.06,46.1,False,none,normal
2026-03-13 09:00:00,Building_D,96.2,4.95,21.56,9.88,11.68,45.8,False,none,normal
2026-03-13 10:00:00,Building_D,95.66,4.82,21.64,10.33,11.31,47.7,False,none,normal
2026-03-13 11:00:00,Building_D,99.64,5.53,23.95,12.11,11.84,50.6,False,none,normal
2026-03-13 12:00:00,Building_D,100.69,4.57,20.98,10.12,10.86,48.2,False,none,normal
2026-03-13 13:00:00,Building_D,102.09,4.85,20.78,10.48,10.3,50.4,False,none,normal
2026-03-13 14:00:00,Building_D,106.11,5.53,22.05,11.23,10.82,50.9,False,none,normal
2026-03-13 15:00:00,Building_D,96.79,5.24,19.61,9.25,10.36,47.2,False,none,normal
2026-03-13 16:00:00,Building_D,105.63,5.18,20.81,10.28,10.53,49.4,False,none,normal
2026-03-13 17:00:00,Building_D,98.14,4.23,19.02,9.6,9.42,50.5,False,none,normal
2026-03-13 18:00:00,Building_D,94.84,4.95,19.06,8.6,10.46,45.1,False,none,normal
2026-03-13 19:00:00,Building_D,57.19,2.82,9.17,4.13,5.04,45.1,False,none,normal
2026-03-13 20:00:00,Building_D,58.43,1.99,7.89,4.09,3.8,51.8,False,none,normal
2026-03-13 21:00:00,Building_D,56.94,2.95,8.83,4.32,4.51,49.0,False,none,normal
2026-03-13 22:00:00,Building_D,56.21,2.31,6.07,2.6,3.47,42.8,False,none,normal
2026-03-13 23:00:00,Building_D,26.23,0.97,0.5,0.24,0.26,48.3,False,none,normal
2026-03-14 00:00:00,Building_D,15.95,0.2,0.8,0.37,0.43,45.9,False,none,normal
2026-03-14 01:00:00,Building_D,14.58,1.04,0.5,0.22,0.28,43.6,False,none,normal
2026-03-14 02:00:00,Building_D,22.76,0.41,1.0,0.47,0.53,46.6,False,none,normal
2026-03-14 03:00:00,Building_D,23.5,0.77,0.5,0.23,0.27,45.2,False,none,normal
2026-03-14 04:00:00,Building_D,25.6,0.25,0.5,0.23,0.27,46.1,False,none,normal
2026-03-14 05:00:00,Building_D,20.61,0.27,0.5,0.25,0.25,49.8,False,none,normal
2026-03-14 06:00:00,Building_D,26.5,0.38,1.63,0.75,0.88,46.0,False,none,normal
2026-03-14 07:00:00,Building_D,20.05,0.58,1.0,0.48,0.52,47.5,False,none,normal
2026-03-14 08:00:00,Building_D,24.95,0.2,0.5,0.26,0.24,51.9,False,none,normal
2026-03-14 09:00:00,Building_D,26.1,0.73,1.71,0.8,0.91,46.5,False,none,normal
2026-03-14 10:00:00,Building_D,24.96,0.79,4.19,2.15,2.04,51.2,False,none,normal
2026-03-14 11:00:00,Building_D,29.68,0.54,2.38,1.09,1.29,45.8,False,none,normal
2026-03-14 12:00:00,Building_D,24.19,0.7,3.48,1.66,1.82,47.6,False,none,normal
2026-03-14 13:00:00,Building_D,30.46,0.64,2.74,1.25,1.49,45.8,False,none,normal
2026-03-14 14:00:00,Building_D,34.6,0.88,7.22,3.37,3.85,46.7,False,none,normal
2026-03-14 15:00:00,Building_D,33.53,0.77,3.02,1.64,1.38,54.2,False,none,normal
2026-03-14 16:00:00,Building_D,35.77,0.27,2.2,1.04,1.16,47.5,False,none,normal
2026-03-14 17:00:00,Building_D,29.71,0.35,3.56,1.44,2.12,40.5,False,none,normal
2026-03-14 18:00:00,Building_D,32.29,1.14,4.47,2.12,2.35,47.4,False,none,normal
2026-03-14 19:00:00,Building_D,28.29,0.56,1.5,0.68,0.82,45.1,False,none,normal
2026-03-14 20:00:00,Building_D,28.33,0.44,2.38,1.27,1.11,53.4,False,none,normal
2026-03-14 21:00:00,Building_D,23.28,0.58,0.5,0.22,0.28,44.7,False,none,normal
2026-03-14 22:00:00,Building_D,24.63,0.63,0.5,0.24,0.26,47.7,False,none,normal
2026-03-14 23:00:00,Building_D,25.72,0.95,1.36,0.57,0.79,41.9,False,none,normal
2026-03-15 00:00:00,Building_D,18.03,0.32,2.17,0.99,1.18,45.6,False,none,normal
2026-03-15 01:00:00,Building_D,47.66,0.22,1.13,0.5,0.63,44.2,True,energy,off_hours
2026-03-15 02:00:00,Building_D,38.65,0.2,2.22,1.0,1.22,45.2,True,energy,off_hours
2026-03-15 03:00:00,Building_D,28.91,0.2,0.5,0.23,0.27,46.2,True,energy,off_hours
2026-03-15 04:00:00,Building_D,44.71,0.36,1.89,0.88,1.01,46.5,True,energy,off_hours
2026-03-15 05:00:00,Building_D,26.35,0.2,0.5,0.22,0.28,44.7,False,none,normal
2026-03-15 06:00:00,Building_D,17.73,0.2,0.99,0.46,0.53,46.9,False,none,normal
2026-03-15 07:00:00,Building_D,22.81,0.62,0.5,0.25,0.25,50.3,False,none,normal
2026-03-15 08:00:00,Building_D,17.43,0.24,0.5,0.25,0.25,50.6,False,none,normal
2026-03-15 09:00:00,Building_D,15.49,0.2,0.5,0.24,0.26,47.5,False,none,normal
2026-03-15 10:00:00,Building_D,31.14,1.16,3.3,1.71,1.59,51.9,False,none,normal
2026-03-15 11:00:00,Building_D,33.3,0.55,2.62,1.42,1.2,54.0,False,none,normal
2026-03-15 12:00:00,Building_D,36.69,1.17,4.57,2.28,2.29,49.9,False,none,normal
2026-03-15 13:00:00,Building_D,33.12,0.9,5.46,2.52,2.94,46.1,False,none,normal
2026-03-15 14:00:00,Building_D,32.74,0.28,1.71,0.94,0.77,55.3,False,none,normal
2026-03-15 15:00:00,Building_D,34.25,0.81,3.52,1.5,2.02,42.6,False,none,normal
2026-03-15 16:00:00,Building_D,30.07,0.37,3.07,1.56,1.51,50.7,False,none,normal
2026-03-15 17:00:00,Building_D,33.59,1.44,3.78,1.44,2.34,38.1,False,none,normal
2026-03-15 18:00:00,Building_D,39.58,0.59,3.62,1.75,1.87,48.4,False,none,normal
2026-03-15 19:00:00,Building_D,23.21,0.46,0.57,0.24,0.33,42.7,False,none,normal
2026-03-15 20:00:00,Building_D,32.59,0.67,0.55,0.3,0.25,55.4,False,none,normal
2026-03-15 21:00:00,Building_D,17.96,0.74,0.5,0.25,0.25,49.6,False,none,normal
2026-03-15 22:00:00,Building_D,23.94,0.2,0.5,0.27,0.23,54.3,False,none,normal
2026-03-15 23:00:00,Building_D,21.24,1.14,2.06,0.97,1.09,47.1,False,none,normal
2026-03-16 00:00:00,Building_D,21.01,1.02,3.01,1.41,1.6,46.9,False,none,normal
2026-03-16 01:00:00,Building_D,51.12,0.8,1.93,0.93,1.0,48.4,True,energy,off_hours
2026-03-16 02:00:00,Building_D,35.21,0.2,0.5,0.28,0.22,55.6,True,energy,off_hours
2026-03-16 03:00:00,Building_D,40.12,0.2,1.69,0.78,0.91,46.1,True,energy,off_hours
2026-03-16 04:00:00,Building_D,35.35,1.16,0.5,0.24,0.26,48.9,True,energy,off_hours
2026-03-16 05:00:00,Building_D,19.88,0.2,0.5,0.24,0.26,48.2,False,none,normal
2026-03-16 06:00:00,Building_D,53.71,2.7,7.77,3.63,4.14,46.7,False,none,normal
2026-03-16 07:00:00,Building_D,53.73,2.99,8.71,3.94,4.77,45.3,False,none,normal
2026-03-16 08:00:00,Building_D,93.08,4.33,21.9,11.31,10.59,51.6,False,none,normal
2026-03-16 09:00:00,Building_D,102.71,4.95,21.5,11.2,10.3,52.1,False,none,normal
2026-03-16 10:00:00,Building_D,98.24,4.86,19.36,9.62,9.74,49.7,False,none,normal
2026-03-16 11:00:00,Building_D,100.76,4.84,20.19,9.52,10.67,47.1,False,none,normal
2026-03-16 12:00:00,Building_D,101.69,4.51,19.21,8.39,10.82,43.7,False,none,normal
2026-03-16 13:00:00,Building_D,97.93,5.1,19.25,9.94,9.31,51.6,False,none,normal
2026-03-16 14:00:00,Building_D,104.37,5.13,21.88,9.7,12.18,44.3,False,none,normal
2026-03-16 15:00:00,Building_D,94.95,5.17,20.49,9.1,11.39,44.4,False,none,normal
2026-03-16 16:00:00,Building_D,104.22,5.09,21.38,9.69,11.69,45.3,False,none,normal
2026-03-16 17:00:00,Building_D,105.24,4.93,21.76,9.94,11.82,45.7,False,none,normal
2026-03-16 18:00:00,Building_D,99.19,5.18,22.93,10.6,12.33,46.2,False,none,normal
2026-03-16 19:00:00,Building_D,58.02,2.7,6.13,2.41,3.72,39.3,False,none,normal
2026-03-16 20:00:00,Building_D,53.22,2.83,9.88,4.38,5.5,44.3,False,none,normal
2026-03-16 21:00:00,Building_D,52.34,3.03,7.14,3.32,3.82,46.5,False,none,normal
2026-03-16 22:00:00,Building_D,63.04,2.95,8.94,3.68,5.26,41.2,False,none,normal
2026-03-16 23:00:00,Building_D,17.21,0.83,0.87,0.39,0.48,44.9,False,none,normal
2026-03-17 00:00:00,Building_D,20.87,0.83,2.32,1.11,1.21,48.0,False,none,normal
2026-03-17 01:00:00,Building_D,35.1,0.34,2.1,1.12,0.98,53.3,True,energy,off_hours
2026-03-17 02:00:00,Building_D,41.44,0.25,1.79,0.98,0.81,54.5,True,energy,off_hours
2026-03-17 03:00:00,Building_D,29.57,0.36,1.88,0.91,0.97,48.3,True,energy,off_hours
2026-03-17 04:00:00,Building_D,36.52,0.5,0.93,0.4,0.53,43.5,True,energy,off_hours
2026-03-17 05:00:00,Building_D,22.61,0.57,0.5,0.22,0.28,44.9,False,none,normal
2026-03-17 06:00:00,Building_D,55.05,2.15,8.84,3.9,4.94,44.1,False,none,normal
2026-03-17 07:00:00,Building_D,57.96,2.36,6.98,3.73,3.25,53.5,False,none,normal
2026-03-17 08:00:00,Building_D,98.0,4.75,19.62,9.68,9.94,49.4,False,none,normal
2026-03-17 09:00:00,Building_D,101.83,5.43,20.33,9.57,10.76,47.1,False,none,normal
2026-03-17 10:00:00,Building_D,99.04,5.05,19.61,10.56,9.05,53.8,False,none,normal
2026-03-17 11:00:00,Building_D,98.61,5.17,21.04,10.44,10.6,49.6,False,none,normal
2026-03-17 12:00:00,Building_D,94.5,4.98,23.27,12.65,10.62,54.3,False,none,normal
2026-03-17 13:00:00,Building_D,99.15,4.86,17.87,8.22,9.65,46.0,False,none,normal
2026-03-17 14:00:00,Building_D,98.21,4.88,20.24,10.22,10.02,50.5,False,none,normal
2026-03-17 15:00:00,Building_D,94.52,5.08,20.4,9.07,11.33,44.5,False,none,normal
2026-03-17 16:00:00,Building_D,105.22,5.25,19.59,9.81,9.78,50.1,False,none,normal
2026-03-17 17:00:00,Building_D,92.96,4.75,22.13,10.93,11.2,49.4,False,none,normal
2026-03-17 18:00:00,Building_D,99.61,5.33,21.27,9.98,11.29,46.9,False,none,normal
2026-03-17 19:00:00,Building_D,60.95,1.9,7.02,3.34,3.68,47.6,False,none,normal
2026-03-17 20:00:00,Building_D,59.4,2.38,5.68,2.29,3.39,40.3,False,none,normal
2026-03-17 21:00:00,Building_D,56.93,2.33,6.73,2.94,3.79,43.7,False,none,normal
2026-03-17 22:00:00,Building_D,57.74,2.95,7.98,4.25,3.73,53.3,False,none,normal
2026-03-17 23:00:00,Building_D,20.75,0.6,2.11,1.0,1.11,47.4,False,none,normal
2026-03-18 00:00:00,Building_D,22.35,0.31,1.2,0.62,0.58,51.6,False,none,normal
2026-03-18 01:00:00,Building_D,23.65,0.36,0.5,0.24,0.26,47.8,False,none,normal
2026-03-18 02:00:00,Building_D,21.48,0.52,0.63,0.34,0.29,54.3,False,none,normal
2026-03-18 03:00:00,Building_D,19.46,0.2,0.5,0.23,0.27,45.5,False,none,normal
2026-03-18 04:00:00,Building_D,26.57,0.2,0.5,0.25,0.25,49.7,False,none,normal
2026-03-18 05:00:00,Building_D,25.64,0.2,0.5,0.22,0.28,44.9,False,none,normal
2026-03-18 06:00:00,Building_D,59.83,2.54,6.92,3.53,3.39,51.0,False,none,normal
2026-03-18 07:00:00,Building_D,57.7,2.46,5.89,2.65,3.24,44.9,False,none,normal
2026-03-18 08:00:00,Building_D,106.35,4.87,19.39,9.01,10.38,46.5,False,none,normal
2026-03-18 09:00:00,Building_D,99.0,5.3,21.28,9.64,11.64,45.3,False,none,normal
2026-03-18 10:00:00,Building_D,103.61,5.27,20.0,9.5,10.5,47.5,False,none,normal
2026-03-18 11:00:00,Building_D,100.92,5.36,18.71,9.03,9.68,48.3,False,none,normal
2026-03-18 12:00:00,Building_D,98.4,4.79,19.84,10.36,9.48,52.2,False,none,normal
2026-03-18 13:00:00,Building_D,100.66,5.72,19.85,9.64,10.21,48.5,False,none,normal
2026-03-18 14:00:00,Building_D,99.76,5.3,22.17,10.72,11.45,48.4,False,none,normal
2026-03-18 15:00:00,Building_D,94.14,4.74,20.71,10.87,9.84,52.5,False,none,normal
2026-03-18 16:00:00,Building_D,92.73,4.58,21.44,9.18,12.26,42.8,False,none,normal
2026-03-18 17:00:00,Building_D,94.02,5.38,20.27,9.49,10.78,46.8,False,none,normal
2026-03-18 18:00:00,Building_D,103.99,4.62,19.02,10.37,8.65,54.5,False,none,normal
2026-03-18 19:00:00,Building_D,58.14,2.73,7.45,3.54,3.91,47.6,False,none,normal
2026-03-18 20:00:00,Building_D,54.39,2.6,8.82,4.3,4.52,48.8,False,none,normal
2026-03-18 21:00:00,Building_D,61.45,2.73,6.56,3.11,3.45,47.4,False,none,normal
2026-03-18 22:00:00,Building_D,55.41,2.76,8.38,4.07,4.31,48.5,False,none,normal
2026-03-18 23:00:00,Building_D,26.3,0.2,0.5,0.23,0.27,45.9,False,none,normal
2026-03-19 00:00:00,Building_D,23.25,0.63,0.5,0.21,0.29,42.7,False,none,normal
2026-03-19 01:00:00,Building_D,23.87,0.48,0.5,0.23,0.27,46.8,False,none,normal
2026-03-19 02:00:00,Building_D,23.74,1.02,0.5,0.26,0.24,51.2,False,none,normal
2026-03-19 03:00:00,Building_D,17.94,0.2,0.5,0.25,0.25,50.4,False,none,normal
2026-03-19 04:00:00,Building_D,22.77,0.33,1.04,0.5,0.54,48.2,False,none,normal
2026-03-19 05:00:00,Building_D,22.69,0.33,0.5,0.27,0.23,54.8,False,none,normal
2026-03-19 06:00:00,Building_D,62.81,3.05,7.18,3.25,3.93,45.3,False,none,normal
2026-03-19 07:00:00,Building_D,55.55,2.87,7.82,3.58,4.24,45.8,False,none,normal
2026-03-19 08:00:00,Building_D,99.98,4.73,18.91,9.17,9.74,48.5,False,none,normal
2026-03-19 09:00:00,Building_D,96.46,4.98,17.31,7.69,9.62,44.4,False,none,normal
2026-03-19 10:00:00,Building_D,98.34,4.46,18.76,9.03,9.73,48.2,False,none,normal
2026-03-19 11:00:00,Building_D,101.33,4.68,20.22,9.51,10.71,47.0,False,none,normal
2026-03-19 12:00:00,Building_D,92.27,5.4,20.32,9.61,10.71,47.3,False,none,normal
2026-03-19 13:00:00,Building_D,100.01,4.44,21.64,11.3,10.34,52.2,False,none,normal
2026-03-19 14:00:00,Building_D,99.08,5.15,20.14,10.36,9.78,51.5,False,none,normal
2026-03-19 15:00:00,Building_D,95.23,4.98,20.57,9.84,10.73,47.8,False,none,normal
2026-03-19 16:00:00,Building_D,102.8,5.75,20.4,10.18,10.22,49.9,False,none,normal
2026-03-19 17:00:00,Building_D,95.31,5.35,19.91,12.06,7.85,60.6,False,none,normal
2026-03-19 18:00:00,Building_D,91.84,5.74,21.72,9.45,12.27,43.5,False,none,normal
2026-03-19 19:00:00,Building_D,66.48,2.17,7.45,3.19,4.26,42.8,False,none,normal
2026-03-19 20:00:00,Building_D,56.62,2.48,8.82,5.09,3.73,57.8,False,none,normal
2026-03-19 21:00:00,Building_D,55.15,1.53,8.6,3.94,4.66,45.8,False,none,normal
2026-03-19 22:00:00,Building_D,64.48,2.48,6.91,3.04,3.87,43.9,False,none,normal
2026-03-19 23:00:00,Building_D,24.74,0.34,2.25,1.06,1.19,47.2,False,none,normal
2026-03-20 00:00:00,Building_D,27.9,0.2,0.5,0.26,0.24,51.3,False,none,normal
2026-03-20 01:00:00,Building_D,20.39,0.35,0.5,0.22,0.28,43.7,False,none,normal
2026-03-20 02:00:00,Building_D,24.79,0.43,0.5,0.26,0.24,51.2,False,none,normal
2026-03-20 03:00:00,Building_D,26.95,0.4,1.69,0.74,0.95,44.0,False,none,normal
2026-03-20 04:00:00,Building_D,24.56,0.5,0.5,0.28,0.22,56.2,False,none,normal
2026-03-20 05:00:00,Building_D,23.18,0.23,0.51,0.23,0.28,44.5,False,none,normal
2026-03-20 06:00:00,Building_D,52.58,2.34,7.36,3.3,4.06,44.8,False,none,normal
2026-03-20 07:00:00,Building_D,62.21,2.23,6.7,2.9,3.8,43.3,False,none,normal
2026-03-20 08:00:00,Building_D,93.39,5.35,20.85,10.58,10.27,50.8,False,none,normal
2026-03-20 09:00:00,Building_D,102.59,4.87,22.3,10.14,12.16,45.5,False,none,normal
2026-03-20 10:00:00,Building_D,94.14,5.12,20.71,10.06,10.65,48.6,False,none,normal
2026-03-20 11:00:00,Building_D,102.58,5.02,20.91,11.17,9.74,53.4,False,none,normal
2026-03-20 12:00:00,Building_D,99.59,5.16,18.83,11.84,6.99,62.9,False,none,normal
2026-03-20 13:00:00,Building_D,92.16,4.8,19.85,11.2,8.65,56.4,False,none,normal
2026-03-20 14:00:00,Building_D,96.12,5.14,19.86,8.71,11.15,43.8,False,none,normal
2026-03-20 15:00:00,Building_D,100.8,4.74,20.78,10.5,10.28,50.5,False,none,normal
2026-03-20 16:00:00,Building_D,106.15,4.55,20.35,9.68,10.67,47.6,False,none,normal
2026-03-20 17:00:00,Building_D,98.52,5.89,20.33,7.71,12.62,37.9,False,none,normal
2026-03-20 18:00:00,Building_D,97.73,4.95,20.25,9.14,11.11,45.1,False,none,normal
2026-03-20 19:00:00,Building_D,51.92,3.25,8.2,3.87,4.33,47.2,False,none,normal
2026-03-20 20:00:00,Building_D,65.72,2.19,8.55,3.68,4.87,43.0,False,none,normal
2026-03-20 21:00:00,Building_D,60.21,2.1,8.39,4.68,3.71,55.8,False,none,normal
2026-03-20 22:00:00,Building_D,57.58,1.73,7.87,3.93,3.94,49.9,False,none,normal
2026-03-20 23:00:00,Building_D,25.85,0.96,2.32,1.1,1.22,47.5,False,none,normal
2026-03-21 00:00:00,Building_D,19.61,0.2,0.5,0.25,0.25,49.9,False,none,normal
2026-03-21 01:00:00,Building_D,16.85,0.2,1.16,0.53,0.63,45.4,False,none,normal
2026-03-21 02:00:00,Building_D,23.73,0.2,0.83,0.37,0.46,44.9,False,none,normal
2026-03-21 03:00:00,Building_D,14.64,0.77,0.5,0.24,0.26,47.0,False,none,normal
2026-03-21 04:00:00,Building_D,19.48,0.63,0.89,0.45,0.44,50.2,False,none,normal
2026-03-21 05:00:00,Building_D,20.05,0.42,0.99,0.54,0.45,54.2,False,none,normal
2026-03-21 06:00:00,Building_D,23.47,0.2,0.81,0.38,0.43,47.3,False,none,normal
2026-03-21 07:00:00,Building_D,14.25,0.2,0.5,0.24,0.26,48.1,False,none,normal
2026-03-21 08:00:00,Building_D,21.07,0.75,0.5,0.21,0.29,42.5,False,none,normal
2026-03-21 09:00:00,Building_D,18.94,0.23,0.5,0.22,0.28,44.8,False,none,normal
2026-03-21 10:00:00,Building_D,23.21,0.2,3.57,1.55,2.02,43.5,False,none,normal
2026-03-21 11:00:00,Building_D,23.76,1.1,5.28,2.51,2.77,47.6,False,none,normal
2026-03-21 12:00:00,Building_D,32.85,0.98,0.65,0.34,0.31,51.6,False,none,normal
2026-03-21 13:00:00,Building_D,36.74,1.52,2.9,1.26,1.64,43.5,False,none,normal
2026-03-21 14:00:00,Building_D,37.21,1.05,4.47,2.03,2.44,45.4,False,none,normal
2026-03-21 15:00:00,Building_D,32.87,0.51,3.42,1.59,1.83,46.6,False,none,normal
2026-03-21 16:00:00,Building_D,41.15,1.07,0.84,0.4,0.44,48.0,False,none,normal
2026-03-21 17:00:00,Building_D,33.25,0.71,2.1,1.06,1.04,50.6,False,none,normal
2026-03-21 18:00:00,Building_D,27.94,1.08,2.17,1.0,1.17,45.9,False,none,normal
2026-03-21 19:00:00,Building_D,26.07,0.61,0.53,0.25,0.28,47.9,False,none,normal
2026-03-21 20:00:00,Building_D,22.61,0.2,0.5,0.25,0.25,50.3,False,none,normal
2026-03-21 21:00:00,Building_D,28.37,0.65,0.79,0.34,0.45,43.2,False,none,normal
2026-03-21 22:00:00,Building_D,25.76,0.61,1.4,0.73,0.67,52.1,False,none,normal
2026-03-21 23:00:00,Building_D,28.59,0.2,0.5,0.24,0.26,48.6,False,none,normal
2026-03-22 00:00:00,Building_D,18.56,0.2,1.95,0.86,1.09,44.0,False,none,normal
2026-03-22 01:00:00,Building_D,22.2,0.2,0.56,0.3,0.26,52.7,False,none,normal
2026-03-22 02:00:00,Building_D,27.1,0.81,0.5,0.26,0.24,52.4,False,none,normal
2026-03-22 03:00:00,Building_D,23.97,0.29,0.95,0.49,0.46,51.5,False,none,normal
2026-03-22 04:00:00,Building_D,16.94,0.2,0.5,0.22,0.28,43.1,False,none,normal
2026-03-22 05:00:00,Building_D,17.3,0.29,1.68,0.87,0.81,51.9,False,none,normal
2026-03-22 06:00:00,Building_D,23.53,0.5,2.99,1.37,1.62,45.8,False,none,normal
2026-03-22 07:00:00,Building_D,23.21,0.23,0.5,0.26,0.24,52.7,False,none,normal
2026-03-22 08:00:00,Building_D,21.03,0.68,0.5,0.26,0.24,53.0,False,none,normal
2026-03-22 09:00:00,Building_D,18.26,0.85,1.56,0.64,0.92,40.8,False,none,normal
2026-03-22 10:00:00,Building_D,29.71,1.24,5.39,2.74,2.65,50.9,False,none,normal
2026-03-22 11:00:00,Building_D,30.19,0.54,4.1,1.9,2.2,46.3,False,none,normal
2026-03-22 12:00:00,Building_D,30.25,0.8,4.48,2.47,2.01,55.2,False,none,normal
2026-03-22 13:00:00,Building_D,35.89,0.88,2.34,1.19,1.15,50.7,False,none,normal
2026-03-22 14:00:00,Building_D,38.44,1.23,3.67,1.69,1.98,46.0,False,none,normal
2026-03-22 15:00:00,Building_D,33.16,1.28,3.7,1.76,1.94,47.6,False,none,normal
2026-03-22 16:00:00,Building_D,29.03,1.79,2.35,1.04,1.31,44.1,False,none,normal
2026-03-22 17:00:00,Building_D,32.44,0.81,4.65,2.43,2.22,52.2,False,none,normal
2026-03-22 18:00:00,Building_D,26.92,0.62,2.37,1.21,1.16,51.1,False,none,normal
2026-03-22 19:00:00,Building_D,23.96,0.31,0.75,0.33,0.42,43.5,False,none,normal
2026-03-22 20:00:00,Building_D,19.28,0.2,0.66,0.32,0.34,48.6,False,none,normal
2026-03-22 21:00:00,Building_D,18.31,0.59,1.76,0.77,0.99,43.9,False,none,normal
2026-03-22 22:00:00,Building_D,20.94,0.62,0.5,0.21,0.29,42.5,False,none,normal
2026-03-22 23:00:00,Building_D,20.48,0.27,0.5,0.24,0.26,47.5,False,none,normal
2026-03-23 00:00:00,Building_D,28.51,0.37,0.5,0.24,0.26,48.4,False,none,normal
2026-03-23 01:00:00,Building_D,29.24,0.38,0.5,0.23,0.27,46.8,False,none,normal
2026-03-23 02:00:00,Building_D,24.58,0.33,0.5,0.23,0.27,45.3,False,none,normal
2026-03-23 03:00:00,Building_D,21.99,0.63,0.5,0.23,0.27,46.8,False,none,normal
2026-03-23 04:00:00,Building_D,22.43,0.2,0.5,0.25,0.25,49.9,False,none,normal
2026-03-23 05:00:00,Building_D,17.5,0.55,0.5,0.22,0.28,43.7,False,none,normal
2026-03-23 06:00:00,Building_D,54.55,2.97,5.76,2.66,3.1,46.1,False,none,normal
2026-03-23 07:00:00,Building_D,57.1,2.9,10.16,4.71,5.45,46.3,False,none,normal
2026-03-23 08:00:00,Building_D,100.68,4.95,20.41,10.02,10.39,49.1,False,none,normal
2026-03-23 09:00:00,Building_D,92.18,4.97,21.08,9.39,11.69,44.6,False,none,normal
2026-03-23 10:00:00,Building_D,100.35,4.38,20.65,11.02,9.63,53.4,False,none,normal
2026-03-23 11:00:00,Building_D,97.65,4.64,18.83,9.33,9.5,49.6,False,none,normal
2026-03-23 12:00:00,Building_D,102.23,4.97,19.98,8.05,11.93,40.3,False,none,normal
2026-03-23 13:00:00,Building_D,99.02,4.75,19.78,10.77,9.01,54.5,False,none,normal
2026-03-23 14:00:00,Building_D,91.31,4.4,20.81,9.67,11.14,46.5,False,none,normal
2026-03-23 15:00:00,Building_D,96.45,5.08,20.84,9.19,11.65,44.1,False,none,normal
2026-03-23 16:00:00,Building_D,96.15,5.0,20.74,10.36,10.38,49.9,False,none,normal
2026-03-23 17:00:00,Building_D,96.19,5.11,21.68,10.45,11.23,48.2,False,none,normal
2026-03-23 18:00:00,Building_D,98.11,4.9,19.79,8.76,11.03,44.2,False,none,normal
2026-03-23 19:00:00,Building_D,56.01,2.65,6.76,3.22,3.54,47.7,False,none,normal
2026-03-23 20:00:00,Building_D,56.44,3.12,8.69,4.42,4.27,50.8,False,none,normal
2026-03-23 21:00:00,Building_D,60.89,2.3,9.48,4.61,4.87,48.6,False,none,normal
2026-03-23 22:00:00,Building_D,57.03,2.07,7.34,3.0,4.34,40.9,False,none,normal
2026-03-23 23:00:00,Building_D,21.25,0.24,0.5,0.21,0.29,42.5,False,none,normal
2026-03-24 00:00:00,Building_D,25.06,0.65,2.52,1.38,1.14,54.6,False,none,normal
2026-03-24 01:00:00,Building_D,22.87,0.8,0.8,0.37,0.43,46.3,False,none,normal
2026-03-24 02:00:00,Building_D,21.13,0.66,5.39,2.84,2.55,52.7,False,none,normal
2026-03-24 03:00:00,Building_D,23.23,0.61,1.06,0.5,0.56,47.6,False,none,normal
2026-03-24 04:00:00,Building_D,25.27,0.39,0.5,0.25,0.25,49.9,False,none,normal
2026-03-24 05:00:00,Building_D,24.71,0.39,0.86,0.45,0.41,51.8,False,none,normal
2026-03-24 06:00:00,Building_D,57.0,2.34,6.97,3.27,3.7,47.0,False,none,normal
2026-03-24 07:00:00,Building_D,63.34,2.42,8.25,3.85,4.4,46.7,False,none,normal
2026-03-24 08:00:00,Building_D,96.88,4.68,20.66,9.49,11.17,45.9,False,none,normal
2026-03-24 09:00:00,Building_D,103.61,4.95,20.48,9.68,10.8,47.3,False,none,normal
2026-03-24 10:00:00,Building_D,100.0,5.51,19.29,9.47,9.82,49.1,False,none,normal
2026-03-24 11:00:00,Building_D,92.25,5.42,20.41,8.58,11.83,42.0,False,none,normal
2026-03-24 12:00:00,Building_D,93.42,5.27,18.54,9.11,9.43,49.1,False,none,normal
2026-03-24 13:00:00,Building_D,96.81,4.92,19.73,8.72,11.01,44.2,False,none,normal
2026-03-24 14:00:00,Building_D,96.57,5.19,20.18,10.03,10.15,49.7,False,none,normal
2026-03-24 15:00:00,Building_D,97.55,5.2,21.03,9.64,11.39,45.8,False,none,normal
2026-03-24 16:00:00,Building_D,94.71,5.32,19.56,9.78,9.78,50.0,False,none,normal
2026-03-24 17:00:00,Building_D,98.64,4.83,21.05,11.26,9.79,53.5,False,none,normal
2026-03-24 18:00:00,Building_D,101.02,5.03,22.48,9.28,13.2,41.3,False,none,normal
2026-03-24 19:00:00,Building_D,52.76,2.33,9.53,4.93,4.6,51.8,False,none,normal
2026-03-24 20:00:00,Building_D,50.34,2.34,6.23,2.98,3.25,47.8,False,none,normal
2026-03-24 21:00:00,Building_D,60.81,2.84,8.14,3.77,4.37,46.3,False,none,normal
2026-03-24 22:00:00,Building_D,56.82,2.73,10.64,4.6,6.04,43.3,False,none,normal
2026-03-24 23:00:00,Building_D,28.6,0.53,1.47,0.72,0.75,48.7,False,none,normal
2026-03-25 00:00:00,Building_D,27.86,0.56,0.5,0.25,0.25,49.8,False,none,normal
2026-03-25 01:00:00,Building_D,26.75,0.44,0.5,0.24,0.26,47.5,False,none,normal
2026-03-25 02:00:00,Building_D,22.64,0.42,0.5,0.27,0.23,53.3,False,none,normal
2026-03-25 03:00:00,Building_D,12.75,0.47,0.62,0.35,0.27,56.4,False,none,normal
2026-03-25 04:00:00,Building_D,22.19,0.6,0.64,0.31,0.33,48.4,False,none,normal
2026-03-25 05:00:00,Building_D,29.3,0.2,0.5,0.26,0.24,51.0,False,none,normal
2026-03-25 06:00:00,Building_D,58.23,2.39,7.74,4.0,3.74,51.7,False,none,normal
2026-03-25 07:00:00,Building_D,59.15,2.24,8.11,3.88,4.23,47.8,False,none,normal
2026-03-25 08:00:00,Building_D,100.4,4.87,19.09,9.68,9.41,50.7,False,none,normal
2026-03-25 09:00:00,Building_D,100.71,5.48,18.96,9.05,9.91,47.7,False,none,normal
2026-03-25 10:00:00,Building_D,97.6,4.85,18.69,8.17,10.52,43.7,False,none,normal
2026-03-25 11:00:00,Building_D,99.6,4.81,19.54,10.5,9.04,53.7,False,none,normal
2026-03-25 12:00:00,Building_D,108.02,4.97,18.73,9.29,9.44,49.6,False,none,normal
2026-03-25 13:00:00,Building_D,90.18,4.51,21.03,8.93,12.1,42.5,False,none,normal
2026-03-25 14:00:00,Building_D,97.34,4.47,20.6,10.81,9.79,52.5,False,none,normal
2026-03-25 15:00:00,Building_D,96.07,4.98,19.56,8.81,10.75,45.0,False,none,normal
2026-03-25 16:00:00,Building_D,95.19,5.26,18.84,8.79,10.05,46.7,False,none,normal
2026-03-25 17:00:00,Building_D,100.16,5.31,21.06,10.05,11.01,47.7,False,none,normal
2026-03-25 18:00:00,Building_D,96.24,5.31,19.49,8.69,10.8,44.6,False,none,normal
2026-03-25 19:00:00,Building_D,62.62,2.62,8.3,4.18,4.12,50.4,False,none,normal
2026-03-25 20:00:00,Building_D,56.83,1.99,8.12,3.89,4.23,47.9,False,none,normal
2026-03-25 21:00:00,Building_D,53.77,2.11,7.77,3.31,4.46,42.6,False,none,normal
2026-03-25 22:00:00,Building_D,56.63,2.4,7.68,3.81,3.87,49.6,False,none,normal
2026-03-25 23:00:00,Building_D,24.73,0.2,1.53,0.72,0.81,47.1,False,none,normal
2026-03-26 00:00:00,Building_D,29.26,0.24,0.5,0.26,0.24,51.3,False,none,normal
2026-03-26 01:00:00,Building_D,23.95,0.86,0.86,0.49,0.37,57.4,False,none,normal
2026-03-26 02:00:00,Building_D,21.49,0.81,0.5,0.25,0.25,50.0,False,none,normal
2026-03-26 03:00:00,Building_D,24.96,0.73,1.42,0.5,0.92,35.1,False,none,normal
2026-03-26 04:00:00,Building_D,21.97,0.24,0.5,0.23,0.27,46.9,False,none,normal
2026-03-26 05:00:00,Building_D,26.16,0.51,0.5,0.21,0.29,42.1,False,none,normal
2026-03-26 06:00:00,Building_D,63.34,2.27,7.67,4.34,3.33,56.6,False,none,normal
2026-03-26 07:00:00,Building_D,54.72,2.4,8.1,3.37,4.73,41.6,False,none,normal
2026-03-26 08:00:00,Building_D,91.63,4.82,20.0,9.71,10.29,48.5,False,none,normal
2026-03-26 09:00:00,Building_D,94.61,5.14,17.95,8.57,9.38,47.7,False,none,normal
2026-03-26 10:00:00,Building_D,99.96,5.1,20.34,9.23,11.11,45.4,False,none,normal
2026-03-26 11:00:00,Building_D,97.75,5.42,19.82,10.29,9.53,51.9,False,none,normal
2026-03-26 12:00:00,Building_D,103.07,4.38,20.38,8.99,11.39,44.1,False,none,normal
2026-03-26 13:00:00,Building_D,92.51,5.26,21.1,10.35,10.75,49.1,False,none,normal
2026-03-26 14:00:00,Building_D,94.18,5.06,18.96,9.16,9.8,48.3,False,none,normal
2026-03-26 15:00:00,Building_D,95.87,5.35,20.1,9.83,10.27,48.9,False,none,normal
2026-03-26 16:00:00,Building_D,99.45,4.96,20.66,10.17,10.49,49.2,False,none,normal
2026-03-26 17:00:00,Building_D,94.93,5.13,21.57,10.7,10.87,49.6,False,none,normal
2026-03-26 18:00:00,Building_D,97.1,5.05,20.1,9.55,10.55,47.5,False,none,normal
2026-03-26 19:00:00,Building_D,52.45,2.98,10.15,4.59,5.56,45.2,False,none,normal
2026-03-26 20:00:00,Building_D,60.35,3.0,6.67,2.63,4.04,39.4,False,none,normal
2026-03-26 21:00:00,Building_D,63.27,2.49,7.2,3.47,3.73,48.2,False,none,normal
2026-03-26 22:00:00,Building_D,55.73,3.53,7.19,3.55,3.64,49.3,False,none,normal
2026-03-26 23:00:00,Building_D,27.42,0.89,1.8,0.83,0.97,46.3,False,none,normal
2026-03-27 00:00:00,Building_D,21.64,0.2,0.5,0.24,0.26,48.1,False,none,normal
2026-03-27 01:00:00,Building_D,25.21,1.07,1.34,0.7,0.64,52.3,False,none,normal
2026-03-27 02:00:00,Building_D,22.18,0.89,0.5,0.26,0.24,52.6,False,none,normal
2026-03-27 03:00:00,Building_D,25.46,0.58,0.5,0.26,0.24,52.4,False,none,normal
2026-03-27 04:00:00,Building_D,23.76,0.69,0.87,0.43,0.44,49.9,False,none,normal
2026-03-27 05:00:00,Building_D,27.45,0.27,1.05,0.47,0.58,44.9,False,none,normal
2026-03-27 06:00:00,Building_D,59.51,2.58,7.07,3.42,3.65,48.4,False,none,normal
2026-03-27 07:00:00,Building_D,54.93,2.36,8.25,4.05,4.2,49.1,False,none,normal
2026-03-27 08:00:00,Building_D,90.84,5.12,20.17,9.35,10.82,46.3,False,none,normal
2026-03-27 09:00:00,Building_D,94.01,4.97,19.91,10.57,9.34,53.1,False,none,normal
2026-03-27 10:00:00,Building_D,91.52,4.65,19.3,9.46,9.84,49.0,False,none,normal
2026-03-27 11:00:00,Building_D,103.21,5.16,19.22,8.9,10.32,46.3,False,none,normal
2026-03-27 12:00:00,Building_D,95.28,5.16,20.0,8.47,11.53,42.3,False,none,normal
2026-03-27 13:00:00,Building_D,100.86,5.43,20.32,9.85,10.47,48.5,False,none,normal
2026-03-27 14:00:00,Building_D,92.5,4.27,18.32,8.76,9.56,47.8,False,none,normal
2026-03-27 15:00:00,Building_D,97.29,5.18,20.3,10.55,9.75,52.0,False,none,normal
2026-03-27 16:00:00,Building_D,102.01,4.87,19.33,7.8,11.53,40.3,False,none,normal
2026-03-27 17:00:00,Building_D,104.25,4.66,18.74,9.09,9.65,48.5,False,none,normal
2026-03-27 18:00:00,Building_D,92.57,5.03,20.13,10.41,9.72,51.7,False,none,normal
2026-03-27 19:00:00,Building_D,60.55,2.88,8.07,3.6,4.47,44.6,False,none,normal
2026-03-27 20:00:00,Building_D,53.06,2.31,10.22,4.8,5.42,47.0,False,none,normal
2026-03-27 21:00:00,Building_D,57.85,3.03,8.13,3.66,4.47,45.0,False,none,normal
2026-03-27 22:00:00,Building_D,60.13,2.34,8.17,4.09,4.08,50.0,False,none,normal
2026-03-27 23:00:00,Building_D,20.27,0.51,2.41,1.1,1.31,45.5,False,none,normal
2026-03-28 00:00:00,Building_D,27.51,0.23,2.65,1.18,1.47,44.6,False,none,normal
2026-03-28 01:00:00,Building_D,20.67,0.97,2.35,1.2,1.15,51.3,False,none,normal
2026-03-28 02:00:00,Building_D,17.92,0.47,0.5,0.22,0.28,44.6,False,none,normal
2026-03-28 03:00:00,Building_D,25.03,0.2,0.5,0.21,0.29,41.5,False,none,normal
2026-03-28 04:00:00,Building_D,29.1,0.26,0.5,0.22,0.28,43.9,False,none,normal
2026-03-28 05:00:00,Building_D,27.72,0.2,0.5,0.23,0.27,46.7,False,none,normal
2026-03-28 06:00:00,Building_D,22.16,0.67,0.5,0.27,0.23,54.2,False,none,normal
2026-03-28 07:00:00,Building_D,19.57,0.2,0.5,0.22,0.28,44.9,False,none,normal
2026-03-28 08:00:00,Building_D,17.57,0.7,0.5,0.24,0.26,47.5,False,none,normal
2026-03-28 09:00:00,Building_D,18.13,0.2,1.82,0.99,0.83,54.4,False,none,normal
2026-03-28 10:00:00,Building_D,36.86,0.37,1.82,1.02,0.8,55.9,False,none,normal
2026-03-28 11:00:00,Building_D,30.76,0.4,4.72,2.28,2.44,48.3,False,none,normal
2026-03-28 12:00:00,Building_D,34.06,0.2,3.03,1.57,1.46,51.8,False,none,normal
2026-03-28 13:00:00,Building_D,29.22,1.31,1.84,0.87,0.97,47.5,False,none,normal
2026-03-28 14:00:00,Building_D,38.36,0.48,3.75,1.89,1.86,50.3,False,none,normal
2026-03-28 15:00:00,Building_D,32.15,0.79,2.37,1.16,1.21,48.8,False,none,normal
2026-03-28 16:00:00,Building_D,31.37,0.38,4.74,2.1,2.64,44.4,False,none,normal
2026-03-28 17:00:00,Building_D,26.14,0.67,2.35,1.1,1.25,47.0,False,none,normal
2026-03-28 18:00:00,Building_D,26.81,1.04,5.08,2.46,2.62,48.4,False,none,normal
2026-03-28 19:00:00,Building_D,16.47,0.2,0.75,0.3,0.45,40.1,False,none,normal
2026-03-28 20:00:00,Building_D,17.32,0.2,0.63,0.36,0.27,56.6,False,none,normal
2026-03-28 21:00:00,Building_D,17.2,0.73,0.5,0.21,0.29,42.7,False,none,normal
2026-03-28 22:00:00,Building_D,28.5,1.2,0.98,0.48,0.5,49.5,False,none,normal
2026-03-28 23:00:00,Building_D,22.5,0.39,0.9,0.46,0.44,50.7,False,none,normal
2026-03-29 00:00:00,Building_D,28.9,0.26,0.64,0.3,0.34,47.6,False,none,normal
2026-03-29 01:00:00,Building_D,26.34,1.28,1.76,0.9,0.86,51.2,False,none,normal
2026-03-29 02:00:00,Building_D,25.88,0.88,3.39,1.4,1.99,41.3,False,none,normal
2026-03-29 03:00:00,Building_D,24.64,0.2,1.63,0.82,0.81,50.2,False,none,normal
2026-03-29 04:00:00,Building_D,20.06,0.2,0.5,0.24,0.26,48.9,False,none,normal
2026-03-29 05:00:00,Building_D,21.99,0.22,0.5,0.24,0.26,47.8,False,none,normal
2026-03-29 06:00:00,Building_D,19.04,0.72,0.5,0.21,0.29,41.1,False,none,normal
2026-03-29 07:00:00,Building_D,22.95,0.59,2.43,1.26,1.17,51.7,False,none,normal
2026-03-29 08:00:00,Building_D,18.65,0.94,0.5,0.24,0.26,48.1,False,none,normal
2026-03-29 09:00:00,Building_D,25.26,0.95,2.76,1.47,1.29,53.1,False,none,normal
2026-03-29 10:00:00,Building_D,31.23,1.08,3.69,1.67,2.02,45.2,False,none,normal
2026-03-29 11:00:00,Building_D,31.32,1.51,4.2,2.36,1.84,56.2,False,none,normal
2026-03-29 12:00:00,Building_D,27.45,0.75,3.92,2.0,1.92,51.0,False,none,normal
2026-03-29 13:00:00,Building_D,31.31,1.16,4.37,1.85,2.52,42.4,False,none,normal
2026-03-29 14:00:00,Building_D,34.79,1.26,3.78,1.54,2.24,40.6,False,none,normal
2026-03-29 15:00:00,Building_D,30.67,1.03,2.38,1.23,1.15,51.7,False,none,normal
2026-03-29 16:00:00,Building_D,34.7,0.93,3.44,1.68,1.76,48.8,False,none,normal
2026-03-29 17:00:00,Building_D,31.76,0.43,2.91,1.41,1.5,48.3,False,none,normal
2026-03-29 18:00:00,Building_D,37.46,1.12,5.19,2.2,2.99,42.4,False,none,normal
2026-03-29 19:00:00,Building_D,20.82,1.17,0.5,0.22,0.28,44.9,False,none,normal
2026-03-29 20:00:00,Building_D,21.16,1.15,0.5,0.25,0.25,50.2,False,none,normal
2026-03-29 21:00:00,Building_D,23.81,0.2,0.5,0.23,0.27,45.8,False,none,normal
2026-03-29 22:00:00,Building_D,24.96,1.05,0.5,0.23,0.27,46.6,False,none,normal
2026-03-29 23:00:00,Building_D,32.32,0.2,0.5,0.27,0.23,53.5,False,none,normal
2026-03-30 00:00:00,Building_D,22.04,0.54,3.17,1.34,1.83,42.4,False,none,normal
2026-03-30 01:00:00,Building_D,21.46,0.2,0.89,0.41,0.48,45.8,False,none,normal
2026-03-30 02:00:00,Building_D,17.55,0.7,0.5,0.21,0.29,43.0,False,none,normal
2026-03-30 03:00:00,Building_D,17.49,0.51,0.5,0.24,0.26,48.9,False,none,normal
2026-03-30 04:00:00,Building_D,27.6,0.67,0.5,0.25,0.25,49.1,False,none,normal
2026-03-30 05:00:00,Building_D,17.24,0.49,0.5,0.22,0.28,43.8,False,none,normal
2026-03-30 06:00:00,Building_D,59.7,1.8,6.4,2.8,3.6,43.7,False,none,normal
2026-03-30 07:00:00,Building_D,55.19,2.95,8.73,4.23,4.5,48.4,False,none,normal
2026-03-30 08:00:00,Building_D,98.75,4.98,22.18,9.04,13.14,40.7,False,none,normal
2026-03-30 09:00:00,Building_D,101.61,4.81,21.14,10.58,10.56,50.0,False,none,normal
2026-03-30 10:00:00,Building_D,101.45,5.54,18.89,9.83,9.06,52.0,False,none,normal
2026-03-30 11:00:00,Building_D,98.26,4.83,22.98,11.68,11.3,50.8,False,none,normal
2026-03-30 12:00:00,Building_D,96.85,5.32,20.48,9.48,11.0,46.3,False,none,normal
2026-03-30 13:00:00,Building_D,96.1,5.09,19.8,9.63,10.17,48.6,False,none,normal
2026-03-30 14:00:00,Building_D,102.07,5.03,22.91,11.01,11.9,48.1,False,none,normal
2026-03-30 15:00:00,Building_D,103.92,5.33,22.37,12.5,9.87,55.9,False,none,normal
2026-03-30 16:00:00,Building_D,91.47,5.08,20.4,9.88,10.52,48.4,False,none,normal
2026-03-30 17:00:00,Building_D,96.93,4.8,19.22,9.3,9.92,48.4,False,none,normal
2026-03-30 18:00:00,Building_D,102.26,4.81,20.14,9.1,11.04,45.2,False,none,normal
2026-03-30 19:00:00,Building_D,53.23,2.41,8.23,4.36,3.87,53.0,False,none,normal
2026-03-30 20:00:00,Building_D,52.44,2.48,9.24,4.0,5.24,43.3,False,none,normal
2026-03-30 21:00:00,Building_D,62.27,2.34,8.68,4.09,4.59,47.1,False,none,normal
2026-03-30 22:00:00,Building_D,59.04,3.06,7.68,3.99,3.69,52.0,False,none,normal
2026-03-30 23:00:00,Building_D,23.35,0.2,0.5,0.24,0.26,47.2,False,none,normal
2026-03-31 00:00:00,Building_D,16.6,0.6,1.28,0.66,0.62,51.2,False,none,normal
2026-03-31 01:00:00,Building_D,27.97,0.77,0.5,0.23,0.27,46.4,False,none,normal
2026-03-31 02:00:00,Building_D,25.6,0.58,0.5,0.22,0.28,44.5,False,none,normal
2026-03-31 03:00:00,Building_D,20.12,0.64,0.5,0.19,0.31,38.6,False,none,normal
2026-03-31 04:00:00,Building_D,25.02,0.25,1.05,0.57,0.48,54.3,False,none,normal
2026-03-31 05:00:00,Building_D,18.19,0.2,0.5,0.23,0.27,45.3,False,none,normal
2026-03-31 06:00:00,Building_D,57.1,2.68,8.21,3.96,4.25,48.2,False,none,normal
2026-03-31 07:00:00,Building_D,61.44,2.73,7.61,3.85,3.76,50.5,False,none,normal
2026-03-31 08:00:00,Building_D,92.34,5.36,20.56,8.88,11.68,43.2,False,none,normal
2026-03-31 09:00:00,Building_D,96.85,5.35,19.61,9.73,9.88,49.6,False,none,normal
2026-03-31 10:00:00,Building_D,102.04,5.0,19.5,9.31,10.19,47.7,False,none,normal
2026-03-31 11:00:00,Building_D,92.88,4.82,19.21,9.18,10.03,47.8,False,none,normal
2026-03-31 12:00:00,Building_D,93.44,5.02,21.89,11.55,10.34,52.8,False,none,normal
2026-03-31 13:00:00,Building_D,93.54,4.75,21.56,10.96,10.6,50.8,False,none,normal
2026-03-31 14:00:00,Building_D,96.06,4.82,20.63,8.39,12.24,40.7,False,none,normal
2026-03-31 15:00:00,Building_D,100.62,5.37,20.07,8.49,11.58,42.3,False,none,normal
2026-03-31 16:00:00,Building_D,104.17,5.06,21.39,9.14,12.25,42.7,False,none,normal
2026-03-31 17:00:00,Building_D,93.25,5.13,21.77,9.47,12.3,43.5,False,none,normal
2026-03-31 18:00:00,Building_D,98.11,4.43,19.69,9.25,10.44,47.0,False,none,normal
2026-03-31 19:00:00,Building_D,59.16,1.76,9.41,4.45,4.96,47.3,False,none,normal
2026-03-31 20:00:00,Building_D,62.38,2.74,8.85,4.96,3.89,56.1,False,none,normal
2026-03-31 21:00:00,Building_D,54.08,2.54,6.63,3.16,3.47,47.6,False,none,normal
2026-03-31 22:00:00,Building_D,60.09,2.89,7.36,3.18,4.18,43.2,False,none,normal
2026-03-31 23:00:00,Building_D,22.54,0.2,0.5,0.25,0.25,50.7,False,none,normal
