timestamp,building,energy_kwh
2026-01-01 00:00:00,Building_A,52.5
2026-01-01 01:00:00,Building_A,61.45
2026-01-01 02:00:00,Building_A,62.4
2026-01-01 03:00:00,Building_A,47.94
2026-01-01 04:00:00,Building_A,51.19
2026-01-01 05:00:00,Building_A,58.34
2026-01-01 06:00:00,Building_A,56.12
2026-01-01 07:00:00,Building_A,57.61
2026-01-01 08:00:00,Building_A,128.88
2026-01-01 09:00:00,Building_A,137.55
2026-01-01 10:00:00,Building_A,137.04
2026-01-01 11:00:00,Building_A,133.48
2026-01-01 12:00:00,Building_A,138.79
2026-01-01 13:00:00,Building_A,135.49
2026-01-01 14:00:00,Building_A,128.85
2026-01-01 15:00:00,Building_A,134.99
2026-01-01 16:00:00,Building_A,128.36
2026-01-01 17:00:00,Building_A,137.54
2026-01-01 18:00:00,Building_A,132.9
2026-01-01 19:00:00,Building_A,56.77
2026-01-01 20:00:00,Building_A,54.29
2026-01-01 21:00:00,Building_A,63.81
2026-01-01 22:00:00,Building_A,56.93
2026-01-01 23:00:00,Building_A,55.56
2026-01-02 00:00:00,Building_A,55.94
2026-01-02 01:00:00,Building_A,60.36
2026-01-02 02:00:00,Building_A,59.53
2026-01-02 03:00:00,Building_A,59.76
2026-01-02 04:00:00,Building_A,59.85
2026-01-02 05:00:00,Building_A,68.41
2026-01-02 06:00:00,Building_A,55.67
2026-01-02 07:00:00,Building_A,55.14
2026-01-02 08:00:00,Building_A,129.08
2026-01-02 09:00:00,Building_A,136.23
2026-01-02 10:00:00,Building_A,138.79
2026-01-02 11:00:00,Building_A,132.58
2026-01-02 12:00:00,Building_A,128.95
2026-01-02 13:00:00,Building_A,129.03
2026-01-02 14:00:00,Building_A,136.4
2026-01-02 15:00:00,Building_A,136.87
2026-01-02 16:00:00,Building_A,135.87
2026-01-02 17:00:00,Building_A,129.82
2026-01-02 18:00:00,Building_A,134.31
2026-01-02 19:00:00,Building_A,58.28
2026-01-02 20:00:00,Building_A,58.79
2026-01-02 21:00:00,Building_A,62.06
2026-01-02 22:00:00,Building_A,58.82
2026-01-02 23:00:00,Building_A,61.09
2026-01-03 00:00:00,Building_A,58.04
2026-01-03 01:00:00,Building_A,59.14
2026-01-03 02:00:00,Building_A,60.85
2026-01-03 03:00:00,Building_A,50.41
2026-01-03 04:00:00,Building_A,56.1
2026-01-03 05:00:00,Building_A,55.35
2026-01-03 06:00:00,Building_A,54.5
2026-01-03 07:00:00,Building_A,56.32
2026-01-03 08:00:00,Building_A,65.17
2026-01-03 09:00:00,Building_A,53.37
2026-01-03 10:00:00,Building_A,62.54
2026-01-03 11:00:00,Building_A,49.28
2026-01-03 12:00:00,Building_A,56.02
2026-01-03 13:00:00,Building_A,58.51
2026-01-03 14:00:00,Building_A,60.63
2026-01-03 15:00:00,Building_A,61.25
2026-01-03 16:00:00,Building_A,61.67
2026-01-03 17:00:00,Building_A,55.95
2026-01-03 18:00:00,Building_A,55.39
2026-01-03 19:00:00,Building_A,61.99
2026-01-03 20:00:00,Building_A,56.74
2026-01-03 21:00:00,Building_A,51.32
2026-01-03 22:00:00,Building_A,52.03
2026-01-03 23:00:00,Building_A,53.1
2026-01-04 00:00:00,Building_A,60.18
2026-01-04 01:00:00,Building_A,58.41
2026-01-04 02:00:00,Building_A,61.15
2026-01-04 03:00:00,Building_A,55.56
2026-01-04 04:00:00,Building_A,58.49
2026-01-04 05:00:00,Building_A,60.83
2026-01-04 06:00:00,Building_A,56.15
2026-01-04 07:00:00,Building_A,59.98
2026-01-04 08:00:00,Building_A,54.39
2026-01-04 09:00:00,Building_A,55.88
2026-01-04 10:00:00,Building_A,55.79
2026-01-04 11:00:00,Building_A,51.72
2026-01-04 12:00:00,Building_A,60.13
2026-01-04 13:00:00,Building_A,55.35
2026-01-04 14:00:00,Building_A,57.76
2026-01-04 15:00:00,Building_A,60.1
2026-01-04 16:00:00,Building_A,59.93
2026-01-04 17:00:00,Building_A,61.03
2026-01-04 18:00:00,Building_A,57.21
2026-01-04 19:00:00,Building_A,55.58
2026-01-04 20:00:00,Building_A,57.3
2026-01-04 21:00:00,Building_A,49.26
2026-01-04 22:00:00,Building_A,50.46
2026-01-04 23:00:00,Building_A,51.08
2026-01-05 00:00:00,Building_A,52.71
2026-01-05 01:00:00,Building_A,59.7
2026-01-05 02:00:00,Building_A,53.17
2026-01-05 03:00:00,Building_A,55.81
2026-01-05 04:00:00,Building_A,64.19
2026-01-05 05:00:00,Building_A,55.92
2026-01-05 06:00:00,Building_A,61.39
2026-01-05 07:00:00,Building_A,53.03
2026-01-05 08:00:00,Building_A,132.12
2026-01-05 09:00:00,Building_A,128.4
2026-01-05 10:00:00,Building_A,131.45
2026-01-05 11:00:00,Building_A,137.35
2026-01-05 12:00:00,Building_A,124.51
2026-01-05 13:00:00,Building_A,135.32
2026-01-05 14:00:00,Building_A,134.34
2026-01-05 15:00:00,Building_A,130.18
2026-01-05 16:00:00,Building_A,125.92
2026-01-05 17:00:00,Building_A,133.51
2026-01-05 18:00:00,Building_A,130.5
2026-01-05 19:00:00,Building_A,58.86
2026-01-05 20:00:00,Building_A,57.81
2026-01-05 21:00:00,Building_A,65.71
2026-01-05 22:00:00,Building_A,56.5
2026-01-05 23:00:00,Building_A,52.58
2026-01-06 00:00:00,Building_A,58.59
2026-01-06 01:00:00,Building_A,58.8
2026-01-06 02:00:00,Building_A,64.49
2026-01-06 03:00:00,Building_A,61.87
2026-01-06 04:00:00,Building_A,59.48
2026-01-06 05:00:00,Building_A,65.01
2026-01-06 06:00:00,Building_A,51.75
2026-01-06 07:00:00,Building_A,54.5
2026-01-06 08:00:00,Building_A,128.52
2026-01-06 09:00:00,Building_A,131.2
2026-01-06 10:00:00,Building_A,126.27
2026-01-06 11:00:00,Building_A,136.33
2026-01-06 12:00:00,Building_A,132.04
2026-01-06 13:00:00,Building_A,125.8
2026-01-06 14:00:00,Building_A,128.07
2026-01-06 15:00:00,Building_A,134.72
2026-01-06 16:00:00,Building_A,137.34
2026-01-06 17:00:00,Building_A,143.13
2026-01-06 18:00:00,Building_A,147.72
2026-01-06 19:00:00,Building_A,59.77
2026-01-06 20:00:00,Building_A,52.75
2026-01-06 21:00:00,Building_A,47.04
2026-01-06 22:00:00,Building_A,59.04
2026-01-06 23:00:00,Building_A,53.63
2026-01-07 00:00:00,Building_A,55.62
2026-01-07 01:00:00,Building_A,54.64
2026-01-07 02:00:00,Building_A,56.99
2026-01-07 03:00:00,Building_A,63.03
2026-01-07 04:00:00,Building_A,58.48
2026-01-07 05:00:00,Building_A,56.91
2026-01-07 06:00:00,Building_A,52.52
2026-01-07 07:00:00,Building_A,49.32
2026-01-07 08:00:00,Building_A,130.72
2026-01-07 09:00:00,Building_A,132.88
2026-01-07 10:00:00,Building_A,141.99
2026-01-07 11:00:00,Building_A,133.8
2026-01-07 12:00:00,Building_A,138.06
2026-01-07 13:00:00,Building_A,130.65
2026-01-07 14:00:00,Building_A,127.23
2026-01-07 15:00:00,Building_A,128.32
2026-01-07 16:00:00,Building_A,129.52
2026-01-07 17:00:00,Building_A,143.79
2026-01-07 18:00:00,Building_A,129.04
2026-01-07 19:00:00,Building_A,61.89
2026-01-07 20:00:00,Building_A,53.18
2026-01-07 21:00:00,Building_A,62.36
2026-01-07 22:00:00,Building_A,59.62
2026-01-07 23:00:00,Building_A,56.92
2026-01-08 00:00:00,Building_A,57.49
2026-01-08 01:00:00,Building_A,54.42
2026-01-08 02:00:00,Building_A,59.93
2026-01-08 03:00:00,Building_A,55.42
2026-01-08 04:00:00,Building_A,51.57
2026-01-08 05:00:00,Building_A,51.31
2026-01-08 06:00:00,Building_A,58.56
2026-01-08 07:00:00,Building_A,65.59
2026-01-08 08:00:00,Building_A,133.95
2026-01-08 09:00:00,Building_A,132.56
2026-01-08 10:00:00,Building_A,134.58
2026-01-08 11:00:00,Building_A,139.68
2026-01-08 12:00:00,Building_A,134.25
2026-01-08 13:00:00,Building_A,131.1
2026-01-08 14:00:00,Building_A,138.68
2026-01-08 15:00:00,Building_A,135.29
2026-01-08 16:00:00,Building_A,140.83
2026-01-08 17:00:00,Building_A,134.07
2026-01-08 18:00:00,Building_A,127.03
2026-01-08 19:00:00,Building_A,50.86
2026-01-08 20:00:00,Building_A,65.95
2026-01-08 21:00:00,Building_A,66.32
2026-01-08 22:00:00,Building_A,56.8
2026-01-08 23:00:00,Building_A,55.78
2026-01-09 00:00:00,Building_A,65.01
2026-01-09 01:00:00,Building_A,52.16
2026-01-09 02:00:00,Building_A,53.22
2026-01-09 03:00:00,Building_A,60.91
2026-01-09 04:00:00,Building_A,55.73
2026-01-09 05:00:00,Building_A,57.67
2026-01-09 06:00:00,Building_A,56.88
2026-01-09 07:00:00,Building_A,59.39
2026-01-09 08:00:00,Building_A,140.19
2026-01-09 09:00:00,Building_A,133.6
2026-01-09 10:00:00,Building_A,136.37
2026-01-09 11:00:00,Building_A,122.9
2026-01-09 12:00:00,Building_A,132.91
2026-01-09 13:00:00,Building_A,128.93
2026-01-09 14:00:00,Building_A,127.06
2026-01-09 15:00:00,Building_A,128.76
2026-01-09 16:00:00,Building_A,131.48
2026-01-09 17:00:00,Building_A,137.73
2026-01-09 18:00:00,Building_A,126.52
2026-01-09 19:00:00,Building_A,57.85
2026-01-09 20:00:00,Building_A,55.28
2026-01-09 21:00:00,Building_A,56.06
2026-01-09 22:00:00,Building_A,62.71
2026-01-09 23:00:00,Building_A,60.39
2026-01-10 00:00:00,Building_A,64.39
2026-01-10 01:00:00,Building_A,56.93
2026-01-10 02:00:00,Building_A,54.22
2026-01-10 03:00:00,Building_A,56.58
2026-01-10 04:00:00,Building_A,58.91
2026-01-10 05:00:00,Building_A,58.58
2026-01-10 06:00:00,Building_A,52.28
2026-01-10 07:00:00,Building_A,58.15
2026-01-10 08:00:00,Building_A,58.84
2026-01-10 09:00:00,Building_A,70.29
2026-01-10 10:00:00,Building_A,67.08
2026-01-10 11:00:00,Building_A,53.43
2026-01-10 12:00:00,Building_A,56.26
2026-01-10 13:00:00,Building_A,50.38
2026-01-10 14:00:00,Building_A,54.74
2026-01-10 15:00:00,Building_A,59.28
2026-01-10 16:00:00,Building_A,63.73
2026-01-10 17:00:00,Building_A,54.05
2026-01-10 18:00:00,Building_A,54.43
2026-01-10 19:00:00,Building_A,46.96
2026-01-10 20:00:00,Building_A,56.88
2026-01-10 21:00:00,Building_A,52.39
2026-01-10 22:00:00,Building_A,55.05
2026-01-10 23:00:00,Building_A,53.31
2026-01-11 00:00:00,Building_A,57.23
2026-01-11 01:00:00,Building_A,48.91
2026-01-11 02:00:00,Building_A,50.36
2026-01-11 03:00:00,Building_A,68.34
2026-01-11 04:00:00,Building_A,51.26
2026-01-11 05:00:00,Building_A,52.21
2026-01-11 06:00:00,Building_A,66.88
2026-01-11 07:00:00,Building_A,72.22
2026-01-11 08:00:00,Building_A,51.84
2026-01-11 09:00:00,Building_A,55.86
2026-01-11 10:00:00,Building_A,59.41
2026-01-11 11:00:00,Building_A,66.34
2026-01-11 12:00:00,Building_A,52.76
2026-01-11 13:00:00,Building_A,56.47
2026-01-11 14:00:00,Building_A,61.58
2026-01-11 15:00:00,Building_A,59.87
2026-01-11 16:00:00,Building_A,55.82
2026-01-11 17:00:00,Building_A,57.03
2026-01-11 18:00:00,Building_A,50.82
2026-01-11 19:00:00,Building_A,56.51
2026-01-11 20:00:00,Building_A,56.37
2026-01-11 21:00:00,Building_A,58.86
2026-01-11 22:00:00,Building_A,54.92
2026-01-11 23:00:00,Building_A,60.06
2026-01-12 00:00:00,Building_A,62.76
2026-01-12 01:00:00,Building_A,58.48
2026-01-12 02:00:00,Building_A,59.46
2026-01-12 03:00:00,Building_A,57.96
2026-01-12 04:00:00,Building_A,57.7
2026-01-12 05:00:00,Building_A,54.09
2026-01-12 06:00:00,Building_A,59.28
2026-01-12 07:00:00,Building_A,57.21
2026-01-12 08:00:00,Building_A,143.62
2026-01-12 09:00:00,Building_A,141.02
2026-01-12 10:00:00,Building_A,135.08
2026-01-12 11:00:00,Building_A,129.33
2026-01-12 12:00:00,Building_A,127.59
2026-01-12 13:00:00,Building_A,139.11
2026-01-12 14:00:00,Building_A,134.46
2026-01-12 15:00:00,Building_A,135.55
2026-01-12 16:00:00,Building_A,124.43
2026-01-12 17:00:00,Building_A,137.79
2026-01-12 18:00:00,Building_A,135.42
2026-01-12 19:00:00,Building_A,52.15
2026-01-12 20:00:00,Building_A,55.34
2026-01-12 21:00:00,Building_A,59.02
2026-01-12 22:00:00,Building_A,57.96
2026-01-12 23:00:00,Building_A,56.24
2026-01-13 00:00:00,Building_A,57.18
2026-01-13 01:00:00,Building_A,56.44
2026-01-13 02:00:00,Building_A,58.46
2026-01-13 03:00:00,Building_A,65.06
2026-01-13 04:00:00,Building_A,44.86
2026-01-13 05:00:00,Building_A,56.51
2026-01-13 06:00:00,Building_A,58.58
2026-01-13 07:00:00,Building_A,59.18
2026-01-13 08:00:00,Building_A,131.29
2026-01-13 09:00:00,Building_A,124.37
2026-01-13 10:00:00,Building_A,134.79
2026-01-13 11:00:00,Building_A,141.79
2026-01-13 12:00:00,Building_A,125.48
2026-01-13 13:00:00,Building_A,137.47
2026-01-13 14:00:00,Building_A,131.51
2026-01-13 15:00:00,Building_A,132.84
2026-01-13 16:00:00,Building_A,127.89
2026-01-13 17:00:00,Building_A,131.48
2026-01-13 18:00:00,Building_A,139.65
2026-01-13 19:00:00,Building_A,60.61
2026-01-13 20:00:00,Building_A,66.36
2026-01-13 21:00:00,Building_A,63.59
2026-01-13 22:00:00,Building_A,59.89
2026-01-13 23:00:00,Building_A,66.42
2026-01-14 00:00:00,Building_A,59.89
2026-01-14 01:00:00,Building_A,61.84
2026-01-14 02:00:00,Building_A,56.22
2026-01-14 03:00:00,Building_A,58.03
2026-01-14 04:00:00,Building_A,54.21
2026-01-14 05:00:00,Building_A,62.65
2026-01-14 06:00:00,Building_A,51.81
2026-01-14 07:00:00,Building_A,61.61
2026-01-14 08:00:00,Building_A,132.2
2026-01-14 09:00:00,Building_A,139.01
2026-01-14 10:00:00,Building_A,136.9
2026-01-14 11:00:00,Building_A,142.25
2026-01-14 12:00:00,Building_A,136.8
2026-01-14 13:00:00,Building_A,125.29
2026-01-14 14:00:00,Building_A,132.82
2026-01-14 15:00:00,Building_A,127.29
2026-01-14 16:00:00,Building_A,130.56
2026-01-14 17:00:00,Building_A,140.71
2026-01-14 18:00:00,Building_A,136.34
2026-01-14 19:00:00,Building_A,54.2
2026-01-14 20:00:00,Building_A,52.63
2026-01-14 21:00:00,Building_A,57.86
2026-01-14 22:00:00,Building_A,51.62
2026-01-14 23:00:00,Building_A,54.34
2026-01-15 00:00:00,Building_A,59.26
2026-01-15 01:00:00,Building_A,63.47
2026-01-15 02:00:00,Building_A,60.74
2026-01-15 03:00:00,Building_A,46.24
2026-01-15 04:00:00,Building_A,59.22
2026-01-15 05:00:00,Building_A,58.06
2026-01-15 06:00:00,Building_A,59.77
2026-01-15 07:00:00,Building_A,65.78
2026-01-15 08:00:00,Building_A,122.83
2026-01-15 09:00:00,Building_A,130.19
2026-01-15 10:00:00,Building_A,136.1
2026-01-15 11:00:00,Building_A,125.24
2026-01-15 12:00:00,Building_A,140.53
2026-01-15 13:00:00,Building_A,134.99
2026-01-15 14:00:00,Building_A,137.38
2026-01-15 15:00:00,Building_A,130.3
2026-01-15 16:00:00,Building_A,137.22
2026-01-15 17:00:00,Building_A,138.49
2026-01-15 18:00:00,Building_A,134.31
2026-01-15 19:00:00,Building_A,58.87
2026-01-15 20:00:00,Building_A,59.05
2026-01-15 21:00:00,Building_A,53.38
2026-01-15 22:00:00,Building_A,56.96
2026-01-15 23:00:00,Building_A,56.94
2026-01-16 00:00:00,Building_A,59.62
2026-01-16 01:00:00,Building_A,62.7
2026-01-16 02:00:00,Building_A,52.41
2026-01-16 03:00:00,Building_A,57.07
2026-01-16 04:00:00,Building_A,65.11
2026-01-16 05:00:00,Building_A,53.98
2026-01-16 06:00:00,Building_A,53.59
2026-01-16 07:00:00,Building_A,58.71
2026-01-16 08:00:00,Building_A,137.37
2026-01-16 09:00:00,Building_A,133.21
2026-01-16 10:00:00,Building_A,139.79
2026-01-16 11:00:00,Building_A,137.43
2026-01-16 12:00:00,Building_A,137.36
2026-01-16 13:00:00,Building_A,135.92
2026-01-16 14:00:00,Building_A,144.79
2026-01-16 15:00:00,Building_A,132.12
2026-01-16 16:00:00,Building_A,123.13
2026-01-16 17:00:00,Building_A,141.17
2026-01-16 18:00:00,Building_A,130.86
2026-01-16 19:00:00,Building_A,58.24
2026-01-16 20:00:00,Building_A,64.25
2026-01-16 21:00:00,Building_A,49.69
2026-01-16 22:00:00,Building_A,51.44
2026-01-16 23:00:00,Building_A,49.69
2026-01-17 00:00:00,Building_A,53.73
2026-01-17 01:00:00,Building_A,59.9
2026-01-17 02:00:00,Building_A,60.32
2026-01-17 03:00:00,Building_A,59.08
2026-01-17 04:00:00,Building_A,50.63
2026-01-17 05:00:00,Building_A,46.15
2026-01-17 06:00:00,Building_A,57.97
2026-01-17 07:00:00,Building_A,55.34
2026-01-17 08:00:00,Building_A,60.0
2026-01-17 09:00:00,Building_A,61.21
2026-01-17 10:00:00,Building_A,58.39
2026-01-17 11:00:00,Building_A,61.5
2026-01-17 12:00:00,Building_A,58.84
2026-01-17 13:00:00,Building_A,60.35
2026-01-17 14:00:00,Building_A,54.17
2026-01-17 15:00:00,Building_A,56.8
2026-01-17 16:00:00,Building_A,58.68
2026-01-17 17:00:00,Building_A,61.8
2026-01-17 18:00:00,Building_A,55.73
2026-01-17 19:00:00,Building_A,60.3
2026-01-17 20:00:00,Building_A,56.37
2026-01-17 21:00:00,Building_A,57.11
2026-01-17 22:00:00,Building_A,61.85
2026-01-17 23:00:00,Building_A,47.73
2026-01-18 00:00:00,Building_A,51.22
2026-01-18 01:00:00,Building_A,50.29
2026-01-18 02:00:00,Building_A,46.03
2026-01-18 03:00:00,Building_A,54.31
2026-01-18 04:00:00,Building_A,61.45
2026-01-18 05:00:00,Building_A,56.27
2026-01-18 06:00:00,Building_A,58.69
2026-01-18 07:00:00,Building_A,63.14
2026-01-18 08:00:00,Building_A,64.34
2026-01-18 09:00:00,Building_A,57.35
2026-01-18 10:00:00,Building_A,64.47
2026-01-18 11:00:00,Building_A,58.16
2026-01-18 12:00:00,Building_A,53.51
2026-01-18 13:00:00,Building_A,54.73
2026-01-18 14:00:00,Building_A,50.3
2026-01-18 15:00:00,Building_A,53.26
2026-01-18 16:00:00,Building_A,55.91
2026-01-18 17:00:00,Building_A,61.72
2026-01-18 18:00:00,Building_A,66.3
2026-01-18 19:00:00,Building_A,50.79
2026-01-18 20:00:00,Building_A,59.66
2026-01-18 21:00:00,Building_A,52.5
2026-01-18 22:00:00,Building_A,60.07
2026-01-18 23:00:00,Building_A,57.04
2026-01-19 00:00:00,Building_A,48.54
2026-01-19 01:00:00,Building_A,62.34
2026-01-19 02:00:00,Building_A,54.67
2026-01-19 03:00:00,Building_A,55.03
2026-01-19 04:00:00,Building_A,52.35
2026-01-19 05:00:00,Building_A,54.43
2026-01-19 06:00:00,Building_A,59.84
2026-01-19 07:00:00,Building_A,56.75
2026-01-19 08:00:00,Building_A,134.79
2026-01-19 09:00:00,Building_A,134.96
2026-01-19 10:00:00,Building_A,139.75
2026-01-19 11:00:00,Building_A,131.44
2026-01-19 12:00:00,Building_A,125.77
2026-01-19 13:00:00,Building_A,138.49
2026-01-19 14:00:00,Building_A,131.49
2026-01-19 15:00:00,Building_A,138.72
2026-01-19 16:00:00,Building_A,135.07
2026-01-19 17:00:00,Building_A,132.49
2026-01-19 18:00:00,Building_A,134.89
2026-01-19 19:00:00,Building_A,67.45
2026-01-19 20:00:00,Building_A,68.08
2026-01-19 21:00:00,Building_A,58.05
2026-01-19 22:00:00,Building_A,58.5
2026-01-19 23:00:00,Building_A,63.08
2026-01-20 00:00:00,Building_A,53.47
2026-01-20 01:00:00,Building_A,59.36
2026-01-20 02:00:00,Building_A,57.57
2026-01-20 03:00:00,Building_A,59.27
2026-01-20 04:00:00,Building_A,53.53
2026-01-20 05:00:00,Building_A,49.75
2026-01-20 06:00:00,Building_A,47.33
2026-01-20 07:00:00,Building_A,52.11
2026-01-20 08:00:00,Building_A,130.86
2026-01-20 09:00:00,Building_A,131.68
2026-01-20 10:00:00,Building_A,142.84
2026-01-20 11:00:00,Building_A,138.68
2026-01-20 12:00:00,Building_A,128.34
2026-01-20 13:00:00,Building_A,134.89
2026-01-20 14:00:00,Building_A,131.11
2026-01-20 15:00:00,Building_A,131.73
2026-01-20 16:00:00,Building_A,134.08
2026-01-20 17:00:00,Building_A,136.25
2026-01-20 18:00:00,Building_A,131.45
2026-01-20 19:00:00,Building_A,63.02
2026-01-20 20:00:00,Building_A,51.99
2026-01-20 21:00:00,Building_A,57.73
2026-01-20 22:00:00,Building_A,70.69
2026-01-20 23:00:00,Building_A,58.81
2026-01-21 00:00:00,Building_A,64.86
2026-01-21 01:00:00,Building_A,58.16
2026-01-21 02:00:00,Building_A,60.6
2026-01-21 03:00:00,Building_A,57.41
2026-01-21 04:00:00,Building_A,56.85
2026-01-21 05:00:00,Building_A,53.8
2026-01-21 06:00:00,Building_A,59.85
2026-01-21 07:00:00,Building_A,53.44
2026-01-21 08:00:00,Building_A,136.48
2026-01-21 09:00:00,Building_A,138.58
2026-01-21 10:00:00,Building_A,134.98
2026-01-21 11:00:00,Building_A,131.72
2026-01-21 12:00:00,Building_A,135.42
2026-01-21 13:00:00,Building_A,131.61
2026-01-21 14:00:00,Building_A,137.83
2026-01-21 15:00:00,Building_A,123.99
2026-01-21 16:00:00,Building_A,131.47
2026-01-21 17:00:00,Building_A,123.2
2026-01-21 18:00:00,Building_A,125.67
2026-01-21 19:00:00,Building_A,64.52
2026-01-21 20:00:00,Building_A,62.17
2026-01-21 21:00:00,Building_A,54.1
2026-01-21 22:00:00,Building_A,50.19
2026-01-21 23:00:00,Building_A,42.88
2026-01-22 00:00:00,Building_A,54.98
2026-01-22 01:00:00,Building_A,69.8
2026-01-22 02:00:00,Building_A,59.87
2026-01-22 03:00:00,Building_A,54.9
2026-01-22 04:00:00,Building_A,60.02
2026-01-22 05:00:00,Building_A,49.89
2026-01-22 06:00:00,Building_A,56.21
2026-01-22 07:00:00,Building_A,58.2
2026-01-22 08:00:00,Building_A,132.72
2026-01-22 09:00:00,Building_A,137.1
2026-01-22 10:00:00,Building_A,134.87
2026-01-22 11:00:00,Building_A,136.49
2026-01-22 12:00:00,Building_A,129.71
2026-01-22 13:00:00,Building_A,137.64
2026-01-22 14:00:00,Building_A,141.29
2026-01-22 15:00:00,Building_A,128.3
2026-01-22 16:00:00,Building_A,128.71
2026-01-22 17:00:00,Building_A,139.83
2026-01-22 18:00:00,Building_A,132.19
2026-01-22 19:00:00,Building_A,64.72
2026-01-22 20:00:00,Building_A,55.49
2026-01-22 21:00:00,Building_A,64.97
2026-01-22 22:00:00,Building_A,58.36
2026-01-22 23:00:00,Building_A,58.99
2026-01-23 00:00:00,Building_A,65.52
2026-01-23 01:00:00,Building_A,55.89
2026-01-23 02:00:00,Building_A,52.99
2026-01-23 03:00:00,Building_A,55.46
2026-01-23 04:00:00,Building_A,59.96
2026-01-23 05:00:00,Building_A,49.87
2026-01-23 06:00:00,Building_A,60.89
2026-01-23 07:00:00,Building_A,55.0
2026-01-23 08:00:00,Building_A,138.89
2026-01-23 09:00:00,Building_A,121.18
2026-01-23 10:00:00,Building_A,129.22
2026-01-23 11:00:00,Building_A,124.72
2026-01-23 12:00:00,Building_A,129.02
2026-01-23 13:00:00,Building_A,134.39
2026-01-23 14:00:00,Building_A,132.25
2026-01-23 15:00:00,Building_A,131.88
2026-01-23 16:00:00,Building_A,132.35
2026-01-23 17:00:00,Building_A,134.17
2026-01-23 18:00:00,Building_A,128.11
2026-01-23 19:00:00,Building_A,61.23
2026-01-23 20:00:00,Building_A,61.01
2026-01-23 21:00:00,Building_A,59.62
2026-01-23 22:00:00,Building_A,60.48
2026-01-23 23:00:00,Building_A,59.18
2026-01-24 00:00:00,Building_A,67.87
2026-01-24 01:00:00,Building_A,57.26
2026-01-24 02:00:00,Building_A,56.16
2026-01-24 03:00:00,Building_A,53.93
2026-01-24 04:00:00,Building_A,52.54
2026-01-24 05:00:00,Building_A,51.48
2026-01-24 06:00:00,Building_A,53.25
2026-01-24 07:00:00,Building_A,57.34
2026-01-24 08:00:00,Building_A,59.37
2026-01-24 09:00:00,Building_A,57.95
2026-01-24 10:00:00,Building_A,53.87
2026-01-24 11:00:00,Building_A,62.2
2026-01-24 12:00:00,Building_A,61.4
2026-01-24 13:00:00,Building_A,56.9
2026-01-24 14:00:00,Building_A,54.43
2026-01-24 15:00:00,Building_A,60.44
2026-01-24 16:00:00,Building_A,58.64
2026-01-24 17:00:00,Building_A,50.46
2026-01-24 18:00:00,Building_A,57.36
2026-01-24 19:00:00,Building_A,59.01
2026-01-24 20:00:00,Building_A,53.2
2026-01-24 21:00:00,Building_A,58.65
2026-01-24 22:00:00,Building_A,50.42
2026-01-24 23:00:00,Building_A,64.38
2026-01-25 00:00:00,Building_A,63.94
2026-01-25 01:00:00,Building_A,56.44
2026-01-25 02:00:00,Building_A,59.52
2026-01-25 03:00:00,Building_A,45.65
2026-01-25 04:00:00,Building_A,51.92
2026-01-25 05:00:00,Building_A,56.23
2026-01-25 06:00:00,Building_A,52.34
2026-01-25 07:00:00,Building_A,61.27
2026-01-25 08:00:00,Building_A,67.68
2026-01-25 09:00:00,Building_A,51.82
2026-01-25 10:00:00,Building_A,53.51
2026-01-25 11:00:00,Building_A,58.88
2026-01-25 12:00:00,Building_A,65.75
2026-01-25 13:00:00,Building_A,51.59
2026-01-25 14:00:00,Building_A,58.94
2026-01-25 15:00:00,Building_A,66.8
2026-01-25 16:00:00,Building_A,49.44
2026-01-25 17:00:00,Building_A,51.29
2026-01-25 18:00:00,Building_A,55.58
2026-01-25 19:00:00,Building_A,55.1
2026-01-25 20:00:00,Building_A,61.76
2026-01-25 21:00:00,Building_A,58.91
2026-01-25 22:00:00,Building_A,48.82
2026-01-25 23:00:00,Building_A,60.28
2026-01-26 00:00:00,Building_A,54.81
2026-01-26 01:00:00,Building_A,64.07
2026-01-26 02:00:00,Building_A,54.56
2026-01-26 03:00:00,Building_A,54.52
2026-01-26 04:00:00,Building_A,60.4
2026-01-26 05:00:00,Building_A,61.51
2026-01-26 06:00:00,Building_A,59.94
2026-01-26 07:00:00,Building_A,49.27
2026-01-26 08:00:00,Building_A,135.84
2026-01-26 09:00:00,Building_A,127.98
2026-01-26 10:00:00,Building_A,134.33
2026-01-26 11:00:00,Building_A,126.03
2026-01-26 12:00:00,Building_A,135.38
2026-01-26 13:00:00,Building_A,129.12
2026-01-26 14:00:00,Building_A,126.74
2026-01-26 15:00:00,Building_A,136.72
2026-01-26 16:00:00,Building_A,134.36
2026-01-26 17:00:00,Building_A,130.08
2026-01-26 18:00:00,Building_A,140.41
2026-01-26 19:00:00,Building_A,55.5
2026-01-26 20:00:00,Building_A,57.86
2026-01-26 21:00:00,Building_A,59.04
2026-01-26 22:00:00,Building_A,54.6
2026-01-26 23:00:00,Building_A,60.05
2026-01-27 00:00:00,Building_A,55.03
2026-01-27 01:00:00,Building_A,55.64
2026-01-27 02:00:00,Building_A,64.51
2026-01-27 03:00:00,Building_A,52.5
2026-01-27 04:00:00,Building_A,45.63
2026-01-27 05:00:00,Building_A,65.75
2026-01-27 06:00:00,Building_A,70.44
2026-01-27 07:00:00,Building_A,55.67
2026-01-27 08:00:00,Building_A,123.47
2026-01-27 09:00:00,Building_A,131.6
2026-01-27 10:00:00,Building_A,131.72
2026-01-27 11:00:00,Building_A,132.2
2026-01-27 12:00:00,Building_A,127.58
2026-01-27 13:00:00,Building_A,136.05
2026-01-27 14:00:00,Building_A,135.77
2026-01-27 15:00:00,Building_A,125.68
2026-01-27 16:00:00,Building_A,136.65
2026-01-27 17:00:00,Building_A,143.41
2026-01-27 18:00:00,Building_A,134.01
2026-01-27 19:00:00,Building_A,56.01
2026-01-27 20:00:00,Building_A,56.99
2026-01-27 21:00:00,Building_A,60.77
2026-01-27 22:00:00,Building_A,49.04
2026-01-27 23:00:00,Building_A,58.52
2026-01-28 00:00:00,Building_A,55.75
2026-01-28 01:00:00,Building_A,66.94
2026-01-28 02:00:00,Building_A,56.83
2026-01-28 03:00:00,Building_A,66.04
2026-01-28 04:00:00,Building_A,52.18
2026-01-28 05:00:00,Building_A,60.63
2026-01-28 06:00:00,Building_A,59.3
2026-01-28 07:00:00,Building_A,53.35
2026-01-28 08:00:00,Building_A,134.04
2026-01-28 09:00:00,Building_A,139.21
2026-01-28 10:00:00,Building_A,131.53
2026-01-28 11:00:00,Building_A,124.69
2026-01-28 12:00:00,Building_A,133.06
2026-01-28 13:00:00,Building_A,128.64
2026-01-28 14:00:00,Building_A,131.44
2026-01-28 15:00:00,Building_A,132.74
2026-01-28 16:00:00,Building_A,124.62
2026-01-28 17:00:00,Building_A,125.07
2026-01-28 18:00:00,Building_A,135.56
2026-01-28 19:00:00,Building_A,55.08
2026-01-28 20:00:00,Building_A,44.87
2026-01-28 21:00:00,Building_A,61.62
2026-01-28 22:00:00,Building_A,59.06
2026-01-28 23:00:00,Building_A,54.13
2026-01-29 00:00:00,Building_A,51.11
2026-01-29 01:00:00,Building_A,61.88
2026-01-29 02:00:00,Building_A,59.45
2026-01-29 03:00:00,Building_A,69.61
2026-01-29 04:00:00,Building_A,59.8
2026-01-29 05:00:00,Building_A,59.64
2026-01-29 06:00:00,Building_A,56.86
2026-01-29 07:00:00,Building_A,61.78
2026-01-29 08:00:00,Building_A,136.28
2026-01-29 09:00:00,Building_A,139.41
2026-01-29 10:00:00,Building_A,130.54
2026-01-29 11:00:00,Building_A,130.97
2026-01-29 12:00:00,Building_A,130.75
2026-01-29 13:00:00,Building_A,137.1
2026-01-29 14:00:00,Building_A,140.64
2026-01-29 15:00:00,Building_A,130.86
2026-01-29 16:00:00,Building_A,131.03
2026-01-29 17:00:00,Building_A,134.72
2026-01-29 18:00:00,Building_A,131.92
2026-01-29 19:00:00,Building_A,62.46
2026-01-29 20:00:00,Building_A,46.44
2026-01-29 21:00:00,Building_A,53.56
2026-01-29 22:00:00,Building_A,53.79
2026-01-29 23:00:00,Building_A,46.1
2026-01-30 00:00:00,Building_A,52.88
2026-01-30 01:00:00,Building_A,53.12
2026-01-30 02:00:00,Building_A,56.69
2026-01-30 03:00:00,Building_A,63.26
2026-01-30 04:00:00,Building_A,56.47
2026-01-30 05:00:00,Building_A,52.54
2026-01-30 06:00:00,Building_A,57.41
2026-01-30 07:00:00,Building_A,62.94
2026-01-30 08:00:00,Building_A,128.27
2026-01-30 09:00:00,Building_A,128.6
2026-01-30 10:00:00,Building_A,135.94
2026-01-30 11:00:00,Building_A,132.04
2026-01-30 12:00:00,Building_A,136.39
2026-01-30 13:00:00,Building_A,133.08
2026-01-30 14:00:00,Building_A,136.66
2026-01-30 15:00:00,Building_A,127.97
2026-01-30 16:00:00,Building_A,133.09
2026-01-30 17:00:00,Building_A,132.1
2026-01-30 18:00:00,Building_A,127.07
2026-01-30 19:00:00,Building_A,49.88
2026-01-30 20:00:00,Building_A,61.13
2026-01-30 21:00:00,Building_A,55.94
2026-01-30 22:00:00,Building_A,52.59
2026-01-30 23:00:00,Building_A,57.22
2026-01-31 00:00:00,Building_A,63.34
2026-01-31 01:00:00,Building_A,46.29
2026-01-31 02:00:00,Building_A,50.22
2026-01-31 03:00:00,Building_A,53.08
2026-01-31 04:00:00,Building_A,65.0
2026-01-31 05:00:00,Building_A,59.11
2026-01-31 06:00:00,Building_A,61.53
2026-01-31 07:00:00,Building_A,52.0
2026-01-31 08:00:00,Building_A,52.1
2026-01-31 09:00:00,Building_A,59.94
2026-01-31 10:00:00,Building_A,57.99
2026-01-31 11:00:00,Building_A,60.44
2026-01-31 12:00:00,Building_A,56.76
2026-01-31 13:00:00,Building_A,59.09
2026-01-31 14:00:00,Building_A,58.49
2026-01-31 15:00:00,Building_A,61.59
2026-01-31 16:00:00,Building_A,61.73
2026-01-31 17:00:00,Building_A,49.6
2026-01-31 18:00:00,Building_A,46.46
2026-01-31 19:00:00,Building_A,62.71
2026-01-31 20:00:00,Building_A,63.64
2026-01-31 21:00:00,Building_A,52.6
2026-01-31 22:00:00,Building_A,48.4
2026-01-31 23:00:00,Building_A,58.19
2026-02-01 00:00:00,Building_A,62.35
2026-02-01 01:00:00,Building_A,66.69
2026-02-01 02:00:00,Building_A,60.28
2026-02-01 03:00:00,Building_A,55.84
2026-02-01 04:00:00,Building_A,53.23
2026-02-01 05:00:00,Building_A,57.76
2026-02-01 06:00:00,Building_A,56.2
2026-02-01 07:00:00,Building_A,52.62
2026-02-01 08:00:00,Building_A,67.94
2026-02-01 09:00:00,Building_A,66.62
2026-02-01 10:00:00,Building_A,63.38
2026-02-01 11:00:00,Building_A,53.09
2026-02-01 12:00:00,Building_A,61.97
2026-02-01 13:00:00,Building_A,60.9
2026-02-01 14:00:00,Building_A,59.91
2026-02-01 15:00:00,Building_A,63.95
2026-02-01 16:00:00,Building_A,60.88
2026-02-01 17:00:00,Building_A,61.4
2026-02-01 18:00:00,Building_A,60.88
2026-02-01 19:00:00,Building_A,59.4
2026-02-01 20:00:00,Building_A,48.78
2026-02-01 21:00:00,Building_A,58.12
2026-02-01 22:00:00,Building_A,54.92
2026-02-01 23:00:00,Building_A,51.3
2026-02-02 00:00:00,Building_A,66.11
2026-02-02 01:00:00,Building_A,66.34
2026-02-02 02:00:00,Building_A,64.49
2026-02-02 03:00:00,Building_A,58.97
2026-02-02 04:00:00,Building_A,64.45
2026-02-02 05:00:00,Building_A,57.76
2026-02-02 06:00:00,Building_A,58.71
2026-02-02 07:00:00,Building_A,52.23
2026-02-02 08:00:00,Building_A,135.13
2026-02-02 09:00:00,Building_A,133.45
2026-02-02 10:00:00,Building_A,126.64
2026-02-02 11:00:00,Building_A,132.89
2026-02-02 12:00:00,Building_A,132.75
2026-02-02 13:00:00,Building_A,142.14
2026-02-02 14:00:00,Building_A,137.62
2026-02-02 15:00:00,Building_A,133.21
2026-02-02 16:00:00,Building_A,134.39
2026-02-02 17:00:00,Building_A,133.37
2026-02-02 18:00:00,Building_A,132.14
2026-02-02 19:00:00,Building_A,52.29
2026-02-02 20:00:00,Building_A,56.94
2026-02-02 21:00:00,Building_A,53.97
2026-02-02 22:00:00,Building_A,51.45
2026-02-02 23:00:00,Building_A,60.25
2026-02-03 00:00:00,Building_A,59.65
2026-02-03 01:00:00,Building_A,48.76
2026-02-03 02:00:00,Building_A,57.08
2026-02-03 03:00:00,Building_A,62.68
2026-02-03 04:00:00,Building_A,62.99
2026-02-03 05:00:00,Building_A,62.83
2026-02-03 06:00:00,Building_A,57.89
2026-02-03 07:00:00,Building_A,53.47
2026-02-03 08:00:00,Building_A,127.73
2026-02-03 09:00:00,Building_A,134.87
2026-02-03 10:00:00,Building_A,135.05
2026-02-03 11:00:00,Building_A,139.59
2026-02-03 12:00:00,Building_A,138.65
2026-02-03 13:00:00,Building_A,132.49
2026-02-03 14:00:00,Building_A,126.93
2026-02-03 15:00:00,Building_A,131.55
2026-02-03 16:00:00,Building_A,134.24
2026-02-03 17:00:00,Building_A,132.14
2026-02-03 18:00:00,Building_A,130.26
2026-02-03 19:00:00,Building_A,58.96
2026-02-03 20:00:00,Building_A,55.18
2026-02-03 21:00:00,Building_A,54.56
2026-02-03 22:00:00,Building_A,59.26
2026-02-03 23:00:00,Building_A,55.69
2026-02-04 00:00:00,Building_A,58.92
2026-02-04 01:00:00,Building_A,59.06
2026-02-04 02:00:00,Building_A,52.0
2026-02-04 03:00:00,Building_A,55.29
2026-02-04 04:00:00,Building_A,64.89
2026-02-04 05:00:00,Building_A,51.89
2026-02-04 06:00:00,Building_A,47.12
2026-02-04 07:00:00,Building_A,48.39
2026-02-04 08:00:00,Building_A,133.3
2026-02-04 09:00:00,Building_A,133.3
2026-02-04 10:00:00,Building_A,132.56
2026-02-04 11:00:00,Building_A,139.22
2026-02-04 12:00:00,Building_A,119.79
2026-02-04 13:00:00,Building_A,135.13
2026-02-04 14:00:00,Building_A,140.96
2026-02-04 15:00:00,Building_A,127.51
2026-02-04 16:00:00,Building_A,131.25
2026-02-04 17:00:00,Building_A,129.39
2026-02-04 18:00:00,Building_A,128.68
2026-02-04 19:00:00,Building_A,56.07
2026-02-04 20:00:00,Building_A,64.84
2026-02-04 21:00:00,Building_A,66.89
2026-02-04 22:00:00,Building_A,56.02
2026-02-04 23:00:00,Building_A,67.22
2026-02-05 00:00:00,Building_A,57.88
2026-02-05 01:00:00,Building_A,66.47
2026-02-05 02:00:00,Building_A,57.23
2026-02-05 03:00:00,Building_A,58.35
2026-02-05 04:00:00,Building_A,59.53
2026-02-05 05:00:00,Building_A,73.59
2026-02-05 06:00:00,Building_A,61.95
2026-02-05 07:00:00,Building_A,54.16
2026-02-05 08:00:00,Building_A,137.99
2026-02-05 09:00:00,Building_A,131.34
2026-02-05 10:00:00,Building_A,130.7
2026-02-05 11:00:00,Building_A,137.69
2026-02-05 12:00:00,Building_A,133.31
2026-02-05 13:00:00,Building_A,134.54
2026-02-05 14:00:00,Building_A,133.22
2026-02-05 15:00:00,Building_A,134.83
2026-02-05 16:00:00,Building_A,135.27
2026-02-05 17:00:00,Building_A,123.47
2026-02-05 18:00:00,Building_A,136.48
2026-02-05 19:00:00,Building_A,52.79
2026-02-05 20:00:00,Building_A,50.49
2026-02-05 21:00:00,Building_A,57.41
2026-02-05 22:00:00,Building_A,58.12
2026-02-05 23:00:00,Building_A,54.23
2026-02-06 00:00:00,Building_A,61.85
2026-02-06 01:00:00,Building_A,50.99
2026-02-06 02:00:00,Building_A,55.66
2026-02-06 03:00:00,Building_A,54.77
2026-02-06 04:00:00,Building_A,57.47
2026-02-06 05:00:00,Building_A,59.09
2026-02-06 06:00:00,Building_A,52.66
2026-02-06 07:00:00,Building_A,61.32
2026-02-06 08:00:00,Building_A,133.46
2026-02-06 09:00:00,Building_A,123.69
2026-02-06 10:00:00,Building_A,123.36
2026-02-06 11:00:00,Building_A,133.09
2026-02-06 12:00:00,Building_A,132.05
2026-02-06 13:00:00,Building_A,132.63
2026-02-06 14:00:00,Building_A,133.01
2026-02-06 15:00:00,Building_A,134.28
2026-02-06 16:00:00,Building_A,137.89
2026-02-06 17:00:00,Building_A,127.59
2026-02-06 18:00:00,Building_A,127.29
2026-02-06 19:00:00,Building_A,52.23
2026-02-06 20:00:00,Building_A,59.14
2026-02-06 21:00:00,Building_A,63.92
2026-02-06 22:00:00,Building_A,55.54
2026-02-06 23:00:00,Building_A,45.19
2026-02-07 00:00:00,Building_A,49.18
2026-02-07 01:00:00,Building_A,53.53
2026-02-07 02:00:00,Building_A,54.91
2026-02-07 03:00:00,Building_A,55.66
2026-02-07 04:00:00,Building_A,57.89
2026-02-07 05:00:00,Building_A,56.14
2026-02-07 06:00:00,Building_A,62.94
2026-02-07 07:00:00,Building_A,54.32
2026-02-07 08:00:00,Building_A,53.39
2026-02-07 09:00:00,Building_A,60.09
2026-02-07 10:00:00,Building_A,50.02
2026-02-07 11:00:00,Building_A,59.65
2026-02-07 12:00:00,Building_A,58.21
2026-02-07 13:00:00,Building_A,56.96
2026-02-07 14:00:00,Building_A,65.64
2026-02-07 15:00:00,Building_A,54.59
2026-02-07 16:00:00,Building_A,68.0
2026-02-07 17:00:00,Building_A,56.57
2026-02-07 18:00:00,Building_A,51.31
2026-02-07 19:00:00,Building_A,58.05
2026-02-07 20:00:00,Building_A,52.32
2026-02-07 21:00:00,Building_A,53.94
2026-02-07 22:00:00,Building_A,59.68
2026-02-07 23:00:00,Building_A,60.48
2026-02-08 00:00:00,Building_A,54.59
2026-02-08 01:00:00,Building_A,62.64
2026-02-08 02:00:00,Building_A,63.49
2026-02-08 03:00:00,Building_A,64.88
2026-02-08 04:00:00,Building_A,60.35
2026-02-08 05:00:00,Building_A,64.52
2026-02-08 06:00:00,Building_A,48.29
2026-02-08 07:00:00,Building_A,56.11
2026-02-08 08:00:00,Building_A,53.36
2026-02-08 09:00:00,Building_A,58.29
2026-02-08 10:00:00,Building_A,54.84
2026-02-08 11:00:00,Building_A,56.87
2026-02-08 12:00:00,Building_A,67.11
2026-02-08 13:00:00,Building_A,56.85
2026-02-08 14:00:00,Building_A,59.77
2026-02-08 15:00:00,Building_A,56.54
2026-02-08 16:00:00,Building_A,58.08
2026-02-08 17:00:00,Building_A,57.73
2026-02-08 18:00:00,Building_A,59.94
2026-02-08 19:00:00,Building_A,63.52
2026-02-08 20:00:00,Building_A,65.94
2026-02-08 21:00:00,Building_A,59.25
2026-02-08 22:00:00,Building_A,60.65
2026-02-08 23:00:00,Building_A,51.94
2026-02-09 00:00:00,Building_A,57.26
2026-02-09 01:00:00,Building_A,62.4
2026-02-09 02:00:00,Building_A,62.03
2026-02-09 03:00:00,Building_A,58.76
2026-02-09 04:00:00,Building_A,62.13
2026-02-09 05:00:00,Building_A,60.15
2026-02-09 06:00:00,Building_A,63.7
2026-02-09 07:00:00,Building_A,59.15
2026-02-09 08:00:00,Building_A,131.37
2026-02-09 09:00:00,Building_A,134.83
2026-02-09 10:00:00,Building_A,118.5
2026-02-09 11:00:00,Building_A,135.06
2026-02-09 12:00:00,Building_A,114.91
2026-02-09 13:00:00,Building_A,124.53
2026-02-09 14:00:00,Building_A,135.41
2026-02-09 15:00:00,Building_A,135.54
2026-02-09 16:00:00,Building_A,127.34
2026-02-09 17:00:00,Building_A,129.59
2026-02-09 18:00:00,Building_A,140.0
2026-02-09 19:00:00,Building_A,55.28
2026-02-09 20:00:00,Building_A,68.91
2026-02-09 21:00:00,Building_A,57.69
2026-02-09 22:00:00,Building_A,59.74
2026-02-09 23:00:00,Building_A,65.78
2026-02-10 00:00:00,Building_A,58.35
2026-02-10 01:00:00,Building_A,52.69
2026-02-10 02:00:00,Building_A,57.15
2026-02-10 03:00:00,Building_A,57.52
2026-02-10 04:00:00,Building_A,50.87
2026-02-10 05:00:00,Building_A,56.42
2026-02-10 06:00:00,Building_A,53.99
2026-02-10 07:00:00,Building_A,62.32
2026-02-10 08:00:00,Building_A,133.32
2026-02-10 09:00:00,Building_A,131.74
2026-02-10 10:00:00,Building_A,132.62
2026-02-10 11:00:00,Building_A,134.27
2026-02-10 12:00:00,Building_A,136.23
2026-02-10 13:00:00,Building_A,128.15
2026-02-10 14:00:00,Building_A,127.94
2026-02-10 15:00:00,Building_A,138.67
2026-02-10 16:00:00,Building_A,131.09
2026-02-10 17:00:00,Building_A,126.07
2026-02-10 18:00:00,Building_A,135.37
2026-02-10 19:00:00,Building_A,60.02
2026-02-10 20:00:00,Building_A,50.04
2026-02-10 21:00:00,Building_A,58.85
2026-02-10 22:00:00,Building_A,61.38
2026-02-10 23:00:00,Building_A,59.57
2026-02-11 00:00:00,Building_A,60.86
2026-02-11 01:00:00,Building_A,50.68
2026-02-11 02:00:00,Building_A,59.35
2026-02-11 03:00:00,Building_A,56.19
2026-02-11 04:00:00,Building_A,55.28
2026-02-11 05:00:00,Building_A,62.05
2026-02-11 06:00:00,Building_A,65.09
2026-02-11 07:00:00,Building_A,66.67
2026-02-11 08:00:00,Building_A,139.72
2026-02-11 09:00:00,Building_A,132.6
2026-02-11 10:00:00,Building_A,134.91
2026-02-11 11:00:00,Building_A,136.98
2026-02-11 12:00:00,Building_A,133.76
2026-02-11 13:00:00,Building_A,133.8
2026-02-11 14:00:00,Building_A,137.27
2026-02-11 15:00:00,Building_A,132.85
2026-02-11 16:00:00,Building_A,129.5
2026-02-11 17:00:00,Building_A,131.08
2026-02-11 18:00:00,Building_A,136.32
2026-02-11 19:00:00,Building_A,57.71
2026-02-11 20:00:00,Building_A,59.4
2026-02-11 21:00:00,Building_A,61.05
2026-02-11 22:00:00,Building_A,55.82
2026-02-11 23:00:00,Building_A,61.48
2026-02-12 00:00:00,Building_A,59.59
2026-02-12 01:00:00,Building_A,51.52
2026-02-12 02:00:00,Building_A,64.91
2026-02-12 03:00:00,Building_A,55.19
2026-02-12 04:00:00,Building_A,49.42
2026-02-12 05:00:00,Building_A,52.47
2026-02-12 06:00:00,Building_A,52.59
2026-02-12 07:00:00,Building_A,57.96
2026-02-12 08:00:00,Building_A,131.78
2026-02-12 09:00:00,Building_A,131.47
2026-02-12 10:00:00,Building_A,136.25
2026-02-12 11:00:00,Building_A,134.85
2026-02-12 12:00:00,Building_A,134.73
2026-02-12 13:00:00,Building_A,135.2
2026-02-12 14:00:00,Building_A,136.23
2026-02-12 15:00:00,Building_A,122.61
2026-02-12 16:00:00,Building_A,131.33
2026-02-12 17:00:00,Building_A,122.25
2026-02-12 18:00:00,Building_A,133.33
2026-02-12 19:00:00,Building_A,57.68
2026-02-12 20:00:00,Building_A,62.93
2026-02-12 21:00:00,Building_A,63.64
2026-02-12 22:00:00,Building_A,58.71
2026-02-12 23:00:00,Building_A,55.2
2026-02-13 00:00:00,Building_A,60.12
2026-02-13 01:00:00,Building_A,55.06
2026-02-13 02:00:00,Building_A,57.69
2026-02-13 03:00:00,Building_A,62.63
2026-02-13 04:00:00,Building_A,54.91
2026-02-13 05:00:00,Building_A,61.73
2026-02-13 06:00:00,Building_A,61.09
2026-02-13 07:00:00,Building_A,52.92
2026-02-13 08:00:00,Building_A,138.02
2026-02-13 09:00:00,Building_A,136.64
2026-02-13 10:00:00,Building_A,133.66
2026-02-13 11:00:00,Building_A,129.34
2026-02-13 12:00:00,Building_A,128.85
2026-02-13 13:00:00,Building_A,130.46
2026-02-13 14:00:00,Building_A,135.86
2026-02-13 15:00:00,Building_A,128.37
2026-02-13 16:00:00,Building_A,135.34
2026-02-13 17:00:00,Building_A,126.94
2026-02-13 18:00:00,Building_A,132.13
2026-02-13 19:00:00,Building_A,58.25
2026-02-13 20:00:00,Building_A,69.92
2026-02-13 21:00:00,Building_A,50.81
2026-02-13 22:00:00,Building_A,65.06
2026-02-13 23:00:00,Building_A,58.45
2026-02-14 00:00:00,Building_A,59.75
2026-02-14 01:00:00,Building_A,58.29
2026-02-14 02:00:00,Building_A,59.92
2026-02-14 03:00:00,Building_A,56.93
2026-02-14 04:00:00,Building_A,64.97
2026-02-14 05:00:00,Building_A,55.42
2026-02-14 06:00:00,Building_A,63.36
2026-02-14 07:00:00,Building_A,54.48
2026-02-14 08:00:00,Building_A,57.4
2026-02-14 09:00:00,Building_A,52.34
2026-02-14 10:00:00,Building_A,59.97
2026-02-14 11:00:00,Building_A,64.92
2026-02-14 12:00:00,Building_A,57.31
2026-02-14 13:00:00,Building_A,56.71
2026-02-14 14:00:00,Building_A,52.13
2026-02-14 15:00:00,Building_A,56.55
2026-02-14 16:00:00,Building_A,49.73
2026-02-14 17:00:00,Building_A,53.13
2026-02-14 18:00:00,Building_A,58.83
2026-02-14 19:00:00,Building_A,64.29
2026-02-14 20:00:00,Building_A,71.74
2026-02-14 21:00:00,Building_A,54.77
2026-02-14 22:00:00,Building_A,64.87
2026-02-14 23:00:00,Building_A,58.92
2026-02-15 00:00:00,Building_A,56.94
2026-02-15 01:00:00,Building_A,59.86
2026-02-15 02:00:00,Building_A,58.01
2026-02-15 03:00:00,Building_A,58.25
2026-02-15 04:00:00,Building_A,55.66
2026-02-15 05:00:00,Building_A,50.71
2026-02-15 06:00:00,Building_A,49.98
2026-02-15 07:00:00,Building_A,60.96
2026-02-15 08:00:00,Building_A,56.31
2026-02-15 09:00:00,Building_A,54.72
2026-02-15 10:00:00,Building_A,57.74
2026-02-15 11:00:00,Building_A,61.67
2026-02-15 12:00:00,Building_A,58.6
2026-02-15 13:00:00,Building_A,54.42
2026-02-15 14:00:00,Building_A,63.83
2026-02-15 15:00:00,Building_A,65.59
2026-02-15 16:00:00,Building_A,60.17
2026-02-15 17:00:00,Building_A,62.57
2026-02-15 18:00:00,Building_A,63.91
2026-02-15 19:00:00,Building_A,63.35
2026-02-15 20:00:00,Building_A,60.77
2026-02-15 21:00:00,Building_A,60.69
2026-02-15 22:00:00,Building_A,60.3
2026-02-15 23:00:00,Building_A,52.21
2026-02-16 00:00:00,Building_A,61.2
2026-02-16 01:00:00,Building_A,50.92
2026-02-16 02:00:00,Building_A,53.73
2026-02-16 03:00:00,Building_A,64.22
2026-02-16 04:00:00,Building_A,61.9
2026-02-16 05:00:00,Building_A,65.14
2026-02-16 06:00:00,Building_A,56.34
2026-02-16 07:00:00,Building_A,51.94
2026-02-16 08:00:00,Building_A,131.95
2026-02-16 09:00:00,Building_A,133.66
2026-02-16 10:00:00,Building_A,133.54
2026-02-16 11:00:00,Building_A,138.82
2026-02-16 12:00:00,Building_A,131.34
2026-02-16 13:00:00,Building_A,134.91
2026-02-16 14:00:00,Building_A,128.21
2026-02-16 15:00:00,Building_A,135.4
2026-02-16 16:00:00,Building_A,133.17
2026-02-16 17:00:00,Building_A,129.4
2026-02-16 18:00:00,Building_A,131.97
2026-02-16 19:00:00,Building_A,56.78
2026-02-16 20:00:00,Building_A,56.35
2026-02-16 21:00:00,Building_A,66.55
2026-02-16 22:00:00,Building_A,57.21
2026-02-16 23:00:00,Building_A,56.48
2026-02-17 00:00:00,Building_A,47.21
2026-02-17 01:00:00,Building_A,53.23
2026-02-17 02:00:00,Building_A,56.38
2026-02-17 03:00:00,Building_A,54.27
2026-02-17 04:00:00,Building_A,64.61
2026-02-17 05:00:00,Building_A,56.87
2026-02-17 06:00:00,Building_A,64.14
2026-02-17 07:00:00,Building_A,58.01
2026-02-17 08:00:00,Building_A,133.34
2026-02-17 09:00:00,Building_A,132.71
2026-02-17 10:00:00,Building_A,133.17
2026-02-17 11:00:00,Building_A,141.74
2026-02-17 12:00:00,Building_A,121.55
2026-02-17 13:00:00,Building_A,123.14
2026-02-17 14:00:00,Building_A,130.43
2026-02-17 15:00:00,Building_A,133.22
2026-02-17 16:00:00,Building_A,136.6
2026-02-17 17:00:00,Building_A,135.52
2026-02-17 18:00:00,Building_A,131.23
2026-02-17 19:00:00,Building_A,62.79
2026-02-17 20:00:00,Building_A,62.85
2026-02-17 21:00:00,Building_A,58.62
2026-02-17 22:00:00,Building_A,62.51
2026-02-17 23:00:00,Building_A,59.06
2026-02-18 00:00:00,Building_A,54.89
2026-02-18 01:00:00,Building_A,61.19
2026-02-18 02:00:00,Building_A,58.25
2026-02-18 03:00:00,Building_A,57.7
2026-02-18 04:00:00,Building_A,65.06
2026-02-18 05:00:00,Building_A,45.44
2026-02-18 06:00:00,Building_A,50.61
2026-02-18 07:00:00,Building_A,51.76
2026-02-18 08:00:00,Building_A,131.33
2026-02-18 09:00:00,Building_A,131.88
2026-02-18 10:00:00,Building_A,125.61
2026-02-18 11:00:00,Building_A,128.22
2026-02-18 12:00:00,Building_A,128.85
2026-02-18 13:00:00,Building_A,145.44
2026-02-18 14:00:00,Building_A,142.16
2026-02-18 15:00:00,Building_A,131.09
2026-02-18 16:00:00,Building_A,131.33
2026-02-18 17:00:00,Building_A,127.4
2026-02-18 18:00:00,Building_A,123.61
2026-02-18 19:00:00,Building_A,57.11
2026-02-18 20:00:00,Building_A,52.71
2026-02-18 21:00:00,Building_A,57.27
2026-02-18 22:00:00,Building_A,49.7
2026-02-18 23:00:00,Building_A,53.89
2026-02-19 00:00:00,Building_A,58.44
2026-02-19 01:00:00,Building_A,59.53
2026-02-19 02:00:00,Building_A,59.79
2026-02-19 03:00:00,Building_A,51.1
2026-02-19 04:00:00,Building_A,61.97
2026-02-19 05:00:00,Building_A,53.7
2026-02-19 06:00:00,Building_A,60.86
2026-02-19 07:00:00,Building_A,57.65
2026-02-19 08:00:00,Building_A,126.27
2026-02-19 09:00:00,Building_A,131.57
2026-02-19 10:00:00,Building_A,134.98
2026-02-19 11:00:00,Building_A,136.21
2026-02-19 12:00:00,Building_A,132.44
2026-02-19 13:00:00,Building_A,140.81
2026-02-19 14:00:00,Building_A,138.19
2026-02-19 15:00:00,Building_A,131.87
2026-02-19 16:00:00,Building_A,136.9
2026-02-19 17:00:00,Building_A,142.82
2026-02-19 18:00:00,Building_A,142.95
2026-02-19 19:00:00,Building_A,51.56
2026-02-19 20:00:00,Building_A,53.07
2026-02-19 21:00:00,Building_A,65.12
2026-02-19 22:00:00,Building_A,52.41
2026-02-19 23:00:00,Building_A,51.09
2026-02-20 00:00:00,Building_A,55.27
2026-02-20 01:00:00,Building_A,59.8
2026-02-20 02:00:00,Building_A,57.19
2026-02-20 03:00:00,Building_A,54.45
2026-02-20 04:00:00,Building_A,54.33
2026-02-20 05:00:00,Building_A,54.14
2026-02-20 06:00:00,Building_A,53.3
2026-02-20 07:00:00,Building_A,69.11
2026-02-20 08:00:00,Building_A,134.64
2026-02-20 09:00:00,Building_A,137.58
2026-02-20 10:00:00,Building_A,130.7
2026-02-20 11:00:00,Building_A,132.22
2026-02-20 12:00:00,Building_A,129.58
2026-02-20 13:00:00,Building_A,119.89
2026-02-20 14:00:00,Building_A,126.26
2026-02-20 15:00:00,Building_A,124.1
2026-02-20 16:00:00,Building_A,121.9
2026-02-20 17:00:00,Building_A,127.17
2026-02-20 18:00:00,Building_A,139.77
2026-02-20 19:00:00,Building_A,57.48
2026-02-20 20:00:00,Building_A,64.15
2026-02-20 21:00:00,Building_A,59.75
2026-02-20 22:00:00,Building_A,61.61
2026-02-20 23:00:00,Building_A,53.19
2026-02-21 00:00:00,Building_A,60.32
2026-02-21 01:00:00,Building_A,61.34
2026-02-21 02:00:00,Building_A,54.82
2026-02-21 03:00:00,Building_A,60.5
2026-02-21 04:00:00,Building_A,60.53
2026-02-21 05:00:00,Building_A,54.95
2026-02-21 06:00:00,Building_A,52.08
2026-02-21 07:00:00,Building_A,51.78
2026-02-21 08:00:00,Building_A,58.13
2026-02-21 09:00:00,Building_A,59.33
2026-02-21 10:00:00,Building_A,53.74
2026-02-21 11:00:00,Building_A,57.83
2026-02-21 12:00:00,Building_A,60.55
2026-02-21 13:00:00,Building_A,60.79
2026-02-21 14:00:00,Building_A,65.46
2026-02-21 15:00:00,Building_A,64.08
2026-02-21 16:00:00,Building_A,52.69
2026-02-21 17:00:00,Building_A,66.12
2026-02-21 18:00:00,Building_A,55.04
2026-02-21 19:00:00,Building_A,62.92
2026-02-21 20:00:00,Building_A,58.04
2026-02-21 21:00:00,Building_A,55.64
2026-02-21 22:00:00,Building_A,48.66
2026-02-21 23:00:00,Building_A,56.84
2026-02-22 00:00:00,Building_A,49.9
2026-02-22 01:00:00,Building_A,62.53
2026-02-22 02:00:00,Building_A,65.28
2026-02-22 03:00:00,Building_A,53.71
2026-02-22 04:00:00,Building_A,59.21
2026-02-22 05:00:00,Building_A,54.07
2026-02-22 06:00:00,Building_A,54.56
2026-02-22 07:00:00,Building_A,61.57
2026-02-22 08:00:00,Building_A,57.51
2026-02-22 09:00:00,Building_A,66.4
2026-02-22 10:00:00,Building_A,55.29
2026-02-22 11:00:00,Building_A,62.69
2026-02-22 12:00:00,Building_A,58.19
2026-02-22 13:00:00,Building_A,61.68
2026-02-22 14:00:00,Building_A,55.46
2026-02-22 15:00:00,Building_A,57.45
2026-02-22 16:00:00,Building_A,57.12
2026-02-22 17:00:00,Building_A,53.52
2026-02-22 18:00:00,Building_A,61.01
2026-02-22 19:00:00,Building_A,60.95
2026-02-22 20:00:00,Building_A,60.67
2026-02-22 21:00:00,Building_A,65.38
2026-02-22 22:00:00,Building_A,64.95
2026-02-22 23:00:00,Building_A,55.82
2026-02-23 00:00:00,Building_A,59.56
2026-02-23 01:00:00,Building_A,54.58
2026-02-23 02:00:00,Building_A,57.82
2026-02-23 03:00:00,Building_A,54.7
2026-02-23 04:00:00,Building_A,65.8
2026-02-23 05:00:00,Building_A,59.52
2026-02-23 06:00:00,Building_A,56.61
2026-02-23 07:00:00,Building_A,63.67
2026-02-23 08:00:00,Building_A,122.3
2026-02-23 09:00:00,Building_A,123.08
2026-02-23 10:00:00,Building_A,137.13
2026-02-23 11:00:00,Building_A,133.45
2026-02-23 12:00:00,Building_A,134.4
2026-02-23 13:00:00,Building_A,126.52
2026-02-23 14:00:00,Building_A,133.03
2026-02-23 15:00:00,Building_A,143.17
2026-02-23 16:00:00,Building_A,137.27
2026-02-23 17:00:00,Building_A,134.0
2026-02-23 18:00:00,Building_A,130.95
2026-02-23 19:00:00,Building_A,55.73
2026-02-23 20:00:00,Building_A,47.05
2026-02-23 21:00:00,Building_A,58.99
2026-02-23 22:00:00,Building_A,61.93
2026-02-23 23:00:00,Building_A,49.82
2026-02-24 00:00:00,Building_A,54.39
2026-02-24 01:00:00,Building_A,51.91
2026-02-24 02:00:00,Building_A,52.87
2026-02-24 03:00:00,Building_A,57.97
2026-02-24 04:00:00,Building_A,47.28
2026-02-24 05:00:00,Building_A,60.77
2026-02-24 06:00:00,Building_A,61.47
2026-02-24 07:00:00,Building_A,56.44
2026-02-24 08:00:00,Building_A,120.75
2026-02-24 09:00:00,Building_A,128.17
2026-02-24 10:00:00,Building_A,139.31
2026-02-24 11:00:00,Building_A,119.26
2026-02-24 12:00:00,Building_A,131.41
2026-02-24 13:00:00,Building_A,127.25
2026-02-24 14:00:00,Building_A,137.17
2026-02-24 15:00:00,Building_A,129.77
2026-02-24 16:00:00,Building_A,135.17
2026-02-24 17:00:00,Building_A,135.98
2026-02-24 18:00:00,Building_A,142.33
2026-02-24 19:00:00,Building_A,56.68
2026-02-24 20:00:00,Building_A,59.58
2026-02-24 21:00:00,Building_A,50.27
2026-02-24 22:00:00,Building_A,63.65
2026-02-24 23:00:00,Building_A,53.9
2026-02-25 00:00:00,Building_A,54.89
2026-02-25 01:00:00,Building_A,57.59
2026-02-25 02:00:00,Building_A,49.88
2026-02-25 03:00:00,Building_A,58.84
2026-02-25 04:00:00,Building_A,62.54
2026-02-25 05:00:00,Building_A,59.16
2026-02-25 06:00:00,Building_A,49.75
2026-02-25 07:00:00,Building_A,57.08
2026-02-25 08:00:00,Building_A,136.86
2026-02-25 09:00:00,Building_A,123.76
2026-02-25 10:00:00,Building_A,127.78
2026-02-25 11:00:00,Building_A,137.53
2026-02-25 12:00:00,Building_A,134.5
2026-02-25 13:00:00,Building_A,135.21
2026-02-25 14:00:00,Building_A,142.45
2026-02-25 15:00:00,Building_A,135.49
2026-02-25 16:00:00,Building_A,136.44
2026-02-25 17:00:00,Building_A,146.7
2026-02-25 18:00:00,Building_A,132.08
2026-02-25 19:00:00,Building_A,53.71
2026-02-25 20:00:00,Building_A,59.84
2026-02-25 21:00:00,Building_A,59.89
2026-02-25 22:00:00,Building_A,55.06
2026-02-25 23:00:00,Building_A,52.54
2026-02-26 00:00:00,Building_A,69.25
2026-02-26 01:00:00,Building_A,59.33
2026-02-26 02:00:00,Building_A,54.04
2026-02-26 03:00:00,Building_A,62.28
2026-02-26 04:00:00,Building_A,57.15
2026-02-26 05:00:00,Building_A,56.43
2026-02-26 06:00:00,Building_A,60.51
2026-02-26 07:00:00,Building_A,51.24
2026-02-26 08:00:00,Building_A,134.91
2026-02-26 09:00:00,Building_A,142.71
2026-02-26 10:00:00,Building_A,135.48
2026-02-26 11:00:00,Building_A,131.27
2026-02-26 12:00:00,Building_A,130.61
2026-02-26 13:00:00,Building_A,131.1
2026-02-26 14:00:00,Building_A,131.88
2026-02-26 15:00:00,Building_A,131.26
2026-02-26 16:00:00,Building_A,137.73
2026-02-26 17:00:00,Building_A,124.48
2026-02-26 18:00:00,Building_A,137.46
2026-02-26 19:00:00,Building_A,55.8
2026-02-26 20:00:00,Building_A,59.58
2026-02-26 21:00:00,Building_A,52.06
2026-02-26 22:00:00,Building_A,64.34
2026-02-26 23:00:00,Building_A,63.93
2026-02-27 00:00:00,Building_A,62.5
2026-02-27 01:00:00,Building_A,50.12
2026-02-27 02:00:00,Building_A,61.84
2026-02-27 03:00:00,Building_A,59.72
2026-02-27 04:00:00,Building_A,49.67
2026-02-27 05:00:00,Building_A,57.58
2026-02-27 06:00:00,Building_A,59.52
2026-02-27 07:00:00,Building_A,60.48
2026-02-27 08:00:00,Building_A,134.04
2026-02-27 09:00:00,Building_A,134.61
2026-02-27 10:00:00,Building_A,140.52
2026-02-27 11:00:00,Building_A,139.28
2026-02-27 12:00:00,Building_A,118.81
2026-02-27 13:00:00,Building_A,131.56
2026-02-27 14:00:00,Building_A,132.33
2026-02-27 15:00:00,Building_A,124.39
2026-02-27 16:00:00,Building_A,133.62
2026-02-27 17:00:00,Building_A,139.39
2026-02-27 18:00:00,Building_A,127.72
2026-02-27 19:00:00,Building_A,59.38
2026-02-27 20:00:00,Building_A,53.12
2026-02-27 21:00:00,Building_A,54.34
2026-02-27 22:00:00,Building_A,65.09
2026-02-27 23:00:00,Building_A,54.99
2026-02-28 00:00:00,Building_A,60.01
2026-02-28 01:00:00,Building_A,48.34
2026-02-28 02:00:00,Building_A,67.01
2026-02-28 03:00:00,Building_A,60.71
2026-02-28 04:00:00,Building_A,56.79
2026-02-28 05:00:00,Building_A,60.58
2026-02-28 06:00:00,Building_A,50.65
2026-02-28 07:00:00,Building_A,63.61
2026-02-28 08:00:00,Building_A,56.08
2026-02-28 09:00:00,Building_A,56.68
2026-02-28 10:00:00,Building_A,55.24
2026-02-28 11:00:00,Building_A,54.8
2026-02-28 12:00:00,Building_A,61.17
2026-02-28 13:00:00,Building_A,58.98
2026-02-28 14:00:00,Building_A,60.96
2026-02-28 15:00:00,Building_A,57.65
2026-02-28 16:00:00,Building_A,60.26
2026-02-28 17:00:00,Building_A,55.6
2026-02-28 18:00:00,Building_A,68.85
2026-02-28 19:00:00,Building_A,49.86
2026-02-28 20:00:00,Building_A,64.0
2026-02-28 21:00:00,Building_A,64.54
2026-02-28 22:00:00,Building_A,53.44
2026-02-28 23:00:00,Building_A,68.84
2026-03-01 00:00:00,Building_A,62.68
2026-03-01 01:00:00,Building_A,62.55
2026-03-01 02:00:00,Building_A,57.84
2026-03-01 03:00:00,Building_A,56.61
2026-03-01 04:00:00,Building_A,56.65
2026-03-01 05:00:00,Building_A,59.65
2026-03-01 06:00:00,Building_A,64.7
2026-03-01 07:00:00,Building_A,58.6
2026-03-01 08:00:00,Building_A,53.14
2026-03-01 09:00:00,Building_A,61.82
2026-03-01 10:00:00,Building_A,62.3
2026-03-01 11:00:00,Building_A,60.97
2026-03-01 12:00:00,Building_A,61.43
2026-03-01 13:00:00,Building_A,56.34
2026-03-01 14:00:00,Building_A,53.05
2026-03-01 15:00:00,Building_A,53.36
2026-03-01 16:00:00,Building_A,49.52
2026-03-01 17:00:00,Building_A,58.88
2026-03-01 18:00:00,Building_A,57.28
2026-03-01 19:00:00,Building_A,55.5
2026-03-01 20:00:00,Building_A,42.92
2026-03-01 21:00:00,Building_A,51.46
2026-03-01 22:00:00,Building_A,63.3
2026-03-01 23:00:00,Building_A,54.38
2026-03-02 00:00:00,Building_A,59.5
2026-03-02 01:00:00,Building_A,50.74
2026-03-02 02:00:00,Building_A,64.89
2026-03-02 03:00:00,Building_A,56.98
2026-03-02 04:00:00,Building_A,59.15
2026-03-02 05:00:00,Building_A,69.33
2026-03-02 06:00:00,Building_A,65.28
2026-03-02 07:00:00,Building_A,56.17
2026-03-02 08:00:00,Building_A,130.18
2026-03-02 09:00:00,Building_A,131.52
2026-03-02 10:00:00,Building_A,135.7
2026-03-02 11:00:00,Building_A,132.62
2026-03-02 12:00:00,Building_A,131.17
2026-03-02 13:00:00,Building_A,140.49
2026-03-02 14:00:00,Building_A,132.58
2026-03-02 15:00:00,Building_A,144.65
2026-03-02 16:00:00,Building_A,133.6
2026-03-02 17:00:00,Building_A,142.08
2026-03-02 18:00:00,Building_A,134.94
2026-03-02 19:00:00,Building_A,62.51
2026-03-02 20:00:00,Building_A,54.08
2026-03-02 21:00:00,Building_A,53.43
2026-03-02 22:00:00,Building_A,60.0
2026-03-02 23:00:00,Building_A,62.64
2026-03-03 00:00:00,Building_A,57.9
2026-03-03 01:00:00,Building_A,51.27
2026-03-03 02:00:00,Building_A,50.9
2026-03-03 03:00:00,Building_A,50.56
2026-03-03 04:00:00,Building_A,48.86
2026-03-03 05:00:00,Building_A,58.25
2026-03-03 06:00:00,Building_A,63.32
2026-03-03 07:00:00,Building_A,57.63
2026-03-03 08:00:00,Building_A,121.85
2026-03-03 09:00:00,Building_A,132.2
2026-03-03 10:00:00,Building_A,132.34
2026-03-03 11:00:00,Building_A,143.63
2026-03-03 12:00:00,Building_A,125.86
2026-03-03 13:00:00,Building_A,131.2
2026-03-03 14:00:00,Building_A,141.68
2026-03-03 15:00:00,Building_A,135.4
2026-03-03 16:00:00,Building_A,135.97
2026-03-03 17:00:00,Building_A,133.72
2026-03-03 18:00:00,Building_A,134.8
2026-03-03 19:00:00,Building_A,61.59
2026-03-03 20:00:00,Building_A,53.65
2026-03-03 21:00:00,Building_A,62.09
2026-03-03 22:00:00,Building_A,50.83
2026-03-03 23:00:00,Building_A,59.34
2026-03-04 00:00:00,Building_A,58.59
2026-03-04 01:00:00,Building_A,54.62
2026-03-04 02:00:00,Building_A,57.58
2026-03-04 03:00:00,Building_A,54.59
2026-03-04 04:00:00,Building_A,52.34
2026-03-04 05:00:00,Building_A,55.93
2026-03-04 06:00:00,Building_A,52.18
2026-03-04 07:00:00,Building_A,59.31
2026-03-04 08:00:00,Building_A,127.4
2026-03-04 09:00:00,Building_A,136.71
2026-03-04 10:00:00,Building_A,127.24
2026-03-04 11:00:00,Building_A,130.32
2026-03-04 12:00:00,Building_A,130.03
2026-03-04 13:00:00,Building_A,139.78
2026-03-04 14:00:00,Building_A,134.8
2026-03-04 15:00:00,Building_A,132.09
2026-03-04 16:00:00,Building_A,135.64
2026-03-04 17:00:00,Building_A,122.61
2026-03-04 18:00:00,Building_A,132.93
2026-03-04 19:00:00,Building_A,67.69
2026-03-04 20:00:00,Building_A,58.36
2026-03-04 21:00:00,Building_A,58.04
2026-03-04 22:00:00,Building_A,60.44
2026-03-04 23:00:00,Building_A,62.18
2026-03-05 00:00:00,Building_A,47.71
2026-03-05 01:00:00,Building_A,49.29
2026-03-05 02:00:00,Building_A,58.75
2026-03-05 03:00:00,Building_A,54.12
2026-03-05 04:00:00,Building_A,64.26
2026-03-05 05:00:00,Building_A,56.12
2026-03-05 06:00:00,Building_A,48.03
2026-03-05 07:00:00,Building_A,51.36
2026-03-05 08:00:00,Building_A,119.4
2026-03-05 09:00:00,Building_A,131.98
2026-03-05 10:00:00,Building_A,132.21
2026-03-05 11:00:00,Building_A,131.03
2026-03-05 12:00:00,Building_A,138.54
2026-03-05 13:00:00,Building_A,139.14
2026-03-05 14:00:00,Building_A,132.3
2026-03-05 15:00:00,Building_A,122.48
2026-03-05 16:00:00,Building_A,136.24
2026-03-05 17:00:00,Building_A,135.93
2026-03-05 18:00:00,Building_A,134.7
2026-03-05 19:00:00,Building_A,62.61
2026-03-05 20:00:00,Building_A,51.87
2026-03-05 21:00:00,Building_A,67.74
2026-03-05 22:00:00,Building_A,52.9
2026-03-05 23:00:00,Building_A,61.44
2026-03-06 00:00:00,Building_A,49.26
2026-03-06 01:00:00,Building_A,53.05
2026-03-06 02:00:00,Building_A,65.28
2026-03-06 03:00:00,Building_A,56.39
2026-03-06 04:00:00,Building_A,61.9
2026-03-06 05:00:00,Building_A,58.88
2026-03-06 06:00:00,Building_A,57.17
2026-03-06 07:00:00,Building_A,64.52
2026-03-06 08:00:00,Building_A,131.97
2026-03-06 09:00:00,Building_A,124.25
2026-03-06 10:00:00,Building_A,129.13
2026-03-06 11:00:00,Building_A,135.91
2026-03-06 12:00:00,Building_A,135.13
2026-03-06 13:00:00,Building_A,125.31
2026-03-06 14:00:00,Building_A,129.53
2026-03-06 15:00:00,Building_A,130.24
2026-03-06 16:00:00,Building_A,131.32
2026-03-06 17:00:00,Building_A,126.27
2026-03-06 18:00:00,Building_A,130.01
2026-03-06 19:00:00,Building_A,54.06
2026-03-06 20:00:00,Building_A,61.56
2026-03-06 21:00:00,Building_A,61.74
2026-03-06 22:00:00,Building_A,56.97
2026-03-06 23:00:00,Building_A,55.74
2026-03-07 00:00:00,Building_A,58.4
2026-03-07 01:00:00,Building_A,53.62
2026-03-07 02:00:00,Building_A,51.96
2026-03-07 03:00:00,Building_A,53.0
2026-03-07 04:00:00,Building_A,54.52
2026-03-07 05:00:00,Building_A,51.88
2026-03-07 06:00:00,Building_A,58.51
2026-03-07 07:00:00,Building_A,61.35
2026-03-07 08:00:00,Building_A,49.76
2026-03-07 09:00:00,Building_A,57.82
2026-03-07 10:00:00,Building_A,56.6
2026-03-07 11:00:00,Building_A,59.41
2026-03-07 12:00:00,Building_A,57.63
2026-03-07 13:00:00,Building_A,50.43
2026-03-07 14:00:00,Building_A,51.39
2026-03-07 15:00:00,Building_A,57.85
2026-03-07 16:00:00,Building_A,62.84
2026-03-07 17:00:00,Building_A,46.63
2026-03-07 18:00:00,Building_A,59.43
2026-03-07 19:00:00,Building_A,63.65
2026-03-07 20:00:00,Building_A,56.93
2026-03-07 21:00:00,Building_A,60.45
2026-03-07 22:00:00,Building_A,54.18
2026-03-07 23:00:00,Building_A,57.1
2026-03-08 00:00:00,Building_A,49.59
2026-03-08 01:00:00,Building_A,45.98
2026-03-08 02:00:00,Building_A,62.41
2026-03-08 03:00:00,Building_A,52.77
2026-03-08 04:00:00,Building_A,55.42
2026-03-08 05:00:00,Building_A,50.77
2026-03-08 06:00:00,Building_A,50.65
2026-03-08 07:00:00,Building_A,56.83
2026-03-08 08:00:00,Building_A,54.05
2026-03-08 09:00:00,Building_A,59.59
2026-03-08 10:00:00,Building_A,59.96
2026-03-08 11:00:00,Building_A,59.3
2026-03-08 12:00:00,Building_A,58.89
2026-03-08 13:00:00,Building_A,65.59
2026-03-08 14:00:00,Building_A,52.36
2026-03-08 15:00:00,Building_A,57.42
2026-03-08 16:00:00,Building_A,63.36
2026-03-08 17:00:00,Building_A,64.02
2026-03-08 18:00:00,Building_A,50.59
2026-03-08 19:00:00,Building_A,56.14
2026-03-08 20:00:00,Building_A,64.49
2026-03-08 21:00:00,Building_A,60.24
2026-03-08 22:00:00,Building_A,58.67
2026-03-08 23:00:00,Building_A,56.61
2026-03-09 00:00:00,Building_A,55.78
2026-03-09 01:00:00,Building_A,59.14
2026-03-09 02:00:00,Building_A,56.44
2026-03-09 03:00:00,Building_A,57.49
2026-03-09 04:00:00,Building_A,58.09
2026-03-09 05:00:00,Building_A,54.31
2026-03-09 06:00:00,Building_A,60.36
2026-03-09 07:00:00,Building_A,72.27
2026-03-09 08:00:00,Building_A,124.26
2026-03-09 09:00:00,Building_A,134.77
2026-03-09 10:00:00,Building_A,129.35
2026-03-09 11:00:00,Building_A,136.04
2026-03-09 12:00:00,Building_A,133.38
2026-03-09 13:00:00,Building_A,136.96
2026-03-09 14:00:00,Building_A,139.03
2026-03-09 15:00:00,Building_A,134.11
2026-03-09 16:00:00,Building_A,138.81
2026-03-09 17:00:00,Building_A,121.43
2026-03-09 18:00:00,Building_A,141.1
2026-03-09 19:00:00,Building_A,59.57
2026-03-09 20:00:00,Building_A,63.09
2026-03-09 21:00:00,Building_A,51.6
2026-03-09 22:00:00,Building_A,53.54
2026-03-09 23:00:00,Building_A,58.43
2026-03-10 00:00:00,Building_A,57.61
2026-03-10 01:00:00,Building_A,59.11
2026-03-10 02:00:00,Building_A,63.12
2026-03-10 03:00:00,Building_A,48.87
2026-03-10 04:00:00,Building_A,62.57
2026-03-10 05:00:00,Building_A,57.74
2026-03-10 06:00:00,Building_A,56.68
2026-03-10 07:00:00,Building_A,50.34
2026-03-10 08:00:00,Building_A,135.67
2026-03-10 09:00:00,Building_A,121.08
2026-03-10 10:00:00,Building_A,136.39
2026-03-10 11:00:00,Building_A,125.69
2026-03-10 12:00:00,Building_A,133.42
2026-03-10 13:00:00,Building_A,132.55
2026-03-10 14:00:00,Building_A,139.0
2026-03-10 15:00:00,Building_A,132.26
2026-03-10 16:00:00,Building_A,129.68
2026-03-10 17:00:00,Building_A,130.62
2026-03-10 18:00:00,Building_A,139.51
2026-03-10 19:00:00,Building_A,60.38
2026-03-10 20:00:00,Building_A,55.77
2026-03-10 21:00:00,Building_A,56.52
2026-03-10 22:00:00,Building_A,49.86
2026-03-10 23:00:00,Building_A,59.64
2026-03-11 00:00:00,Building_A,48.9
2026-03-11 01:00:00,Building_A,61.46
2026-03-11 02:00:00,Building_A,58.34
2026-03-11 03:00:00,Building_A,69.63
2026-03-11 04:00:00,Building_A,52.2
2026-03-11 05:00:00,Building_A,57.18
2026-03-11 06:00:00,Building_A,66.69
2026-03-11 07:00:00,Building_A,63.66
2026-03-11 08:00:00,Building_A,129.67
2026-03-11 09:00:00,Building_A,134.27
2026-03-11 10:00:00,Building_A,133.16
2026-03-11 11:00:00,Building_A,134.56
2026-03-11 12:00:00,Building_A,129.66
2026-03-11 13:00:00,Building_A,132.7
2026-03-11 14:00:00,Building_A,125.16
2026-03-11 15:00:00,Building_A,133.83
2026-03-11 16:00:00,Building_A,135.4
2026-03-11 17:00:00,Building_A,132.01
2026-03-11 18:00:00,Building_A,125.07
2026-03-11 19:00:00,Building_A,62.64
2026-03-11 20:00:00,Building_A,59.52
2026-03-11 21:00:00,Building_A,54.07
2026-03-11 22:00:00,Building_A,56.3
2026-03-11 23:00:00,Building_A,50.19
2026-03-12 00:00:00,Building_A,52.57
2026-03-12 01:00:00,Building_A,55.01
2026-03-12 02:00:00,Building_A,63.84
2026-03-12 03:00:00,Building_A,54.5
2026-03-12 04:00:00,Building_A,60.9
2026-03-12 05:00:00,Building_A,55.01
2026-03-12 06:00:00,Building_A,58.94
2026-03-12 07:00:00,Building_A,56.99
2026-03-12 08:00:00,Building_A,137.52
2026-03-12 09:00:00,Building_A,130.48
2026-03-12 10:00:00,Building_A,125.29
2026-03-12 11:00:00,Building_A,126.24
2026-03-12 12:00:00,Building_A,130.49
2026-03-12 13:00:00,Building_A,126.9
2026-03-12 14:00:00,Building_A,135.2
2026-03-12 15:00:00,Building_A,130.82
2026-03-12 16:00:00,Building_A,145.02
2026-03-12 17:00:00,Building_A,124.46
2026-03-12 18:00:00,Building_A,134.17
2026-03-12 19:00:00,Building_A,52.06
2026-03-12 20:00:00,Building_A,55.23
2026-03-12 21:00:00,Building_A,58.41
2026-03-12 22:00:00,Building_A,46.07
2026-03-12 23:00:00,Building_A,58.88
2026-03-13 00:00:00,Building_A,67.21
2026-03-13 01:00:00,Building_A,55.43
2026-03-13 02:00:00,Building_A,59.0
2026-03-13 03:00:00,Building_A,62.82
2026-03-13 04:00:00,Building_A,56.88
2026-03-13 05:00:00,Building_A,54.79
2026-03-13 06:00:00,Building_A,46.32
2026-03-13 07:00:00,Building_A,60.9
2026-03-13 08:00:00,Building_A,132.58
2026-03-13 09:00:00,Building_A,128.09
2026-03-13 10:00:00,Building_A,133.78
2026-03-13 11:00:00,Building_A,130.23
2026-03-13 12:00:00,Building_A,130.51
2026-03-13 13:00:00,Building_A,136.18
2026-03-13 14:00:00,Building_A,126.46
2026-03-13 15:00:00,Building_A,138.39
2026-03-13 16:00:00,Building_A,126.16
2026-03-13 17:00:00,Building_A,129.84
2026-03-13 18:00:00,Building_A,142.76
2026-03-13 19:00:00,Building_A,63.34
2026-03-13 20:00:00,Building_A,58.19
2026-03-13 21:00:00,Building_A,53.0
2026-03-13 22:00:00,Building_A,55.05
2026-03-13 23:00:00,Building_A,58.06
2026-03-14 00:00:00,Building_A,57.89
2026-03-14 01:00:00,Building_A,57.24
2026-03-14 02:00:00,Building_A,57.54
2026-03-14 03:00:00,Building_A,56.63
2026-03-14 04:00:00,Building_A,50.49
2026-03-14 05:00:00,Building_A,55.12
2026-03-14 06:00:00,Building_A,62.27
2026-03-14 07:00:00,Building_A,50.86
2026-03-14 08:00:00,Building_A,56.75
2026-03-14 09:00:00,Building_A,53.6
2026-03-14 10:00:00,Building_A,58.26
2026-03-14 11:00:00,Building_A,55.76
2026-03-14 12:00:00,Building_A,65.09
2026-03-14 13:00:00,Building_A,60.23
2026-03-14 14:00:00,Building_A,51.14
2026-03-14 15:00:00,Building_A,61.05
2026-03-14 16:00:00,Building_A,53.83
2026-03-14 17:00:00,Building_A,54.81
2026-03-14 18:00:00,Building_A,59.27
2026-03-14 19:00:00,Building_A,55.24
2026-03-14 20:00:00,Building_A,62.16
2026-03-14 21:00:00,Building_A,53.83
2026-03-14 22:00:00,Building_A,54.6
2026-03-14 23:00:00,Building_A,54.42
2026-03-15 00:00:00,Building_A,54.87
2026-03-15 01:00:00,Building_A,63.19
2026-03-15 02:00:00,Building_A,60.84
2026-03-15 03:00:00,Building_A,66.25
2026-03-15 04:00:00,Building_A,69.04
2026-03-15 05:00:00,Building_A,52.54
2026-03-15 06:00:00,Building_A,58.05
2026-03-15 07:00:00,Building_A,51.82
2026-03-15 08:00:00,Building_A,53.81
2026-03-15 09:00:00,Building_A,54.55
2026-03-15 10:00:00,Building_A,52.41
2026-03-15 11:00:00,Building_A,52.44
2026-03-15 12:00:00,Building_A,56.98
2026-03-15 13:00:00,Building_A,51.61
2026-03-15 14:00:00,Building_A,61.91
2026-03-15 15:00:00,Building_A,53.11
2026-03-15 16:00:00,Building_A,71.75
2026-03-15 17:00:00,Building_A,55.44
2026-03-15 18:00:00,Building_A,58.06
2026-03-15 19:00:00,Building_A,51.22
2026-03-15 20:00:00,Building_A,66.23
2026-03-15 21:00:00,Building_A,63.3
2026-03-15 22:00:00,Building_A,59.18
2026-03-15 23:00:00,Building_A,50.96
2026-03-16 00:00:00,Building_A,58.75
2026-03-16 01:00:00,Building_A,52.09
2026-03-16 02:00:00,Building_A,65.01
2026-03-16 03:00:00,Building_A,61.74
2026-03-16 04:00:00,Building_A,58.18
2026-03-16 05:00:00,Building_A,45.52
2026-03-16 06:00:00,Building_A,52.78
2026-03-16 07:00:00,Building_A,61.14
2026-03-16 08:00:00,Building_A,139.21
2026-03-16 09:00:00,Building_A,138.7
2026-03-16 10:00:00,Building_A,125.19
2026-03-16 11:00:00,Building_A,134.66
2026-03-16 12:00:00,Building_A,138.23
2026-03-16 13:00:00,Building_A,124.86
2026-03-16 14:00:00,Building_A,133.11
2026-03-16 15:00:00,Building_A,134.52
2026-03-16 16:00:00,Building_A,131.65
2026-03-16 17:00:00,Building_A,123.89
2026-03-16 18:00:00,Building_A,131.52
2026-03-16 19:00:00,Building_A,56.06
2026-03-16 20:00:00,Building_A,56.96
2026-03-16 21:00:00,Building_A,54.88
2026-03-16 22:00:00,Building_A,55.48
2026-03-16 23:00:00,Building_A,57.5
2026-03-17 00:00:00,Building_A,59.91
2026-03-17 01:00:00,Building_A,56.18
2026-03-17 02:00:00,Building_A,55.65
2026-03-17 03:00:00,Building_A,58.16
2026-03-17 04:00:00,Building_A,48.09
2026-03-17 05:00:00,Building_A,60.08
2026-03-17 06:00:00,Building_A,57.7
2026-03-17 07:00:00,Building_A,57.9
2026-03-17 08:00:00,Building_A,137.95
2026-03-17 09:00:00,Building_A,123.39
2026-03-17 10:00:00,Building_A,123.28
2026-03-17 11:00:00,Building_A,134.52
2026-03-17 12:00:00,Building_A,133.11
2026-03-17 13:00:00,Building_A,134.0
2026-03-17 14:00:00,Building_A,130.84
2026-03-17 15:00:00,Building_A,136.47
2026-03-17 16:00:00,Building_A,137.81
2026-03-17 17:00:00,Building_A,135.57
2026-03-17 18:00:00,Building_A,131.85
2026-03-17 19:00:00,Building_A,47.16
2026-03-17 20:00:00,Building_A,61.54
2026-03-17 21:00:00,Building_A,63.81
2026-03-17 22:00:00,Building_A,60.92
2026-03-17 23:00:00,Building_A,53.3
2026-03-18 00:00:00,Building_A,61.07
2026-03-18 01:00:00,Building_A,62.0
2026-03-18 02:00:00,Building_A,65.49
2026-03-18 03:00:00,Building_A,53.32
2026-03-18 04:00:00,Building_A,56.57
2026-03-18 05:00:00,Building_A,61.43
2026-03-18 06:00:00,Building_A,57.99
2026-03-18 07:00:00,Building_A,52.11
2026-03-18 08:00:00,Building_A,135.22
2026-03-18 09:00:00,Building_A,136.04
2026-03-18 10:00:00,Building_A,133.59
2026-03-18 11:00:00,Building_A,134.25
2026-03-18 12:00:00,Building_A,131.86
2026-03-18 13:00:00,Building_A,140.54
2026-03-18 14:00:00,Building_A,128.65
2026-03-18 15:00:00,Building_A,130.21
2026-03-18 16:00:00,Building_A,133.2
2026-03-18 17:00:00,Building_A,137.54
2026-03-18 18:00:00,Building_A,125.66
2026-03-18 19:00:00,Building_A,51.15
2026-03-18 20:00:00,Building_A,47.51
2026-03-18 21:00:00,Building_A,57.86
2026-03-18 22:00:00,Building_A,52.11
2026-03-18 23:00:00,Building_A,55.78
2026-03-19 00:00:00,Building_A,61.01
2026-03-19 01:00:00,Building_A,54.49
2026-03-19 02:00:00,Building_A,58.85
2026-03-19 03:00:00,Building_A,56.2
2026-03-19 04:00:00,Building_A,61.06
2026-03-19 05:00:00,Building_A,60.07
2026-03-19 06:00:00,Building_A,54.24
2026-03-19 07:00:00,Building_A,56.86
2026-03-19 08:00:00,Building_A,138.37
2026-03-19 09:00:00,Building_A,135.12
2026-03-19 10:00:00,Building_A,126.17
2026-03-19 11:00:00,Building_A,136.43
2026-03-19 12:00:00,Building_A,127.73
2026-03-19 13:00:00,Building_A,140.21
2026-03-19 14:00:00,Building_A,138.27
2026-03-19 15:00:00,Building_A,134.6
2026-03-19 16:00:00,Building_A,133.94
2026-03-19 17:00:00,Building_A,132.1
2026-03-19 18:00:00,Building_A,136.54
2026-03-19 19:00:00,Building_A,55.84
2026-03-19 20:00:00,Building_A,58.88
2026-03-19 21:00:00,Building_A,62.06
2026-03-19 22:00:00,Building_A,54.89
2026-03-19 23:00:00,Building_A,54.62
2026-03-20 00:00:00,Building_A,51.73
2026-03-20 01:00:00,Building_A,52.38
2026-03-20 02:00:00,Building_A,48.56
2026-03-20 03:00:00,Building_A,61.35
2026-03-20 04:00:00,Building_A,66.74
2026-03-20 05:00:00,Building_A,64.82
2026-03-20 06:00:00,Building_A,49.57
2026-03-20 07:00:00,Building_A,61.32
2026-03-20 08:00:00,Building_A,140.26
2026-03-20 09:00:00,Building_A,130.87
2026-03-20 10:00:00,Building_A,133.66
2026-03-20 11:00:00,Building_A,123.11
2026-03-20 12:00:00,Building_A,134.48
2026-03-20 13:00:00,Building_A,127.83
2026-03-20 14:00:00,Building_A,134.15
2026-03-20 15:00:00,Building_A,125.34
2026-03-20 16:00:00,Building_A,135.86
2026-03-20 17:00:00,Building_A,138.27
2026-03-20 18:00:00,Building_A,129.23
2026-03-20 19:00:00,Building_A,52.01
2026-03-20 20:00:00,Building_A,46.92
2026-03-20 21:00:00,Building_A,56.37
2026-03-20 22:00:00,Building_A,54.79
2026-03-20 23:00:00,Building_A,49.94
2026-03-21 00:00:00,Building_A,59.96
2026-03-21 01:00:00,Building_A,55.45
2026-03-21 02:00:00,Building_A,52.32
2026-03-21 03:00:00,Building_A,54.93
2026-03-21 04:00:00,Building_A,63.05
2026-03-21 05:00:00,Building_A,60.71
2026-03-21 06:00:00,Building_A,57.05
2026-03-21 07:00:00,Building_A,60.79
2026-03-21 08:00:00,Building_A,51.89
2026-03-21 09:00:00,Building_A,57.86
2026-03-21 10:00:00,Building_A,58.43
2026-03-21 11:00:00,Building_A,55.35
2026-03-21 12:00:00,Building_A,59.88
2026-03-21 13:00:00,Building_A,53.8
2026-03-21 14:00:00,Building_A,60.25
2026-03-21 15:00:00,Building_A,60.46
2026-03-21 16:00:00,Building_A,43.11
2026-03-21 17:00:00,Building_A,63.65
2026-03-21 18:00:00,Building_A,42.46
2026-03-21 19:00:00,Building_A,54.62
2026-03-21 20:00:00,Building_A,62.83
2026-03-21 21:00:00,Building_A,56.11
2026-03-21 22:00:00,Building_A,50.37
2026-03-21 23:00:00,Building_A,52.23
2026-03-22 00:00:00,Building_A,62.83
2026-03-22 01:00:00,Building_A,48.09
2026-03-22 02:00:00,Building_A,63.34
2026-03-22 03:00:00,Building_A,57.42
2026-03-22 04:00:00,Building_A,51.74
2026-03-22 05:00:00,Building_A,54.78
2026-03-22 06:00:00,Building_A,52.61
2026-03-22 07:00:00,Building_A,62.03
2026-03-22 08:00:00,Building_A,61.36
2026-03-22 09:00:00,Building_A,49.1
2026-03-22 10:00:00,Building_A,55.68
2026-03-22 11:00:00,Building_A,53.38
2026-03-22 12:00:00,Building_A,64.17
2026-03-22 13:00:00,Building_A,50.95
2026-03-22 14:00:00,Building_A,65.72
2026-03-22 15:00:00,Building_A,57.53
2026-03-22 16:00:00,Building_A,51.89
2026-03-22 17:00:00,Building_A,54.31
2026-03-22 18:00:00,Building_A,53.69
2026-03-22 19:00:00,Building_A,51.33
2026-03-22 20:00:00,Building_A,58.17
2026-03-22 21:00:00,Building_A,51.56
2026-03-22 22:00:00,Building_A,46.8
2026-03-22 23:00:00,Building_A,55.8
2026-03-23 00:00:00,Building_A,48.68
2026-03-23 01:00:00,Building_A,53.94
2026-03-23 02:00:00,Building_A,53.15
2026-03-23 03:00:00,Building_A,53.34
2026-03-23 04:00:00,Building_A,67.7
2026-03-23 05:00:00,Building_A,57.98
2026-03-23 06:00:00,Building_A,58.93
2026-03-23 07:00:00,Building_A,48.82
2026-03-23 08:00:00,Building_A,129.88
2026-03-23 09:00:00,Building_A,134.23
2026-03-23 10:00:00,Building_A,128.03
2026-03-23 11:00:00,Building_A,137.69
2026-03-23 12:00:00,Building_A,127.14
2026-03-23 13:00:00,Building_A,131.72
2026-03-23 14:00:00,Building_A,130.22
2026-03-23 15:00:00,Building_A,133.97
2026-03-23 16:00:00,Building_A,129.95
2026-03-23 17:00:00,Building_A,131.8
2026-03-23 18:00:00,Building_A,131.97
2026-03-23 19:00:00,Building_A,54.03
2026-03-23 20:00:00,Building_A,60.12
2026-03-23 21:00:00,Building_A,58.89
2026-03-23 22:00:00,Building_A,57.26
2026-03-23 23:00:00,Building_A,55.55
2026-03-24 00:00:00,Building_A,61.68
2026-03-24 01:00:00,Building_A,56.52
2026-03-24 02:00:00,Building_A,56.16
2026-03-24 03:00:00,Building_A,58.22
2026-03-24 04:00:00,Building_A,66.18
2026-03-24 05:00:00,Building_A,51.0
2026-03-24 06:00:00,Building_A,61.55
2026-03-24 07:00:00,Building_A,48.23
2026-03-24 08:00:00,Building_A,134.24
2026-03-24 09:00:00,Building_A,141.03
2026-03-24 10:00:00,Building_A,135.59
2026-03-24 11:00:00,Building_A,134.0
2026-03-24 12:00:00,Building_A,130.35
2026-03-24 13:00:00,Building_A,133.31
2026-03-24 14:00:00,Building_A,131.89
2026-03-24 15:00:00,Building_A,129.22
2026-03-24 16:00:00,Building_A,131.7
2026-03-24 17:00:00,Building_A,134.14
2026-03-24 18:00:00,Building_A,129.31
2026-03-24 19:00:00,Building_A,53.67
2026-03-24 20:00:00,Building_A,50.9
2026-03-24 21:00:00,Building_A,59.65
2026-03-24 22:00:00,Building_A,60.42
2026-03-24 23:00:00,Building_A,58.86
2026-03-25 00:00:00,Building_A,62.52
2026-03-25 01:00:00,Building_A,58.14
2026-03-25 02:00:00,Building_A,59.66
2026-03-25 03:00:00,Building_A,59.22
2026-03-25 04:00:00,Building_A,57.24
2026-03-25 05:00:00,Building_A,55.04
2026-03-25 06:00:00,Building_A,68.77
2026-03-25 07:00:00,Building_A,55.44
2026-03-25 08:00:00,Building_A,129.82
2026-03-25 09:00:00,Building_A,135.32
2026-03-25 10:00:00,Building_A,134.41
2026-03-25 11:00:00,Building_A,126.13
2026-03-25 12:00:00,Building_A,138.76
2026-03-25 13:00:00,Building_A,132.68
2026-03-25 14:00:00,Building_A,127.6
2026-03-25 15:00:00,Building_A,139.09
2026-03-25 16:00:00,Building_A,136.28
2026-03-25 17:00:00,Building_A,126.83
2026-03-25 18:00:00,Building_A,142.04
2026-03-25 19:00:00,Building_A,60.99
2026-03-25 20:00:00,Building_A,57.65
2026-03-25 21:00:00,Building_A,65.65
2026-03-25 22:00:00,Building_A,58.49
2026-03-25 23:00:00,Building_A,57.56
2026-03-26 00:00:00,Building_A,54.4
2026-03-26 01:00:00,Building_A,60.61
2026-03-26 02:00:00,Building_A,60.08
2026-03-26 03:00:00,Building_A,57.77
2026-03-26 04:00:00,Building_A,53.75
2026-03-26 05:00:00,Building_A,58.35
2026-03-26 06:00:00,Building_A,57.35
2026-03-26 07:00:00,Building_A,51.03
2026-03-26 08:00:00,Building_A,125.79
2026-03-26 09:00:00,Building_A,135.98
2026-03-26 10:00:00,Building_A,120.14
2026-03-26 11:00:00,Building_A,134.18
2026-03-26 12:00:00,Building_A,130.76
2026-03-26 13:00:00,Building_A,139.69
2026-03-26 14:00:00,Building_A,130.68
2026-03-26 15:00:00,Building_A,136.45
2026-03-26 16:00:00,Building_A,131.17
2026-03-26 17:00:00,Building_A,133.72
2026-03-26 18:00:00,Building_A,136.83
2026-03-26 19:00:00,Building_A,55.39
2026-03-26 20:00:00,Building_A,62.68
2026-03-26 21:00:00,Building_A,52.73
2026-03-26 22:00:00,Building_A,59.17
2026-03-26 23:00:00,Building_A,62.31
2026-03-27 00:00:00,Building_A,61.0
2026-03-27 01:00:00,Building_A,67.28
2026-03-27 02:00:00,Building_A,53.88
2026-03-27 03:00:00,Building_A,50.8
2026-03-27 04:00:00,Building_A,52.73
2026-03-27 05:00:00,Building_A,61.0
2026-03-27 06:00:00,Building_A,60.19
2026-03-27 07:00:00,Building_A,58.21
2026-03-27 08:00:00,Building_A,127.54
2026-03-27 09:00:00,Building_A,136.98
2026-03-27 10:00:00,Building_A,127.03
2026-03-27 11:00:00,Building_A,138.94
2026-03-27 12:00:00,Building_A,147.44
2026-03-27 13:00:00,Building_A,134.98
2026-03-27 14:00:00,Building_A,136.07
2026-03-27 15:00:00,Building_A,130.69
2026-03-27 16:00:00,Building_A,124.1
2026-03-27 17:00:00,Building_A,130.14
2026-03-27 18:00:00,Building_A,127.69
2026-03-27 19:00:00,Building_A,50.46
2026-03-27 20:00:00,Building_A,66.31
2026-03-27 21:00:00,Building_A,59.06
2026-03-27 22:00:00,Building_A,59.6
2026-03-27 23:00:00,Building_A,56.15
2026-03-28 00:00:00,Building_A,56.83
2026-03-28 01:00:00,Building_A,62.52
2026-03-28 02:00:00,Building_A,57.54
2026-03-28 03:00:00,Building_A,60.35
2026-03-28 04:00:00,Building_A,56.72
2026-03-28 05:00:00,Building_A,55.99
2026-03-28 06:00:00,Building_A,50.66
2026-03-28 07:00:00,Building_A,47.81
2026-03-28 08:00:00,Building_A,56.39
2026-03-28 09:00:00,Building_A,57.98
2026-03-28 10:00:00,Building_A,51.27
2026-03-28 11:00:00,Building_A,57.53
2026-03-28 12:00:00,Building_A,57.97
2026-03-28 13:00:00,Building_A,46.92
2026-03-28 14:00:00,Building_A,53.12
2026-03-28 15:00:00,Building_A,59.73
2026-03-28 16:00:00,Building_A,59.63
2026-03-28 17:00:00,Building_A,51.93
2026-03-28 18:00:00,Building_A,58.49
2026-03-28 19:00:00,Building_A,62.81
2026-03-28 20:00:00,Building_A,61.58
2026-03-28 21:00:00,Building_A,57.22
2026-03-28 22:00:00,Building_A,55.36
2026-03-28 23:00:00,Building_A,54.55
2026-03-29 00:00:00,Building_A,60.04
2026-03-29 01:00:00,Building_A,58.67
2026-03-29 02:00:00,Building_A,60.85
2026-03-29 03:00:00,Building_A,58.36
2026-03-29 04:00:00,Building_A,61.79
2026-03-29 05:00:00,Building_A,58.17
2026-03-29 06:00:00,Building_A,61.62
2026-03-29 07:00:00,Building_A,62.05
2026-03-29 08:00:00,Building_A,53.68
2026-03-29 09:00:00,Building_A,48.66
2026-03-29 10:00:00,Building_A,65.42
2026-03-29 11:00:00,Building_A,58.98
2026-03-29 12:00:00,Building_A,49.13
2026-03-29 13:00:00,Building_A,54.13
2026-03-29 14:00:00,Building_A,61.56
2026-03-29 15:00:00,Building_A,56.3
2026-03-29 16:00:00,Building_A,55.14
2026-03-29 17:00:00,Building_A,64.7
2026-03-29 18:00:00,Building_A,52.46
2026-03-29 19:00:00,Building_A,53.71
2026-03-29 20:00:00,Building_A,58.76
2026-03-29 21:00:00,Building_A,59.65
2026-03-29 22:00:00,Building_A,60.18
2026-03-29 23:00:00,Building_A,62.25
2026-03-30 00:00:00,Building_A,58.69
2026-03-30 01:00:00,Building_A,60.15
2026-03-30 02:00:00,Building_A,56.4
2026-03-30 03:00:00,Building_A,58.01
2026-03-30 04:00:00,Building_A,58.24
2026-03-30 05:00:00,Building_A,58.77
2026-03-30 06:00:00,Building_A,61.56
2026-03-30 07:00:00,Building_A,60.47
2026-03-30 08:00:00,Building_A,133.37
2026-03-30 09:00:00,Building_A,129.1
2026-03-30 10:00:00,Building_A,133.49
2026-03-30 11:00:00,Building_A,133.01
2026-03-30 12:00:00,Building_A,134.12
2026-03-30 13:00:00,Building_A,144.18
2026-03-30 14:00:00,Building_A,130.53
2026-03-30 15:00:00,Building_A,135.26
2026-03-30 16:00:00,Building_A,138.49
2026-03-30 17:00:00,Building_A,133.64
2026-03-30 18:00:00,Building_A,144.84
2026-03-30 19:00:00,Building_A,55.81
2026-03-30 20:00:00,Building_A,59.32
2026-03-30 21:00:00,Building_A,53.7
2026-03-30 22:00:00,Building_A,55.94
2026-03-30 23:00:00,Building_A,58.94
2026-03-31 00:00:00,Building_A,61.93
2026-03-31 01:00:00,Building_A,59.29
2026-03-31 02:00:00,Building_A,63.99
2026-03-31 03:00:00,Building_A,57.22
2026-03-31 04:00:00,Building_A,56.04
2026-03-31 05:00:00,Building_A,71.22
2026-03-31 06:00:00,Building_A,59.67
2026-03-31 07:00:00,Building_A,54.1
2026-03-31 08:00:00,Building_A,129.68
2026-03-31 09:00:00,Building_A,128.44
2026-03-31 10:00:00,Building_A,137.83
2026-03-31 11:00:00,Building_A,131.33
2026-03-31 12:00:00,Building_A,133.79
2026-03-31 13:00:00,Building_A,132.83
2026-03-31 14:00:00,Building_A,136.81
2026-03-31 15:00:00,Building_A,128.92
2026-03-31 16:00:00,Building_A,127.77
2026-03-31 17:00:00,Building_A,134.27
2026-03-31 18:00:00,Building_A,136.15
2026-03-31 19:00:00,Building_A,59.36
2026-03-31 20:00:00,Building_A,53.65
2026-03-31 21:00:00,Building_A,61.09
2026-03-31 22:00:00,Building_A,53.98
2026-03-31 23:00:00,Building_A,55.09
2026-01-01 00:00:00,Building_B,50.27
2026-01-01 01:00:00,Building_B,46.93
2026-01-01 02:00:00,Building_B,46.79
2026-01-01 03:00:00,Building_B,50.0
2026-01-01 04:00:00,Building_B,57.83
2026-01-01 05:00:00,Building_B,35.22
2026-01-01 06:00:00,Building_B,40.07
2026-01-01 07:00:00,Building_B,40.69
2026-01-01 08:00:00,Building_B,96.75
2026-01-01 09:00:00,Building_B,95.61
2026-01-01 10:00:00,Building_B,99.5
2026-01-01 11:00:00,Building_B,94.92
2026-01-01 12:00:00,Building_B,102.67
2026-01-01 13:00:00,Building_B,101.26
2026-01-01 14:00:00,Building_B,103.4
2026-01-01 15:00:00,Building_B,103.54
2026-01-01 16:00:00,Building_B,104.01
2026-01-01 17:00:00,Building_B,99.13
2026-01-01 18:00:00,Building_B,111.6
2026-01-01 19:00:00,Building_B,44.94
2026-01-01 20:00:00,Building_B,34.45
2026-01-01 21:00:00,Building_B,38.75
2026-01-01 22:00:00,Building_B,35.06
2026-01-01 23:00:00,Building_B,43.85
2026-01-02 00:00:00,Building_B,43.16
2026-01-02 01:00:00,Building_B,41.42
2026-01-02 02:00:00,Building_B,53.82
2026-01-02 03:00:00,Building_B,46.51
2026-01-02 04:00:00,Building_B,47.4
2026-01-02 05:00:00,Building_B,39.11
2026-01-02 06:00:00,Building_B,38.77
2026-01-02 07:00:00,Building_B,43.95
2026-01-02 08:00:00,Building_B,101.86
2026-01-02 09:00:00,Building_B,91.72
2026-01-02 10:00:00,Building_B,100.1
2026-01-02 11:00:00,Building_B,101.07
2026-01-02 12:00:00,Building_B,99.92
2026-01-02 13:00:00,Building_B,96.93
2026-01-02 14:00:00,Building_B,98.3
2026-01-02 15:00:00,Building_B,100.11
2026-01-02 16:00:00,Building_B,101.45
2026-01-02 17:00:00,Building_B,104.02
2026-01-02 18:00:00,Building_B,106.4
2026-01-02 19:00:00,Building_B,42.29
2026-01-02 20:00:00,Building_B,41.49
2026-01-02 21:00:00,Building_B,45.95
2026-01-02 22:00:00,Building_B,46.82
2026-01-02 23:00:00,Building_B,41.6
2026-01-03 00:00:00,Building_B,47.72
2026-01-03 01:00:00,Building_B,48.66
2026-01-03 02:00:00,Building_B,50.22
2026-01-03 03:00:00,Building_B,52.66
2026-01-03 04:00:00,Building_B,39.43
2026-01-03 05:00:00,Building_B,43.84
2026-01-03 06:00:00,Building_B,43.82
2026-01-03 07:00:00,Building_B,43.28
2026-01-03 08:00:00,Building_B,40.52
2026-01-03 09:00:00,Building_B,36.34
2026-01-03 10:00:00,Building_B,44.23
2026-01-03 11:00:00,Building_B,39.92
2026-01-03 12:00:00,Building_B,44.2
2026-01-03 13:00:00,Building_B,39.8
2026-01-03 14:00:00,Building_B,38.27
2026-01-03 15:00:00,Building_B,44.94
2026-01-03 16:00:00,Building_B,44.52
2026-01-03 17:00:00,Building_B,46.66
2026-01-03 18:00:00,Building_B,54.7
2026-01-03 19:00:00,Building_B,45.15
2026-01-03 20:00:00,Building_B,46.19
2026-01-03 21:00:00,Building_B,38.38
2026-01-03 22:00:00,Building_B,37.33
2026-01-03 23:00:00,Building_B,51.68
2026-01-04 00:00:00,Building_B,39.15
2026-01-04 01:00:00,Building_B,38.55
2026-01-04 02:00:00,Building_B,43.57
2026-01-04 03:00:00,Building_B,43.32
2026-01-04 04:00:00,Building_B,39.25
2026-01-04 05:00:00,Building_B,42.24
2026-01-04 06:00:00,Building_B,49.91
2026-01-04 07:00:00,Building_B,39.74
2026-01-04 08:00:00,Building_B,36.8
2026-01-04 09:00:00,Building_B,48.48
2026-01-04 10:00:00,Building_B,46.23
2026-01-04 11:00:00,Building_B,40.66
2026-01-04 12:00:00,Building_B,35.86
2026-01-04 13:00:00,Building_B,40.04
2026-01-04 14:00:00,Building_B,43.49
2026-01-04 15:00:00,Building_B,49.59
2026-01-04 16:00:00,Building_B,38.58
2026-01-04 17:00:00,Building_B,43.34
2026-01-04 18:00:00,Building_B,47.14
2026-01-04 19:00:00,Building_B,31.86
2026-01-04 20:00:00,Building_B,48.94
2026-01-04 21:00:00,Building_B,37.85
2026-01-04 22:00:00,Building_B,45.43
2026-01-04 23:00:00,Building_B,45.0
2026-01-05 00:00:00,Building_B,49.19
2026-01-05 01:00:00,Building_B,46.52
2026-01-05 02:00:00,Building_B,31.88
2026-01-05 03:00:00,Building_B,39.84
2026-01-05 04:00:00,Building_B,44.46
2026-01-05 05:00:00,Building_B,42.79
2026-01-05 06:00:00,Building_B,46.15
2026-01-05 07:00:00,Building_B,47.71
2026-01-05 08:00:00,Building_B,104.04
2026-01-05 09:00:00,Building_B,99.93
2026-01-05 10:00:00,Building_B,91.77
2026-01-05 11:00:00,Building_B,98.72
2026-01-05 12:00:00,Building_B,103.08
2026-01-05 13:00:00,Building_B,95.55
2026-01-05 14:00:00,Building_B,104.16
2026-01-05 15:00:00,Building_B,105.54
2026-01-05 16:00:00,Building_B,101.63
2026-01-05 17:00:00,Building_B,85.68
2026-01-05 18:00:00,Building_B,94.61
2026-01-05 19:00:00,Building_B,53.2
2026-01-05 20:00:00,Building_B,41.03
2026-01-05 21:00:00,Building_B,33.85
2026-01-05 22:00:00,Building_B,49.94
2026-01-05 23:00:00,Building_B,43.83
2026-01-06 00:00:00,Building_B,49.29
2026-01-06 01:00:00,Building_B,45.15
2026-01-06 02:00:00,Building_B,46.06
2026-01-06 03:00:00,Building_B,45.58
2026-01-06 04:00:00,Building_B,47.25
2026-01-06 05:00:00,Building_B,55.15
2026-01-06 06:00:00,Building_B,48.62
2026-01-06 07:00:00,Building_B,35.86
2026-01-06 08:00:00,Building_B,103.23
2026-01-06 09:00:00,Building_B,106.71
2026-01-06 10:00:00,Building_B,107.01
2026-01-06 11:00:00,Building_B,98.87
2026-01-06 12:00:00,Building_B,106.82
2026-01-06 13:00:00,Building_B,105.64
2026-01-06 14:00:00,Building_B,113.86
2026-01-06 15:00:00,Building_B,97.25
2026-01-06 16:00:00,Building_B,98.46
2026-01-06 17:00:00,Building_B,99.47
2026-01-06 18:00:00,Building_B,98.55
2026-01-06 19:00:00,Building_B,39.32
2026-01-06 20:00:00,Building_B,29.95
2026-01-06 21:00:00,Building_B,41.59
2026-01-06 22:00:00,Building_B,45.61
2026-01-06 23:00:00,Building_B,41.3
2026-01-07 00:00:00,Building_B,53.44
2026-01-07 01:00:00,Building_B,43.83
2026-01-07 02:00:00,Building_B,50.22
2026-01-07 03:00:00,Building_B,45.07
2026-01-07 04:00:00,Building_B,47.9
2026-01-07 05:00:00,Building_B,45.16
2026-01-07 06:00:00,Building_B,50.61
2026-01-07 07:00:00,Building_B,44.05
2026-01-07 08:00:00,Building_B,103.48
2026-01-07 09:00:00,Building_B,102.83
2026-01-07 10:00:00,Building_B,99.56
2026-01-07 11:00:00,Building_B,103.02
2026-01-07 12:00:00,Building_B,112.17
2026-01-07 13:00:00,Building_B,99.65
2026-01-07 14:00:00,Building_B,103.1
2026-01-07 15:00:00,Building_B,107.29
2026-01-07 16:00:00,Building_B,106.7
2026-01-07 17:00:00,Building_B,101.06
2026-01-07 18:00:00,Building_B,89.08
2026-01-07 19:00:00,Building_B,46.35
2026-01-07 20:00:00,Building_B,32.67
2026-01-07 21:00:00,Building_B,51.12
2026-01-07 22:00:00,Building_B,44.61
2026-01-07 23:00:00,Building_B,48.76
2026-01-08 00:00:00,Building_B,39.26
2026-01-08 01:00:00,Building_B,36.0
2026-01-08 02:00:00,Building_B,45.07
2026-01-08 03:00:00,Building_B,43.6
2026-01-08 04:00:00,Building_B,41.31
2026-01-08 05:00:00,Building_B,44.19
2026-01-08 06:00:00,Building_B,57.6
2026-01-08 07:00:00,Building_B,47.94
2026-01-08 08:00:00,Building_B,106.25
2026-01-08 09:00:00,Building_B,105.22
2026-01-08 10:00:00,Building_B,108.4
2026-01-08 11:00:00,Building_B,100.05
2026-01-08 12:00:00,Building_B,90.73
2026-01-08 13:00:00,Building_B,100.06
2026-01-08 14:00:00,Building_B,105.06
2026-01-08 15:00:00,Building_B,96.15
2026-01-08 16:00:00,Building_B,100.12
2026-01-08 17:00:00,Building_B,97.54
2026-01-08 18:00:00,Building_B,108.51
2026-01-08 19:00:00,Building_B,47.51
2026-01-08 20:00:00,Building_B,47.02
2026-01-08 21:00:00,Building_B,46.87
2026-01-08 22:00:00,Building_B,43.58
2026-01-08 23:00:00,Building_B,44.75
2026-01-09 00:00:00,Building_B,37.84
2026-01-09 01:00:00,Building_B,32.83
2026-01-09 02:00:00,Building_B,44.52
2026-01-09 03:00:00,Building_B,45.39
2026-01-09 04:00:00,Building_B,49.81
2026-01-09 05:00:00,Building_B,51.62
2026-01-09 06:00:00,Building_B,51.62
2026-01-09 07:00:00,Building_B,38.78
2026-01-09 08:00:00,Building_B,99.24
2026-01-09 09:00:00,Building_B,103.4
2026-01-09 10:00:00,Building_B,113.66
2026-01-09 11:00:00,Building_B,108.4
2026-01-09 12:00:00,Building_B,106.6
2026-01-09 13:00:00,Building_B,99.06
2026-01-09 14:00:00,Building_B,96.58
2026-01-09 15:00:00,Building_B,104.94
2026-01-09 16:00:00,Building_B,95.5
2026-01-09 17:00:00,Building_B,99.81
2026-01-09 18:00:00,Building_B,100.43
2026-01-09 19:00:00,Building_B,51.73
2026-01-09 20:00:00,Building_B,41.99
2026-01-09 21:00:00,Building_B,31.57
2026-01-09 22:00:00,Building_B,46.29
2026-01-09 23:00:00,Building_B,40.27
2026-01-10 00:00:00,Building_B,43.98
2026-01-10 01:00:00,Building_B,43.33
2026-01-10 02:00:00,Building_B,42.4
2026-01-10 03:00:00,Building_B,47.72
2026-01-10 04:00:00,Building_B,36.1
2026-01-10 05:00:00,Building_B,41.18
2026-01-10 06:00:00,Building_B,47.19
2026-01-10 07:00:00,Building_B,40.7
2026-01-10 08:00:00,Building_B,35.72
2026-01-10 09:00:00,Building_B,47.11
2026-01-10 10:00:00,Building_B,49.38
2026-01-10 11:00:00,Building_B,43.54
2026-01-10 12:00:00,Building_B,33.96
2026-01-10 13:00:00,Building_B,47.3
2026-01-10 14:00:00,Building_B,35.47
2026-01-10 15:00:00,Building_B,45.31
2026-01-10 16:00:00,Building_B,39.33
2026-01-10 17:00:00,Building_B,37.97
2026-01-10 18:00:00,Building_B,41.56
2026-01-10 19:00:00,Building_B,42.85
2026-01-10 20:00:00,Building_B,40.55
2026-01-10 21:00:00,Building_B,46.71
2026-01-10 22:00:00,Building_B,41.54
2026-01-10 23:00:00,Building_B,48.67
2026-01-11 00:00:00,Building_B,45.17
2026-01-11 01:00:00,Building_B,40.28
2026-01-11 02:00:00,Building_B,39.44
2026-01-11 03:00:00,Building_B,35.53
2026-01-11 04:00:00,Building_B,45.22
2026-01-11 05:00:00,Building_B,41.99
2026-01-11 06:00:00,Building_B,31.91
2026-01-11 07:00:00,Building_B,41.09
2026-01-11 08:00:00,Building_B,39.26
2026-01-11 09:00:00,Building_B,51.64
2026-01-11 10:00:00,Building_B,35.25
2026-01-11 11:00:00,Building_B,36.56
2026-01-11 12:00:00,Building_B,49.32
2026-01-11 13:00:00,Building_B,50.55
2026-01-11 14:00:00,Building_B,40.04
2026-01-11 15:00:00,Building_B,40.61
2026-01-11 16:00:00,Building_B,46.85
2026-01-11 17:00:00,Building_B,32.13
2026-01-11 18:00:00,Building_B,34.46
2026-01-11 19:00:00,Building_B,42.36
2026-01-11 20:00:00,Building_B,51.52
2026-01-11 21:00:00,Building_B,41.59
2026-01-11 22:00:00,Building_B,44.27
2026-01-11 23:00:00,Building_B,49.44
2026-01-12 00:00:00,Building_B,54.3
2026-01-12 01:00:00,Building_B,40.88
2026-01-12 02:00:00,Building_B,43.68
2026-01-12 03:00:00,Building_B,52.88
2026-01-12 04:00:00,Building_B,36.16
2026-01-12 05:00:00,Building_B,48.9
2026-01-12 06:00:00,Building_B,38.67
2026-01-12 07:00:00,Building_B,44.28
2026-01-12 08:00:00,Building_B,99.79
2026-01-12 09:00:00,Building_B,96.21
2026-01-12 10:00:00,Building_B,96.08
2026-01-12 11:00:00,Building_B,102.38
2026-01-12 12:00:00,Building_B,105.98
2026-01-12 13:00:00,Building_B,100.35
2026-01-12 14:00:00,Building_B,101.35
2026-01-12 15:00:00,Building_B,103.86
2026-01-12 16:00:00,Building_B,96.14
2026-01-12 17:00:00,Building_B,104.7
2026-01-12 18:00:00,Building_B,105.1
2026-01-12 19:00:00,Building_B,56.78
2026-01-12 20:00:00,Building_B,41.89
2026-01-12 21:00:00,Building_B,41.48
2026-01-12 22:00:00,Building_B,47.61
2026-01-12 23:00:00,Building_B,47.86
2026-01-13 00:00:00,Building_B,41.09
2026-01-13 01:00:00,Building_B,41.75
2026-01-13 02:00:00,Building_B,46.47
2026-01-13 03:00:00,Building_B,39.63
2026-01-13 04:00:00,Building_B,41.71
2026-01-13 05:00:00,Building_B,44.21
2026-01-13 06:00:00,Building_B,48.75
2026-01-13 07:00:00,Building_B,40.74
2026-01-13 08:00:00,Building_B,91.79
2026-01-13 09:00:00,Building_B,91.42
2026-01-13 10:00:00,Building_B,94.7
2026-01-13 11:00:00,Building_B,94.43
2026-01-13 12:00:00,Building_B,100.23
2026-01-13 13:00:00,Building_B,95.05
2026-01-13 14:00:00,Building_B,97.49
2026-01-13 15:00:00,Building_B,97.13
2026-01-13 16:00:00,Building_B,98.8
2026-01-13 17:00:00,Building_B,107.61
2026-01-13 18:00:00,Building_B,104.31
2026-01-13 19:00:00,Building_B,43.85
2026-01-13 20:00:00,Building_B,41.46
2026-01-13 21:00:00,Building_B,41.6
2026-01-13 22:00:00,Building_B,45.41
2026-01-13 23:00:00,Building_B,46.69
2026-01-14 00:00:00,Building_B,39.23
2026-01-14 01:00:00,Building_B,43.95
2026-01-14 02:00:00,Building_B,33.61
2026-01-14 03:00:00,Building_B,44.82
2026-01-14 04:00:00,Building_B,47.58
2026-01-14 05:00:00,Building_B,42.37
2026-01-14 06:00:00,Building_B,52.85
2026-01-14 07:00:00,Building_B,39.36
2026-01-14 08:00:00,Building_B,102.09
2026-01-14 09:00:00,Building_B,100.82
2026-01-14 10:00:00,Building_B,100.5
2026-01-14 11:00:00,Building_B,100.43
2026-01-14 12:00:00,Building_B,101.53
2026-01-14 13:00:00,Building_B,105.24
2026-01-14 14:00:00,Building_B,107.89
2026-01-14 15:00:00,Building_B,100.99
2026-01-14 16:00:00,Building_B,105.08
2026-01-14 17:00:00,Building_B,97.49
2026-01-14 18:00:00,Building_B,104.83
2026-01-14 19:00:00,Building_B,39.96
2026-01-14 20:00:00,Building_B,49.22
2026-01-14 21:00:00,Building_B,54.82
2026-01-14 22:00:00,Building_B,43.16
2026-01-14 23:00:00,Building_B,32.8
2026-01-15 00:00:00,Building_B,41.03
2026-01-15 01:00:00,Building_B,49.93
2026-01-15 02:00:00,Building_B,46.53
2026-01-15 03:00:00,Building_B,45.01
2026-01-15 04:00:00,Building_B,48.81
2026-01-15 05:00:00,Building_B,46.19
2026-01-15 06:00:00,Building_B,49.85
2026-01-15 07:00:00,Building_B,48.36
2026-01-15 08:00:00,Building_B,108.61
2026-01-15 09:00:00,Building_B,102.79
2026-01-15 10:00:00,Building_B,105.53
2026-01-15 11:00:00,Building_B,99.46
2026-01-15 12:00:00,Building_B,97.99
2026-01-15 13:00:00,Building_B,109.53
2026-01-15 14:00:00,Building_B,102.08
2026-01-15 15:00:00,Building_B,105.02
2026-01-15 16:00:00,Building_B,101.62
2026-01-15 17:00:00,Building_B,98.07
2026-01-15 18:00:00,Building_B,101.05
2026-01-15 19:00:00,Building_B,50.95
2026-01-15 20:00:00,Building_B,46.54
2026-01-15 21:00:00,Building_B,35.21
2026-01-15 22:00:00,Building_B,42.69
2026-01-15 23:00:00,Building_B,52.68
2026-01-16 00:00:00,Building_B,42.7
2026-01-16 01:00:00,Building_B,34.76
2026-01-16 02:00:00,Building_B,53.23
2026-01-16 03:00:00,Building_B,47.18
2026-01-16 04:00:00,Building_B,43.42
2026-01-16 05:00:00,Building_B,41.91
2026-01-16 06:00:00,Building_B,49.18
2026-01-16 07:00:00,Building_B,41.06
2026-01-16 08:00:00,Building_B,106.74
2026-01-16 09:00:00,Building_B,103.71
2026-01-16 10:00:00,Building_B,102.22
2026-01-16 11:00:00,Building_B,101.73
2026-01-16 12:00:00,Building_B,100.12
2026-01-16 13:00:00,Building_B,106.23
2026-01-16 14:00:00,Building_B,96.67
2026-01-16 15:00:00,Building_B,92.89
2026-01-16 16:00:00,Building_B,104.07
2026-01-16 17:00:00,Building_B,104.16
2026-01-16 18:00:00,Building_B,103.4
2026-01-16 19:00:00,Building_B,45.8
2026-01-16 20:00:00,Building_B,42.16
2026-01-16 21:00:00,Building_B,47.7
2026-01-16 22:00:00,Building_B,43.54
2026-01-16 23:00:00,Building_B,41.33
2026-01-17 00:00:00,Building_B,42.21
2026-01-17 01:00:00,Building_B,53.87
2026-01-17 02:00:00,Building_B,35.09
2026-01-17 03:00:00,Building_B,46.27
2026-01-17 04:00:00,Building_B,35.37
2026-01-17 05:00:00,Building_B,43.23
2026-01-17 06:00:00,Building_B,41.6
2026-01-17 07:00:00,Building_B,33.34
2026-01-17 08:00:00,Building_B,45.71
2026-01-17 09:00:00,Building_B,41.87
2026-01-17 10:00:00,Building_B,33.27
2026-01-17 11:00:00,Building_B,47.96
2026-01-17 12:00:00,Building_B,50.94
2026-01-17 13:00:00,Building_B,51.22
2026-01-17 14:00:00,Building_B,45.56
2026-01-17 15:00:00,Building_B,44.0
2026-01-17 16:00:00,Building_B,50.41
2026-01-17 17:00:00,Building_B,52.18
2026-01-17 18:00:00,Building_B,49.43
2026-01-17 19:00:00,Building_B,39.06
2026-01-17 20:00:00,Building_B,44.77
2026-01-17 21:00:00,Building_B,45.96
2026-01-17 22:00:00,Building_B,34.72
2026-01-17 23:00:00,Building_B,46.11
2026-01-18 00:00:00,Building_B,55.13
2026-01-18 01:00:00,Building_B,46.97
2026-01-18 02:00:00,Building_B,51.13
2026-01-18 03:00:00,Building_B,44.68
2026-01-18 04:00:00,Building_B,43.4
2026-01-18 05:00:00,Building_B,45.67
2026-01-18 06:00:00,Building_B,39.69
2026-01-18 07:00:00,Building_B,38.95
2026-01-18 08:00:00,Building_B,50.1
2026-01-18 09:00:00,Building_B,50.63
2026-01-18 10:00:00,Building_B,38.81
2026-01-18 11:00:00,Building_B,48.61
2026-01-18 12:00:00,Building_B,43.33
2026-01-18 13:00:00,Building_B,45.47
2026-01-18 14:00:00,Building_B,46.07
2026-01-18 15:00:00,Building_B,48.74
2026-01-18 16:00:00,Building_B,44.18
2026-01-18 17:00:00,Building_B,50.82
2026-01-18 18:00:00,Building_B,45.31
2026-01-18 19:00:00,Building_B,46.89
2026-01-18 20:00:00,Building_B,39.6
2026-01-18 21:00:00,Building_B,54.56
2026-01-18 22:00:00,Building_B,46.12
2026-01-18 23:00:00,Building_B,47.33
2026-01-19 00:00:00,Building_B,35.73
2026-01-19 01:00:00,Building_B,39.65
2026-01-19 02:00:00,Building_B,49.96
2026-01-19 03:00:00,Building_B,45.2
2026-01-19 04:00:00,Building_B,34.2
2026-01-19 05:00:00,Building_B,48.96
2026-01-19 06:00:00,Building_B,41.05
2026-01-19 07:00:00,Building_B,50.82
2026-01-19 08:00:00,Building_B,100.56
2026-01-19 09:00:00,Building_B,102.02
2026-01-19 10:00:00,Building_B,106.89
2026-01-19 11:00:00,Building_B,96.51
2026-01-19 12:00:00,Building_B,96.04
2026-01-19 13:00:00,Building_B,100.02
2026-01-19 14:00:00,Building_B,105.14
2026-01-19 15:00:00,Building_B,94.34
2026-01-19 16:00:00,Building_B,92.66
2026-01-19 17:00:00,Building_B,105.12
2026-01-19 18:00:00,Building_B,97.98
2026-01-19 19:00:00,Building_B,41.81
2026-01-19 20:00:00,Building_B,34.48
2026-01-19 21:00:00,Building_B,40.37
2026-01-19 22:00:00,Building_B,43.73
2026-01-19 23:00:00,Building_B,48.42
2026-01-20 00:00:00,Building_B,39.91
2026-01-20 01:00:00,Building_B,52.05
2026-01-20 02:00:00,Building_B,40.34
2026-01-20 03:00:00,Building_B,40.35
2026-01-20 04:00:00,Building_B,51.45
2026-01-20 05:00:00,Building_B,44.82
2026-01-20 06:00:00,Building_B,41.01
2026-01-20 07:00:00,Building_B,42.99
2026-01-20 08:00:00,Building_B,107.76
2026-01-20 09:00:00,Building_B,108.33
2026-01-20 10:00:00,Building_B,96.92
2026-01-20 11:00:00,Building_B,100.79
2026-01-20 12:00:00,Building_B,101.45
2026-01-20 13:00:00,Building_B,96.07
2026-01-20 14:00:00,Building_B,100.72
2026-01-20 15:00:00,Building_B,101.03
2026-01-20 16:00:00,Building_B,106.7
2026-01-20 17:00:00,Building_B,107.04
2026-01-20 18:00:00,Building_B,99.35
2026-01-20 19:00:00,Building_B,42.7
2026-01-20 20:00:00,Building_B,47.09
2026-01-20 21:00:00,Building_B,40.84
2026-01-20 22:00:00,Building_B,46.71
2026-01-20 23:00:00,Building_B,43.33
2026-01-21 00:00:00,Building_B,38.92
2026-01-21 01:00:00,Building_B,38.98
2026-01-21 02:00:00,Building_B,51.0
2026-01-21 03:00:00,Building_B,42.98
2026-01-21 04:00:00,Building_B,51.97
2026-01-21 05:00:00,Building_B,41.2
2026-01-21 06:00:00,Building_B,45.22
2026-01-21 07:00:00,Building_B,55.73
2026-01-21 08:00:00,Building_B,95.71
2026-01-21 09:00:00,Building_B,91.51
2026-01-21 10:00:00,Building_B,107.43
2026-01-21 11:00:00,Building_B,96.87
2026-01-21 12:00:00,Building_B,100.9
2026-01-21 13:00:00,Building_B,98.07
2026-01-21 14:00:00,Building_B,102.34
2026-01-21 15:00:00,Building_B,96.25
2026-01-21 16:00:00,Building_B,100.1
2026-01-21 17:00:00,Building_B,103.25
2026-01-21 18:00:00,Building_B,95.96
2026-01-21 19:00:00,Building_B,40.27
2026-01-21 20:00:00,Building_B,42.03
2026-01-21 21:00:00,Building_B,36.62
2026-01-21 22:00:00,Building_B,41.65
2026-01-21 23:00:00,Building_B,44.36
2026-01-22 00:00:00,Building_B,41.77
2026-01-22 01:00:00,Building_B,42.41
2026-01-22 02:00:00,Building_B,43.67
2026-01-22 03:00:00,Building_B,40.49
2026-01-22 04:00:00,Building_B,47.22
2026-01-22 05:00:00,Building_B,50.95
2026-01-22 06:00:00,Building_B,41.44
2026-01-22 07:00:00,Building_B,46.19
2026-01-22 08:00:00,Building_B,99.8
2026-01-22 09:00:00,Building_B,102.83
2026-01-22 10:00:00,Building_B,108.83
2026-01-22 11:00:00,Building_B,103.54
2026-01-22 12:00:00,Building_B,92.13
2026-01-22 13:00:00,Building_B,103.27
2026-01-22 14:00:00,Building_B,107.16
2026-01-22 15:00:00,Building_B,99.89
2026-01-22 16:00:00,Building_B,105.98
2026-01-22 17:00:00,Building_B,97.55
2026-01-22 18:00:00,Building_B,93.57
2026-01-22 19:00:00,Building_B,44.47
2026-01-22 20:00:00,Building_B,34.98
2026-01-22 21:00:00,Building_B,42.57
2026-01-22 22:00:00,Building_B,50.2
2026-01-22 23:00:00,Building_B,34.22
2026-01-23 00:00:00,Building_B,37.37
2026-01-23 01:00:00,Building_B,38.61
2026-01-23 02:00:00,Building_B,43.45
2026-01-23 03:00:00,Building_B,41.94
2026-01-23 04:00:00,Building_B,50.76
2026-01-23 05:00:00,Building_B,48.54
2026-01-23 06:00:00,Building_B,46.24
2026-01-23 07:00:00,Building_B,44.49
2026-01-23 08:00:00,Building_B,102.97
2026-01-23 09:00:00,Building_B,96.69
2026-01-23 10:00:00,Building_B,105.29
2026-01-23 11:00:00,Building_B,95.44
2026-01-23 12:00:00,Building_B,105.18
2026-01-23 13:00:00,Building_B,106.93
2026-01-23 14:00:00,Building_B,102.05
2026-01-23 15:00:00,Building_B,100.12
2026-01-23 16:00:00,Building_B,103.0
2026-01-23 17:00:00,Building_B,86.69
2026-01-23 18:00:00,Building_B,102.51
2026-01-23 19:00:00,Building_B,43.2
2026-01-23 20:00:00,Building_B,43.51
2026-01-23 21:00:00,Building_B,47.3
2026-01-23 22:00:00,Building_B,43.39
2026-01-23 23:00:00,Building_B,38.07
2026-01-24 00:00:00,Building_B,43.06
2026-01-24 01:00:00,Building_B,44.1
2026-01-24 02:00:00,Building_B,44.34
2026-01-24 03:00:00,Building_B,44.58
2026-01-24 04:00:00,Building_B,48.96
2026-01-24 05:00:00,Building_B,38.34
2026-01-24 06:00:00,Building_B,44.64
2026-01-24 07:00:00,Building_B,50.22
2026-01-24 08:00:00,Building_B,35.09
2026-01-24 09:00:00,Building_B,44.66
2026-01-24 10:00:00,Building_B,40.84
2026-01-24 11:00:00,Building_B,41.91
2026-01-24 12:00:00,Building_B,39.24
2026-01-24 13:00:00,Building_B,42.92
2026-01-24 14:00:00,Building_B,52.97
2026-01-24 15:00:00,Building_B,37.44
2026-01-24 16:00:00,Building_B,37.92
2026-01-24 17:00:00,Building_B,37.26
2026-01-24 18:00:00,Building_B,52.4
2026-01-24 19:00:00,Building_B,41.45
2026-01-24 20:00:00,Building_B,43.64
2026-01-24 21:00:00,Building_B,41.75
2026-01-24 22:00:00,Building_B,39.04
2026-01-24 23:00:00,Building_B,42.59
2026-01-25 00:00:00,Building_B,56.06
2026-01-25 01:00:00,Building_B,50.73
2026-01-25 02:00:00,Building_B,39.5
2026-01-25 03:00:00,Building_B,47.0
2026-01-25 04:00:00,Building_B,39.61
2026-01-25 05:00:00,Building_B,34.88
2026-01-25 06:00:00,Building_B,48.86
2026-01-25 07:00:00,Building_B,49.57
2026-01-25 08:00:00,Building_B,49.0
2026-01-25 09:00:00,Building_B,41.42
2026-01-25 10:00:00,Building_B,42.93
2026-01-25 11:00:00,Building_B,47.52
2026-01-25 12:00:00,Building_B,45.72
2026-01-25 13:00:00,Building_B,41.8
2026-01-25 14:00:00,Building_B,35.67
2026-01-25 15:00:00,Building_B,44.34
2026-01-25 16:00:00,Building_B,49.16
2026-01-25 17:00:00,Building_B,37.78
2026-01-25 18:00:00,Building_B,46.96
2026-01-25 19:00:00,Building_B,45.42
2026-01-25 20:00:00,Building_B,47.52
2026-01-25 21:00:00,Building_B,48.13
2026-01-25 22:00:00,Building_B,40.29
2026-01-25 23:00:00,Building_B,35.68
2026-01-26 00:00:00,Building_B,41.1
2026-01-26 01:00:00,Building_B,48.21
2026-01-26 02:00:00,Building_B,41.06
2026-01-26 03:00:00,Building_B,40.3
2026-01-26 04:00:00,Building_B,34.66
2026-01-26 05:00:00,Building_B,52.53
2026-01-26 06:00:00,Building_B,47.89
2026-01-26 07:00:00,Building_B,47.62
2026-01-26 08:00:00,Building_B,105.84
2026-01-26 09:00:00,Building_B,103.88
2026-01-26 10:00:00,Building_B,99.78
2026-01-26 11:00:00,Building_B,100.18
2026-01-26 12:00:00,Building_B,98.86
2026-01-26 13:00:00,Building_B,114.17
2026-01-26 14:00:00,Building_B,103.78
2026-01-26 15:00:00,Building_B,98.68
2026-01-26 16:00:00,Building_B,103.33
2026-01-26 17:00:00,Building_B,95.94
2026-01-26 18:00:00,Building_B,108.52
2026-01-26 19:00:00,Building_B,40.46
2026-01-26 20:00:00,Building_B,46.27
2026-01-26 21:00:00,Building_B,49.1
2026-01-26 22:00:00,Building_B,45.69
2026-01-26 23:00:00,Building_B,44.24
2026-01-27 00:00:00,Building_B,43.82
2026-01-27 01:00:00,Building_B,43.48
2026-01-27 02:00:00,Building_B,40.88
2026-01-27 03:00:00,Building_B,41.52
2026-01-27 04:00:00,Building_B,51.16
2026-01-27 05:00:00,Building_B,43.22
2026-01-27 06:00:00,Building_B,39.84
2026-01-27 07:00:00,Building_B,41.18
2026-01-27 08:00:00,Building_B,106.5
2026-01-27 09:00:00,Building_B,104.38
2026-01-27 10:00:00,Building_B,103.8
2026-01-27 11:00:00,Building_B,99.71
2026-01-27 12:00:00,Building_B,103.87
2026-01-27 13:00:00,Building_B,97.78
2026-01-27 14:00:00,Building_B,99.7
2026-01-27 15:00:00,Building_B,105.85
2026-01-27 16:00:00,Building_B,105.37
2026-01-27 17:00:00,Building_B,96.09
2026-01-27 18:00:00,Building_B,96.72
2026-01-27 19:00:00,Building_B,44.31
2026-01-27 20:00:00,Building_B,52.4
2026-01-27 21:00:00,Building_B,34.19
2026-01-27 22:00:00,Building_B,45.16
2026-01-27 23:00:00,Building_B,36.89
2026-01-28 00:00:00,Building_B,40.59
2026-01-28 01:00:00,Building_B,41.94
2026-01-28 02:00:00,Building_B,41.66
2026-01-28 03:00:00,Building_B,41.1
2026-01-28 04:00:00,Building_B,43.8
2026-01-28 05:00:00,Building_B,41.09
2026-01-28 06:00:00,Building_B,36.45
2026-01-28 07:00:00,Building_B,47.67
2026-01-28 08:00:00,Building_B,104.76
2026-01-28 09:00:00,Building_B,105.22
2026-01-28 10:00:00,Building_B,93.3
2026-01-28 11:00:00,Building_B,102.49
2026-01-28 12:00:00,Building_B,104.38
2026-01-28 13:00:00,Building_B,95.84
2026-01-28 14:00:00,Building_B,101.05
2026-01-28 15:00:00,Building_B,100.42
2026-01-28 16:00:00,Building_B,110.21
2026-01-28 17:00:00,Building_B,110.62
2026-01-28 18:00:00,Building_B,92.68
2026-01-28 19:00:00,Building_B,56.24
2026-01-28 20:00:00,Building_B,39.19
2026-01-28 21:00:00,Building_B,48.67
2026-01-28 22:00:00,Building_B,48.62
2026-01-28 23:00:00,Building_B,38.79
2026-01-29 00:00:00,Building_B,46.23
2026-01-29 01:00:00,Building_B,43.23
2026-01-29 02:00:00,Building_B,46.54
2026-01-29 03:00:00,Building_B,44.92
2026-01-29 04:00:00,Building_B,49.75
2026-01-29 05:00:00,Building_B,44.14
2026-01-29 06:00:00,Building_B,42.93
2026-01-29 07:00:00,Building_B,49.25
2026-01-29 08:00:00,Building_B,103.9
2026-01-29 09:00:00,Building_B,104.66
2026-01-29 10:00:00,Building_B,97.68
2026-01-29 11:00:00,Building_B,95.77
2026-01-29 12:00:00,Building_B,98.16
2026-01-29 13:00:00,Building_B,97.9
2026-01-29 14:00:00,Building_B,104.93
2026-01-29 15:00:00,Building_B,105.88
2026-01-29 16:00:00,Building_B,100.22
2026-01-29 17:00:00,Building_B,108.15
2026-01-29 18:00:00,Building_B,107.84
2026-01-29 19:00:00,Building_B,44.98
2026-01-29 20:00:00,Building_B,39.66
2026-01-29 21:00:00,Building_B,51.64
2026-01-29 22:00:00,Building_B,43.46
2026-01-29 23:00:00,Building_B,44.4
2026-01-30 00:00:00,Building_B,42.07
2026-01-30 01:00:00,Building_B,39.32
2026-01-30 02:00:00,Building_B,36.42
2026-01-30 03:00:00,Building_B,46.93
2026-01-30 04:00:00,Building_B,39.85
2026-01-30 05:00:00,Building_B,59.06
2026-01-30 06:00:00,Building_B,38.34
2026-01-30 07:00:00,Building_B,37.48
2026-01-30 08:00:00,Building_B,103.55
2026-01-30 09:00:00,Building_B,108.65
2026-01-30 10:00:00,Building_B,101.32
2026-01-30 11:00:00,Building_B,103.86
2026-01-30 12:00:00,Building_B,91.78
2026-01-30 13:00:00,Building_B,97.61
2026-01-30 14:00:00,Building_B,95.63
2026-01-30 15:00:00,Building_B,91.52
2026-01-30 16:00:00,Building_B,101.58
2026-01-30 17:00:00,Building_B,89.79
2026-01-30 18:00:00,Building_B,94.39
2026-01-30 19:00:00,Building_B,41.08
2026-01-30 20:00:00,Building_B,39.61
2026-01-30 21:00:00,Building_B,45.75
2026-01-30 22:00:00,Building_B,45.29
2026-01-30 23:00:00,Building_B,48.24
2026-01-31 00:00:00,Building_B,47.53
2026-01-31 01:00:00,Building_B,49.47
2026-01-31 02:00:00,Building_B,43.76
2026-01-31 03:00:00,Building_B,45.28
2026-01-31 04:00:00,Building_B,46.32
2026-01-31 05:00:00,Building_B,44.47
2026-01-31 06:00:00,Building_B,41.78
2026-01-31 07:00:00,Building_B,42.1
2026-01-31 08:00:00,Building_B,39.68
2026-01-31 09:00:00,Building_B,45.87
2026-01-31 10:00:00,Building_B,43.3
2026-01-31 11:00:00,Building_B,40.45
2026-01-31 12:00:00,Building_B,40.46
2026-01-31 13:00:00,Building_B,37.71
2026-01-31 14:00:00,Building_B,48.66
2026-01-31 15:00:00,Building_B,44.16
2026-01-31 16:00:00,Building_B,39.45
2026-01-31 17:00:00,Building_B,47.81
2026-01-31 18:00:00,Building_B,40.96
2026-01-31 19:00:00,Building_B,36.73
2026-01-31 20:00:00,Building_B,48.87
2026-01-31 21:00:00,Building_B,41.08
2026-01-31 22:00:00,Building_B,41.72
2026-01-31 23:00:00,Building_B,43.97
2026-02-01 00:00:00,Building_B,49.48
2026-02-01 01:00:00,Building_B,43.87
2026-02-01 02:00:00,Building_B,37.77
2026-02-01 03:00:00,Building_B,46.49
2026-02-01 04:00:00,Building_B,41.34
2026-02-01 05:00:00,Building_B,53.21
2026-02-01 06:00:00,Building_B,43.76
2026-02-01 07:00:00,Building_B,32.59
2026-02-01 08:00:00,Building_B,45.55
2026-02-01 09:00:00,Building_B,53.49
2026-02-01 10:00:00,Building_B,51.65
2026-02-01 11:00:00,Building_B,52.92
2026-02-01 12:00:00,Building_B,38.67
2026-02-01 13:00:00,Building_B,48.33
2026-02-01 14:00:00,Building_B,40.16
2026-02-01 15:00:00,Building_B,44.89
2026-02-01 16:00:00,Building_B,37.4
2026-02-01 17:00:00,Building_B,40.54
2026-02-01 18:00:00,Building_B,40.39
2026-02-01 19:00:00,Building_B,48.26
2026-02-01 20:00:00,Building_B,47.77
2026-02-01 21:00:00,Building_B,45.15
2026-02-01 22:00:00,Building_B,37.01
2026-02-01 23:00:00,Building_B,42.21
2026-02-02 00:00:00,Building_B,40.04
2026-02-02 01:00:00,Building_B,48.11
2026-02-02 02:00:00,Building_B,49.66
2026-02-02 03:00:00,Building_B,49.05
2026-02-02 04:00:00,Building_B,39.99
2026-02-02 05:00:00,Building_B,30.07
2026-02-02 06:00:00,Building_B,34.93
2026-02-02 07:00:00,Building_B,50.87
2026-02-02 08:00:00,Building_B,98.99
2026-02-02 09:00:00,Building_B,97.25
2026-02-02 10:00:00,Building_B,109.21
2026-02-02 11:00:00,Building_B,107.33
2026-02-02 12:00:00,Building_B,101.12
2026-02-02 13:00:00,Building_B,99.53
2026-02-02 14:00:00,Building_B,100.34
2026-02-02 15:00:00,Building_B,102.14
2026-02-02 16:00:00,Building_B,109.0
2026-02-02 17:00:00,Building_B,103.11
2026-02-02 18:00:00,Building_B,104.63
2026-02-02 19:00:00,Building_B,49.61
2026-02-02 20:00:00,Building_B,37.92
2026-02-02 21:00:00,Building_B,47.54
2026-02-02 22:00:00,Building_B,42.29
2026-02-02 23:00:00,Building_B,31.19
2026-02-03 00:00:00,Building_B,33.13
2026-02-03 01:00:00,Building_B,38.68
2026-02-03 02:00:00,Building_B,46.42
2026-02-03 03:00:00,Building_B,44.34
2026-02-03 04:00:00,Building_B,44.69
2026-02-03 05:00:00,Building_B,53.52
2026-02-03 06:00:00,Building_B,37.42
2026-02-03 07:00:00,Building_B,43.63
2026-02-03 08:00:00,Building_B,102.52
2026-02-03 09:00:00,Building_B,97.32
2026-02-03 10:00:00,Building_B,101.14
2026-02-03 11:00:00,Building_B,93.0
2026-02-03 12:00:00,Building_B,108.05
2026-02-03 13:00:00,Building_B,97.59
2026-02-03 14:00:00,Building_B,111.16
2026-02-03 15:00:00,Building_B,100.84
2026-02-03 16:00:00,Building_B,106.14
2026-02-03 17:00:00,Building_B,100.73
2026-02-03 18:00:00,Building_B,100.85
2026-02-03 19:00:00,Building_B,40.85
2026-02-03 20:00:00,Building_B,44.36
2026-02-03 21:00:00,Building_B,45.36
2026-02-03 22:00:00,Building_B,39.85
2026-02-03 23:00:00,Building_B,43.14
2026-02-04 00:00:00,Building_B,40.72
2026-02-04 01:00:00,Building_B,55.26
2026-02-04 02:00:00,Building_B,43.32
2026-02-04 03:00:00,Building_B,51.49
2026-02-04 04:00:00,Building_B,42.79
2026-02-04 05:00:00,Building_B,45.06
2026-02-04 06:00:00,Building_B,37.16
2026-02-04 07:00:00,Building_B,41.53
2026-02-04 08:00:00,Building_B,102.05
2026-02-04 09:00:00,Building_B,108.93
2026-02-04 10:00:00,Building_B,102.11
2026-02-04 11:00:00,Building_B,107.92
2026-02-04 12:00:00,Building_B,104.2
2026-02-04 13:00:00,Building_B,109.14
2026-02-04 14:00:00,Building_B,100.7
2026-02-04 15:00:00,Building_B,112.95
2026-02-04 16:00:00,Building_B,98.57
2026-02-04 17:00:00,Building_B,97.17
2026-02-04 18:00:00,Building_B,94.95
2026-02-04 19:00:00,Building_B,55.42
2026-02-04 20:00:00,Building_B,47.86
2026-02-04 21:00:00,Building_B,42.1
2026-02-04 22:00:00,Building_B,50.01
2026-02-04 23:00:00,Building_B,47.2
2026-02-05 00:00:00,Building_B,53.6
2026-02-05 01:00:00,Building_B,36.03
2026-02-05 02:00:00,Building_B,42.44
2026-02-05 03:00:00,Building_B,41.45
2026-02-05 04:00:00,Building_B,33.9
2026-02-05 05:00:00,Building_B,49.07
2026-02-05 06:00:00,Building_B,42.41
2026-02-05 07:00:00,Building_B,47.46
2026-02-05 08:00:00,Building_B,112.8
2026-02-05 09:00:00,Building_B,99.23
2026-02-05 10:00:00,Building_B,98.89
2026-02-05 11:00:00,Building_B,101.59
2026-02-05 12:00:00,Building_B,105.94
2026-02-05 13:00:00,Building_B,98.17
2026-02-05 14:00:00,Building_B,97.84
2026-02-05 15:00:00,Building_B,106.29
2026-02-05 16:00:00,Building_B,102.89
2026-02-05 17:00:00,Building_B,90.78
2026-02-05 18:00:00,Building_B,94.87
2026-02-05 19:00:00,Building_B,51.27
2026-02-05 20:00:00,Building_B,45.78
2026-02-05 21:00:00,Building_B,39.96
2026-02-05 22:00:00,Building_B,42.91
2026-02-05 23:00:00,Building_B,43.83
2026-02-06 00:00:00,Building_B,47.45
2026-02-06 01:00:00,Building_B,36.98
2026-02-06 02:00:00,Building_B,39.56
2026-02-06 03:00:00,Building_B,45.13
2026-02-06 04:00:00,Building_B,43.27
2026-02-06 05:00:00,Building_B,46.63
2026-02-06 06:00:00,Building_B,37.62
2026-02-06 07:00:00,Building_B,45.55
2026-02-06 08:00:00,Building_B,106.46
2026-02-06 09:00:00,Building_B,103.43
2026-02-06 10:00:00,Building_B,101.69
2026-02-06 11:00:00,Building_B,100.52
2026-02-06 12:00:00,Building_B,96.83
2026-02-06 13:00:00,Building_B,100.64
2026-02-06 14:00:00,Building_B,107.3
2026-02-06 15:00:00,Building_B,100.4
2026-02-06 16:00:00,Building_B,96.55
2026-02-06 17:00:00,Building_B,98.54
2026-02-06 18:00:00,Building_B,102.0
2026-02-06 19:00:00,Building_B,41.9
2026-02-06 20:00:00,Building_B,46.19
2026-02-06 21:00:00,Building_B,46.38
2026-02-06 22:00:00,Building_B,48.21
2026-02-06 23:00:00,Building_B,50.88
2026-02-07 00:00:00,Building_B,48.75
2026-02-07 01:00:00,Building_B,39.1
2026-02-07 02:00:00,Building_B,39.25
2026-02-07 03:00:00,Building_B,43.39
2026-02-07 04:00:00,Building_B,41.51
2026-02-07 05:00:00,Building_B,38.07
2026-02-07 06:00:00,Building_B,41.56
2026-02-07 07:00:00,Building_B,41.39
2026-02-07 08:00:00,Building_B,40.41
2026-02-07 09:00:00,Building_B,42.19
2026-02-07 10:00:00,Building_B,49.66
2026-02-07 11:00:00,Building_B,44.76
2026-02-07 12:00:00,Building_B,56.13
2026-02-07 13:00:00,Building_B,44.62
2026-02-07 14:00:00,Building_B,42.32
2026-02-07 15:00:00,Building_B,43.79
2026-02-07 16:00:00,Building_B,45.05
2026-02-07 17:00:00,Building_B,45.94
2026-02-07 18:00:00,Building_B,54.15
2026-02-07 19:00:00,Building_B,39.54
2026-02-07 20:00:00,Building_B,48.06
2026-02-07 21:00:00,Building_B,44.81
2026-02-07 22:00:00,Building_B,35.91
2026-02-07 23:00:00,Building_B,47.62
2026-02-08 00:00:00,Building_B,50.1
2026-02-08 01:00:00,Building_B,39.48
2026-02-08 02:00:00,Building_B,43.72
2026-02-08 03:00:00,Building_B,35.14
2026-02-08 04:00:00,Building_B,37.47
2026-02-08 05:00:00,Building_B,49.01
2026-02-08 06:00:00,Building_B,41.43
2026-02-08 07:00:00,Building_B,38.22
2026-02-08 08:00:00,Building_B,44.91
2026-02-08 09:00:00,Building_B,41.15
2026-02-08 10:00:00,Building_B,41.41
2026-02-08 11:00:00,Building_B,47.46
2026-02-08 12:00:00,Building_B,37.96
2026-02-08 13:00:00,Building_B,39.24
2026-02-08 14:00:00,Building_B,44.54
2026-02-08 15:00:00,Building_B,48.61
2026-02-08 16:00:00,Building_B,49.96
2026-02-08 17:00:00,Building_B,40.44
2026-02-08 18:00:00,Building_B,48.45
2026-02-08 19:00:00,Building_B,39.85
2026-02-08 20:00:00,Building_B,52.9
2026-02-08 21:00:00,Building_B,38.1
2026-02-08 22:00:00,Building_B,50.41
2026-02-08 23:00:00,Building_B,40.48
2026-02-09 00:00:00,Building_B,53.83
2026-02-09 01:00:00,Building_B,46.72
2026-02-09 02:00:00,Building_B,38.69
2026-02-09 03:00:00,Building_B,41.16
2026-02-09 04:00:00,Building_B,47.67
2026-02-09 05:00:00,Building_B,49.03
2026-02-09 06:00:00,Building_B,43.41
2026-02-09 07:00:00,Building_B,43.99
2026-02-09 08:00:00,Building_B,104.79
2026-02-09 09:00:00,Building_B,101.66
2026-02-09 10:00:00,Building_B,94.53
2026-02-09 11:00:00,Building_B,96.93
2026-02-09 12:00:00,Building_B,102.17
2026-02-09 13:00:00,Building_B,107.08
2026-02-09 14:00:00,Building_B,109.08
2026-02-09 15:00:00,Building_B,104.9
2026-02-09 16:00:00,Building_B,102.44
2026-02-09 17:00:00,Building_B,104.74
2026-02-09 18:00:00,Building_B,97.67
2026-02-09 19:00:00,Building_B,43.0
2026-02-09 20:00:00,Building_B,39.65
2026-02-09 21:00:00,Building_B,37.52
2026-02-09 22:00:00,Building_B,45.43
2026-02-09 23:00:00,Building_B,44.69
2026-02-10 00:00:00,Building_B,47.2
2026-02-10 01:00:00,Building_B,46.5
2026-02-10 02:00:00,Building_B,44.98
2026-02-10 03:00:00,Building_B,46.55
2026-02-10 04:00:00,Building_B,43.55
2026-02-10 05:00:00,Building_B,45.83
2026-02-10 06:00:00,Building_B,40.14
2026-02-10 07:00:00,Building_B,45.61
2026-02-10 08:00:00,Building_B,104.34
2026-02-10 09:00:00,Building_B,97.65
2026-02-10 10:00:00,Building_B,101.26
2026-02-10 11:00:00,Building_B,97.88
2026-02-10 12:00:00,Building_B,98.37
2026-02-10 13:00:00,Building_B,95.37
2026-02-10 14:00:00,Building_B,107.33
2026-02-10 15:00:00,Building_B,106.33
2026-02-10 16:00:00,Building_B,103.69
2026-02-10 17:00:00,Building_B,110.86
2026-02-10 18:00:00,Building_B,100.05
2026-02-10 19:00:00,Building_B,58.93
2026-02-10 20:00:00,Building_B,42.63
2026-02-10 21:00:00,Building_B,45.04
2026-02-10 22:00:00,Building_B,41.78
2026-02-10 23:00:00,Building_B,45.63
2026-02-11 00:00:00,Building_B,47.94
2026-02-11 01:00:00,Building_B,43.2
2026-02-11 02:00:00,Building_B,52.65
2026-02-11 03:00:00,Building_B,44.96
2026-02-11 04:00:00,Building_B,45.12
2026-02-11 05:00:00,Building_B,39.22
2026-02-11 06:00:00,Building_B,45.86
2026-02-11 07:00:00,Building_B,43.1
2026-02-11 08:00:00,Building_B,97.96
2026-02-11 09:00:00,Building_B,97.12
2026-02-11 10:00:00,Building_B,114.36
2026-02-11 11:00:00,Building_B,99.68
2026-02-11 12:00:00,Building_B,93.71
2026-02-11 13:00:00,Building_B,97.51
2026-02-11 14:00:00,Building_B,100.74
2026-02-11 15:00:00,Building_B,103.73
2026-02-11 16:00:00,Building_B,103.77
2026-02-11 17:00:00,Building_B,104.38
2026-02-11 18:00:00,Building_B,97.77
2026-02-11 19:00:00,Building_B,45.47
2026-02-11 20:00:00,Building_B,39.39
2026-02-11 21:00:00,Building_B,40.67
2026-02-11 22:00:00,Building_B,39.18
2026-02-11 23:00:00,Building_B,37.82
2026-02-12 00:00:00,Building_B,49.09
2026-02-12 01:00:00,Building_B,47.21
2026-02-12 02:00:00,Building_B,48.65
2026-02-12 03:00:00,Building_B,43.96
2026-02-12 04:00:00,Building_B,47.65
2026-02-12 05:00:00,Building_B,34.96
2026-02-12 06:00:00,Building_B,48.08
2026-02-12 07:00:00,Building_B,44.65
2026-02-12 08:00:00,Building_B,104.13
2026-02-12 09:00:00,Building_B,102.9
2026-02-12 10:00:00,Building_B,96.06
2026-02-12 11:00:00,Building_B,93.51
2026-02-12 12:00:00,Building_B,97.44
2026-02-12 13:00:00,Building_B,103.82
2026-02-12 14:00:00,Building_B,104.45
2026-02-12 15:00:00,Building_B,94.16
2026-02-12 16:00:00,Building_B,96.09
2026-02-12 17:00:00,Building_B,97.38
2026-02-12 18:00:00,Building_B,99.21
2026-02-12 19:00:00,Building_B,36.96
2026-02-12 20:00:00,Building_B,36.66
2026-02-12 21:00:00,Building_B,39.66
2026-02-12 22:00:00,Building_B,44.2
2026-02-12 23:00:00,Building_B,37.86
2026-02-13 00:00:00,Building_B,43.19
2026-02-13 01:00:00,Building_B,49.06
2026-02-13 02:00:00,Building_B,37.26
2026-02-13 03:00:00,Building_B,42.73
2026-02-13 04:00:00,Building_B,48.89
2026-02-13 05:00:00,Building_B,41.68
2026-02-13 06:00:00,Building_B,40.9
2026-02-13 07:00:00,Building_B,49.58
2026-02-13 08:00:00,Building_B,99.47
2026-02-13 09:00:00,Building_B,106.52
2026-02-13 10:00:00,Building_B,103.14
2026-02-13 11:00:00,Building_B,99.29
2026-02-13 12:00:00,Building_B,103.4
2026-02-13 13:00:00,Building_B,102.6
2026-02-13 14:00:00,Building_B,106.1
2026-02-13 15:00:00,Building_B,98.26
2026-02-13 16:00:00,Building_B,101.21
2026-02-13 17:00:00,Building_B,100.69
2026-02-13 18:00:00,Building_B,104.52
2026-02-13 19:00:00,Building_B,38.64
2026-02-13 20:00:00,Building_B,48.85
2026-02-13 21:00:00,Building_B,46.1
2026-02-13 22:00:00,Building_B,37.18
2026-02-13 23:00:00,Building_B,49.81
2026-02-14 00:00:00,Building_B,54.94
2026-02-14 01:00:00,Building_B,48.78
2026-02-14 02:00:00,Building_B,50.9
2026-02-14 03:00:00,Building_B,44.19
2026-02-14 04:00:00,Building_B,35.46
2026-02-14 05:00:00,Building_B,34.55
2026-02-14 06:00:00,Building_B,45.04
2026-02-14 07:00:00,Building_B,40.81
2026-02-14 08:00:00,Building_B,39.19
2026-02-14 09:00:00,Building_B,43.45
2026-02-14 10:00:00,Building_B,46.84
2026-02-14 11:00:00,Building_B,36.5
2026-02-14 12:00:00,Building_B,41.52
2026-02-14 13:00:00,Building_B,51.32
2026-02-14 14:00:00,Building_B,38.39
2026-02-14 15:00:00,Building_B,48.12
2026-02-14 16:00:00,Building_B,41.34
2026-02-14 17:00:00,Building_B,46.5
2026-02-14 18:00:00,Building_B,49.25
2026-02-14 19:00:00,Building_B,47.47
2026-02-14 20:00:00,Building_B,48.31
2026-02-14 21:00:00,Building_B,38.01
2026-02-14 22:00:00,Building_B,49.33
2026-02-14 23:00:00,Building_B,39.5
2026-02-15 00:00:00,Building_B,45.06
2026-02-15 01:00:00,Building_B,45.06
2026-02-15 02:00:00,Building_B,46.19
2026-02-15 03:00:00,Building_B,45.45
2026-02-15 04:00:00,Building_B,39.55
2026-02-15 05:00:00,Building_B,37.02
2026-02-15 06:00:00,Building_B,48.13
2026-02-15 07:00:00,Building_B,44.7
2026-02-15 08:00:00,Building_B,49.51
2026-02-15 09:00:00,Building_B,43.54
2026-02-15 10:00:00,Building_B,36.74
2026-02-15 11:00:00,Building_B,48.6
2026-02-15 12:00:00,Building_B,41.91
2026-02-15 13:00:00,Building_B,45.48
2026-02-15 14:00:00,Building_B,40.53
2026-02-15 15:00:00,Building_B,51.99
2026-02-15 16:00:00,Building_B,39.38
2026-02-15 17:00:00,Building_B,42.08
2026-02-15 18:00:00,Building_B,44.3
2026-02-15 19:00:00,Building_B,38.31
2026-02-15 20:00:00,Building_B,45.42
2026-02-15 21:00:00,Building_B,51.83
2026-02-15 22:00:00,Building_B,41.31
2026-02-15 23:00:00,Building_B,45.74
2026-02-16 00:00:00,Building_B,30.02
2026-02-16 01:00:00,Building_B,43.57
2026-02-16 02:00:00,Building_B,42.2
2026-02-16 03:00:00,Building_B,39.67
2026-02-16 04:00:00,Building_B,49.17
2026-02-16 05:00:00,Building_B,42.14
2026-02-16 06:00:00,Building_B,42.88
2026-02-16 07:00:00,Building_B,41.88
2026-02-16 08:00:00,Building_B,91.42
2026-02-16 09:00:00,Building_B,95.34
2026-02-16 10:00:00,Building_B,105.8
2026-02-16 11:00:00,Building_B,90.45
2026-02-16 12:00:00,Building_B,97.17
2026-02-16 13:00:00,Building_B,99.0
2026-02-16 14:00:00,Building_B,109.72
2026-02-16 15:00:00,Building_B,104.84
2026-02-16 16:00:00,Building_B,98.21
2026-02-16 17:00:00,Building_B,107.52
2026-02-16 18:00:00,Building_B,97.3
2026-02-16 19:00:00,Building_B,48.81
2026-02-16 20:00:00,Building_B,36.97
2026-02-16 21:00:00,Building_B,49.13
2026-02-16 22:00:00,Building_B,41.74
2026-02-16 23:00:00,Building_B,38.62
2026-02-17 00:00:00,Building_B,42.68
2026-02-17 01:00:00,Building_B,45.15
2026-02-17 02:00:00,Building_B,41.29
2026-02-17 03:00:00,Building_B,46.54
2026-02-17 04:00:00,Building_B,40.85
2026-02-17 05:00:00,Building_B,46.87
2026-02-17 06:00:00,Building_B,45.98
2026-02-17 07:00:00,Building_B,43.46
2026-02-17 08:00:00,Building_B,98.79
2026-02-17 09:00:00,Building_B,101.76
2026-02-17 10:00:00,Building_B,103.75
2026-02-17 11:00:00,Building_B,111.31
2026-02-17 12:00:00,Building_B,105.7
2026-02-17 13:00:00,Building_B,105.88
2026-02-17 14:00:00,Building_B,116.44
2026-02-17 15:00:00,Building_B,103.58
2026-02-17 16:00:00,Building_B,103.42
2026-02-17 17:00:00,Building_B,104.52
2026-02-17 18:00:00,Building_B,95.95
2026-02-17 19:00:00,Building_B,41.55
2026-02-17 20:00:00,Building_B,41.24
2026-02-17 21:00:00,Building_B,47.0
2026-02-17 22:00:00,Building_B,42.9
2026-02-17 23:00:00,Building_B,44.46
2026-02-18 00:00:00,Building_B,49.2
2026-02-18 01:00:00,Building_B,48.08
2026-02-18 02:00:00,Building_B,42.96
2026-02-18 03:00:00,Building_B,40.42
2026-02-18 04:00:00,Building_B,49.44
2026-02-18 05:00:00,Building_B,47.64
2026-02-18 06:00:00,Building_B,35.74
2026-02-18 07:00:00,Building_B,42.2
2026-02-18 08:00:00,Building_B,101.83
2026-02-18 09:00:00,Building_B,104.89
2026-02-18 10:00:00,Building_B,105.55
2026-02-18 11:00:00,Building_B,102.42
2026-02-18 12:00:00,Building_B,103.93
2026-02-18 13:00:00,Building_B,101.32
2026-02-18 14:00:00,Building_B,97.63
2026-02-18 15:00:00,Building_B,99.69
2026-02-18 16:00:00,Building_B,101.09
2026-02-18 17:00:00,Building_B,100.83
2026-02-18 18:00:00,Building_B,91.57
2026-02-18 19:00:00,Building_B,41.78
2026-02-18 20:00:00,Building_B,44.05
2026-02-18 21:00:00,Building_B,42.36
2026-02-18 22:00:00,Building_B,42.53
2026-02-18 23:00:00,Building_B,46.21
2026-02-19 00:00:00,Building_B,38.37
2026-02-19 01:00:00,Building_B,35.63
2026-02-19 02:00:00,Building_B,42.03
2026-02-19 03:00:00,Building_B,47.59
2026-02-19 04:00:00,Building_B,52.2
2026-02-19 05:00:00,Building_B,47.68
2026-02-19 06:00:00,Building_B,36.43
2026-02-19 07:00:00,Building_B,42.6
2026-02-19 08:00:00,Building_B,102.28
2026-02-19 09:00:00,Building_B,101.89
2026-02-19 10:00:00,Building_B,103.7
2026-02-19 11:00:00,Building_B,96.41
2026-02-19 12:00:00,Building_B,101.32
2026-02-19 13:00:00,Building_B,103.1
2026-02-19 14:00:00,Building_B,105.13
2026-02-19 15:00:00,Building_B,96.97
2026-02-19 16:00:00,Building_B,99.27
2026-02-19 17:00:00,Building_B,87.48
2026-02-19 18:00:00,Building_B,97.89
2026-02-19 19:00:00,Building_B,41.14
2026-02-19 20:00:00,Building_B,38.67
2026-02-19 21:00:00,Building_B,44.59
2026-02-19 22:00:00,Building_B,43.49
2026-02-19 23:00:00,Building_B,32.47
2026-02-20 00:00:00,Building_B,44.84
2026-02-20 01:00:00,Building_B,39.12
2026-02-20 02:00:00,Building_B,46.19
2026-02-20 03:00:00,Building_B,37.36
2026-02-20 04:00:00,Building_B,43.92
2026-02-20 05:00:00,Building_B,42.35
2026-02-20 06:00:00,Building_B,45.28
2026-02-20 07:00:00,Building_B,44.39
2026-02-20 08:00:00,Building_B,99.72
2026-02-20 09:00:00,Building_B,93.32
2026-02-20 10:00:00,Building_B,93.61
2026-02-20 11:00:00,Building_B,98.08
2026-02-20 12:00:00,Building_B,100.96
2026-02-20 13:00:00,Building_B,97.96
2026-02-20 14:00:00,Building_B,104.13
2026-02-20 15:00:00,Building_B,99.6
2026-02-20 16:00:00,Building_B,96.17
2026-02-20 17:00:00,Building_B,99.61
2026-02-20 18:00:00,Building_B,102.13
2026-02-20 19:00:00,Building_B,45.39
2026-02-20 20:00:00,Building_B,53.16
2026-02-20 21:00:00,Building_B,40.42
2026-02-20 22:00:00,Building_B,43.4
2026-02-20 23:00:00,Building_B,45.9
2026-02-21 00:00:00,Building_B,43.65
2026-02-21 01:00:00,Building_B,41.26
2026-02-21 02:00:00,Building_B,36.02
2026-02-21 03:00:00,Building_B,41.21
2026-02-21 04:00:00,Building_B,38.4
2026-02-21 05:00:00,Building_B,35.13
2026-02-21 06:00:00,Building_B,39.79
2026-02-21 07:00:00,Building_B,38.53
2026-02-21 08:00:00,Building_B,46.69
2026-02-21 09:00:00,Building_B,46.77
2026-02-21 10:00:00,Building_B,39.25
2026-02-21 11:00:00,Building_B,42.47
2026-02-21 12:00:00,Building_B,34.48
2026-02-21 13:00:00,Building_B,41.29
2026-02-21 14:00:00,Building_B,45.76
2026-02-21 15:00:00,Building_B,47.89
2026-02-21 16:00:00,Building_B,40.2
2026-02-21 17:00:00,Building_B,49.03
2026-02-21 18:00:00,Building_B,36.19
2026-02-21 19:00:00,Building_B,37.53
2026-02-21 20:00:00,Building_B,47.31
2026-02-21 21:00:00,Building_B,52.12
2026-02-21 22:00:00,Building_B,46.23
2026-02-21 23:00:00,Building_B,43.56
2026-02-22 00:00:00,Building_B,32.79
2026-02-22 01:00:00,Building_B,33.65
2026-02-22 02:00:00,Building_B,44.41
2026-02-22 03:00:00,Building_B,41.98
2026-02-22 04:00:00,Building_B,38.24
2026-02-22 05:00:00,Building_B,44.09
2026-02-22 06:00:00,Building_B,44.34
2026-02-22 07:00:00,Building_B,48.49
2026-02-22 08:00:00,Building_B,44.45
2026-02-22 09:00:00,Building_B,49.91
2026-02-22 10:00:00,Building_B,43.81
2026-02-22 11:00:00,Building_B,43.19
2026-02-22 12:00:00,Building_B,49.09
2026-02-22 13:00:00,Building_B,38.87
2026-02-22 14:00:00,Building_B,57.84
2026-02-22 15:00:00,Building_B,45.64
2026-02-22 16:00:00,Building_B,45.67
2026-02-22 17:00:00,Building_B,46.39
2026-02-22 18:00:00,Building_B,53.15
2026-02-22 19:00:00,Building_B,47.73
2026-02-22 20:00:00,Building_B,35.74
2026-02-22 21:00:00,Building_B,50.78
2026-02-22 22:00:00,Building_B,42.06
2026-02-22 23:00:00,Building_B,44.3
2026-02-23 00:00:00,Building_B,37.37
2026-02-23 01:00:00,Building_B,46.4
2026-02-23 02:00:00,Building_B,40.51
2026-02-23 03:00:00,Building_B,44.27
2026-02-23 04:00:00,Building_B,42.35
2026-02-23 05:00:00,Building_B,53.39
2026-02-23 06:00:00,Building_B,53.68
2026-02-23 07:00:00,Building_B,44.0
2026-02-23 08:00:00,Building_B,101.32
2026-02-23 09:00:00,Building_B,99.13
2026-02-23 10:00:00,Building_B,106.53
2026-02-23 11:00:00,Building_B,99.35
2026-02-23 12:00:00,Building_B,98.89
2026-02-23 13:00:00,Building_B,105.89
2026-02-23 14:00:00,Building_B,98.31
2026-02-23 15:00:00,Building_B,100.81
2026-02-23 16:00:00,Building_B,93.09
2026-02-23 17:00:00,Building_B,104.52
2026-02-23 18:00:00,Building_B,110.7
2026-02-23 19:00:00,Building_B,47.37
2026-02-23 20:00:00,Building_B,51.08
2026-02-23 21:00:00,Building_B,39.54
2026-02-23 22:00:00,Building_B,44.95
2026-02-23 23:00:00,Building_B,39.05
2026-02-24 00:00:00,Building_B,42.63
2026-02-24 01:00:00,Building_B,47.63
2026-02-24 02:00:00,Building_B,44.28
2026-02-24 03:00:00,Building_B,36.7
2026-02-24 04:00:00,Building_B,37.19
2026-02-24 05:00:00,Building_B,36.86
2026-02-24 06:00:00,Building_B,46.22
2026-02-24 07:00:00,Building_B,54.09
2026-02-24 08:00:00,Building_B,107.81
2026-02-24 09:00:00,Building_B,91.52
2026-02-24 10:00:00,Building_B,108.1
2026-02-24 11:00:00,Building_B,105.68
2026-02-24 12:00:00,Building_B,93.27
2026-02-24 13:00:00,Building_B,99.48
2026-02-24 14:00:00,Building_B,106.48
2026-02-24 15:00:00,Building_B,103.75
2026-02-24 16:00:00,Building_B,94.45
2026-02-24 17:00:00,Building_B,104.05
2026-02-24 18:00:00,Building_B,90.31
2026-02-24 19:00:00,Building_B,42.65
2026-02-24 20:00:00,Building_B,49.46
2026-02-24 21:00:00,Building_B,43.86
2026-02-24 22:00:00,Building_B,41.27
2026-02-24 23:00:00,Building_B,48.21
2026-02-25 00:00:00,Building_B,48.64
2026-02-25 01:00:00,Building_B,50.32
2026-02-25 02:00:00,Building_B,48.14
2026-02-25 03:00:00,Building_B,49.17
2026-02-25 04:00:00,Building_B,47.43
2026-02-25 05:00:00,Building_B,45.09
2026-02-25 06:00:00,Building_B,44.21
2026-02-25 07:00:00,Building_B,42.58
2026-02-25 08:00:00,Building_B,94.94
2026-02-25 09:00:00,Building_B,96.22
2026-02-25 10:00:00,Building_B,99.59
2026-02-25 11:00:00,Building_B,102.21
2026-02-25 12:00:00,Building_B,108.2
2026-02-25 13:00:00,Building_B,100.79
2026-02-25 14:00:00,Building_B,106.02
2026-02-25 15:00:00,Building_B,106.4
2026-02-25 16:00:00,Building_B,99.84
2026-02-25 17:00:00,Building_B,103.97
2026-02-25 18:00:00,Building_B,99.78
2026-02-25 19:00:00,Building_B,50.38
2026-02-25 20:00:00,Building_B,46.95
2026-02-25 21:00:00,Building_B,37.81
2026-02-25 22:00:00,Building_B,44.57
2026-02-25 23:00:00,Building_B,52.01
2026-02-26 00:00:00,Building_B,42.86
2026-02-26 01:00:00,Building_B,46.0
2026-02-26 02:00:00,Building_B,46.5
2026-02-26 03:00:00,Building_B,38.58
2026-02-26 04:00:00,Building_B,46.32
2026-02-26 05:00:00,Building_B,36.8
2026-02-26 06:00:00,Building_B,40.64
2026-02-26 07:00:00,Building_B,49.14
2026-02-26 08:00:00,Building_B,102.78
2026-02-26 09:00:00,Building_B,99.48
2026-02-26 10:00:00,Building_B,103.23
2026-02-26 11:00:00,Building_B,100.7
2026-02-26 12:00:00,Building_B,101.06
2026-02-26 13:00:00,Building_B,104.28
2026-02-26 14:00:00,Building_B,97.36
2026-02-26 15:00:00,Building_B,101.2
2026-02-26 16:00:00,Building_B,99.44
2026-02-26 17:00:00,Building_B,93.07
2026-02-26 18:00:00,Building_B,96.4
2026-02-26 19:00:00,Building_B,51.61
2026-02-26 20:00:00,Building_B,45.69
2026-02-26 21:00:00,Building_B,37.15
2026-02-26 22:00:00,Building_B,36.06
2026-02-26 23:00:00,Building_B,43.21
2026-02-27 00:00:00,Building_B,51.57
2026-02-27 01:00:00,Building_B,42.83
2026-02-27 02:00:00,Building_B,50.3
2026-02-27 03:00:00,Building_B,45.53
2026-02-27 04:00:00,Building_B,46.12
2026-02-27 05:00:00,Building_B,37.09
2026-02-27 06:00:00,Building_B,48.45
2026-02-27 07:00:00,Building_B,42.09
2026-02-27 08:00:00,Building_B,105.31
2026-02-27 09:00:00,Building_B,96.93
2026-02-27 10:00:00,Building_B,101.88
2026-02-27 11:00:00,Building_B,102.76
2026-02-27 12:00:00,Building_B,100.23
2026-02-27 13:00:00,Building_B,103.02
2026-02-27 14:00:00,Building_B,99.67
2026-02-27 15:00:00,Building_B,97.75
2026-02-27 16:00:00,Building_B,109.03
2026-02-27 17:00:00,Building_B,106.24
2026-02-27 18:00:00,Building_B,97.19
2026-02-27 19:00:00,Building_B,46.61
2026-02-27 20:00:00,Building_B,40.05
2026-02-27 21:00:00,Building_B,37.84
2026-02-27 22:00:00,Building_B,48.94
2026-02-27 23:00:00,Building_B,35.25
2026-02-28 00:00:00,Building_B,48.4
2026-02-28 01:00:00,Building_B,42.5
2026-02-28 02:00:00,Building_B,42.71
2026-02-28 03:00:00,Building_B,45.82
2026-02-28 04:00:00,Building_B,46.67
2026-02-28 05:00:00,Building_B,39.63
2026-02-28 06:00:00,Building_B,47.35
2026-02-28 07:00:00,Building_B,44.33
2026-02-28 08:00:00,Building_B,37.49
2026-02-28 09:00:00,Building_B,42.92
2026-02-28 10:00:00,Building_B,50.67
2026-02-28 11:00:00,Building_B,52.15
2026-02-28 12:00:00,Building_B,47.35
2026-02-28 13:00:00,Building_B,37.81
2026-02-28 14:00:00,Building_B,46.22
2026-02-28 15:00:00,Building_B,48.02
2026-02-28 16:00:00,Building_B,47.39
2026-02-28 17:00:00,Building_B,47.69
2026-02-28 18:00:00,Building_B,45.58
2026-02-28 19:00:00,Building_B,43.4
2026-02-28 20:00:00,Building_B,40.72
2026-02-28 21:00:00,Building_B,34.28
2026-02-28 22:00:00,Building_B,45.46
2026-02-28 23:00:00,Building_B,44.7
2026-03-01 00:00:00,Building_B,46.55
2026-03-01 01:00:00,Building_B,37.08
2026-03-01 02:00:00,Building_B,46.99
2026-03-01 03:00:00,Building_B,54.04
2026-03-01 04:00:00,Building_B,44.16
2026-03-01 05:00:00,Building_B,43.46
2026-03-01 06:00:00,Building_B,45.31
2026-03-01 07:00:00,Building_B,53.93
2026-03-01 08:00:00,Building_B,38.65
2026-03-01 09:00:00,Building_B,44.78
2026-03-01 10:00:00,Building_B,39.77
2026-03-01 11:00:00,Building_B,41.03
2026-03-01 12:00:00,Building_B,43.52
2026-03-01 13:00:00,Building_B,50.5
2026-03-01 14:00:00,Building_B,52.77
2026-03-01 15:00:00,Building_B,46.01
2026-03-01 16:00:00,Building_B,41.88
2026-03-01 17:00:00,Building_B,56.23
2026-03-01 18:00:00,Building_B,41.63
2026-03-01 19:00:00,Building_B,40.91
2026-03-01 20:00:00,Building_B,34.89
2026-03-01 21:00:00,Building_B,50.75
2026-03-01 22:00:00,Building_B,48.61
2026-03-01 23:00:00,Building_B,55.86
2026-03-02 00:00:00,Building_B,36.82
2026-03-02 01:00:00,Building_B,51.06
2026-03-02 02:00:00,Building_B,44.12
2026-03-02 03:00:00,Building_B,47.8
2026-03-02 04:00:00,Building_B,35.53
2026-03-02 05:00:00,Building_B,51.11
2026-03-02 06:00:00,Building_B,47.7
2026-03-02 07:00:00,Building_B,43.57
2026-03-02 08:00:00,Building_B,104.22
2026-03-02 09:00:00,Building_B,97.17
2026-03-02 10:00:00,Building_B,98.1
2026-03-02 11:00:00,Building_B,98.68
2026-03-02 12:00:00,Building_B,91.74
2026-03-02 13:00:00,Building_B,105.31
2026-03-02 14:00:00,Building_B,106.96
2026-03-02 15:00:00,Building_B,97.49
2026-03-02 16:00:00,Building_B,102.74
2026-03-02 17:00:00,Building_B,99.67
2026-03-02 18:00:00,Building_B,102.64
2026-03-02 19:00:00,Building_B,40.63
2026-03-02 20:00:00,Building_B,39.35
2026-03-02 21:00:00,Building_B,49.03
2026-03-02 22:00:00,Building_B,43.45
2026-03-02 23:00:00,Building_B,53.88
2026-03-03 00:00:00,Building_B,44.0
2026-03-03 01:00:00,Building_B,39.14
2026-03-03 02:00:00,Building_B,49.9
2026-03-03 03:00:00,Building_B,46.92
2026-03-03 04:00:00,Building_B,47.4
2026-03-03 05:00:00,Building_B,49.72
2026-03-03 06:00:00,Building_B,40.5
2026-03-03 07:00:00,Building_B,43.13
2026-03-03 08:00:00,Building_B,100.14
2026-03-03 09:00:00,Building_B,94.55
2026-03-03 10:00:00,Building_B,99.68
2026-03-03 11:00:00,Building_B,107.68
2026-03-03 12:00:00,Building_B,102.19
2026-03-03 13:00:00,Building_B,94.27
2026-03-03 14:00:00,Building_B,93.22
2026-03-03 15:00:00,Building_B,109.32
2026-03-03 16:00:00,Building_B,100.55
2026-03-03 17:00:00,Building_B,97.76
2026-03-03 18:00:00,Building_B,99.63
2026-03-03 19:00:00,Building_B,36.38
2026-03-03 20:00:00,Building_B,50.88
2026-03-03 21:00:00,Building_B,41.8
2026-03-03 22:00:00,Building_B,50.6
2026-03-03 23:00:00,Building_B,44.02
2026-03-04 00:00:00,Building_B,50.91
2026-03-04 01:00:00,Building_B,45.05
2026-03-04 02:00:00,Building_B,48.03
2026-03-04 03:00:00,Building_B,47.36
2026-03-04 04:00:00,Building_B,46.88
2026-03-04 05:00:00,Building_B,45.51
2026-03-04 06:00:00,Building_B,42.6
2026-03-04 07:00:00,Building_B,53.34
2026-03-04 08:00:00,Building_B,96.46
2026-03-04 09:00:00,Building_B,101.02
2026-03-04 10:00:00,Building_B,101.07
2026-03-04 11:00:00,Building_B,103.01
2026-03-04 12:00:00,Building_B,98.85
2026-03-04 13:00:00,Building_B,102.57
2026-03-04 14:00:00,Building_B,100.16
2026-03-04 15:00:00,Building_B,93.09
2026-03-04 16:00:00,Building_B,101.05
2026-03-04 17:00:00,Building_B,95.5
2026-03-04 18:00:00,Building_B,92.33
2026-03-04 19:00:00,Building_B,44.45
2026-03-04 20:00:00,Building_B,46.21
2026-03-04 21:00:00,Building_B,46.4
2026-03-04 22:00:00,Building_B,46.6
2026-03-04 23:00:00,Building_B,34.1
2026-03-05 00:00:00,Building_B,36.96
2026-03-05 01:00:00,Building_B,53.63
2026-03-05 02:00:00,Building_B,38.53
2026-03-05 03:00:00,Building_B,46.82
2026-03-05 04:00:00,Building_B,40.33
2026-03-05 05:00:00,Building_B,44.16
2026-03-05 06:00:00,Building_B,40.6
2026-03-05 07:00:00,Building_B,46.57
2026-03-05 08:00:00,Building_B,101.68
2026-03-05 09:00:00,Building_B,98.76
2026-03-05 10:00:00,Building_B,95.75
2026-03-05 11:00:00,Building_B,102.34
2026-03-05 12:00:00,Building_B,94.94
2026-03-05 13:00:00,Building_B,103.14
2026-03-05 14:00:00,Building_B,114.13
2026-03-05 15:00:00,Building_B,107.75
2026-03-05 16:00:00,Building_B,104.59
2026-03-05 17:00:00,Building_B,100.57
2026-03-05 18:00:00,Building_B,91.31
2026-03-05 19:00:00,Building_B,37.15
2026-03-05 20:00:00,Building_B,50.18
2026-03-05 21:00:00,Building_B,39.82
2026-03-05 22:00:00,Building_B,40.27
2026-03-05 23:00:00,Building_B,42.94
2026-03-06 00:00:00,Building_B,38.46
2026-03-06 01:00:00,Building_B,37.63
2026-03-06 02:00:00,Building_B,43.51
2026-03-06 03:00:00,Building_B,39.31
2026-03-06 04:00:00,Building_B,40.06
2026-03-06 05:00:00,Building_B,39.86
2026-03-06 06:00:00,Building_B,46.38
2026-03-06 07:00:00,Building_B,42.61
2026-03-06 08:00:00,Building_B,100.11
2026-03-06 09:00:00,Building_B,103.98
2026-03-06 10:00:00,Building_B,100.29
2026-03-06 11:00:00,Building_B,99.61
2026-03-06 12:00:00,Building_B,103.35
2026-03-06 13:00:00,Building_B,104.34
2026-03-06 14:00:00,Building_B,100.26
2026-03-06 15:00:00,Building_B,101.4
2026-03-06 16:00:00,Building_B,97.09
2026-03-06 17:00:00,Building_B,96.7
2026-03-06 18:00:00,Building_B,104.85
2026-03-06 19:00:00,Building_B,45.99
2026-03-06 20:00:00,Building_B,46.04
2026-03-06 21:00:00,Building_B,45.17
2026-03-06 22:00:00,Building_B,44.0
2026-03-06 23:00:00,Building_B,47.25
2026-03-07 00:00:00,Building_B,48.44
2026-03-07 01:00:00,Building_B,48.32
2026-03-07 02:00:00,Building_B,43.26
2026-03-07 03:00:00,Building_B,50.7
2026-03-07 04:00:00,Building_B,44.91
2026-03-07 05:00:00,Building_B,46.93
2026-03-07 06:00:00,Building_B,45.18
2026-03-07 07:00:00,Building_B,45.0
2026-03-07 08:00:00,Building_B,40.09
2026-03-07 09:00:00,Building_B,47.27
2026-03-07 10:00:00,Building_B,57.99
2026-03-07 11:00:00,Building_B,41.89
2026-03-07 12:00:00,Building_B,44.12
2026-03-07 13:00:00,Building_B,41.54
2026-03-07 14:00:00,Building_B,41.33
2026-03-07 15:00:00,Building_B,51.49
2026-03-07 16:00:00,Building_B,40.4
2026-03-07 17:00:00,Building_B,41.4
2026-03-07 18:00:00,Building_B,35.83
2026-03-07 19:00:00,Building_B,39.98
2026-03-07 20:00:00,Building_B,35.22
2026-03-07 21:00:00,Building_B,46.93
2026-03-07 22:00:00,Building_B,57.76
2026-03-07 23:00:00,Building_B,41.93
2026-03-08 00:00:00,Building_B,35.43
2026-03-08 01:00:00,Building_B,48.27
2026-03-08 02:00:00,Building_B,40.13
2026-03-08 03:00:00,Building_B,50.26
2026-03-08 04:00:00,Building_B,42.36
2026-03-08 05:00:00,Building_B,40.61
2026-03-08 06:00:00,Building_B,42.88
2026-03-08 07:00:00,Building_B,47.56
2026-03-08 08:00:00,Building_B,42.63
2026-03-08 09:00:00,Building_B,41.28
2026-03-08 10:00:00,Building_B,42.77
2026-03-08 11:00:00,Building_B,37.41
2026-03-08 12:00:00,Building_B,45.75
2026-03-08 13:00:00,Building_B,34.83
2026-03-08 14:00:00,Building_B,41.55
2026-03-08 15:00:00,Building_B,47.56
2026-03-08 16:00:00,Building_B,45.28
2026-03-08 17:00:00,Building_B,46.72
2026-03-08 18:00:00,Building_B,43.44
2026-03-08 19:00:00,Building_B,49.62
2026-03-08 20:00:00,Building_B,48.39
2026-03-08 21:00:00,Building_B,46.0
2026-03-08 22:00:00,Building_B,48.4
2026-03-08 23:00:00,Building_B,47.52
2026-03-09 00:00:00,Building_B,41.57
2026-03-09 01:00:00,Building_B,37.05
2026-03-09 02:00:00,Building_B,45.87
2026-03-09 03:00:00,Building_B,46.5
2026-03-09 04:00:00,Building_B,49.22
2026-03-09 05:00:00,Building_B,39.08
2026-03-09 06:00:00,Building_B,39.23
2026-03-09 07:00:00,Building_B,46.07
2026-03-09 08:00:00,Building_B,100.64
2026-03-09 09:00:00,Building_B,91.57
2026-03-09 10:00:00,Building_B,102.87
2026-03-09 11:00:00,Building_B,91.74
2026-03-09 12:00:00,Building_B,96.27
2026-03-09 13:00:00,Building_B,107.76
2026-03-09 14:00:00,Building_B,110.12
2026-03-09 15:00:00,Building_B,94.92
2026-03-09 16:00:00,Building_B,99.35
2026-03-09 17:00:00,Building_B,101.21
2026-03-09 18:00:00,Building_B,109.91
2026-03-09 19:00:00,Building_B,41.3
2026-03-09 20:00:00,Building_B,41.38
2026-03-09 21:00:00,Building_B,51.51
2026-03-09 22:00:00,Building_B,41.89
2026-03-09 23:00:00,Building_B,47.38
2026-03-10 00:00:00,Building_B,36.38
2026-03-10 01:00:00,Building_B,42.91
2026-03-10 02:00:00,Building_B,35.47
2026-03-10 03:00:00,Building_B,38.49
2026-03-10 04:00:00,Building_B,47.96
2026-03-10 05:00:00,Building_B,43.52
2026-03-10 06:00:00,Building_B,42.17
2026-03-10 07:00:00,Building_B,40.02
2026-03-10 08:00:00,Building_B,99.9
2026-03-10 09:00:00,Building_B,102.5
2026-03-10 10:00:00,Building_B,105.91
2026-03-10 11:00:00,Building_B,87.87
2026-03-10 12:00:00,Building_B,96.84
2026-03-10 13:00:00,Building_B,101.79
2026-03-10 14:00:00,Building_B,100.5
2026-03-10 15:00:00,Building_B,103.02
2026-03-10 16:00:00,Building_B,102.34
2026-03-10 17:00:00,Building_B,99.47
2026-03-10 18:00:00,Building_B,98.37
2026-03-10 19:00:00,Building_B,42.54
2026-03-10 20:00:00,Building_B,49.51
2026-03-10 21:00:00,Building_B,40.11
2026-03-10 22:00:00,Building_B,43.45
2026-03-10 23:00:00,Building_B,44.68
2026-03-11 00:00:00,Building_B,51.57
2026-03-11 01:00:00,Building_B,42.26
2026-03-11 02:00:00,Building_B,48.56
2026-03-11 03:00:00,Building_B,49.93
2026-03-11 04:00:00,Building_B,43.45
2026-03-11 05:00:00,Building_B,42.71
2026-03-11 06:00:00,Building_B,42.12
2026-03-11 07:00:00,Building_B,42.49
2026-03-11 08:00:00,Building_B,105.27
2026-03-11 09:00:00,Building_B,102.15
2026-03-11 10:00:00,Building_B,102.18
2026-03-11 11:00:00,Building_B,95.37
2026-03-11 12:00:00,Building_B,96.16
2026-03-11 13:00:00,Building_B,111.72
2026-03-11 14:00:00,Building_B,100.11
2026-03-11 15:00:00,Building_B,97.13
2026-03-11 16:00:00,Building_B,108.15
2026-03-11 17:00:00,Building_B,102.41
2026-03-11 18:00:00,Building_B,103.89
2026-03-11 19:00:00,Building_B,43.08
2026-03-11 20:00:00,Building_B,42.17
2026-03-11 21:00:00,Building_B,42.92
2026-03-11 22:00:00,Building_B,36.85
2026-03-11 23:00:00,Building_B,43.33
2026-03-12 00:00:00,Building_B,45.25
2026-03-12 01:00:00,Building_B,53.02
2026-03-12 02:00:00,Building_B,44.2
2026-03-12 03:00:00,Building_B,32.1
2026-03-12 04:00:00,Building_B,43.3
2026-03-12 05:00:00,Building_B,57.46
2026-03-12 06:00:00,Building_B,48.1
2026-03-12 07:00:00,Building_B,39.71
2026-03-12 08:00:00,Building_B,103.95
2026-03-12 09:00:00,Building_B,97.29
2026-03-12 10:00:00,Building_B,94.23
2026-03-12 11:00:00,Building_B,99.26
2026-03-12 12:00:00,Building_B,101.46
2026-03-12 13:00:00,Building_B,91.64
2026-03-12 14:00:00,Building_B,95.25
2026-03-12 15:00:00,Building_B,101.05
2026-03-12 16:00:00,Building_B,98.96
2026-03-12 17:00:00,Building_B,102.97
2026-03-12 18:00:00,Building_B,94.93
2026-03-12 19:00:00,Building_B,47.34
2026-03-12 20:00:00,Building_B,37.85
2026-03-12 21:00:00,Building_B,51.98
2026-03-12 22:00:00,Building_B,35.19
2026-03-12 23:00:00,Building_B,38.3
2026-03-13 00:00:00,Building_B,45.85
2026-03-13 01:00:00,Building_B,52.09
2026-03-13 02:00:00,Building_B,45.34
2026-03-13 03:00:00,Building_B,46.58
2026-03-13 04:00:00,Building_B,43.85
2026-03-13 05:00:00,Building_B,38.63
2026-03-13 06:00:00,Building_B,41.32
2026-03-13 07:00:00,Building_B,37.71
2026-03-13 08:00:00,Building_B,94.61
2026-03-13 09:00:00,Building_B,103.01
2026-03-13 10:00:00,Building_B,95.38
2026-03-13 11:00:00,Building_B,102.6
2026-03-13 12:00:00,Building_B,94.49
2026-03-13 13:00:00,Building_B,102.48
2026-03-13 14:00:00,Building_B,98.56
2026-03-13 15:00:00,Building_B,108.03
2026-03-13 16:00:00,Building_B,102.62
2026-03-13 17:00:00,Building_B,107.18
2026-03-13 18:00:00,Building_B,97.22
2026-03-13 19:00:00,Building_B,44.05
2026-03-13 20:00:00,Building_B,38.86
2026-03-13 21:00:00,Building_B,41.7
2026-03-13 22:00:00,Building_B,42.46
2026-03-13 23:00:00,Building_B,40.14
2026-03-14 00:00:00,Building_B,37.69
2026-03-14 01:00:00,Building_B,36.7
2026-03-14 02:00:00,Building_B,32.07
2026-03-14 03:00:00,Building_B,38.48
2026-03-14 04:00:00,Building_B,46.9
2026-03-14 05:00:00,Building_B,35.77
2026-03-14 06:00:00,Building_B,36.93
2026-03-14 07:00:00,Building_B,52.72
2026-03-14 08:00:00,Building_B,40.58
2026-03-14 09:00:00,Building_B,45.37
2026-03-14 10:00:00,Building_B,46.98
2026-03-14 11:00:00,Building_B,47.08
2026-03-14 12:00:00,Building_B,36.15
2026-03-14 13:00:00,Building_B,42.61
2026-03-14 14:00:00,Building_B,35.68
2026-03-14 15:00:00,Building_B,56.0
2026-03-14 16:00:00,Building_B,35.79
2026-03-14 17:00:00,Building_B,38.53
2026-03-14 18:00:00,Building_B,38.56
2026-03-14 19:00:00,Building_B,36.28
2026-03-14 20:00:00,Building_B,50.53
2026-03-14 21:00:00,Building_B,55.88
2026-03-14 22:00:00,Building_B,41.39
2026-03-14 23:00:00,Building_B,37.16
2026-03-15 00:00:00,Building_B,32.58
2026-03-15 01:00:00,Building_B,42.55
2026-03-15 02:00:00,Building_B,42.18
2026-03-15 03:00:00,Building_B,40.51
2026-03-15 04:00:00,Building_B,44.87
2026-03-15 05:00:00,Building_B,45.74
2026-03-15 06:00:00,Building_B,45.38
2026-03-15 07:00:00,Building_B,42.19
2026-03-15 08:00:00,Building_B,38.26
2026-03-15 09:00:00,Building_B,47.1
2026-03-15 10:00:00,Building_B,43.83
2026-03-15 11:00:00,Building_B,48.21
2026-03-15 12:00:00,Building_B,47.72
2026-03-15 13:00:00,Building_B,36.66
2026-03-15 14:00:00,Building_B,36.6
2026-03-15 15:00:00,Building_B,39.99
2026-03-15 16:00:00,Building_B,38.49
2026-03-15 17:00:00,Building_B,47.54
2026-03-15 18:00:00,Building_B,45.52
2026-03-15 19:00:00,Building_B,49.26
2026-03-15 20:00:00,Building_B,45.75
2026-03-15 21:00:00,Building_B,44.81
2026-03-15 22:00:00,Building_B,49.76
2026-03-15 23:00:00,Building_B,46.11
2026-03-16 00:00:00,Building_B,44.11
2026-03-16 01:00:00,Building_B,51.17
2026-03-16 02:00:00,Building_B,44.34
2026-03-16 03:00:00,Building_B,42.24
2026-03-16 04:00:00,Building_B,39.58
2026-03-16 05:00:00,Building_B,47.28
2026-03-16 06:00:00,Building_B,49.95
2026-03-16 07:00:00,Building_B,43.51
2026-03-16 08:00:00,Building_B,107.54
2026-03-16 09:00:00,Building_B,91.15
2026-03-16 10:00:00,Building_B,100.72
2026-03-16 11:00:00,Building_B,100.8
2026-03-16 12:00:00,Building_B,97.36
2026-03-16 13:00:00,Building_B,112.92
2026-03-16 14:00:00,Building_B,100.67
2026-03-16 15:00:00,Building_B,98.96
2026-03-16 16:00:00,Building_B,101.13
2026-03-16 17:00:00,Building_B,90.99
2026-03-16 18:00:00,Building_B,97.2
2026-03-16 19:00:00,Building_B,48.68
2026-03-16 20:00:00,Building_B,40.62
2026-03-16 21:00:00,Building_B,39.62
2026-03-16 22:00:00,Building_B,50.31
2026-03-16 23:00:00,Building_B,50.47
2026-03-17 00:00:00,Building_B,46.35
2026-03-17 01:00:00,Building_B,41.49
2026-03-17 02:00:00,Building_B,42.57
2026-03-17 03:00:00,Building_B,39.75
2026-03-17 04:00:00,Building_B,38.79
2026-03-17 05:00:00,Building_B,38.54
2026-03-17 06:00:00,Building_B,40.68
2026-03-17 07:00:00,Building_B,38.59
2026-03-17 08:00:00,Building_B,93.18
2026-03-17 09:00:00,Building_B,102.1
2026-03-17 10:00:00,Building_B,102.17
2026-03-17 11:00:00,Building_B,109.5
2026-03-17 12:00:00,Building_B,97.66
2026-03-17 13:00:00,Building_B,102.48
2026-03-17 14:00:00,Building_B,102.56
2026-03-17 15:00:00,Building_B,99.73
2026-03-17 16:00:00,Building_B,104.72
2026-03-17 17:00:00,Building_B,104.88
2026-03-17 18:00:00,Building_B,102.64
2026-03-17 19:00:00,Building_B,42.49
2026-03-17 20:00:00,Building_B,41.98
2026-03-17 21:00:00,Building_B,36.93
2026-03-17 22:00:00,Building_B,39.74
2026-03-17 23:00:00,Building_B,40.66
2026-03-18 00:00:00,Building_B,38.15
2026-03-18 01:00:00,Building_B,45.97
2026-03-18 02:00:00,Building_B,49.75
2026-03-18 03:00:00,Building_B,39.23
2026-03-18 04:00:00,Building_B,45.18
2026-03-18 05:00:00,Building_B,38.6
2026-03-18 06:00:00,Building_B,42.24
2026-03-18 07:00:00,Building_B,40.31
2026-03-18 08:00:00,Building_B,104.01
2026-03-18 09:00:00,Building_B,97.61
2026-03-18 10:00:00,Building_B,106.06
2026-03-18 11:00:00,Building_B,99.77
2026-03-18 12:00:00,Building_B,97.75
2026-03-18 13:00:00,Building_B,94.73
2026-03-18 14:00:00,Building_B,102.27
2026-03-18 15:00:00,Building_B,105.48
2026-03-18 16:00:00,Building_B,102.37
2026-03-18 17:00:00,Building_B,112.19
2026-03-18 18:00:00,Building_B,108.15
2026-03-18 19:00:00,Building_B,42.23
2026-03-18 20:00:00,Building_B,42.18
2026-03-18 21:00:00,Building_B,46.11
2026-03-18 22:00:00,Building_B,39.58
2026-03-18 23:00:00,Building_B,49.6
2026-03-19 00:00:00,Building_B,45.57
2026-03-19 01:00:00,Building_B,45.05
2026-03-19 02:00:00,Building_B,47.2
2026-03-19 03:00:00,Building_B,52.38
2026-03-19 04:00:00,Building_B,44.62
2026-03-19 05:00:00,Building_B,43.2
2026-03-19 06:00:00,Building_B,51.31
2026-03-19 07:00:00,Building_B,48.6
2026-03-19 08:00:00,Building_B,99.39
2026-03-19 09:00:00,Building_B,101.03
2026-03-19 10:00:00,Building_B,101.98
2026-03-19 11:00:00,Building_B,102.81
2026-03-19 12:00:00,Building_B,94.22
2026-03-19 13:00:00,Building_B,93.29
2026-03-19 14:00:00,Building_B,96.56
2026-03-19 15:00:00,Building_B,96.18
2026-03-19 16:00:00,Building_B,97.78
2026-03-19 17:00:00,Building_B,104.17
2026-03-19 18:00:00,Building_B,100.15
2026-03-19 19:00:00,Building_B,44.75
2026-03-19 20:00:00,Building_B,37.64
2026-03-19 21:00:00,Building_B,41.46
2026-03-19 22:00:00,Building_B,46.7
2026-03-19 23:00:00,Building_B,46.74
2026-03-20 00:00:00,Building_B,40.14
2026-03-20 01:00:00,Building_B,44.57
2026-03-20 02:00:00,Building_B,54.76
2026-03-20 03:00:00,Building_B,43.68
2026-03-20 04:00:00,Building_B,40.3
2026-03-20 05:00:00,Building_B,42.9
2026-03-20 06:00:00,Building_B,44.23
2026-03-20 07:00:00,Building_B,43.01
2026-03-20 08:00:00,Building_B,100.84
2026-03-20 09:00:00,Building_B,93.78
2026-03-20 10:00:00,Building_B,96.19
2026-03-20 11:00:00,Building_B,100.25
2026-03-20 12:00:00,Building_B,100.17
2026-03-20 13:00:00,Building_B,98.17
2026-03-20 14:00:00,Building_B,100.11
2026-03-20 15:00:00,Building_B,101.3
2026-03-20 16:00:00,Building_B,105.45
2026-03-20 17:00:00,Building_B,100.5
2026-03-20 18:00:00,Building_B,102.99
2026-03-20 19:00:00,Building_B,41.06
2026-03-20 20:00:00,Building_B,46.63
2026-03-20 21:00:00,Building_B,45.65
2026-03-20 22:00:00,Building_B,48.1
2026-03-20 23:00:00,Building_B,47.33
2026-03-21 00:00:00,Building_B,46.71
2026-03-21 01:00:00,Building_B,43.27
2026-03-21 02:00:00,Building_B,44.99
2026-03-21 03:00:00,Building_B,49.08
2026-03-21 04:00:00,Building_B,40.51
2026-03-21 05:00:00,Building_B,40.62
2026-03-21 06:00:00,Building_B,44.67
2026-03-21 07:00:00,Building_B,45.84
2026-03-21 08:00:00,Building_B,39.65
2026-03-21 09:00:00,Building_B,43.39
2026-03-21 10:00:00,Building_B,43.3
2026-03-21 11:00:00,Building_B,32.69
2026-03-21 12:00:00,Building_B,42.67
2026-03-21 13:00:00,Building_B,42.98
2026-03-21 14:00:00,Building_B,42.96
2026-03-21 15:00:00,Building_B,50.85
2026-03-21 16:00:00,Building_B,37.69
2026-03-21 17:00:00,Building_B,39.64
2026-03-21 18:00:00,Building_B,30.71
2026-03-21 19:00:00,Building_B,41.36
2026-03-21 20:00:00,Building_B,41.79
2026-03-21 21:00:00,Building_B,41.22
2026-03-21 22:00:00,Building_B,49.3
2026-03-21 23:00:00,Building_B,48.07
2026-03-22 00:00:00,Building_B,44.16
2026-03-22 01:00:00,Building_B,41.91
2026-03-22 02:00:00,Building_B,48.9
2026-03-22 03:00:00,Building_B,43.67
2026-03-22 04:00:00,Building_B,39.68
2026-03-22 05:00:00,Building_B,35.19
2026-03-22 06:00:00,Building_B,41.56
2026-03-22 07:00:00,Building_B,47.54
2026-03-22 08:00:00,Building_B,55.15
2026-03-22 09:00:00,Building_B,44.07
2026-03-22 10:00:00,Building_B,39.94
2026-03-22 11:00:00,Building_B,37.84
2026-03-22 12:00:00,Building_B,46.53
2026-03-22 13:00:00,Building_B,34.94
2026-03-22 14:00:00,Building_B,46.52
2026-03-22 15:00:00,Building_B,47.85
2026-03-22 16:00:00,Building_B,45.95
2026-03-22 17:00:00,Building_B,42.67
2026-03-22 18:00:00,Building_B,46.59
2026-03-22 19:00:00,Building_B,44.62
2026-03-22 20:00:00,Building_B,39.88
2026-03-22 21:00:00,Building_B,53.02
2026-03-22 22:00:00,Building_B,42.01
2026-03-22 23:00:00,Building_B,47.65
2026-03-23 00:00:00,Building_B,31.67
2026-03-23 01:00:00,Building_B,50.15
2026-03-23 02:00:00,Building_B,51.11
2026-03-23 03:00:00,Building_B,43.92
2026-03-23 04:00:00,Building_B,46.56
2026-03-23 05:00:00,Building_B,46.56
2026-03-23 06:00:00,Building_B,40.55
2026-03-23 07:00:00,Building_B,46.5
2026-03-23 08:00:00,Building_B,96.96
2026-03-23 09:00:00,Building_B,97.96
2026-03-23 10:00:00,Building_B,106.63
2026-03-23 11:00:00,Building_B,105.87
2026-03-23 12:00:00,Building_B,97.47
2026-03-23 13:00:00,Building_B,97.33
2026-03-23 14:00:00,Building_B,97.77
2026-03-23 15:00:00,Building_B,104.66
2026-03-23 16:00:00,Building_B,96.0
2026-03-23 17:00:00,Building_B,102.78
2026-03-23 18:00:00,Building_B,104.73
2026-03-23 19:00:00,Building_B,43.33
2026-03-23 20:00:00,Building_B,48.82
2026-03-23 21:00:00,Building_B,42.24
2026-03-23 22:00:00,Building_B,42.7
2026-03-23 23:00:00,Building_B,38.88
2026-03-24 00:00:00,Building_B,48.85
2026-03-24 01:00:00,Building_B,39.93
2026-03-24 02:00:00,Building_B,45.52
2026-03-24 03:00:00,Building_B,43.41
2026-03-24 04:00:00,Building_B,38.5
2026-03-24 05:00:00,Building_B,40.72
2026-03-24 06:00:00,Building_B,50.68
2026-03-24 07:00:00,Building_B,44.77
2026-03-24 08:00:00,Building_B,95.95
2026-03-24 09:00:00,Building_B,102.53
2026-03-24 10:00:00,Building_B,100.27
2026-03-24 11:00:00,Building_B,118.27
2026-03-24 12:00:00,Building_B,102.42
2026-03-24 13:00:00,Building_B,99.1
2026-03-24 14:00:00,Building_B,108.1
2026-03-24 15:00:00,Building_B,91.79
2026-03-24 16:00:00,Building_B,101.47
2026-03-24 17:00:00,Building_B,110.97
2026-03-24 18:00:00,Building_B,100.42
2026-03-24 19:00:00,Building_B,35.1
2026-03-24 20:00:00,Building_B,41.79
2026-03-24 21:00:00,Building_B,51.04
2026-03-24 22:00:00,Building_B,45.65
2026-03-24 23:00:00,Building_B,39.57
2026-03-25 00:00:00,Building_B,40.34
2026-03-25 01:00:00,Building_B,40.97
2026-03-25 02:00:00,Building_B,45.57
2026-03-25 03:00:00,Building_B,50.46
2026-03-25 04:00:00,Building_B,49.03
2026-03-25 05:00:00,Building_B,46.05
2026-03-25 06:00:00,Building_B,37.11
2026-03-25 07:00:00,Building_B,37.13
2026-03-25 08:00:00,Building_B,103.67
2026-03-25 09:00:00,Building_B,94.27
2026-03-25 10:00:00,Building_B,99.87
2026-03-25 11:00:00,Building_B,102.52
2026-03-25 12:00:00,Building_B,95.31
2026-03-25 13:00:00,Building_B,95.88
2026-03-25 14:00:00,Building_B,100.53
2026-03-25 15:00:00,Building_B,103.52
2026-03-25 16:00:00,Building_B,106.31
2026-03-25 17:00:00,Building_B,104.03
2026-03-25 18:00:00,Building_B,101.37
2026-03-25 19:00:00,Building_B,40.04
2026-03-25 20:00:00,Building_B,38.41
2026-03-25 21:00:00,Building_B,41.21
2026-03-25 22:00:00,Building_B,45.82
2026-03-25 23:00:00,Building_B,45.45
2026-03-26 00:00:00,Building_B,33.27
2026-03-26 01:00:00,Building_B,39.84
2026-03-26 02:00:00,Building_B,49.79
2026-03-26 03:00:00,Building_B,44.16
2026-03-26 04:00:00,Building_B,36.68
2026-03-26 05:00:00,Building_B,55.55
2026-03-26 06:00:00,Building_B,43.62
2026-03-26 07:00:00,Building_B,45.69
2026-03-26 08:00:00,Building_B,103.0
2026-03-26 09:00:00,Building_B,99.16
2026-03-26 10:00:00,Building_B,97.36
2026-03-26 11:00:00,Building_B,111.61
2026-03-26 12:00:00,Building_B,106.02
2026-03-26 13:00:00,Building_B,105.11
2026-03-26 14:00:00,Building_B,103.88
2026-03-26 15:00:00,Building_B,95.98
2026-03-26 16:00:00,Building_B,107.39
2026-03-26 17:00:00,Building_B,96.78
2026-03-26 18:00:00,Building_B,102.42
2026-03-26 19:00:00,Building_B,35.57
2026-03-26 20:00:00,Building_B,33.56
2026-03-26 21:00:00,Building_B,45.36
2026-03-26 22:00:00,Building_B,39.72
2026-03-26 23:00:00,Building_B,33.82
2026-03-27 00:00:00,Building_B,46.47
2026-03-27 01:00:00,Building_B,54.37
2026-03-27 02:00:00,Building_B,50.71
2026-03-27 03:00:00,Building_B,42.48
2026-03-27 04:00:00,Building_B,43.81
2026-03-27 05:00:00,Building_B,48.2
2026-03-27 06:00:00,Building_B,49.38
2026-03-27 07:00:00,Building_B,42.05
2026-03-27 08:00:00,Building_B,101.17
2026-03-27 09:00:00,Building_B,102.5
2026-03-27 10:00:00,Building_B,103.77
2026-03-27 11:00:00,Building_B,100.33
2026-03-27 12:00:00,Building_B,100.4
2026-03-27 13:00:00,Building_B,107.9
2026-03-27 14:00:00,Building_B,107.05
2026-03-27 15:00:00,Building_B,103.39
2026-03-27 16:00:00,Building_B,109.59
2026-03-27 17:00:00,Building_B,99.07
2026-03-27 18:00:00,Building_B,109.11
2026-03-27 19:00:00,Building_B,46.48
2026-03-27 20:00:00,Building_B,60.12
2026-03-27 21:00:00,Building_B,37.8
2026-03-27 22:00:00,Building_B,40.32
2026-03-27 23:00:00,Building_B,45.86
2026-03-28 00:00:00,Building_B,45.75
2026-03-28 01:00:00,Building_B,53.52
2026-03-28 02:00:00,Building_B,40.42
2026-03-28 03:00:00,Building_B,48.29
2026-03-28 04:00:00,Building_B,49.58
2026-03-28 05:00:00,Building_B,47.29
2026-03-28 06:00:00,Building_B,38.96
2026-03-28 07:00:00,Building_B,50.81
2026-03-28 08:00:00,Building_B,49.91
2026-03-28 09:00:00,Building_B,46.76
2026-03-28 10:00:00,Building_B,44.79
2026-03-28 11:00:00,Building_B,44.9
2026-03-28 12:00:00,Building_B,43.37
2026-03-28 13:00:00,Building_B,46.97
2026-03-28 14:00:00,Building_B,43.92
2026-03-28 15:00:00,Building_B,39.52
2026-03-28 16:00:00,Building_B,38.52
2026-03-28 17:00:00,Building_B,40.01
2026-03-28 18:00:00,Building_B,44.88
2026-03-28 19:00:00,Building_B,43.63
2026-03-28 20:00:00,Building_B,44.84
2026-03-28 21:00:00,Building_B,46.27
2026-03-28 22:00:00,Building_B,40.63
2026-03-28 23:00:00,Building_B,51.09
2026-03-29 00:00:00,Building_B,42.43
2026-03-29 01:00:00,Building_B,41.6
2026-03-29 02:00:00,Building_B,46.18
2026-03-29 03:00:00,Building_B,34.58
2026-03-29 04:00:00,Building_B,39.81
2026-03-29 05:00:00,Building_B,48.67
2026-03-29 06:00:00,Building_B,35.08
2026-03-29 07:00:00,Building_B,49.35
2026-03-29 08:00:00,Building_B,51.32
2026-03-29 09:00:00,Building_B,41.92
2026-03-29 10:00:00,Building_B,45.23
2026-03-29 11:00:00,Building_B,49.36
2026-03-29 12:00:00,Building_B,41.43
2026-03-29 13:00:00,Building_B,48.11
2026-03-29 14:00:00,Building_B,40.41
2026-03-29 15:00:00,Building_B,41.38
2026-03-29 16:00:00,Building_B,39.77
2026-03-29 17:00:00,Building_B,45.48
2026-03-29 18:00:00,Building_B,49.56
2026-03-29 19:00:00,Building_B,42.85
2026-03-29 20:00:00,Building_B,37.41
2026-03-29 21:00:00,Building_B,38.35
2026-03-29 22:00:00,Building_B,45.74
2026-03-29 23:00:00,Building_B,52.99
2026-03-30 00:00:00,Building_B,45.73
2026-03-30 01:00:00,Building_B,41.83
2026-03-30 02:00:00,Building_B,47.6
2026-03-30 03:00:00,Building_B,42.57
2026-03-30 04:00:00,Building_B,41.87
2026-03-30 05:00:00,Building_B,38.97
2026-03-30 06:00:00,Building_B,50.81
2026-03-30 07:00:00,Building_B,31.07
2026-03-30 08:00:00,Building_B,104.99
2026-03-30 09:00:00,Building_B,98.68
2026-03-30 10:00:00,Building_B,98.95
2026-03-30 11:00:00,Building_B,109.46
2026-03-30 12:00:00,Building_B,97.43
2026-03-30 13:00:00,Building_B,97.6
2026-03-30 14:00:00,Building_B,100.35
2026-03-30 15:00:00,Building_B,103.07
2026-03-30 16:00:00,Building_B,98.79
2026-03-30 17:00:00,Building_B,93.13
2026-03-30 18:00:00,Building_B,96.67
2026-03-30 19:00:00,Building_B,50.17
2026-03-30 20:00:00,Building_B,44.14
2026-03-30 21:00:00,Building_B,46.02
2026-03-30 22:00:00,Building_B,42.46
2026-03-30 23:00:00,Building_B,40.47
2026-03-31 00:00:00,Building_B,52.15
2026-03-31 01:00:00,Building_B,42.83
2026-03-31 02:00:00,Building_B,41.55
2026-03-31 03:00:00,Building_B,49.25
2026-03-31 04:00:00,Building_B,40.15
2026-03-31 05:00:00,Building_B,40.79
2026-03-31 06:00:00,Building_B,43.82
2026-03-31 07:00:00,Building_B,43.77
2026-03-31 08:00:00,Building_B,102.3
2026-03-31 09:00:00,Building_B,111.46
2026-03-31 10:00:00,Building_B,102.68
2026-03-31 11:00:00,Building_B,89.11
2026-03-31 12:00:00,Building_B,102.63
2026-03-31 13:00:00,Building_B,101.19
2026-03-31 14:00:00,Building_B,101.22
2026-03-31 15:00:00,Building_B,102.23
2026-03-31 16:00:00,Building_B,100.86
2026-03-31 17:00:00,Building_B,100.74
2026-03-31 18:00:00,Building_B,104.06
2026-03-31 19:00:00,Building_B,41.06
2026-03-31 20:00:00,Building_B,39.03
2026-03-31 21:00:00,Building_B,58.89
2026-03-31 22:00:00,Building_B,40.19
2026-03-31 23:00:00,Building_B,44.27
2026-01-01 00:00:00,Building_C,46.07
2026-01-01 01:00:00,Building_C,40.82
2026-01-01 02:00:00,Building_C,43.27
2026-01-01 03:00:00,Building_C,50.71
2026-01-01 04:00:00,Building_C,47.84
2026-01-01 05:00:00,Building_C,48.33
2026-01-01 06:00:00,Building_C,36.63
2026-01-01 07:00:00,Building_C,54.67
2026-01-01 08:00:00,Building_C,99.0
2026-01-01 09:00:00,Building_C,112.61
2026-01-01 10:00:00,Building_C,110.07
2026-01-01 11:00:00,Building_C,107.85
2026-01-01 12:00:00,Building_C,100.69
2026-01-01 13:00:00,Building_C,105.72
2026-01-01 14:00:00,Building_C,102.61
2026-01-01 15:00:00,Building_C,105.11
2026-01-01 16:00:00,Building_C,103.71
2026-01-01 17:00:00,Building_C,94.77
2026-01-01 18:00:00,Building_C,110.57
2026-01-01 19:00:00,Building_C,45.08
2026-01-01 20:00:00,Building_C,43.06
2026-01-01 21:00:00,Building_C,42.68
2026-01-01 22:00:00,Building_C,47.28
2026-01-01 23:00:00,Building_C,41.02
2026-01-02 00:00:00,Building_C,34.21
2026-01-02 01:00:00,Building_C,47.52
2026-01-02 02:00:00,Building_C,48.08
2026-01-02 03:00:00,Building_C,44.49
2026-01-02 04:00:00,Building_C,39.74
2026-01-02 05:00:00,Building_C,45.93
2026-01-02 06:00:00,Building_C,38.16
2026-01-02 07:00:00,Building_C,40.35
2026-01-02 08:00:00,Building_C,101.21
2026-01-02 09:00:00,Building_C,109.18
2026-01-02 10:00:00,Building_C,103.15
2026-01-02 11:00:00,Building_C,102.72
2026-01-02 12:00:00,Building_C,114.74
2026-01-02 13:00:00,Building_C,106.73
2026-01-02 14:00:00,Building_C,106.66
2026-01-02 15:00:00,Building_C,103.12
2026-01-02 16:00:00,Building_C,101.98
2026-01-02 17:00:00,Building_C,94.03
2026-01-02 18:00:00,Building_C,109.81
2026-01-02 19:00:00,Building_C,47.73
2026-01-02 20:00:00,Building_C,44.59
2026-01-02 21:00:00,Building_C,44.8
2026-01-02 22:00:00,Building_C,49.17
2026-01-02 23:00:00,Building_C,37.71
2026-01-03 00:00:00,Building_C,42.53
2026-01-03 01:00:00,Building_C,39.8
2026-01-03 02:00:00,Building_C,54.34
2026-01-03 03:00:00,Building_C,49.86
2026-01-03 04:00:00,Building_C,34.47
2026-01-03 05:00:00,Building_C,37.92
2026-01-03 06:00:00,Building_C,44.82
2026-01-03 07:00:00,Building_C,43.12
2026-01-03 08:00:00,Building_C,38.86
2026-01-03 09:00:00,Building_C,55.21
2026-01-03 10:00:00,Building_C,47.05
2026-01-03 11:00:00,Building_C,47.86
2026-01-03 12:00:00,Building_C,42.02
2026-01-03 13:00:00,Building_C,49.1
2026-01-03 14:00:00,Building_C,43.58
2026-01-03 15:00:00,Building_C,44.07
2026-01-03 16:00:00,Building_C,48.54
2026-01-03 17:00:00,Building_C,37.34
2026-01-03 18:00:00,Building_C,53.47
2026-01-03 19:00:00,Building_C,46.4
2026-01-03 20:00:00,Building_C,51.89
2026-01-03 21:00:00,Building_C,40.11
2026-01-03 22:00:00,Building_C,40.87
2026-01-03 23:00:00,Building_C,39.67
2026-01-04 00:00:00,Building_C,46.74
2026-01-04 01:00:00,Building_C,45.81
2026-01-04 02:00:00,Building_C,43.16
2026-01-04 03:00:00,Building_C,40.41
2026-01-04 04:00:00,Building_C,39.15
2026-01-04 05:00:00,Building_C,45.24
2026-01-04 06:00:00,Building_C,43.16
2026-01-04 07:00:00,Building_C,42.06
2026-01-04 08:00:00,Building_C,53.22
2026-01-04 09:00:00,Building_C,45.07
2026-01-04 10:00:00,Building_C,51.83
2026-01-04 11:00:00,Building_C,42.82
2026-01-04 12:00:00,Building_C,46.71
2026-01-04 13:00:00,Building_C,45.21
2026-01-04 14:00:00,Building_C,37.0
2026-01-04 15:00:00,Building_C,52.63
2026-01-04 16:00:00,Building_C,44.81
2026-01-04 17:00:00,Building_C,49.22
2026-01-04 18:00:00,Building_C,41.72
2026-01-04 19:00:00,Building_C,44.66
2026-01-04 20:00:00,Building_C,41.15
2026-01-04 21:00:00,Building_C,51.66
2026-01-04 22:00:00,Building_C,47.04
2026-01-04 23:00:00,Building_C,47.32
2026-01-05 00:00:00,Building_C,52.28
2026-01-05 01:00:00,Building_C,51.27
2026-01-05 02:00:00,Building_C,49.31
2026-01-05 03:00:00,Building_C,38.38
2026-01-05 04:00:00,Building_C,42.01
2026-01-05 05:00:00,Building_C,40.46
2026-01-05 06:00:00,Building_C,49.12
2026-01-05 07:00:00,Building_C,46.34
2026-01-05 08:00:00,Building_C,98.01
2026-01-05 09:00:00,Building_C,104.02
2026-01-05 10:00:00,Building_C,97.49
2026-01-05 11:00:00,Building_C,104.7
2026-01-05 12:00:00,Building_C,96.69
2026-01-05 13:00:00,Building_C,107.61
2026-01-05 14:00:00,Building_C,106.85
2026-01-05 15:00:00,Building_C,114.5
2026-01-05 16:00:00,Building_C,109.2
2026-01-05 17:00:00,Building_C,102.85
2026-01-05 18:00:00,Building_C,109.05
2026-01-05 19:00:00,Building_C,38.5
2026-01-05 20:00:00,Building_C,40.67
2026-01-05 21:00:00,Building_C,47.15
2026-01-05 22:00:00,Building_C,34.69
2026-01-05 23:00:00,Building_C,45.3
2026-01-06 00:00:00,Building_C,40.38
2026-01-06 01:00:00,Building_C,45.99
2026-01-06 02:00:00,Building_C,40.1
2026-01-06 03:00:00,Building_C,47.61
2026-01-06 04:00:00,Building_C,45.58
2026-01-06 05:00:00,Building_C,52.49
2026-01-06 06:00:00,Building_C,45.52
2026-01-06 07:00:00,Building_C,41.64
2026-01-06 08:00:00,Building_C,103.73
2026-01-06 09:00:00,Building_C,98.24
2026-01-06 10:00:00,Building_C,106.99
2026-01-06 11:00:00,Building_C,107.91
2026-01-06 12:00:00,Building_C,117.31
2026-01-06 13:00:00,Building_C,101.85
2026-01-06 14:00:00,Building_C,103.62
2026-01-06 15:00:00,Building_C,102.09
2026-01-06 16:00:00,Building_C,106.02
2026-01-06 17:00:00,Building_C,106.87
2026-01-06 18:00:00,Building_C,104.7
2026-01-06 19:00:00,Building_C,50.92
2026-01-06 20:00:00,Building_C,42.4
2026-01-06 21:00:00,Building_C,50.42
2026-01-06 22:00:00,Building_C,48.18
2026-01-06 23:00:00,Building_C,45.42
2026-01-07 00:00:00,Building_C,43.91
2026-01-07 01:00:00,Building_C,57.62
2026-01-07 02:00:00,Building_C,41.4
2026-01-07 03:00:00,Building_C,46.97
2026-01-07 04:00:00,Building_C,41.73
2026-01-07 05:00:00,Building_C,54.41
2026-01-07 06:00:00,Building_C,49.92
2026-01-07 07:00:00,Building_C,42.09
2026-01-07 08:00:00,Building_C,107.53
2026-01-07 09:00:00,Building_C,106.25
2026-01-07 10:00:00,Building_C,102.38
2026-01-07 11:00:00,Building_C,108.75
2026-01-07 12:00:00,Building_C,106.91
2026-01-07 13:00:00,Building_C,106.04
2026-01-07 14:00:00,Building_C,104.75
2026-01-07 15:00:00,Building_C,107.12
2026-01-07 16:00:00,Building_C,106.11
2026-01-07 17:00:00,Building_C,105.26
2026-01-07 18:00:00,Building_C,101.76
2026-01-07 19:00:00,Building_C,53.95
2026-01-07 20:00:00,Building_C,40.23
2026-01-07 21:00:00,Building_C,47.62
2026-01-07 22:00:00,Building_C,43.88
2026-01-07 23:00:00,Building_C,54.28
2026-01-08 00:00:00,Building_C,40.97
2026-01-08 01:00:00,Building_C,41.81
2026-01-08 02:00:00,Building_C,40.64
2026-01-08 03:00:00,Building_C,47.1
2026-01-08 04:00:00,Building_C,38.62
2026-01-08 05:00:00,Building_C,43.09
2026-01-08 06:00:00,Building_C,34.72
2026-01-08 07:00:00,Building_C,46.69
2026-01-08 08:00:00,Building_C,102.46
2026-01-08 09:00:00,Building_C,97.52
2026-01-08 10:00:00,Building_C,110.39
2026-01-08 11:00:00,Building_C,98.43
2026-01-08 12:00:00,Building_C,108.95
2026-01-08 13:00:00,Building_C,101.46
2026-01-08 14:00:00,Building_C,112.97
2026-01-08 15:00:00,Building_C,108.71
2026-01-08 16:00:00,Building_C,99.92
2026-01-08 17:00:00,Building_C,100.38
2026-01-08 18:00:00,Building_C,107.99
2026-01-08 19:00:00,Building_C,44.17
2026-01-08 20:00:00,Building_C,44.64
2026-01-08 21:00:00,Building_C,51.85
2026-01-08 22:00:00,Building_C,41.74
2026-01-08 23:00:00,Building_C,45.94
2026-01-09 00:00:00,Building_C,50.26
2026-01-09 01:00:00,Building_C,49.53
2026-01-09 02:00:00,Building_C,44.69
2026-01-09 03:00:00,Building_C,44.04
2026-01-09 04:00:00,Building_C,36.79
2026-01-09 05:00:00,Building_C,40.2
2026-01-09 06:00:00,Building_C,47.08
2026-01-09 07:00:00,Building_C,44.79
2026-01-09 08:00:00,Building_C,105.34
2026-01-09 09:00:00,Building_C,110.16
2026-01-09 10:00:00,Building_C,99.03
2026-01-09 11:00:00,Building_C,103.78
2026-01-09 12:00:00,Building_C,105.91
2026-01-09 13:00:00,Building_C,101.44
2026-01-09 14:00:00,Building_C,112.12
2026-01-09 15:00:00,Building_C,109.51
2026-01-09 16:00:00,Building_C,106.41
2026-01-09 17:00:00,Building_C,113.93
2026-01-09 18:00:00,Building_C,97.47
2026-01-09 19:00:00,Building_C,45.45
2026-01-09 20:00:00,Building_C,47.32
2026-01-09 21:00:00,Building_C,40.91
2026-01-09 22:00:00,Building_C,46.99
2026-01-09 23:00:00,Building_C,39.95
2026-01-10 00:00:00,Building_C,48.94
2026-01-10 01:00:00,Building_C,50.77
2026-01-10 02:00:00,Building_C,46.85
2026-01-10 03:00:00,Building_C,36.22
2026-01-10 04:00:00,Building_C,40.65
2026-01-10 05:00:00,Building_C,48.31
2026-01-10 06:00:00,Building_C,45.59
2026-01-10 07:00:00,Building_C,32.01
2026-01-10 08:00:00,Building_C,51.7
2026-01-10 09:00:00,Building_C,46.17
2026-01-10 10:00:00,Building_C,41.39
2026-01-10 11:00:00,Building_C,50.46
2026-01-10 12:00:00,Building_C,42.1
2026-01-10 13:00:00,Building_C,42.04
2026-01-10 14:00:00,Building_C,47.28
2026-01-10 15:00:00,Building_C,54.39
2026-01-10 16:00:00,Building_C,53.6
2026-01-10 17:00:00,Building_C,47.28
2026-01-10 18:00:00,Building_C,47.8
2026-01-10 19:00:00,Building_C,49.44
2026-01-10 20:00:00,Building_C,39.2
2026-01-10 21:00:00,Building_C,48.71
2026-01-10 22:00:00,Building_C,41.81
2026-01-10 23:00:00,Building_C,47.08
2026-01-11 00:00:00,Building_C,44.35
2026-01-11 01:00:00,Building_C,47.99
2026-01-11 02:00:00,Building_C,46.07
2026-01-11 03:00:00,Building_C,30.12
2026-01-11 04:00:00,Building_C,46.38
2026-01-11 05:00:00,Building_C,48.7
2026-01-11 06:00:00,Building_C,47.71
2026-01-11 07:00:00,Building_C,44.97
2026-01-11 08:00:00,Building_C,53.7
2026-01-11 09:00:00,Building_C,47.04
2026-01-11 10:00:00,Building_C,47.67
2026-01-11 11:00:00,Building_C,50.71
2026-01-11 12:00:00,Building_C,47.3
2026-01-11 13:00:00,Building_C,40.99
2026-01-11 14:00:00,Building_C,33.29
2026-01-11 15:00:00,Building_C,43.1
2026-01-11 16:00:00,Building_C,49.29
2026-01-11 17:00:00,Building_C,43.72
2026-01-11 18:00:00,Building_C,49.49
2026-01-11 19:00:00,Building_C,46.23
2026-01-11 20:00:00,Building_C,51.92
2026-01-11 21:00:00,Building_C,44.01
2026-01-11 22:00:00,Building_C,47.82
2026-01-11 23:00:00,Building_C,48.01
2026-01-12 00:00:00,Building_C,52.99
2026-01-12 01:00:00,Building_C,36.95
2026-01-12 02:00:00,Building_C,43.19
2026-01-12 03:00:00,Building_C,49.73
2026-01-12 04:00:00,Building_C,53.21
2026-01-12 05:00:00,Building_C,46.68
2026-01-12 06:00:00,Building_C,44.02
2026-01-12 07:00:00,Building_C,49.27
2026-01-12 08:00:00,Building_C,109.31
2026-01-12 09:00:00,Building_C,103.17
2026-01-12 10:00:00,Building_C,106.62
2026-01-12 11:00:00,Building_C,110.87
2026-01-12 12:00:00,Building_C,114.42
2026-01-12 13:00:00,Building_C,108.68
2026-01-12 14:00:00,Building_C,105.18
2026-01-12 15:00:00,Building_C,104.69
2026-01-12 16:00:00,Building_C,107.75
2026-01-12 17:00:00,Building_C,104.39
2026-01-12 18:00:00,Building_C,105.91
2026-01-12 19:00:00,Building_C,40.19
2026-01-12 20:00:00,Building_C,51.97
2026-01-12 21:00:00,Building_C,39.78
2026-01-12 22:00:00,Building_C,43.32
2026-01-12 23:00:00,Building_C,45.97
2026-01-13 00:00:00,Building_C,55.44
2026-01-13 01:00:00,Building_C,43.37
2026-01-13 02:00:00,Building_C,42.15
2026-01-13 03:00:00,Building_C,42.73
2026-01-13 04:00:00,Building_C,53.78
2026-01-13 05:00:00,Building_C,31.42
2026-01-13 06:00:00,Building_C,40.47
2026-01-13 07:00:00,Building_C,59.14
2026-01-13 08:00:00,Building_C,107.92
2026-01-13 09:00:00,Building_C,99.43
2026-01-13 10:00:00,Building_C,104.75
2026-01-13 11:00:00,Building_C,105.3
2026-01-13 12:00:00,Building_C,109.19
2026-01-13 13:00:00,Building_C,114.16
2026-01-13 14:00:00,Building_C,106.91
2026-01-13 15:00:00,Building_C,102.26
2026-01-13 16:00:00,Building_C,108.9
2026-01-13 17:00:00,Building_C,101.47
2026-01-13 18:00:00,Building_C,99.8
2026-01-13 19:00:00,Building_C,36.68
2026-01-13 20:00:00,Building_C,37.66
2026-01-13 21:00:00,Building_C,41.0
2026-01-13 22:00:00,Building_C,39.6
2026-01-13 23:00:00,Building_C,47.05
2026-01-14 00:00:00,Building_C,39.49
2026-01-14 01:00:00,Building_C,29.77
2026-01-14 02:00:00,Building_C,40.26
2026-01-14 03:00:00,Building_C,43.13
2026-01-14 04:00:00,Building_C,42.46
2026-01-14 05:00:00,Building_C,53.08
2026-01-14 06:00:00,Building_C,42.42
2026-01-14 07:00:00,Building_C,49.89
2026-01-14 08:00:00,Building_C,104.87
2026-01-14 09:00:00,Building_C,104.75
2026-01-14 10:00:00,Building_C,100.79
2026-01-14 11:00:00,Building_C,104.67
2026-01-14 12:00:00,Building_C,101.14
2026-01-14 13:00:00,Building_C,105.81
2026-01-14 14:00:00,Building_C,103.78
2026-01-14 15:00:00,Building_C,100.24
2026-01-14 16:00:00,Building_C,109.92
2026-01-14 17:00:00,Building_C,107.1
2026-01-14 18:00:00,Building_C,102.72
2026-01-14 19:00:00,Building_C,46.21
2026-01-14 20:00:00,Building_C,45.07
2026-01-14 21:00:00,Building_C,41.15
2026-01-14 22:00:00,Building_C,45.84
2026-01-14 23:00:00,Building_C,42.38
2026-01-15 00:00:00,Building_C,40.76
2026-01-15 01:00:00,Building_C,37.37
2026-01-15 02:00:00,Building_C,43.69
2026-01-15 03:00:00,Building_C,48.32
2026-01-15 04:00:00,Building_C,42.01
2026-01-15 05:00:00,Building_C,58.09
2026-01-15 06:00:00,Building_C,49.91
2026-01-15 07:00:00,Building_C,52.01
2026-01-15 08:00:00,Building_C,108.94
2026-01-15 09:00:00,Building_C,114.23
2026-01-15 10:00:00,Building_C,101.03
2026-01-15 11:00:00,Building_C,92.16
2026-01-15 12:00:00,Building_C,102.73
2026-01-15 13:00:00,Building_C,107.75
2026-01-15 14:00:00,Building_C,105.72
2026-01-15 15:00:00,Building_C,106.34
2026-01-15 16:00:00,Building_C,111.57
2026-01-15 17:00:00,Building_C,106.87
2026-01-15 18:00:00,Building_C,108.96
2026-01-15 19:00:00,Building_C,40.79
2026-01-15 20:00:00,Building_C,40.01
2026-01-15 21:00:00,Building_C,53.55
2026-01-15 22:00:00,Building_C,45.99
2026-01-15 23:00:00,Building_C,42.37
2026-01-16 00:00:00,Building_C,42.38
2026-01-16 01:00:00,Building_C,42.24
2026-01-16 02:00:00,Building_C,41.94
2026-01-16 03:00:00,Building_C,39.07
2026-01-16 04:00:00,Building_C,37.98
2026-01-16 05:00:00,Building_C,44.51
2026-01-16 06:00:00,Building_C,42.52
2026-01-16 07:00:00,Building_C,51.02
2026-01-16 08:00:00,Building_C,106.43
2026-01-16 09:00:00,Building_C,106.29
2026-01-16 10:00:00,Building_C,101.25
2026-01-16 11:00:00,Building_C,104.36
2026-01-16 12:00:00,Building_C,106.77
2026-01-16 13:00:00,Building_C,108.54
2026-01-16 14:00:00,Building_C,104.49
2026-01-16 15:00:00,Building_C,110.36
2026-01-16 16:00:00,Building_C,105.0
2026-01-16 17:00:00,Building_C,108.93
2026-01-16 18:00:00,Building_C,102.51
2026-01-16 19:00:00,Building_C,36.42
2026-01-16 20:00:00,Building_C,46.83
2026-01-16 21:00:00,Building_C,49.11
2026-01-16 22:00:00,Building_C,48.36
2026-01-16 23:00:00,Building_C,47.6
2026-01-17 00:00:00,Building_C,43.74
2026-01-17 01:00:00,Building_C,41.45
2026-01-17 02:00:00,Building_C,48.24
2026-01-17 03:00:00,Building_C,47.62
2026-01-17 04:00:00,Building_C,42.68
2026-01-17 05:00:00,Building_C,51.03
2026-01-17 06:00:00,Building_C,41.07
2026-01-17 07:00:00,Building_C,42.57
2026-01-17 08:00:00,Building_C,53.67
2026-01-17 09:00:00,Building_C,49.83
2026-01-17 10:00:00,Building_C,43.69
2026-01-17 11:00:00,Building_C,46.92
2026-01-17 12:00:00,Building_C,46.26
2026-01-17 13:00:00,Building_C,31.76
2026-01-17 14:00:00,Building_C,40.95
2026-01-17 15:00:00,Building_C,45.23
2026-01-17 16:00:00,Building_C,43.7
2026-01-17 17:00:00,Building_C,46.72
2026-01-17 18:00:00,Building_C,51.13
2026-01-17 19:00:00,Building_C,43.88
2026-01-17 20:00:00,Building_C,40.2
2026-01-17 21:00:00,Building_C,47.11
2026-01-17 22:00:00,Building_C,43.85
2026-01-17 23:00:00,Building_C,44.7
2026-01-18 00:00:00,Building_C,44.03
2026-01-18 01:00:00,Building_C,56.69
2026-01-18 02:00:00,Building_C,34.28
2026-01-18 03:00:00,Building_C,43.54
2026-01-18 04:00:00,Building_C,45.47
2026-01-18 05:00:00,Building_C,41.58
2026-01-18 06:00:00,Building_C,49.98
2026-01-18 07:00:00,Building_C,49.55
2026-01-18 08:00:00,Building_C,45.25
2026-01-18 09:00:00,Building_C,44.13
2026-01-18 10:00:00,Building_C,44.92
2026-01-18 11:00:00,Building_C,44.96
2026-01-18 12:00:00,Building_C,45.09
2026-01-18 13:00:00,Building_C,44.54
2026-01-18 14:00:00,Building_C,46.75
2026-01-18 15:00:00,Building_C,49.25
2026-01-18 16:00:00,Building_C,39.33
2026-01-18 17:00:00,Building_C,40.23
2026-01-18 18:00:00,Building_C,36.74
2026-01-18 19:00:00,Building_C,49.82
2026-01-18 20:00:00,Building_C,46.74
2026-01-18 21:00:00,Building_C,48.01
2026-01-18 22:00:00,Building_C,38.34
2026-01-18 23:00:00,Building_C,54.41
2026-01-19 00:00:00,Building_C,42.44
2026-01-19 01:00:00,Building_C,46.33
2026-01-19 02:00:00,Building_C,49.76
2026-01-19 03:00:00,Building_C,40.55
2026-01-19 04:00:00,Building_C,42.75
2026-01-19 05:00:00,Building_C,46.38
2026-01-19 06:00:00,Building_C,59.77
2026-01-19 07:00:00,Building_C,46.99
2026-01-19 08:00:00,Building_C,113.0
2026-01-19 09:00:00,Building_C,110.99
2026-01-19 10:00:00,Building_C,106.8
2026-01-19 11:00:00,Building_C,100.02
2026-01-19 12:00:00,Building_C,110.26
2026-01-19 13:00:00,Building_C,97.47
2026-01-19 14:00:00,Building_C,112.97
2026-01-19 15:00:00,Building_C,105.96
2026-01-19 16:00:00,Building_C,91.71
2026-01-19 17:00:00,Building_C,103.26
2026-01-19 18:00:00,Building_C,108.23
2026-01-19 19:00:00,Building_C,44.3
2026-01-19 20:00:00,Building_C,49.06
2026-01-19 21:00:00,Building_C,41.23
2026-01-19 22:00:00,Building_C,38.95
2026-01-19 23:00:00,Building_C,45.13
2026-01-20 00:00:00,Building_C,45.64
2026-01-20 01:00:00,Building_C,43.74
2026-01-20 02:00:00,Building_C,51.62
2026-01-20 03:00:00,Building_C,41.23
2026-01-20 04:00:00,Building_C,47.05
2026-01-20 05:00:00,Building_C,45.82
2026-01-20 06:00:00,Building_C,37.7
2026-01-20 07:00:00,Building_C,38.89
2026-01-20 08:00:00,Building_C,105.02
2026-01-20 09:00:00,Building_C,114.87
2026-01-20 10:00:00,Building_C,107.86
2026-01-20 11:00:00,Building_C,96.34
2026-01-20 12:00:00,Building_C,89.41
2026-01-20 13:00:00,Building_C,108.63
2026-01-20 14:00:00,Building_C,104.48
2026-01-20 15:00:00,Building_C,110.67
2026-01-20 16:00:00,Building_C,100.56
2026-01-20 17:00:00,Building_C,106.71
2026-01-20 18:00:00,Building_C,109.19
2026-01-20 19:00:00,Building_C,43.25
2026-01-20 20:00:00,Building_C,43.35
2026-01-20 21:00:00,Building_C,45.61
2026-01-20 22:00:00,Building_C,48.2
2026-01-20 23:00:00,Building_C,45.41
2026-01-21 00:00:00,Building_C,50.35
2026-01-21 01:00:00,Building_C,43.17
2026-01-21 02:00:00,Building_C,38.84
2026-01-21 03:00:00,Building_C,55.37
2026-01-21 04:00:00,Building_C,42.46
2026-01-21 05:00:00,Building_C,42.64
2026-01-21 06:00:00,Building_C,45.16
2026-01-21 07:00:00,Building_C,45.82
2026-01-21 08:00:00,Building_C,103.03
2026-01-21 09:00:00,Building_C,104.88
2026-01-21 10:00:00,Building_C,104.77
2026-01-21 11:00:00,Building_C,105.84
2026-01-21 12:00:00,Building_C,93.18
2026-01-21 13:00:00,Building_C,114.37
2026-01-21 14:00:00,Building_C,104.23
2026-01-21 15:00:00,Building_C,107.87
2026-01-21 16:00:00,Building_C,98.07
2026-01-21 17:00:00,Building_C,102.61
2026-01-21 18:00:00,Building_C,101.6
2026-01-21 19:00:00,Building_C,52.83
2026-01-21 20:00:00,Building_C,42.56
2026-01-21 21:00:00,Building_C,49.27
2026-01-21 22:00:00,Building_C,42.23
2026-01-21 23:00:00,Building_C,43.22
2026-01-22 00:00:00,Building_C,44.26
2026-01-22 01:00:00,Building_C,51.9
2026-01-22 02:00:00,Building_C,36.04
2026-01-22 03:00:00,Building_C,38.91
2026-01-22 04:00:00,Building_C,35.75
2026-01-22 05:00:00,Building_C,40.05
2026-01-22 06:00:00,Building_C,41.43
2026-01-22 07:00:00,Building_C,37.41
2026-01-22 08:00:00,Building_C,101.29
2026-01-22 09:00:00,Building_C,94.89
2026-01-22 10:00:00,Building_C,99.87
2026-01-22 11:00:00,Building_C,110.97
2026-01-22 12:00:00,Building_C,106.98
2026-01-22 13:00:00,Building_C,105.9
2026-01-22 14:00:00,Building_C,99.95
2026-01-22 15:00:00,Building_C,97.28
2026-01-22 16:00:00,Building_C,99.27
2026-01-22 17:00:00,Building_C,104.75
2026-01-22 18:00:00,Building_C,109.3
2026-01-22 19:00:00,Building_C,50.0
2026-01-22 20:00:00,Building_C,48.64
2026-01-22 21:00:00,Building_C,41.8
2026-01-22 22:00:00,Building_C,45.61
2026-01-22 23:00:00,Building_C,43.88
2026-01-23 00:00:00,Building_C,44.48
2026-01-23 01:00:00,Building_C,55.67
2026-01-23 02:00:00,Building_C,36.67
2026-01-23 03:00:00,Building_C,44.31
2026-01-23 04:00:00,Building_C,51.54
2026-01-23 05:00:00,Building_C,38.15
2026-01-23 06:00:00,Building_C,42.27
2026-01-23 07:00:00,Building_C,42.84
2026-01-23 08:00:00,Building_C,103.85
2026-01-23 09:00:00,Building_C,96.98
2026-01-23 10:00:00,Building_C,107.94
2026-01-23 11:00:00,Building_C,108.3
2026-01-23 12:00:00,Building_C,107.51
2026-01-23 13:00:00,Building_C,100.61
2026-01-23 14:00:00,Building_C,105.4
2026-01-23 15:00:00,Building_C,100.47
2026-01-23 16:00:00,Building_C,103.3
2026-01-23 17:00:00,Building_C,115.73
2026-01-23 18:00:00,Building_C,105.44
2026-01-23 19:00:00,Building_C,39.55
2026-01-23 20:00:00,Building_C,46.39
2026-01-23 21:00:00,Building_C,38.73
2026-01-23 22:00:00,Building_C,39.49
2026-01-23 23:00:00,Building_C,40.28
2026-01-24 00:00:00,Building_C,43.26
2026-01-24 01:00:00,Building_C,50.17
2026-01-24 02:00:00,Building_C,48.38
2026-01-24 03:00:00,Building_C,48.1
2026-01-24 04:00:00,Building_C,39.99
2026-01-24 05:00:00,Building_C,42.78
2026-01-24 06:00:00,Building_C,46.84
2026-01-24 07:00:00,Building_C,42.34
2026-01-24 08:00:00,Building_C,44.09
2026-01-24 09:00:00,Building_C,47.69
2026-01-24 10:00:00,Building_C,43.74
2026-01-24 11:00:00,Building_C,46.61
2026-01-24 12:00:00,Building_C,53.45
2026-01-24 13:00:00,Building_C,44.63
2026-01-24 14:00:00,Building_C,51.38
2026-01-24 15:00:00,Building_C,48.28
2026-01-24 16:00:00,Building_C,38.15
2026-01-24 17:00:00,Building_C,39.97
2026-01-24 18:00:00,Building_C,41.32
2026-01-24 19:00:00,Building_C,41.21
2026-01-24 20:00:00,Building_C,45.03
2026-01-24 21:00:00,Building_C,48.56
2026-01-24 22:00:00,Building_C,51.76
2026-01-24 23:00:00,Building_C,47.03
2026-01-25 00:00:00,Building_C,43.26
2026-01-25 01:00:00,Building_C,35.07
2026-01-25 02:00:00,Building_C,45.84
2026-01-25 03:00:00,Building_C,45.61
2026-01-25 04:00:00,Building_C,46.4
2026-01-25 05:00:00,Building_C,56.02
2026-01-25 06:00:00,Building_C,51.69
2026-01-25 07:00:00,Building_C,49.41
2026-01-25 08:00:00,Building_C,40.67
2026-01-25 09:00:00,Building_C,42.92
2026-01-25 10:00:00,Building_C,45.01
2026-01-25 11:00:00,Building_C,41.61
2026-01-25 12:00:00,Building_C,47.99
2026-01-25 13:00:00,Building_C,47.27
2026-01-25 14:00:00,Building_C,40.04
2026-01-25 15:00:00,Building_C,51.47
2026-01-25 16:00:00,Building_C,46.0
2026-01-25 17:00:00,Building_C,36.84
2026-01-25 18:00:00,Building_C,45.23
2026-01-25 19:00:00,Building_C,46.89
2026-01-25 20:00:00,Building_C,50.35
2026-01-25 21:00:00,Building_C,43.8
2026-01-25 22:00:00,Building_C,49.62
2026-01-25 23:00:00,Building_C,46.42
2026-01-26 00:00:00,Building_C,38.91
2026-01-26 01:00:00,Building_C,38.41
2026-01-26 02:00:00,Building_C,51.1
2026-01-26 03:00:00,Building_C,51.46
2026-01-26 04:00:00,Building_C,47.1
2026-01-26 05:00:00,Building_C,52.96
2026-01-26 06:00:00,Building_C,50.77
2026-01-26 07:00:00,Building_C,48.9
2026-01-26 08:00:00,Building_C,100.41
2026-01-26 09:00:00,Building_C,113.62
2026-01-26 10:00:00,Building_C,107.65
2026-01-26 11:00:00,Building_C,103.03
2026-01-26 12:00:00,Building_C,101.62
2026-01-26 13:00:00,Building_C,106.25
2026-01-26 14:00:00,Building_C,96.61
2026-01-26 15:00:00,Building_C,108.46
2026-01-26 16:00:00,Building_C,100.2
2026-01-26 17:00:00,Building_C,106.82
2026-01-26 18:00:00,Building_C,102.36
2026-01-26 19:00:00,Building_C,44.16
2026-01-26 20:00:00,Building_C,41.7
2026-01-26 21:00:00,Building_C,44.68
2026-01-26 22:00:00,Building_C,54.93
2026-01-26 23:00:00,Building_C,52.41
2026-01-27 00:00:00,Building_C,47.26
2026-01-27 01:00:00,Building_C,45.36
2026-01-27 02:00:00,Building_C,49.71
2026-01-27 03:00:00,Building_C,51.13
2026-01-27 04:00:00,Building_C,41.34
2026-01-27 05:00:00,Building_C,45.1
2026-01-27 06:00:00,Building_C,36.37
2026-01-27 07:00:00,Building_C,51.1
2026-01-27 08:00:00,Building_C,115.29
2026-01-27 09:00:00,Building_C,105.36
2026-01-27 10:00:00,Building_C,94.34
2026-01-27 11:00:00,Building_C,108.01
2026-01-27 12:00:00,Building_C,100.44
2026-01-27 13:00:00,Building_C,101.65
2026-01-27 14:00:00,Building_C,108.1
2026-01-27 15:00:00,Building_C,106.24
2026-01-27 16:00:00,Building_C,102.52
2026-01-27 17:00:00,Building_C,101.72
2026-01-27 18:00:00,Building_C,105.59
2026-01-27 19:00:00,Building_C,43.44
2026-01-27 20:00:00,Building_C,39.94
2026-01-27 21:00:00,Building_C,43.82
2026-01-27 22:00:00,Building_C,47.18
2026-01-27 23:00:00,Building_C,44.59
2026-01-28 00:00:00,Building_C,38.42
2026-01-28 01:00:00,Building_C,50.43
2026-01-28 02:00:00,Building_C,31.79
2026-01-28 03:00:00,Building_C,43.25
2026-01-28 04:00:00,Building_C,42.38
2026-01-28 05:00:00,Building_C,46.23
2026-01-28 06:00:00,Building_C,48.29
2026-01-28 07:00:00,Building_C,51.12
2026-01-28 08:00:00,Building_C,101.4
2026-01-28 09:00:00,Building_C,107.9
2026-01-28 10:00:00,Building_C,105.94
2026-01-28 11:00:00,Building_C,96.41
2026-01-28 12:00:00,Building_C,114.47
2026-01-28 13:00:00,Building_C,97.77
2026-01-28 14:00:00,Building_C,107.06
2026-01-28 15:00:00,Building_C,106.91
2026-01-28 16:00:00,Building_C,106.34
2026-01-28 17:00:00,Building_C,102.49
2026-01-28 18:00:00,Building_C,109.1
2026-01-28 19:00:00,Building_C,37.68
2026-01-28 20:00:00,Building_C,45.16
2026-01-28 21:00:00,Building_C,42.66
2026-01-28 22:00:00,Building_C,42.1
2026-01-28 23:00:00,Building_C,47.63
2026-01-29 00:00:00,Building_C,50.87
2026-01-29 01:00:00,Building_C,43.77
2026-01-29 02:00:00,Building_C,49.39
2026-01-29 03:00:00,Building_C,45.73
2026-01-29 04:00:00,Building_C,41.02
2026-01-29 05:00:00,Building_C,44.19
2026-01-29 06:00:00,Building_C,43.99
2026-01-29 07:00:00,Building_C,42.0
2026-01-29 08:00:00,Building_C,107.11
2026-01-29 09:00:00,Building_C,106.14
2026-01-29 10:00:00,Building_C,97.01
2026-01-29 11:00:00,Building_C,96.71
2026-01-29 12:00:00,Building_C,107.09
2026-01-29 13:00:00,Building_C,100.89
2026-01-29 14:00:00,Building_C,106.47
2026-01-29 15:00:00,Building_C,108.87
2026-01-29 16:00:00,Building_C,98.61
2026-01-29 17:00:00,Building_C,97.91
2026-01-29 18:00:00,Building_C,113.34
2026-01-29 19:00:00,Building_C,47.24
2026-01-29 20:00:00,Building_C,43.39
2026-01-29 21:00:00,Building_C,40.81
2026-01-29 22:00:00,Building_C,42.93
2026-01-29 23:00:00,Building_C,39.53
2026-01-30 00:00:00,Building_C,49.9
2026-01-30 01:00:00,Building_C,41.6
2026-01-30 02:00:00,Building_C,50.95
2026-01-30 03:00:00,Building_C,43.48
2026-01-30 04:00:00,Building_C,40.27
2026-01-30 05:00:00,Building_C,43.35
2026-01-30 06:00:00,Building_C,32.36
2026-01-30 07:00:00,Building_C,44.88
2026-01-30 08:00:00,Building_C,104.11
2026-01-30 09:00:00,Building_C,109.09
2026-01-30 10:00:00,Building_C,95.53
2026-01-30 11:00:00,Building_C,110.77
2026-01-30 12:00:00,Building_C,109.07
2026-01-30 13:00:00,Building_C,111.22
2026-01-30 14:00:00,Building_C,104.7
2026-01-30 15:00:00,Building_C,110.03
2026-01-30 16:00:00,Building_C,97.61
2026-01-30 17:00:00,Building_C,108.53
2026-01-30 18:00:00,Building_C,101.11
2026-01-30 19:00:00,Building_C,37.23
2026-01-30 20:00:00,Building_C,39.86
2026-01-30 21:00:00,Building_C,45.51
2026-01-30 22:00:00,Building_C,41.36
2026-01-30 23:00:00,Building_C,47.36
2026-01-31 00:00:00,Building_C,36.44
2026-01-31 01:00:00,Building_C,34.85
2026-01-31 02:00:00,Building_C,52.35
2026-01-31 03:00:00,Building_C,50.0
2026-01-31 04:00:00,Building_C,40.24
2026-01-31 05:00:00,Building_C,45.47
2026-01-31 06:00:00,Building_C,50.58
2026-01-31 07:00:00,Building_C,47.58
2026-01-31 08:00:00,Building_C,46.23
2026-01-31 09:00:00,Building_C,50.96
2026-01-31 10:00:00,Building_C,41.83
2026-01-31 11:00:00,Building_C,45.64
2026-01-31 12:00:00,Building_C,45.4
2026-01-31 13:00:00,Building_C,44.12
2026-01-31 14:00:00,Building_C,43.54
2026-01-31 15:00:00,Building_C,45.85
2026-01-31 16:00:00,Building_C,45.66
2026-01-31 17:00:00,Building_C,40.24
2026-01-31 18:00:00,Building_C,49.49
2026-01-31 19:00:00,Building_C,40.6
2026-01-31 20:00:00,Building_C,44.39
2026-01-31 21:00:00,Building_C,44.01
2026-01-31 22:00:00,Building_C,47.27
2026-01-31 23:00:00,Building_C,34.89
2026-02-01 00:00:00,Building_C,49.94
2026-02-01 01:00:00,Building_C,42.1
2026-02-01 02:00:00,Building_C,51.58
2026-02-01 03:00:00,Building_C,43.09
2026-02-01 04:00:00,Building_C,45.24
2026-02-01 05:00:00,Building_C,55.05
2026-02-01 06:00:00,Building_C,44.1
2026-02-01 07:00:00,Building_C,51.68
2026-02-01 08:00:00,Building_C,45.68
2026-02-01 09:00:00,Building_C,47.56
2026-02-01 10:00:00,Building_C,45.83
2026-02-01 11:00:00,Building_C,49.72
2026-02-01 12:00:00,Building_C,42.06
2026-02-01 13:00:00,Building_C,40.56
2026-02-01 14:00:00,Building_C,42.29
2026-02-01 15:00:00,Building_C,45.98
2026-02-01 16:00:00,Building_C,44.38
2026-02-01 17:00:00,Building_C,49.04
2026-02-01 18:00:00,Building_C,52.01
2026-02-01 19:00:00,Building_C,40.61
2026-02-01 20:00:00,Building_C,41.81
2026-02-01 21:00:00,Building_C,38.3
2026-02-01 22:00:00,Building_C,55.64
2026-02-01 23:00:00,Building_C,47.01
2026-02-02 00:00:00,Building_C,47.88
2026-02-02 01:00:00,Building_C,38.78
2026-02-02 02:00:00,Building_C,45.48
2026-02-02 03:00:00,Building_C,48.03
2026-02-02 04:00:00,Building_C,44.22
2026-02-02 05:00:00,Building_C,50.86
2026-02-02 06:00:00,Building_C,57.04
2026-02-02 07:00:00,Building_C,40.75
2026-02-02 08:00:00,Building_C,99.85
2026-02-02 09:00:00,Building_C,100.58
2026-02-02 10:00:00,Building_C,112.99
2026-02-02 11:00:00,Building_C,110.18
2026-02-02 12:00:00,Building_C,104.29
2026-02-02 13:00:00,Building_C,105.15
2026-02-02 14:00:00,Building_C,100.88
2026-02-02 15:00:00,Building_C,109.41
2026-02-02 16:00:00,Building_C,103.06
2026-02-02 17:00:00,Building_C,103.66
2026-02-02 18:00:00,Building_C,108.01
2026-02-02 19:00:00,Building_C,44.54
2026-02-02 20:00:00,Building_C,44.31
2026-02-02 21:00:00,Building_C,45.54
2026-02-02 22:00:00,Building_C,49.46
2026-02-02 23:00:00,Building_C,53.72
2026-02-03 00:00:00,Building_C,48.41
2026-02-03 01:00:00,Building_C,49.5
2026-02-03 02:00:00,Building_C,44.49
2026-02-03 03:00:00,Building_C,41.95
2026-02-03 04:00:00,Building_C,48.75
2026-02-03 05:00:00,Building_C,46.34
2026-02-03 06:00:00,Building_C,38.37
2026-02-03 07:00:00,Building_C,43.84
2026-02-03 08:00:00,Building_C,104.55
2026-02-03 09:00:00,Building_C,102.41
2026-02-03 10:00:00,Building_C,112.37
2026-02-03 11:00:00,Building_C,107.36
2026-02-03 12:00:00,Building_C,111.83
2026-02-03 13:00:00,Building_C,106.28
2026-02-03 14:00:00,Building_C,105.37
2026-02-03 15:00:00,Building_C,100.28
2026-02-03 16:00:00,Building_C,105.02
2026-02-03 17:00:00,Building_C,105.03
2026-02-03 18:00:00,Building_C,98.13
2026-02-03 19:00:00,Building_C,42.79
2026-02-03 20:00:00,Building_C,43.87
2026-02-03 21:00:00,Building_C,47.55
2026-02-03 22:00:00,Building_C,47.79
2026-02-03 23:00:00,Building_C,42.58
2026-02-04 00:00:00,Building_C,47.83
2026-02-04 01:00:00,Building_C,44.57
2026-02-04 02:00:00,Building_C,31.14
2026-02-04 03:00:00,Building_C,43.06
2026-02-04 04:00:00,Building_C,50.88
2026-02-04 05:00:00,Building_C,37.08
2026-02-04 06:00:00,Building_C,46.05
2026-02-04 07:00:00,Building_C,53.41
2026-02-04 08:00:00,Building_C,101.16
2026-02-04 09:00:00,Building_C,104.97
2026-02-04 10:00:00,Building_C,98.44
2026-02-04 11:00:00,Building_C,113.1
2026-02-04 12:00:00,Building_C,104.55
2026-02-04 13:00:00,Building_C,105.2
2026-02-04 14:00:00,Building_C,111.74
2026-02-04 15:00:00,Building_C,108.27
2026-02-04 16:00:00,Building_C,100.59
2026-02-04 17:00:00,Building_C,101.73
2026-02-04 18:00:00,Building_C,107.44
2026-02-04 19:00:00,Building_C,42.36
2026-02-04 20:00:00,Building_C,34.9
2026-02-04 21:00:00,Building_C,45.22
2026-02-04 22:00:00,Building_C,38.08
2026-02-04 23:00:00,Building_C,53.57
2026-02-05 00:00:00,Building_C,46.37
2026-02-05 01:00:00,Building_C,40.96
2026-02-05 02:00:00,Building_C,41.99
2026-02-05 03:00:00,Building_C,36.04
2026-02-05 04:00:00,Building_C,39.99
2026-02-05 05:00:00,Building_C,50.57
2026-02-05 06:00:00,Building_C,56.64
2026-02-05 07:00:00,Building_C,49.12
2026-02-05 08:00:00,Building_C,104.5
2026-02-05 09:00:00,Building_C,102.8
2026-02-05 10:00:00,Building_C,100.18
2026-02-05 11:00:00,Building_C,115.26
2026-02-05 12:00:00,Building_C,104.02
2026-02-05 13:00:00,Building_C,115.54
2026-02-05 14:00:00,Building_C,111.93
2026-02-05 15:00:00,Building_C,96.26
2026-02-05 16:00:00,Building_C,101.63
2026-02-05 17:00:00,Building_C,101.62
2026-02-05 18:00:00,Building_C,104.56
2026-02-05 19:00:00,Building_C,45.18
2026-02-05 20:00:00,Building_C,60.47
2026-02-05 21:00:00,Building_C,40.1
2026-02-05 22:00:00,Building_C,46.63
2026-02-05 23:00:00,Building_C,48.57
2026-02-06 00:00:00,Building_C,45.48
2026-02-06 01:00:00,Building_C,46.04
2026-02-06 02:00:00,Building_C,40.26
2026-02-06 03:00:00,Building_C,46.02
2026-02-06 04:00:00,Building_C,48.04
2026-02-06 05:00:00,Building_C,47.12
2026-02-06 06:00:00,Building_C,48.34
2026-02-06 07:00:00,Building_C,52.55
2026-02-06 08:00:00,Building_C,109.65
2026-02-06 09:00:00,Building_C,105.32
2026-02-06 10:00:00,Building_C,99.11
2026-02-06 11:00:00,Building_C,101.96
2026-02-06 12:00:00,Building_C,103.87
2026-02-06 13:00:00,Building_C,106.23
2026-02-06 14:00:00,Building_C,102.57
2026-02-06 15:00:00,Building_C,100.29
2026-02-06 16:00:00,Building_C,99.02
2026-02-06 17:00:00,Building_C,96.71
2026-02-06 18:00:00,Building_C,103.79
2026-02-06 19:00:00,Building_C,38.14
2026-02-06 20:00:00,Building_C,40.48
2026-02-06 21:00:00,Building_C,43.51
2026-02-06 22:00:00,Building_C,38.8
2026-02-06 23:00:00,Building_C,47.38
2026-02-07 00:00:00,Building_C,49.19
2026-02-07 01:00:00,Building_C,42.74
2026-02-07 02:00:00,Building_C,43.3
2026-02-07 03:00:00,Building_C,48.17
2026-02-07 04:00:00,Building_C,41.91
2026-02-07 05:00:00,Building_C,41.57
2026-02-07 06:00:00,Building_C,51.47
2026-02-07 07:00:00,Building_C,49.91
2026-02-07 08:00:00,Building_C,48.49
2026-02-07 09:00:00,Building_C,50.11
2026-02-07 10:00:00,Building_C,35.6
2026-02-07 11:00:00,Building_C,52.25
2026-02-07 12:00:00,Building_C,47.44
2026-02-07 13:00:00,Building_C,50.54
2026-02-07 14:00:00,Building_C,47.42
2026-02-07 15:00:00,Building_C,45.73
2026-02-07 16:00:00,Building_C,44.11
2026-02-07 17:00:00,Building_C,47.32
2026-02-07 18:00:00,Building_C,43.93
2026-02-07 19:00:00,Building_C,49.82
2026-02-07 20:00:00,Building_C,37.55
2026-02-07 21:00:00,Building_C,42.78
2026-02-07 22:00:00,Building_C,55.71
2026-02-07 23:00:00,Building_C,42.35
2026-02-08 00:00:00,Building_C,44.29
2026-02-08 01:00:00,Building_C,41.07
2026-02-08 02:00:00,Building_C,47.16
2026-02-08 03:00:00,Building_C,41.8
2026-02-08 04:00:00,Building_C,44.56
2026-02-08 05:00:00,Building_C,49.73
2026-02-08 06:00:00,Building_C,41.99
2026-02-08 07:00:00,Building_C,49.43
2026-02-08 08:00:00,Building_C,49.6
2026-02-08 09:00:00,Building_C,50.76
2026-02-08 10:00:00,Building_C,46.19
2026-02-08 11:00:00,Building_C,61.69
2026-02-08 12:00:00,Building_C,50.76
2026-02-08 13:00:00,Building_C,47.11
2026-02-08 14:00:00,Building_C,41.1
2026-02-08 15:00:00,Building_C,45.0
2026-02-08 16:00:00,Building_C,52.62
2026-02-08 17:00:00,Building_C,54.03
2026-02-08 18:00:00,Building_C,52.88
2026-02-08 19:00:00,Building_C,49.41
2026-02-08 20:00:00,Building_C,39.21
2026-02-08 21:00:00,Building_C,47.92
2026-02-08 22:00:00,Building_C,39.28
2026-02-08 23:00:00,Building_C,38.05
2026-02-09 00:00:00,Building_C,46.68
2026-02-09 01:00:00,Building_C,48.1
2026-02-09 02:00:00,Building_C,50.0
2026-02-09 03:00:00,Building_C,47.97
2026-02-09 04:00:00,Building_C,48.14
2026-02-09 05:00:00,Building_C,40.56
2026-02-09 06:00:00,Building_C,44.96
2026-02-09 07:00:00,Building_C,37.95
2026-02-09 08:00:00,Building_C,94.95
2026-02-09 09:00:00,Building_C,108.67
2026-02-09 10:00:00,Building_C,101.2
2026-02-09 11:00:00,Building_C,109.33
2026-02-09 12:00:00,Building_C,110.51
2026-02-09 13:00:00,Building_C,101.87
2026-02-09 14:00:00,Building_C,107.92
2026-02-09 15:00:00,Building_C,101.66
2026-02-09 16:00:00,Building_C,95.73
2026-02-09 17:00:00,Building_C,105.58
2026-02-09 18:00:00,Building_C,102.61
2026-02-09 19:00:00,Building_C,43.28
2026-02-09 20:00:00,Building_C,55.36
2026-02-09 21:00:00,Building_C,37.86
2026-02-09 22:00:00,Building_C,47.4
2026-02-09 23:00:00,Building_C,40.51
2026-02-10 00:00:00,Building_C,50.03
2026-02-10 01:00:00,Building_C,46.98
2026-02-10 02:00:00,Building_C,47.38
2026-02-10 03:00:00,Building_C,40.76
2026-02-10 04:00:00,Building_C,41.66
2026-02-10 05:00:00,Building_C,50.12
2026-02-10 06:00:00,Building_C,54.34
2026-02-10 07:00:00,Building_C,47.89
2026-02-10 08:00:00,Building_C,100.48
2026-02-10 09:00:00,Building_C,106.66
2026-02-10 10:00:00,Building_C,117.1
2026-02-10 11:00:00,Building_C,105.48
2026-02-10 12:00:00,Building_C,112.27
2026-02-10 13:00:00,Building_C,101.26
2026-02-10 14:00:00,Building_C,104.75
2026-02-10 15:00:00,Building_C,108.06
2026-02-10 16:00:00,Building_C,106.95
2026-02-10 17:00:00,Building_C,101.13
2026-02-10 18:00:00,Building_C,100.92
2026-02-10 19:00:00,Building_C,50.43
2026-02-10 20:00:00,Building_C,51.44
2026-02-10 21:00:00,Building_C,53.05
2026-02-10 22:00:00,Building_C,54.5
2026-02-10 23:00:00,Building_C,46.16
2026-02-11 00:00:00,Building_C,43.93
2026-02-11 01:00:00,Building_C,52.24
2026-02-11 02:00:00,Building_C,49.05
2026-02-11 03:00:00,Building_C,40.57
2026-02-11 04:00:00,Building_C,40.32
2026-02-11 05:00:00,Building_C,47.94
2026-02-11 06:00:00,Building_C,44.6
2026-02-11 07:00:00,Building_C,45.35
2026-02-11 08:00:00,Building_C,110.33
2026-02-11 09:00:00,Building_C,108.76
2026-02-11 10:00:00,Building_C,111.61
2026-02-11 11:00:00,Building_C,95.31
2026-02-11 12:00:00,Building_C,106.23
2026-02-11 13:00:00,Building_C,108.44
2026-02-11 14:00:00,Building_C,97.33
2026-02-11 15:00:00,Building_C,101.69
2026-02-11 16:00:00,Building_C,100.76
2026-02-11 17:00:00,Building_C,105.07
2026-02-11 18:00:00,Building_C,113.1
2026-02-11 19:00:00,Building_C,55.6
2026-02-11 20:00:00,Building_C,41.41
2026-02-11 21:00:00,Building_C,48.12
2026-02-11 22:00:00,Building_C,48.28
2026-02-11 23:00:00,Building_C,47.42
2026-02-12 00:00:00,Building_C,47.48
2026-02-12 01:00:00,Building_C,47.0
2026-02-12 02:00:00,Building_C,53.92
2026-02-12 03:00:00,Building_C,51.0
2026-02-12 04:00:00,Building_C,40.18
2026-02-12 05:00:00,Building_C,49.46
2026-02-12 06:00:00,Building_C,49.95
2026-02-12 07:00:00,Building_C,47.06
2026-02-12 08:00:00,Building_C,110.62
2026-02-12 09:00:00,Building_C,105.9
2026-02-12 10:00:00,Building_C,105.97
2026-02-12 11:00:00,Building_C,105.57
2026-02-12 12:00:00,Building_C,94.87
2026-02-12 13:00:00,Building_C,104.56
2026-02-12 14:00:00,Building_C,101.62
2026-02-12 15:00:00,Building_C,99.03
2026-02-12 16:00:00,Building_C,112.13
2026-02-12 17:00:00,Building_C,107.48
2026-02-12 18:00:00,Building_C,104.81
2026-02-12 19:00:00,Building_C,42.66
2026-02-12 20:00:00,Building_C,46.97
2026-02-12 21:00:00,Building_C,50.44
2026-02-12 22:00:00,Building_C,41.35
2026-02-12 23:00:00,Building_C,45.46
2026-02-13 00:00:00,Building_C,49.82
2026-02-13 01:00:00,Building_C,35.8
2026-02-13 02:00:00,Building_C,45.2
2026-02-13 03:00:00,Building_C,43.34
2026-02-13 04:00:00,Building_C,44.82
2026-02-13 05:00:00,Building_C,42.98
2026-02-13 06:00:00,Building_C,46.17
2026-02-13 07:00:00,Building_C,55.1
2026-02-13 08:00:00,Building_C,103.34
2026-02-13 09:00:00,Building_C,106.42
2026-02-13 10:00:00,Building_C,114.94
2026-02-13 11:00:00,Building_C,102.21
2026-02-13 12:00:00,Building_C,114.04
2026-02-13 13:00:00,Building_C,104.99
2026-02-13 14:00:00,Building_C,113.87
2026-02-13 15:00:00,Building_C,108.71
2026-02-13 16:00:00,Building_C,106.5
2026-02-13 17:00:00,Building_C,104.64
2026-02-13 18:00:00,Building_C,101.84
2026-02-13 19:00:00,Building_C,45.86
2026-02-13 20:00:00,Building_C,49.97
2026-02-13 21:00:00,Building_C,45.42
2026-02-13 22:00:00,Building_C,43.9
2026-02-13 23:00:00,Building_C,44.23
2026-02-14 00:00:00,Building_C,50.45
2026-02-14 01:00:00,Building_C,51.61
2026-02-14 02:00:00,Building_C,42.15
2026-02-14 03:00:00,Building_C,42.14
2026-02-14 04:00:00,Building_C,47.38
2026-02-14 05:00:00,Building_C,53.12
2026-02-14 06:00:00,Building_C,51.21
2026-02-14 07:00:00,Building_C,39.23
2026-02-14 08:00:00,Building_C,44.16
2026-02-14 09:00:00,Building_C,40.83
2026-02-14 10:00:00,Building_C,44.15
2026-02-14 11:00:00,Building_C,53.51
2026-02-14 12:00:00,Building_C,38.37
2026-02-14 13:00:00,Building_C,37.39
2026-02-14 14:00:00,Building_C,41.34
2026-02-14 15:00:00,Building_C,46.92
2026-02-14 16:00:00,Building_C,48.59
2026-02-14 17:00:00,Building_C,47.67
2026-02-14 18:00:00,Building_C,51.36
2026-02-14 19:00:00,Building_C,36.67
2026-02-14 20:00:00,Building_C,51.43
2026-02-14 21:00:00,Building_C,43.92
2026-02-14 22:00:00,Building_C,49.14
2026-02-14 23:00:00,Building_C,38.87
2026-02-15 00:00:00,Building_C,45.51
2026-02-15 01:00:00,Building_C,46.67
2026-02-15 02:00:00,Building_C,51.26
2026-02-15 03:00:00,Building_C,37.56
2026-02-15 04:00:00,Building_C,45.64
2026-02-15 05:00:00,Building_C,40.06
2026-02-15 06:00:00,Building_C,48.01
2026-02-15 07:00:00,Building_C,49.37
2026-02-15 08:00:00,Building_C,51.92
2026-02-15 09:00:00,Building_C,42.81
2026-02-15 10:00:00,Building_C,50.12
2026-02-15 11:00:00,Building_C,52.29
2026-02-15 12:00:00,Building_C,37.27
2026-02-15 13:00:00,Building_C,48.55
2026-02-15 14:00:00,Building_C,50.28
2026-02-15 15:00:00,Building_C,44.19
2026-02-15 16:00:00,Building_C,39.43
2026-02-15 17:00:00,Building_C,50.2
2026-02-15 18:00:00,Building_C,39.49
2026-02-15 19:00:00,Building_C,44.59
2026-02-15 20:00:00,Building_C,45.28
2026-02-15 21:00:00,Building_C,49.06
2026-02-15 22:00:00,Building_C,42.35
2026-02-15 23:00:00,Building_C,42.06
2026-02-16 00:00:00,Building_C,45.98
2026-02-16 01:00:00,Building_C,50.52
2026-02-16 02:00:00,Building_C,56.92
2026-02-16 03:00:00,Building_C,37.95
2026-02-16 04:00:00,Building_C,47.06
2026-02-16 05:00:00,Building_C,40.05
2026-02-16 06:00:00,Building_C,50.58
2026-02-16 07:00:00,Building_C,40.79
2026-02-16 08:00:00,Building_C,101.59
2026-02-16 09:00:00,Building_C,102.02
2026-02-16 10:00:00,Building_C,104.58
2026-02-16 11:00:00,Building_C,106.58
2026-02-16 12:00:00,Building_C,107.38
2026-02-16 13:00:00,Building_C,104.93
2026-02-16 14:00:00,Building_C,98.31
2026-02-16 15:00:00,Building_C,108.6
2026-02-16 16:00:00,Building_C,104.7
2026-02-16 17:00:00,Building_C,110.77
2026-02-16 18:00:00,Building_C,101.43
2026-02-16 19:00:00,Building_C,37.47
2026-02-16 20:00:00,Building_C,45.31
2026-02-16 21:00:00,Building_C,51.96
2026-02-16 22:00:00,Building_C,46.29
2026-02-16 23:00:00,Building_C,44.49
2026-02-17 00:00:00,Building_C,41.13
2026-02-17 01:00:00,Building_C,54.27
2026-02-17 02:00:00,Building_C,40.34
2026-02-17 03:00:00,Building_C,41.86
2026-02-17 04:00:00,Building_C,48.33
2026-02-17 05:00:00,Building_C,36.2
2026-02-17 06:00:00,Building_C,51.86
2026-02-17 07:00:00,Building_C,48.61
2026-02-17 08:00:00,Building_C,109.46
2026-02-17 09:00:00,Building_C,107.75
2026-02-17 10:00:00,Building_C,104.16
2026-02-17 11:00:00,Building_C,99.65
2026-02-17 12:00:00,Building_C,104.26
2026-02-17 13:00:00,Building_C,100.09
2026-02-17 14:00:00,Building_C,107.39
2026-02-17 15:00:00,Building_C,109.0
2026-02-17 16:00:00,Building_C,112.35
2026-02-17 17:00:00,Building_C,106.82
2026-02-17 18:00:00,Building_C,109.59
2026-02-17 19:00:00,Building_C,44.0
2026-02-17 20:00:00,Building_C,43.09
2026-02-17 21:00:00,Building_C,47.85
2026-02-17 22:00:00,Building_C,43.55
2026-02-17 23:00:00,Building_C,46.83
2026-02-18 00:00:00,Building_C,40.18
2026-02-18 01:00:00,Building_C,41.08
2026-02-18 02:00:00,Building_C,48.66
2026-02-18 03:00:00,Building_C,49.92
2026-02-18 04:00:00,Building_C,40.56
2026-02-18 05:00:00,Building_C,48.84
2026-02-18 06:00:00,Building_C,42.82
2026-02-18 07:00:00,Building_C,45.57
2026-02-18 08:00:00,Building_C,112.05
2026-02-18 09:00:00,Building_C,109.0
2026-02-18 10:00:00,Building_C,108.94
2026-02-18 11:00:00,Building_C,114.51
2026-02-18 12:00:00,Building_C,101.44
2026-02-18 13:00:00,Building_C,100.03
2026-02-18 14:00:00,Building_C,101.35
2026-02-18 15:00:00,Building_C,103.69
2026-02-18 16:00:00,Building_C,93.19
2026-02-18 17:00:00,Building_C,103.93
2026-02-18 18:00:00,Building_C,102.24
2026-02-18 19:00:00,Building_C,49.4
2026-02-18 20:00:00,Building_C,47.25
2026-02-18 21:00:00,Building_C,42.48
2026-02-18 22:00:00,Building_C,48.43
2026-02-18 23:00:00,Building_C,49.1
2026-02-19 00:00:00,Building_C,41.64
2026-02-19 01:00:00,Building_C,43.02
2026-02-19 02:00:00,Building_C,34.36
2026-02-19 03:00:00,Building_C,40.03
2026-02-19 04:00:00,Building_C,41.77
2026-02-19 05:00:00,Building_C,45.86
2026-02-19 06:00:00,Building_C,40.76
2026-02-19 07:00:00,Building_C,42.92
2026-02-19 08:00:00,Building_C,98.84
2026-02-19 09:00:00,Building_C,105.82
2026-02-19 10:00:00,Building_C,107.09
2026-02-19 11:00:00,Building_C,106.98
2026-02-19 12:00:00,Building_C,105.03
2026-02-19 13:00:00,Building_C,97.26
2026-02-19 14:00:00,Building_C,101.86
2026-02-19 15:00:00,Building_C,102.93
2026-02-19 16:00:00,Building_C,102.95
2026-02-19 17:00:00,Building_C,105.34
2026-02-19 18:00:00,Building_C,112.09
2026-02-19 19:00:00,Building_C,49.54
2026-02-19 20:00:00,Building_C,40.55
2026-02-19 21:00:00,Building_C,48.88
2026-02-19 22:00:00,Building_C,48.69
2026-02-19 23:00:00,Building_C,41.45
2026-02-20 00:00:00,Building_C,49.73
2026-02-20 01:00:00,Building_C,44.68
2026-02-20 02:00:00,Building_C,38.43
2026-02-20 03:00:00,Building_C,47.76
2026-02-20 04:00:00,Building_C,46.57
2026-02-20 05:00:00,Building_C,44.35
2026-02-20 06:00:00,Building_C,45.3
2026-02-20 07:00:00,Building_C,41.89
2026-02-20 08:00:00,Building_C,108.01
2026-02-20 09:00:00,Building_C,104.75
2026-02-20 10:00:00,Building_C,105.8
2026-02-20 11:00:00,Building_C,106.75
2026-02-20 12:00:00,Building_C,99.19
2026-02-20 13:00:00,Building_C,100.49
2026-02-20 14:00:00,Building_C,93.91
2026-02-20 15:00:00,Building_C,107.79
2026-02-20 16:00:00,Building_C,98.9
2026-02-20 17:00:00,Building_C,105.63
2026-02-20 18:00:00,Building_C,106.82
2026-02-20 19:00:00,Building_C,48.5
2026-02-20 20:00:00,Building_C,39.46
2026-02-20 21:00:00,Building_C,45.16
2026-02-20 22:00:00,Building_C,53.84
2026-02-20 23:00:00,Building_C,54.06
2026-02-21 00:00:00,Building_C,50.42
2026-02-21 01:00:00,Building_C,47.17
2026-02-21 02:00:00,Building_C,40.46
2026-02-21 03:00:00,Building_C,49.08
2026-02-21 04:00:00,Building_C,44.69
2026-02-21 05:00:00,Building_C,48.29
2026-02-21 06:00:00,Building_C,42.32
2026-02-21 07:00:00,Building_C,44.62
2026-02-21 08:00:00,Building_C,46.31
2026-02-21 09:00:00,Building_C,46.72
2026-02-21 10:00:00,Building_C,47.95
2026-02-21 11:00:00,Building_C,42.59
2026-02-21 12:00:00,Building_C,38.77
2026-02-21 13:00:00,Building_C,53.61
2026-02-21 14:00:00,Building_C,57.93
2026-02-21 15:00:00,Building_C,47.72
2026-02-21 16:00:00,Building_C,38.86
2026-02-21 17:00:00,Building_C,41.62
2026-02-21 18:00:00,Building_C,48.03
2026-02-21 19:00:00,Building_C,52.19
2026-02-21 20:00:00,Building_C,39.42
2026-02-21 21:00:00,Building_C,44.86
2026-02-21 22:00:00,Building_C,46.46
2026-02-21 23:00:00,Building_C,49.81
2026-02-22 00:00:00,Building_C,43.77
2026-02-22 01:00:00,Building_C,37.67
2026-02-22 02:00:00,Building_C,48.59
2026-02-22 03:00:00,Building_C,51.11
2026-02-22 04:00:00,Building_C,45.07
2026-02-22 05:00:00,Building_C,47.51
2026-02-22 06:00:00,Building_C,43.11
2026-02-22 07:00:00,Building_C,41.26
2026-02-22 08:00:00,Building_C,50.62
2026-02-22 09:00:00,Building_C,47.42
2026-02-22 10:00:00,Building_C,47.94
2026-02-22 11:00:00,Building_C,52.99
2026-02-22 12:00:00,Building_C,40.21
2026-02-22 13:00:00,Building_C,42.72
2026-02-22 14:00:00,Building_C,46.27
2026-02-22 15:00:00,Building_C,42.66
2026-02-22 16:00:00,Building_C,49.4
2026-02-22 17:00:00,Building_C,44.55
2026-02-22 18:00:00,Building_C,40.52
2026-02-22 19:00:00,Building_C,45.81
2026-02-22 20:00:00,Building_C,46.34
2026-02-22 21:00:00,Building_C,50.16
2026-02-22 22:00:00,Building_C,47.45
2026-02-22 23:00:00,Building_C,47.79
2026-02-23 00:00:00,Building_C,47.09
2026-02-23 01:00:00,Building_C,44.54
2026-02-23 02:00:00,Building_C,41.9
2026-02-23 03:00:00,Building_C,46.93
2026-02-23 04:00:00,Building_C,43.82
2026-02-23 05:00:00,Building_C,53.93
2026-02-23 06:00:00,Building_C,52.2
2026-02-23 07:00:00,Building_C,48.65
2026-02-23 08:00:00,Building_C,106.86
2026-02-23 09:00:00,Building_C,104.52
2026-02-23 10:00:00,Building_C,98.66
2026-02-23 11:00:00,Building_C,103.88
2026-02-23 12:00:00,Building_C,105.47
2026-02-23 13:00:00,Building_C,106.11
2026-02-23 14:00:00,Building_C,107.31
2026-02-23 15:00:00,Building_C,109.57
2026-02-23 16:00:00,Building_C,101.5
2026-02-23 17:00:00,Building_C,101.55
2026-02-23 18:00:00,Building_C,112.22
2026-02-23 19:00:00,Building_C,49.34
2026-02-23 20:00:00,Building_C,43.53
2026-02-23 21:00:00,Building_C,44.95
2026-02-23 22:00:00,Building_C,44.97
2026-02-23 23:00:00,Building_C,45.64
2026-02-24 00:00:00,Building_C,47.85
2026-02-24 01:00:00,Building_C,58.16
2026-02-24 02:00:00,Building_C,46.43
2026-02-24 03:00:00,Building_C,48.8
2026-02-24 04:00:00,Building_C,37.05
2026-02-24 05:00:00,Building_C,43.06
2026-02-24 06:00:00,Building_C,51.63
2026-02-24 07:00:00,Building_C,47.5
2026-02-24 08:00:00,Building_C,83.02
2026-02-24 09:00:00,Building_C,108.33
2026-02-24 10:00:00,Building_C,114.55
2026-02-24 11:00:00,Building_C,94.98
2026-02-24 12:00:00,Building_C,112.56
2026-02-24 13:00:00,Building_C,91.1
2026-02-24 14:00:00,Building_C,109.65
2026-02-24 15:00:00,Building_C,104.92
2026-02-24 16:00:00,Building_C,93.21
2026-02-24 17:00:00,Building_C,107.19
2026-02-24 18:00:00,Building_C,110.72
2026-02-24 19:00:00,Building_C,47.3
2026-02-24 20:00:00,Building_C,48.41
2026-02-24 21:00:00,Building_C,43.43
2026-02-24 22:00:00,Building_C,36.18
2026-02-24 23:00:00,Building_C,48.94
2026-02-25 00:00:00,Building_C,54.23
2026-02-25 01:00:00,Building_C,51.13
2026-02-25 02:00:00,Building_C,35.54
2026-02-25 03:00:00,Building_C,37.91
2026-02-25 04:00:00,Building_C,41.25
2026-02-25 05:00:00,Building_C,37.52
2026-02-25 06:00:00,Building_C,45.71
2026-02-25 07:00:00,Building_C,47.45
2026-02-25 08:00:00,Building_C,97.81
2026-02-25 09:00:00,Building_C,108.85
2026-02-25 10:00:00,Building_C,107.97
2026-02-25 11:00:00,Building_C,102.22
2026-02-25 12:00:00,Building_C,104.1
2026-02-25 13:00:00,Building_C,95.21
2026-02-25 14:00:00,Building_C,103.3
2026-02-25 15:00:00,Building_C,105.0
2026-02-25 16:00:00,Building_C,105.81
2026-02-25 17:00:00,Building_C,106.86
2026-02-25 18:00:00,Building_C,106.19
2026-02-25 19:00:00,Building_C,44.16
2026-02-25 20:00:00,Building_C,46.92
2026-02-25 21:00:00,Building_C,50.49
2026-02-25 22:00:00,Building_C,45.01
2026-02-25 23:00:00,Building_C,47.07
2026-02-26 00:00:00,Building_C,44.55
2026-02-26 01:00:00,Building_C,42.25
2026-02-26 02:00:00,Building_C,48.1
2026-02-26 03:00:00,Building_C,42.71
2026-02-26 04:00:00,Building_C,47.42
2026-02-26 05:00:00,Building_C,45.63
2026-02-26 06:00:00,Building_C,43.96
2026-02-26 07:00:00,Building_C,43.84
2026-02-26 08:00:00,Building_C,102.42
2026-02-26 09:00:00,Building_C,96.73
2026-02-26 10:00:00,Building_C,106.88
2026-02-26 11:00:00,Building_C,106.12
2026-02-26 12:00:00,Building_C,109.21
2026-02-26 13:00:00,Building_C,102.31
2026-02-26 14:00:00,Building_C,114.44
2026-02-26 15:00:00,Building_C,103.07
2026-02-26 16:00:00,Building_C,100.59
2026-02-26 17:00:00,Building_C,100.0
2026-02-26 18:00:00,Building_C,96.29
2026-02-26 19:00:00,Building_C,53.15
2026-02-26 20:00:00,Building_C,52.34
2026-02-26 21:00:00,Building_C,48.49
2026-02-26 22:00:00,Building_C,41.0
2026-02-26 23:00:00,Building_C,54.54
2026-02-27 00:00:00,Building_C,43.73
2026-02-27 01:00:00,Building_C,44.14
2026-02-27 02:00:00,Building_C,52.67
2026-02-27 03:00:00,Building_C,48.78
2026-02-27 04:00:00,Building_C,56.49
2026-02-27 05:00:00,Building_C,46.73
2026-02-27 06:00:00,Building_C,43.5
2026-02-27 07:00:00,Building_C,42.43
2026-02-27 08:00:00,Building_C,95.73
2026-02-27 09:00:00,Building_C,103.57
2026-02-27 10:00:00,Building_C,110.69
2026-02-27 11:00:00,Building_C,107.96
2026-02-27 12:00:00,Building_C,105.07
2026-02-27 13:00:00,Building_C,99.99
2026-02-27 14:00:00,Building_C,106.1
2026-02-27 15:00:00,Building_C,110.03
2026-02-27 16:00:00,Building_C,107.12
2026-02-27 17:00:00,Building_C,105.8
2026-02-27 18:00:00,Building_C,100.98
2026-02-27 19:00:00,Building_C,49.82
2026-02-27 20:00:00,Building_C,29.82
2026-02-27 21:00:00,Building_C,47.4
2026-02-27 22:00:00,Building_C,58.34
2026-02-27 23:00:00,Building_C,37.94
2026-02-28 00:00:00,Building_C,44.28
2026-02-28 01:00:00,Building_C,45.44
2026-02-28 02:00:00,Building_C,43.17
2026-02-28 03:00:00,Building_C,50.67
2026-02-28 04:00:00,Building_C,47.85
2026-02-28 05:00:00,Building_C,46.25
2026-02-28 06:00:00,Building_C,49.47
2026-02-28 07:00:00,Building_C,45.57
2026-02-28 08:00:00,Building_C,61.38
2026-02-28 09:00:00,Building_C,46.24
2026-02-28 10:00:00,Building_C,46.46
2026-02-28 11:00:00,Building_C,36.93
2026-02-28 12:00:00,Building_C,42.77
2026-02-28 13:00:00,Building_C,51.22
2026-02-28 14:00:00,Building_C,38.81
2026-02-28 15:00:00,Building_C,34.7
2026-02-28 16:00:00,Building_C,45.65
2026-02-28 17:00:00,Building_C,52.34
2026-02-28 18:00:00,Building_C,45.7
2026-02-28 19:00:00,Building_C,43.8
2026-02-28 20:00:00,Building_C,36.19
2026-02-28 21:00:00,Building_C,47.75
2026-02-28 22:00:00,Building_C,48.79
2026-02-28 23:00:00,Building_C,36.58
2026-03-01 00:00:00,Building_C,51.16
2026-03-01 01:00:00,Building_C,49.31
2026-03-01 02:00:00,Building_C,51.15
2026-03-01 03:00:00,Building_C,48.4
2026-03-01 04:00:00,Building_C,48.75
2026-03-01 05:00:00,Building_C,48.09
2026-03-01 06:00:00,Building_C,49.83
2026-03-01 07:00:00,Building_C,36.39
2026-03-01 08:00:00,Building_C,37.98
2026-03-01 09:00:00,Building_C,41.8
2026-03-01 10:00:00,Building_C,44.84
2026-03-01 11:00:00,Building_C,47.43
2026-03-01 12:00:00,Building_C,47.11
2026-03-01 13:00:00,Building_C,51.07
2026-03-01 14:00:00,Building_C,51.23
2026-03-01 15:00:00,Building_C,41.12
2026-03-01 16:00:00,Building_C,46.68
2026-03-01 17:00:00,Building_C,41.25
2026-03-01 18:00:00,Building_C,44.54
2026-03-01 19:00:00,Building_C,47.09
2026-03-01 20:00:00,Building_C,28.44
2026-03-01 21:00:00,Building_C,57.54
2026-03-01 22:00:00,Building_C,48.32
2026-03-01 23:00:00,Building_C,42.51
2026-03-02 00:00:00,Building_C,55.12
2026-03-02 01:00:00,Building_C,43.75
2026-03-02 02:00:00,Building_C,46.15
2026-03-02 03:00:00,Building_C,43.05
2026-03-02 04:00:00,Building_C,53.74
2026-03-02 05:00:00,Building_C,44.96
2026-03-02 06:00:00,Building_C,46.23
2026-03-02 07:00:00,Building_C,51.5
2026-03-02 08:00:00,Building_C,107.89
2026-03-02 09:00:00,Building_C,104.69
2026-03-02 10:00:00,Building_C,110.52
2026-03-02 11:00:00,Building_C,117.66
2026-03-02 12:00:00,Building_C,106.55
2026-03-02 13:00:00,Building_C,105.55
2026-03-02 14:00:00,Building_C,105.82
2026-03-02 15:00:00,Building_C,111.52
2026-03-02 16:00:00,Building_C,101.97
2026-03-02 17:00:00,Building_C,103.57
2026-03-02 18:00:00,Building_C,97.28
2026-03-02 19:00:00,Building_C,39.56
2026-03-02 20:00:00,Building_C,42.9
2026-03-02 21:00:00,Building_C,45.2
2026-03-02 22:00:00,Building_C,54.33
2026-03-02 23:00:00,Building_C,48.16
2026-03-03 00:00:00,Building_C,40.92
2026-03-03 01:00:00,Building_C,41.84
2026-03-03 02:00:00,Building_C,52.36
2026-03-03 03:00:00,Building_C,51.12
2026-03-03 04:00:00,Building_C,45.63
2026-03-03 05:00:00,Building_C,43.27
2026-03-03 06:00:00,Building_C,51.11
2026-03-03 07:00:00,Building_C,40.52
2026-03-03 08:00:00,Building_C,106.92
2026-03-03 09:00:00,Building_C,116.33
2026-03-03 10:00:00,Building_C,105.99
2026-03-03 11:00:00,Building_C,101.09
2026-03-03 12:00:00,Building_C,107.02
2026-03-03 13:00:00,Building_C,102.61
2026-03-03 14:00:00,Building_C,97.99
2026-03-03 15:00:00,Building_C,108.47
2026-03-03 16:00:00,Building_C,110.55
2026-03-03 17:00:00,Building_C,103.41
2026-03-03 18:00:00,Building_C,103.08
2026-03-03 19:00:00,Building_C,40.68
2026-03-03 20:00:00,Building_C,44.73
2026-03-03 21:00:00,Building_C,42.67
2026-03-03 22:00:00,Building_C,40.43
2026-03-03 23:00:00,Building_C,54.95
2026-03-04 00:00:00,Building_C,47.82
2026-03-04 01:00:00,Building_C,48.35
2026-03-04 02:00:00,Building_C,49.9
2026-03-04 03:00:00,Building_C,49.34
2026-03-04 04:00:00,Building_C,43.42
2026-03-04 05:00:00,Building_C,46.85
2026-03-04 06:00:00,Building_C,44.14
2026-03-04 07:00:00,Building_C,47.68
2026-03-04 08:00:00,Building_C,106.67
2026-03-04 09:00:00,Building_C,103.05
2026-03-04 10:00:00,Building_C,98.32
2026-03-04 11:00:00,Building_C,105.7
2026-03-04 12:00:00,Building_C,103.94
2026-03-04 13:00:00,Building_C,95.51
2026-03-04 14:00:00,Building_C,107.5
2026-03-04 15:00:00,Building_C,109.79
2026-03-04 16:00:00,Building_C,117.61
2026-03-04 17:00:00,Building_C,103.01
2026-03-04 18:00:00,Building_C,102.27
2026-03-04 19:00:00,Building_C,39.94
2026-03-04 20:00:00,Building_C,46.53
2026-03-04 21:00:00,Building_C,46.5
2026-03-04 22:00:00,Building_C,41.43
2026-03-04 23:00:00,Building_C,44.61
2026-03-05 00:00:00,Building_C,35.59
2026-03-05 01:00:00,Building_C,50.12
2026-03-05 02:00:00,Building_C,41.63
2026-03-05 03:00:00,Building_C,45.31
2026-03-05 04:00:00,Building_C,38.35
2026-03-05 05:00:00,Building_C,42.57
2026-03-05 06:00:00,Building_C,44.09
2026-03-05 07:00:00,Building_C,45.43
2026-03-05 08:00:00,Building_C,107.36
2026-03-05 09:00:00,Building_C,112.16
2026-03-05 10:00:00,Building_C,108.63
2026-03-05 11:00:00,Building_C,109.77
2026-03-05 12:00:00,Building_C,112.19
2026-03-05 13:00:00,Building_C,107.81
2026-03-05 14:00:00,Building_C,104.78
2026-03-05 15:00:00,Building_C,110.01
2026-03-05 16:00:00,Building_C,110.33
2026-03-05 17:00:00,Building_C,108.21
2026-03-05 18:00:00,Building_C,97.69
2026-03-05 19:00:00,Building_C,41.28
2026-03-05 20:00:00,Building_C,44.11
2026-03-05 21:00:00,Building_C,49.38
2026-03-05 22:00:00,Building_C,45.38
2026-03-05 23:00:00,Building_C,51.17
2026-03-06 00:00:00,Building_C,52.06
2026-03-06 01:00:00,Building_C,51.48
2026-03-06 02:00:00,Building_C,51.51
2026-03-06 03:00:00,Building_C,40.3
2026-03-06 04:00:00,Building_C,47.9
2026-03-06 05:00:00,Building_C,42.45
2026-03-06 06:00:00,Building_C,37.24
2026-03-06 07:00:00,Building_C,44.05
2026-03-06 08:00:00,Building_C,111.59
2026-03-06 09:00:00,Building_C,107.27
2026-03-06 10:00:00,Building_C,115.05
2026-03-06 11:00:00,Building_C,105.85
2026-03-06 12:00:00,Building_C,117.2
2026-03-06 13:00:00,Building_C,105.85
2026-03-06 14:00:00,Building_C,105.08
2026-03-06 15:00:00,Building_C,98.57
2026-03-06 16:00:00,Building_C,110.52
2026-03-06 17:00:00,Building_C,102.45
2026-03-06 18:00:00,Building_C,101.73
2026-03-06 19:00:00,Building_C,51.89
2026-03-06 20:00:00,Building_C,51.28
2026-03-06 21:00:00,Building_C,51.14
2026-03-06 22:00:00,Building_C,43.67
2026-03-06 23:00:00,Building_C,45.23
2026-03-07 00:00:00,Building_C,45.19
2026-03-07 01:00:00,Building_C,49.4
2026-03-07 02:00:00,Building_C,53.25
2026-03-07 03:00:00,Building_C,47.33
2026-03-07 04:00:00,Building_C,55.36
2026-03-07 05:00:00,Building_C,49.97
2026-03-07 06:00:00,Building_C,44.31
2026-03-07 07:00:00,Building_C,49.63
2026-03-07 08:00:00,Building_C,54.01
2026-03-07 09:00:00,Building_C,55.48
2026-03-07 10:00:00,Building_C,51.42
2026-03-07 11:00:00,Building_C,45.61
2026-03-07 12:00:00,Building_C,44.4
2026-03-07 13:00:00,Building_C,48.36
2026-03-07 14:00:00,Building_C,53.85
2026-03-07 15:00:00,Building_C,47.65
2026-03-07 16:00:00,Building_C,47.76
2026-03-07 17:00:00,Building_C,45.74
2026-03-07 18:00:00,Building_C,43.84
2026-03-07 19:00:00,Building_C,44.67
2026-03-07 20:00:00,Building_C,46.16
2026-03-07 21:00:00,Building_C,54.07
2026-03-07 22:00:00,Building_C,44.29
2026-03-07 23:00:00,Building_C,45.75
2026-03-08 00:00:00,Building_C,41.16
2026-03-08 01:00:00,Building_C,49.07
2026-03-08 02:00:00,Building_C,52.32
2026-03-08 03:00:00,Building_C,53.61
2026-03-08 04:00:00,Building_C,46.5
2026-03-08 05:00:00,Building_C,48.36
2026-03-08 06:00:00,Building_C,44.72
2026-03-08 07:00:00,Building_C,48.12
2026-03-08 08:00:00,Building_C,47.05
2026-03-08 09:00:00,Building_C,45.78
2026-03-08 10:00:00,Building_C,46.17
2026-03-08 11:00:00,Building_C,47.74
2026-03-08 12:00:00,Building_C,44.01
2026-03-08 13:00:00,Building_C,44.27
2026-03-08 14:00:00,Building_C,54.02
2026-03-08 15:00:00,Building_C,59.04
2026-03-08 16:00:00,Building_C,39.46
2026-03-08 17:00:00,Building_C,39.19
2026-03-08 18:00:00,Building_C,40.7
2026-03-08 19:00:00,Building_C,44.97
2026-03-08 20:00:00,Building_C,49.96
2026-03-08 21:00:00,Building_C,48.44
2026-03-08 22:00:00,Building_C,46.34
2026-03-08 23:00:00,Building_C,48.13
2026-03-09 00:00:00,Building_C,42.02
2026-03-09 01:00:00,Building_C,44.26
2026-03-09 02:00:00,Building_C,45.38
2026-03-09 03:00:00,Building_C,37.56
2026-03-09 04:00:00,Building_C,39.68
2026-03-09 05:00:00,Building_C,39.88
2026-03-09 06:00:00,Building_C,49.3
2026-03-09 07:00:00,Building_C,46.71
2026-03-09 08:00:00,Building_C,108.02
2026-03-09 09:00:00,Building_C,95.77
2026-03-09 10:00:00,Building_C,97.55
2026-03-09 11:00:00,Building_C,108.28
2026-03-09 12:00:00,Building_C,91.07
2026-03-09 13:00:00,Building_C,111.09
2026-03-09 14:00:00,Building_C,95.85
2026-03-09 15:00:00,Building_C,109.18
2026-03-09 16:00:00,Building_C,100.52
2026-03-09 17:00:00,Building_C,110.21
2026-03-09 18:00:00,Building_C,121.0
2026-03-09 19:00:00,Building_C,34.12
2026-03-09 20:00:00,Building_C,48.96
2026-03-09 21:00:00,Building_C,36.44
2026-03-09 22:00:00,Building_C,47.62
2026-03-09 23:00:00,Building_C,44.45
2026-03-10 00:00:00,Building_C,46.13
2026-03-10 01:00:00,Building_C,40.93
2026-03-10 02:00:00,Building_C,49.39
2026-03-10 03:00:00,Building_C,38.24
2026-03-10 04:00:00,Building_C,51.69
2026-03-10 05:00:00,Building_C,43.44
2026-03-10 06:00:00,Building_C,38.47
2026-03-10 07:00:00,Building_C,53.46
2026-03-10 08:00:00,Building_C,104.63
2026-03-10 09:00:00,Building_C,114.5
2026-03-10 10:00:00,Building_C,111.07
2026-03-10 11:00:00,Building_C,100.97
2026-03-10 12:00:00,Building_C,104.54
2026-03-10 13:00:00,Building_C,105.57
2026-03-10 14:00:00,Building_C,112.6
2026-03-10 15:00:00,Building_C,107.15
2026-03-10 16:00:00,Building_C,105.85
2026-03-10 17:00:00,Building_C,103.96
2026-03-10 18:00:00,Building_C,104.71
2026-03-10 19:00:00,Building_C,52.01
2026-03-10 20:00:00,Building_C,45.5
2026-03-10 21:00:00,Building_C,43.51
2026-03-10 22:00:00,Building_C,42.66
2026-03-10 23:00:00,Building_C,42.72
2026-03-11 00:00:00,Building_C,38.47
2026-03-11 01:00:00,Building_C,41.73
2026-03-11 02:00:00,Building_C,52.98
2026-03-11 03:00:00,Building_C,44.45
2026-03-11 04:00:00,Building_C,49.01
2026-03-11 05:00:00,Building_C,33.09
2026-03-11 06:00:00,Building_C,48.33
2026-03-11 07:00:00,Building_C,44.68
2026-03-11 08:00:00,Building_C,102.56
2026-03-11 09:00:00,Building_C,105.87
2026-03-11 10:00:00,Building_C,102.48
2026-03-11 11:00:00,Building_C,94.34
2026-03-11 12:00:00,Building_C,109.58
2026-03-11 13:00:00,Building_C,106.18
2026-03-11 14:00:00,Building_C,103.39
2026-03-11 15:00:00,Building_C,100.13
2026-03-11 16:00:00,Building_C,97.61
2026-03-11 17:00:00,Building_C,106.08
2026-03-11 18:00:00,Building_C,113.03
2026-03-11 19:00:00,Building_C,46.5
2026-03-11 20:00:00,Building_C,38.57
2026-03-11 21:00:00,Building_C,46.61
2026-03-11 22:00:00,Building_C,45.22
2026-03-11 23:00:00,Building_C,49.8
2026-03-12 00:00:00,Building_C,48.52
2026-03-12 01:00:00,Building_C,30.56
2026-03-12 02:00:00,Building_C,48.21
2026-03-12 03:00:00,Building_C,40.47
2026-03-12 04:00:00,Building_C,38.38
2026-03-12 05:00:00,Building_C,44.54
2026-03-12 06:00:00,Building_C,47.54
2026-03-12 07:00:00,Building_C,37.28
2026-03-12 08:00:00,Building_C,108.49
2026-03-12 09:00:00,Building_C,108.78
2026-03-12 10:00:00,Building_C,105.2
2026-03-12 11:00:00,Building_C,100.63
2026-03-12 12:00:00,Building_C,100.07
2026-03-12 13:00:00,Building_C,110.09
2026-03-12 14:00:00,Building_C,97.41
2026-03-12 15:00:00,Building_C,110.29
2026-03-12 16:00:00,Building_C,104.14
2026-03-12 17:00:00,Building_C,104.48
2026-03-12 18:00:00,Building_C,96.42
2026-03-12 19:00:00,Building_C,44.75
2026-03-12 20:00:00,Building_C,48.55
2026-03-12 21:00:00,Building_C,38.8
2026-03-12 22:00:00,Building_C,47.98
2026-03-12 23:00:00,Building_C,45.93
2026-03-13 00:00:00,Building_C,42.27
2026-03-13 01:00:00,Building_C,49.76
2026-03-13 02:00:00,Building_C,34.47
2026-03-13 03:00:00,Building_C,47.22
2026-03-13 04:00:00,Building_C,53.58
2026-03-13 05:00:00,Building_C,52.68
2026-03-13 06:00:00,Building_C,47.43
2026-03-13 07:00:00,Building_C,43.98
2026-03-13 08:00:00,Building_C,101.78
2026-03-13 09:00:00,Building_C,103.45
2026-03-13 10:00:00,Building_C,107.68
2026-03-13 11:00:00,Building_C,100.93
2026-03-13 12:00:00,Building_C,108.75
2026-03-13 13:00:00,Building_C,115.63
2026-03-13 14:00:00,Building_C,104.65
2026-03-13 15:00:00,Building_C,98.24
2026-03-13 16:00:00,Building_C,98.24
2026-03-13 17:00:00,Building_C,108.85
2026-03-13 18:00:00,Building_C,104.67
2026-03-13 19:00:00,Building_C,49.87
2026-03-13 20:00:00,Building_C,42.82
2026-03-13 21:00:00,Building_C,49.64
2026-03-13 22:00:00,Building_C,44.69
2026-03-13 23:00:00,Building_C,41.82
2026-03-14 00:00:00,Building_C,43.48
2026-03-14 01:00:00,Building_C,39.5
2026-03-14 02:00:00,Building_C,55.43
2026-03-14 03:00:00,Building_C,45.0
2026-03-14 04:00:00,Building_C,48.71
2026-03-14 05:00:00,Building_C,42.8
2026-03-14 06:00:00,Building_C,40.22
2026-03-14 07:00:00,Building_C,44.31
2026-03-14 08:00:00,Building_C,50.99
2026-03-14 09:00:00,Building_C,42.88
2026-03-14 10:00:00,Building_C,41.13
2026-03-14 11:00:00,Building_C,46.26
2026-03-14 12:00:00,Building_C,47.98
2026-03-14 13:00:00,Building_C,53.7
2026-03-14 14:00:00,Building_C,47.25
2026-03-14 15:00:00,Building_C,48.7
2026-03-14 16:00:00,Building_C,49.08
2026-03-14 17:00:00,Building_C,39.72
2026-03-14 18:00:00,Building_C,40.67
2026-03-14 19:00:00,Building_C,40.06
2026-03-14 20:00:00,Building_C,38.82
2026-03-14 21:00:00,Building_C,49.46
2026-03-14 22:00:00,Building_C,46.93
2026-03-14 23:00:00,Building_C,45.88
2026-03-15 00:00:00,Building_C,32.52
2026-03-15 01:00:00,Building_C,55.76
2026-03-15 02:00:00,Building_C,41.01
2026-03-15 03:00:00,Building_C,55.74
2026-03-15 04:00:00,Building_C,38.24
2026-03-15 05:00:00,Building_C,41.42
2026-03-15 06:00:00,Building_C,34.47
2026-03-15 07:00:00,Building_C,47.29
2026-03-15 08:00:00,Building_C,39.98
2026-03-15 09:00:00,Building_C,40.12
2026-03-15 10:00:00,Building_C,38.62
2026-03-15 11:00:00,Building_C,49.37
2026-03-15 12:00:00,Building_C,49.04
2026-03-15 13:00:00,Building_C,54.54
2026-03-15 14:00:00,Building_C,42.06
2026-03-15 15:00:00,Building_C,46.58
2026-03-15 16:00:00,Building_C,39.04
2026-03-15 17:00:00,Building_C,43.81
2026-03-15 18:00:00,Building_C,42.89
2026-03-15 19:00:00,Building_C,47.81
2026-03-15 20:00:00,Building_C,50.57
2026-03-15 21:00:00,Building_C,50.44
2026-03-15 22:00:00,Building_C,41.27
2026-03-15 23:00:00,Building_C,50.48
2026-03-16 00:00:00,Building_C,45.26
2026-03-16 01:00:00,Building_C,43.86
2026-03-16 02:00:00,Building_C,41.94
2026-03-16 03:00:00,Building_C,42.68
2026-03-16 04:00:00,Building_C,54.2
2026-03-16 05:00:00,Building_C,47.02
2026-03-16 06:00:00,Building_C,46.36
2026-03-16 07:00:00,Building_C,44.17
2026-03-16 08:00:00,Building_C,117.19
2026-03-16 09:00:00,Building_C,111.49
2026-03-16 10:00:00,Building_C,101.36
2026-03-16 11:00:00,Building_C,103.6
2026-03-16 12:00:00,Building_C,103.89
2026-03-16 13:00:00,Building_C,105.69
2026-03-16 14:00:00,Building_C,101.46
2026-03-16 15:00:00,Building_C,107.16
2026-03-16 16:00:00,Building_C,112.22
2026-03-16 17:00:00,Building_C,98.4
2026-03-16 18:00:00,Building_C,99.32
2026-03-16 19:00:00,Building_C,43.07
2026-03-16 20:00:00,Building_C,43.3
2026-03-16 21:00:00,Building_C,55.48
2026-03-16 22:00:00,Building_C,50.49
2026-03-16 23:00:00,Building_C,50.21
2026-03-17 00:00:00,Building_C,44.16
2026-03-17 01:00:00,Building_C,44.05
2026-03-17 02:00:00,Building_C,38.23
2026-03-17 03:00:00,Building_C,49.39
2026-03-17 04:00:00,Building_C,47.94
2026-03-17 05:00:00,Building_C,51.91
2026-03-17 06:00:00,Building_C,44.43
2026-03-17 07:00:00,Building_C,44.78
2026-03-17 08:00:00,Building_C,105.81
2026-03-17 09:00:00,Building_C,109.42
2026-03-17 10:00:00,Building_C,97.61
2026-03-17 11:00:00,Building_C,108.64
2026-03-17 12:00:00,Building_C,104.86
2026-03-17 13:00:00,Building_C,99.67
2026-03-17 14:00:00,Building_C,94.54
2026-03-17 15:00:00,Building_C,104.28
2026-03-17 16:00:00,Building_C,112.2
2026-03-17 17:00:00,Building_C,113.34
2026-03-17 18:00:00,Building_C,106.74
2026-03-17 19:00:00,Building_C,55.29
2026-03-17 20:00:00,Building_C,45.27
2026-03-17 21:00:00,Building_C,50.25
2026-03-17 22:00:00,Building_C,43.23
2026-03-17 23:00:00,Building_C,42.91
2026-03-18 00:00:00,Building_C,42.1
2026-03-18 01:00:00,Building_C,35.18
2026-03-18 02:00:00,Building_C,51.92
2026-03-18 03:00:00,Building_C,42.28
2026-03-18 04:00:00,Building_C,41.48
2026-03-18 05:00:00,Building_C,39.58
2026-03-18 06:00:00,Building_C,44.46
2026-03-18 07:00:00,Building_C,54.3
2026-03-18 08:00:00,Building_C,115.43
2026-03-18 09:00:00,Building_C,96.66
2026-03-18 10:00:00,Building_C,103.19
2026-03-18 11:00:00,Building_C,99.79
2026-03-18 12:00:00,Building_C,109.91
2026-03-18 13:00:00,Building_C,106.4
2026-03-18 14:00:00,Building_C,101.78
2026-03-18 15:00:00,Building_C,105.33
2026-03-18 16:00:00,Building_C,102.58
2026-03-18 17:00:00,Building_C,113.04
2026-03-18 18:00:00,Building_C,107.7
2026-03-18 19:00:00,Building_C,48.83
2026-03-18 20:00:00,Building_C,32.15
2026-03-18 21:00:00,Building_C,45.15
2026-03-18 22:00:00,Building_C,55.9
2026-03-18 23:00:00,Building_C,52.11
2026-03-19 00:00:00,Building_C,36.25
2026-03-19 01:00:00,Building_C,43.92
2026-03-19 02:00:00,Building_C,39.48
2026-03-19 03:00:00,Building_C,54.04
2026-03-19 04:00:00,Building_C,46.71
2026-03-19 05:00:00,Building_C,41.65
2026-03-19 06:00:00,Building_C,45.66
2026-03-19 07:00:00,Building_C,32.45
2026-03-19 08:00:00,Building_C,99.54
2026-03-19 09:00:00,Building_C,105.15
2026-03-19 10:00:00,Building_C,109.19
2026-03-19 11:00:00,Building_C,95.26
2026-03-19 12:00:00,Building_C,103.06
2026-03-19 13:00:00,Building_C,110.01
2026-03-19 14:00:00,Building_C,97.71
2026-03-19 15:00:00,Building_C,106.11
2026-03-19 16:00:00,Building_C,105.29
2026-03-19 17:00:00,Building_C,113.54
2026-03-19 18:00:00,Building_C,103.81
2026-03-19 19:00:00,Building_C,44.63
2026-03-19 20:00:00,Building_C,49.76
2026-03-19 21:00:00,Building_C,38.85
2026-03-19 22:00:00,Building_C,44.38
2026-03-19 23:00:00,Building_C,43.21
2026-03-20 00:00:00,Building_C,44.79
2026-03-20 01:00:00,Building_C,49.73
2026-03-20 02:00:00,Building_C,48.26
2026-03-20 03:00:00,Building_C,41.74
2026-03-20 04:00:00,Building_C,46.17
2026-03-20 05:00:00,Building_C,52.94
2026-03-20 06:00:00,Building_C,41.33
2026-03-20 07:00:00,Building_C,46.21
2026-03-20 08:00:00,Building_C,104.0
2026-03-20 09:00:00,Building_C,104.65
2026-03-20 10:00:00,Building_C,96.81
2026-03-20 11:00:00,Building_C,112.02
2026-03-20 12:00:00,Building_C,101.09
2026-03-20 13:00:00,Building_C,110.09
2026-03-20 14:00:00,Building_C,101.86
2026-03-20 15:00:00,Building_C,101.84
2026-03-20 16:00:00,Building_C,111.03
2026-03-20 17:00:00,Building_C,109.93
2026-03-20 18:00:00,Building_C,106.01
2026-03-20 19:00:00,Building_C,49.29
2026-03-20 20:00:00,Building_C,44.04
2026-03-20 21:00:00,Building_C,45.44
2026-03-20 22:00:00,Building_C,42.18
2026-03-20 23:00:00,Building_C,50.0
2026-03-21 00:00:00,Building_C,42.02
2026-03-21 01:00:00,Building_C,52.91
2026-03-21 02:00:00,Building_C,43.91
2026-03-21 03:00:00,Building_C,45.59
2026-03-21 04:00:00,Building_C,49.28
2026-03-21 05:00:00,Building_C,45.6
2026-03-21 06:00:00,Building_C,43.99
2026-03-21 07:00:00,Building_C,45.33
2026-03-21 08:00:00,Building_C,49.95
2026-03-21 09:00:00,Building_C,42.17
2026-03-21 10:00:00,Building_C,44.85
2026-03-21 11:00:00,Building_C,45.54
2026-03-21 12:00:00,Building_C,49.81
2026-03-21 13:00:00,Building_C,44.99
2026-03-21 14:00:00,Building_C,54.53
2026-03-21 15:00:00,Building_C,44.7
2026-03-21 16:00:00,Building_C,44.3
2026-03-21 17:00:00,Building_C,44.63
2026-03-21 18:00:00,Building_C,38.9
2026-03-21 19:00:00,Building_C,40.3
2026-03-21 20:00:00,Building_C,42.83
2026-03-21 21:00:00,Building_C,51.16
2026-03-21 22:00:00,Building_C,45.32
2026-03-21 23:00:00,Building_C,43.06
2026-03-22 00:00:00,Building_C,51.62
2026-03-22 01:00:00,Building_C,53.24
2026-03-22 02:00:00,Building_C,51.76
2026-03-22 03:00:00,Building_C,41.22
2026-03-22 04:00:00,Building_C,43.01
2026-03-22 05:00:00,Building_C,54.55
2026-03-22 06:00:00,Building_C,46.69
2026-03-22 07:00:00,Building_C,44.15
2026-03-22 08:00:00,Building_C,49.08
2026-03-22 09:00:00,Building_C,50.52
2026-03-22 10:00:00,Building_C,42.63
2026-03-22 11:00:00,Building_C,46.58
2026-03-22 12:00:00,Building_C,50.12
2026-03-22 13:00:00,Building_C,39.68
2026-03-22 14:00:00,Building_C,45.55
2026-03-22 15:00:00,Building_C,39.91
2026-03-22 16:00:00,Building_C,40.57
2026-03-22 17:00:00,Building_C,42.67
2026-03-22 18:00:00,Building_C,47.87
2026-03-22 19:00:00,Building_C,43.87
2026-03-22 20:00:00,Building_C,42.24
2026-03-22 21:00:00,Building_C,45.74
2026-03-22 22:00:00,Building_C,39.75
2026-03-22 23:00:00,Building_C,47.63
2026-03-23 00:00:00,Building_C,51.14
2026-03-23 01:00:00,Building_C,45.09
2026-03-23 02:00:00,Building_C,44.47
2026-03-23 03:00:00,Building_C,47.35
2026-03-23 04:00:00,Building_C,35.34
2026-03-23 05:00:00,Building_C,48.17
2026-03-23 06:00:00,Building_C,60.99
2026-03-23 07:00:00,Building_C,44.87
2026-03-23 08:00:00,Building_C,104.37
2026-03-23 09:00:00,Building_C,108.68
2026-03-23 10:00:00,Building_C,113.19
2026-03-23 11:00:00,Building_C,109.84
2026-03-23 12:00:00,Building_C,94.19
2026-03-23 13:00:00,Building_C,107.78
2026-03-23 14:00:00,Building_C,117.82
2026-03-23 15:00:00,Building_C,108.08
2026-03-23 16:00:00,Building_C,99.19
2026-03-23 17:00:00,Building_C,106.37
2026-03-23 18:00:00,Building_C,98.56
2026-03-23 19:00:00,Building_C,51.65
2026-03-23 20:00:00,Building_C,40.7
2026-03-23 21:00:00,Building_C,45.86
2026-03-23 22:00:00,Building_C,41.2
2026-03-23 23:00:00,Building_C,42.75
2026-03-24 00:00:00,Building_C,52.92
2026-03-24 01:00:00,Building_C,46.0
2026-03-24 02:00:00,Building_C,42.69
2026-03-24 03:00:00,Building_C,39.76
2026-03-24 04:00:00,Building_C,36.13
2026-03-24 05:00:00,Building_C,39.23
2026-03-24 06:00:00,Building_C,46.04
2026-03-24 07:00:00,Building_C,50.39
2026-03-24 08:00:00,Building_C,102.16
2026-03-24 09:00:00,Building_C,112.82
2026-03-24 10:00:00,Building_C,101.38
2026-03-24 11:00:00,Building_C,103.77
2026-03-24 12:00:00,Building_C,99.57
2026-03-24 13:00:00,Building_C,109.92
2026-03-24 14:00:00,Building_C,115.45
2026-03-24 15:00:00,Building_C,96.15
2026-03-24 16:00:00,Building_C,103.23
2026-03-24 17:00:00,Building_C,111.29
2026-03-24 18:00:00,Building_C,97.73
2026-03-24 19:00:00,Building_C,48.32
2026-03-24 20:00:00,Building_C,51.59
2026-03-24 21:00:00,Building_C,45.88
2026-03-24 22:00:00,Building_C,48.24
2026-03-24 23:00:00,Building_C,54.29
2026-03-25 00:00:00,Building_C,55.23
2026-03-25 01:00:00,Building_C,45.17
2026-03-25 02:00:00,Building_C,42.82
2026-03-25 03:00:00,Building_C,40.88
2026-03-25 04:00:00,Building_C,50.37
2026-03-25 05:00:00,Building_C,38.63
2026-03-25 06:00:00,Building_C,44.22
2026-03-25 07:00:00,Building_C,46.0
2026-03-25 08:00:00,Building_C,102.45
2026-03-25 09:00:00,Building_C,106.36
2026-03-25 10:00:00,Building_C,117.79
2026-03-25 11:00:00,Building_C,104.36
2026-03-25 12:00:00,Building_C,102.79
2026-03-25 13:00:00,Building_C,110.04
2026-03-25 14:00:00,Building_C,106.16
2026-03-25 15:00:00,Building_C,112.16
2026-03-25 16:00:00,Building_C,105.79
2026-03-25 17:00:00,Building_C,103.72
2026-03-25 18:00:00,Building_C,96.05
2026-03-25 19:00:00,Building_C,37.39
2026-03-25 20:00:00,Building_C,36.31
2026-03-25 21:00:00,Building_C,47.38
2026-03-25 22:00:00,Building_C,38.67
2026-03-25 23:00:00,Building_C,51.76
2026-03-26 00:00:00,Building_C,45.64
2026-03-26 01:00:00,Building_C,44.26
2026-03-26 02:00:00,Building_C,41.27
2026-03-26 03:00:00,Building_C,48.6
2026-03-26 04:00:00,Building_C,41.46
2026-03-26 05:00:00,Building_C,40.56
2026-03-26 06:00:00,Building_C,51.43
2026-03-26 07:00:00,Building_C,47.26
2026-03-26 08:00:00,Building_C,103.79
2026-03-26 09:00:00,Building_C,108.17
2026-03-26 10:00:00,Building_C,105.01
2026-03-26 11:00:00,Building_C,106.88
2026-03-26 12:00:00,Building_C,100.88
2026-03-26 13:00:00,Building_C,115.32
2026-03-26 14:00:00,Building_C,102.07
2026-03-26 15:00:00,Building_C,112.74
2026-03-26 16:00:00,Building_C,104.02
2026-03-26 17:00:00,Building_C,109.0
2026-03-26 18:00:00,Building_C,108.63
2026-03-26 19:00:00,Building_C,51.22
2026-03-26 20:00:00,Building_C,41.28
2026-03-26 21:00:00,Building_C,50.86
2026-03-26 22:00:00,Building_C,54.72
2026-03-26 23:00:00,Building_C,44.19
2026-03-27 00:00:00,Building_C,45.66
2026-03-27 01:00:00,Building_C,42.87
2026-03-27 02:00:00,Building_C,43.75
2026-03-27 03:00:00,Building_C,54.04
2026-03-27 04:00:00,Building_C,40.46
2026-03-27 05:00:00,Building_C,40.77
2026-03-27 06:00:00,Building_C,53.54
2026-03-27 07:00:00,Building_C,48.61
2026-03-27 08:00:00,Building_C,115.57
2026-03-27 09:00:00,Building_C,102.71
2026-03-27 10:00:00,Building_C,105.6
2026-03-27 11:00:00,Building_C,101.66
2026-03-27 12:00:00,Building_C,105.68
2026-03-27 13:00:00,Building_C,96.09
2026-03-27 14:00:00,Building_C,108.39
2026-03-27 15:00:00,Building_C,106.58
2026-03-27 16:00:00,Building_C,104.68
2026-03-27 17:00:00,Building_C,103.01
2026-03-27 18:00:00,Building_C,100.49
2026-03-27 19:00:00,Building_C,49.12
2026-03-27 20:00:00,Building_C,39.63
2026-03-27 21:00:00,Building_C,48.04
2026-03-27 22:00:00,Building_C,55.86
2026-03-27 23:00:00,Building_C,52.91
2026-03-28 00:00:00,Building_C,37.96
2026-03-28 01:00:00,Building_C,42.8
2026-03-28 02:00:00,Building_C,47.59
2026-03-28 03:00:00,Building_C,45.13
2026-03-28 04:00:00,Building_C,38.49
2026-03-28 05:00:00,Building_C,47.41
2026-03-28 06:00:00,Building_C,45.43
2026-03-28 07:00:00,Building_C,55.06
2026-03-28 08:00:00,Building_C,44.22
2026-03-28 09:00:00,Building_C,51.32
2026-03-28 10:00:00,Building_C,39.15
2026-03-28 11:00:00,Building_C,40.34
2026-03-28 12:00:00,Building_C,49.09
2026-03-28 13:00:00,Building_C,50.9
2026-03-28 14:00:00,Building_C,40.7
2026-03-28 15:00:00,Building_C,45.6
2026-03-28 16:00:00,Building_C,38.58
2026-03-28 17:00:00,Building_C,44.58
2026-03-28 18:00:00,Building_C,49.67
2026-03-28 19:00:00,Building_C,43.31
2026-03-28 20:00:00,Building_C,44.24
2026-03-28 21:00:00,Building_C,39.84
2026-03-28 22:00:00,Building_C,42.24
2026-03-28 23:00:00,Building_C,54.27
2026-03-29 00:00:00,Building_C,45.85
2026-03-29 01:00:00,Building_C,40.47
2026-03-29 02:00:00,Building_C,43.91
2026-03-29 03:00:00,Building_C,37.5
2026-03-29 04:00:00,Building_C,40.41
2026-03-29 05:00:00,Building_C,52.29
2026-03-29 06:00:00,Building_C,44.77
2026-03-29 07:00:00,Building_C,54.94
2026-03-29 08:00:00,Building_C,45.01
2026-03-29 09:00:00,Building_C,45.3
2026-03-29 10:00:00,Building_C,48.69
2026-03-29 11:00:00,Building_C,32.12
2026-03-29 12:00:00,Building_C,46.51
2026-03-29 13:00:00,Building_C,45.24
2026-03-29 14:00:00,Building_C,52.91
2026-03-29 15:00:00,Building_C,50.31
2026-03-29 16:00:00,Building_C,39.82
2026-03-29 17:00:00,Building_C,51.7
2026-03-29 18:00:00,Building_C,44.17
2026-03-29 19:00:00,Building_C,40.96
2026-03-29 20:00:00,Building_C,46.47
2026-03-29 21:00:00,Building_C,44.47
2026-03-29 22:00:00,Building_C,53.18
2026-03-29 23:00:00,Building_C,47.19
2026-03-30 00:00:00,Building_C,46.51
2026-03-30 01:00:00,Building_C,49.99
2026-03-30 02:00:00,Building_C,50.95
2026-03-30 03:00:00,Building_C,49.4
2026-03-30 04:00:00,Building_C,52.58
2026-03-30 05:00:00,Building_C,48.53
2026-03-30 06:00:00,Building_C,46.32
2026-03-30 07:00:00,Building_C,51.68
2026-03-30 08:00:00,Building_C,104.51
2026-03-30 09:00:00,Building_C,105.13
2026-03-30 10:00:00,Building_C,113.57
2026-03-30 11:00:00,Building_C,113.07
2026-03-30 12:00:00,Building_C,104.92
2026-03-30 13:00:00,Building_C,102.7
2026-03-30 14:00:00,Building_C,112.28
2026-03-30 15:00:00,Building_C,108.97
2026-03-30 16:00:00,Building_C,106.54
2026-03-30 17:00:00,Building_C,103.35
2026-03-30 18:00:00,Building_C,106.62
2026-03-30 19:00:00,Building_C,45.38
2026-03-30 20:00:00,Building_C,42.16
2026-03-30 21:00:00,Building_C,46.13
2026-03-30 22:00:00,Building_C,46.81
2026-03-30 23:00:00,Building_C,43.61
2026-03-31 00:00:00,Building_C,50.0
2026-03-31 01:00:00,Building_C,51.93
2026-03-31 02:00:00,Building_C,50.33
2026-03-31 03:00:00,Building_C,44.1
2026-03-31 04:00:00,Building_C,49.26
2026-03-31 05:00:00,Building_C,45.87
2026-03-31 06:00:00,Building_C,39.31
2026-03-31 07:00:00,Building_C,48.85
2026-03-31 08:00:00,Building_C,105.69
2026-03-31 09:00:00,Building_C,117.93
2026-03-31 10:00:00,Building_C,112.25
2026-03-31 11:00:00,Building_C,108.52
2026-03-31 12:00:00,Building_C,106.21
2026-03-31 13:00:00,Building_C,105.78
2026-03-31 14:00:00,Building_C,99.95
2026-03-31 15:00:00,Building_C,96.27
2026-03-31 16:00:00,Building_C,100.6
2026-03-31 17:00:00,Building_C,104.73
2026-03-31 18:00:00,Building_C,94.44
2026-03-31 19:00:00,Building_C,42.76
2026-03-31 20:00:00,Building_C,44.25
2026-03-31 21:00:00,Building_C,44.41
2026-03-31 22:00:00,Building_C,42.18
2026-03-31 23:00:00,Building_C,43.78
2026-01-01 00:00:00,Building_D,65.49
2026-01-01 01:00:00,Building_D,59.37
2026-01-01 02:00:00,Building_D,61.83
2026-01-01 03:00:00,Building_D,62.03
2026-01-01 04:00:00,Building_D,58.34
2026-01-01 05:00:00,Building_D,58.33
2026-01-01 06:00:00,Building_D,67.23
2026-01-01 07:00:00,Building_D,60.08
2026-01-01 08:00:00,Building_D,138.01
2026-01-01 09:00:00,Building_D,143.27
2026-01-01 10:00:00,Building_D,144.07
2026-01-01 11:00:00,Building_D,133.62
2026-01-01 12:00:00,Building_D,143.28
2026-01-01 13:00:00,Building_D,147.82
2026-01-01 14:00:00,Building_D,145.74
2026-01-01 15:00:00,Building_D,154.63
2026-01-01 16:00:00,Building_D,149.74
2026-01-01 17:00:00,Building_D,150.73
2026-01-01 18:00:00,Building_D,157.48
2026-01-01 19:00:00,Building_D,65.97
2026-01-01 20:00:00,Building_D,62.99
2026-01-01 21:00:00,Building_D,67.04
2026-01-01 22:00:00,Building_D,59.38
2026-01-01 23:00:00,Building_D,62.71
2026-01-02 00:00:00,Building_D,58.94
2026-01-02 01:00:00,Building_D,64.17
2026-01-02 02:00:00,Building_D,58.92
2026-01-02 03:00:00,Building_D,58.74
2026-01-02 04:00:00,Building_D,64.24
2026-01-02 05:00:00,Building_D,61.49
2026-01-02 06:00:00,Building_D,52.54
2026-01-02 07:00:00,Building_D,54.9
2026-01-02 08:00:00,Building_D,137.75
2026-01-02 09:00:00,Building_D,139.07
2026-01-02 10:00:00,Building_D,145.56
2026-01-02 11:00:00,Building_D,144.58
2026-01-02 12:00:00,Building_D,148.81
2026-01-02 13:00:00,Building_D,147.25
2026-01-02 14:00:00,Building_D,148.84
2026-01-02 15:00:00,Building_D,146.53
2026-01-02 16:00:00,Building_D,144.53
2026-01-02 17:00:00,Building_D,148.98
2026-01-02 18:00:00,Building_D,148.08
2026-01-02 19:00:00,Building_D,64.06
2026-01-02 20:00:00,Building_D,68.53
2026-01-02 21:00:00,Building_D,50.45
2026-01-02 22:00:00,Building_D,60.72
2026-01-02 23:00:00,Building_D,60.65
2026-01-03 00:00:00,Building_D,67.94
2026-01-03 01:00:00,Building_D,70.03
2026-01-03 02:00:00,Building_D,54.93
2026-01-03 03:00:00,Building_D,69.23
2026-01-03 04:00:00,Building_D,56.32
2026-01-03 05:00:00,Building_D,56.47
2026-01-03 06:00:00,Building_D,61.0
2026-01-03 07:00:00,Building_D,60.59
2026-01-03 08:00:00,Building_D,54.38
2026-01-03 09:00:00,Building_D,65.43
2026-01-03 10:00:00,Building_D,65.57
2026-01-03 11:00:00,Building_D,67.45
2026-01-03 12:00:00,Building_D,60.01
2026-01-03 13:00:00,Building_D,61.98
2026-01-03 14:00:00,Building_D,62.02
2026-01-03 15:00:00,Building_D,70.62
2026-01-03 16:00:00,Building_D,48.0
2026-01-03 17:00:00,Building_D,57.39
2026-01-03 18:00:00,Building_D,62.2
2026-01-03 19:00:00,Building_D,56.75
2026-01-03 20:00:00,Building_D,60.88
2026-01-03 21:00:00,Building_D,61.55
2026-01-03 22:00:00,Building_D,58.89
2026-01-03 23:00:00,Building_D,62.5
2026-01-04 00:00:00,Building_D,65.32
2026-01-04 01:00:00,Building_D,60.99
2026-01-04 02:00:00,Building_D,59.91
2026-01-04 03:00:00,Building_D,61.35
2026-01-04 04:00:00,Building_D,62.14
2026-01-04 05:00:00,Building_D,53.47
2026-01-04 06:00:00,Building_D,64.48
2026-01-04 07:00:00,Building_D,59.92
2026-01-04 08:00:00,Building_D,68.48
2026-01-04 09:00:00,Building_D,65.13
2026-01-04 10:00:00,Building_D,68.03
2026-01-04 11:00:00,Building_D,57.12
2026-01-04 12:00:00,Building_D,60.32
2026-01-04 13:00:00,Building_D,55.96
2026-01-04 14:00:00,Building_D,58.65
2026-01-04 15:00:00,Building_D,68.44
2026-01-04 16:00:00,Building_D,69.61
2026-01-04 17:00:00,Building_D,56.44
2026-01-04 18:00:00,Building_D,59.88
2026-01-04 19:00:00,Building_D,61.8
2026-01-04 20:00:00,Building_D,65.1
2026-01-04 21:00:00,Building_D,53.38
2026-01-04 22:00:00,Building_D,54.16
2026-01-04 23:00:00,Building_D,64.62
2026-01-05 00:00:00,Building_D,52.43
2026-01-05 01:00:00,Building_D,59.94
2026-01-05 02:00:00,Building_D,62.99
2026-01-05 03:00:00,Building_D,64.25
2026-01-05 04:00:00,Building_D,61.47
2026-01-05 05:00:00,Building_D,60.35
2026-01-05 06:00:00,Building_D,66.4
2026-01-05 07:00:00,Building_D,63.6
2026-01-05 08:00:00,Building_D,140.25
2026-01-05 09:00:00,Building_D,143.67
2026-01-05 10:00:00,Building_D,145.4
2026-01-05 11:00:00,Building_D,152.07
2026-01-05 12:00:00,Building_D,147.41
2026-01-05 13:00:00,Building_D,149.56
2026-01-05 14:00:00,Building_D,140.43
2026-01-05 15:00:00,Building_D,140.86
2026-01-05 16:00:00,Building_D,142.31
2026-01-05 17:00:00,Building_D,142.77
2026-01-05 18:00:00,Building_D,138.44
2026-01-05 19:00:00,Building_D,68.51
2026-01-05 20:00:00,Building_D,66.59
2026-01-05 21:00:00,Building_D,60.65
2026-01-05 22:00:00,Building_D,65.38
2026-01-05 23:00:00,Building_D,63.29
2026-01-06 00:00:00,Building_D,65.78
2026-01-06 01:00:00,Building_D,55.45
2026-01-06 02:00:00,Building_D,61.45
2026-01-06 03:00:00,Building_D,61.89
2026-01-06 04:00:00,Building_D,65.29
2026-01-06 05:00:00,Building_D,59.03
2026-01-06 06:00:00,Building_D,49.68
2026-01-06 07:00:00,Building_D,56.77
2026-01-06 08:00:00,Building_D,143.18
2026-01-06 09:00:00,Building_D,143.8
2026-01-06 10:00:00,Building_D,151.9
2026-01-06 11:00:00,Building_D,146.4
2026-01-06 12:00:00,Building_D,143.89
2026-01-06 13:00:00,Building_D,143.32
2026-01-06 14:00:00,Building_D,149.0
2026-01-06 15:00:00,Building_D,140.53
2026-01-06 16:00:00,Building_D,142.78
2026-01-06 17:00:00,Building_D,138.04
2026-01-06 18:00:00,Building_D,150.58
2026-01-06 19:00:00,Building_D,64.14
2026-01-06 20:00:00,Building_D,58.64
2026-01-06 21:00:00,Building_D,61.6
2026-01-06 22:00:00,Building_D,64.72
2026-01-06 23:00:00,Building_D,60.92
2026-01-07 00:00:00,Building_D,59.5
2026-01-07 01:00:00,Building_D,58.9
2026-01-07 02:00:00,Building_D,63.87
2026-01-07 03:00:00,Building_D,60.39
2026-01-07 04:00:00,Building_D,59.91
2026-01-07 05:00:00,Building_D,55.5
2026-01-07 06:00:00,Building_D,62.56
2026-01-07 07:00:00,Building_D,61.27
2026-01-07 08:00:00,Building_D,141.88
2026-01-07 09:00:00,Building_D,144.48
2026-01-07 10:00:00,Building_D,147.22
2026-01-07 11:00:00,Building_D,146.99
2026-01-07 12:00:00,Building_D,146.25
2026-01-07 13:00:00,Building_D,142.28
2026-01-07 14:00:00,Building_D,140.65
2026-01-07 15:00:00,Building_D,138.26
2026-01-07 16:00:00,Building_D,140.52
2026-01-07 17:00:00,Building_D,143.58
2026-01-07 18:00:00,Building_D,139.55
2026-01-07 19:00:00,Building_D,62.66
2026-01-07 20:00:00,Building_D,57.35
2026-01-07 21:00:00,Building_D,53.87
2026-01-07 22:00:00,Building_D,66.27
2026-01-07 23:00:00,Building_D,59.8
2026-01-08 00:00:00,Building_D,57.99
2026-01-08 01:00:00,Building_D,56.71
2026-01-08 02:00:00,Building_D,64.29
2026-01-08 03:00:00,Building_D,69.05
2026-01-08 04:00:00,Building_D,60.16
2026-01-08 05:00:00,Building_D,61.1
2026-01-08 06:00:00,Building_D,67.53
2026-01-08 07:00:00,Building_D,53.12
2026-01-08 08:00:00,Building_D,153.32
2026-01-08 09:00:00,Building_D,155.7
2026-01-08 10:00:00,Building_D,129.95
2026-01-08 11:00:00,Building_D,143.0
2026-01-08 12:00:00,Building_D,139.89
2026-01-08 13:00:00,Building_D,142.16
2026-01-08 14:00:00,Building_D,141.39
2026-01-08 15:00:00,Building_D,147.54
2026-01-08 16:00:00,Building_D,142.92
2026-01-08 17:00:00,Building_D,138.93
2026-01-08 18:00:00,Building_D,142.62
2026-01-08 19:00:00,Building_D,64.75
2026-01-08 20:00:00,Building_D,56.26
2026-01-08 21:00:00,Building_D,53.94
2026-01-08 22:00:00,Building_D,72.14
2026-01-08 23:00:00,Building_D,58.96
2026-01-09 00:00:00,Building_D,61.49
2026-01-09 01:00:00,Building_D,60.19
2026-01-09 02:00:00,Building_D,64.92
2026-01-09 03:00:00,Building_D,71.04
2026-01-09 04:00:00,Building_D,65.08
2026-01-09 05:00:00,Building_D,54.58
2026-01-09 06:00:00,Building_D,55.26
2026-01-09 07:00:00,Building_D,60.18
2026-01-09 08:00:00,Building_D,142.14
2026-01-09 09:00:00,Building_D,134.87
2026-01-09 10:00:00,Building_D,147.58
2026-01-09 11:00:00,Building_D,138.05
2026-01-09 12:00:00,Building_D,150.95
2026-01-09 13:00:00,Building_D,152.59
2026-01-09 14:00:00,Building_D,142.24
2026-01-09 15:00:00,Building_D,145.68
2026-01-09 16:00:00,Building_D,137.32
2026-01-09 17:00:00,Building_D,146.6
2026-01-09 18:00:00,Building_D,140.99
2026-01-09 19:00:00,Building_D,56.74
2026-01-09 20:00:00,Building_D,60.73
2026-01-09 21:00:00,Building_D,59.85
2026-01-09 22:00:00,Building_D,60.55
2026-01-09 23:00:00,Building_D,66.92
2026-01-10 00:00:00,Building_D,58.25
2026-01-10 01:00:00,Building_D,70.85
2026-01-10 02:00:00,Building_D,55.55
2026-01-10 03:00:00,Building_D,70.25
2026-01-10 04:00:00,Building_D,57.09
2026-01-10 05:00:00,Building_D,62.17
2026-01-10 06:00:00,Building_D,59.73
2026-01-10 07:00:00,Building_D,60.46
2026-01-10 08:00:00,Building_D,66.18
2026-01-10 09:00:00,Building_D,69.68
2026-01-10 10:00:00,Building_D,68.13
2026-01-10 11:00:00,Building_D,60.15
2026-01-10 12:00:00,Building_D,63.1
2026-01-10 13:00:00,Building_D,58.27
2026-01-10 14:00:00,Building_D,57.22
2026-01-10 15:00:00,Building_D,56.44
2026-01-10 16:00:00,Building_D,59.99
2026-01-10 17:00:00,Building_D,63.42
2026-01-10 18:00:00,Building_D,52.62
2026-01-10 19:00:00,Building_D,61.94
2026-01-10 20:00:00,Building_D,69.76
2026-01-10 21:00:00,Building_D,67.79
2026-01-10 22:00:00,Building_D,59.25
2026-01-10 23:00:00,Building_D,55.19
2026-01-11 00:00:00,Building_D,64.48
2026-01-11 01:00:00,Building_D,50.59
2026-01-11 02:00:00,Building_D,67.73
2026-01-11 03:00:00,Building_D,61.11
2026-01-11 04:00:00,Building_D,71.33
2026-01-11 05:00:00,Building_D,53.54
2026-01-11 06:00:00,Building_D,66.77
2026-01-11 07:00:00,Building_D,61.67
2026-01-11 08:00:00,Building_D,60.52
2026-01-11 09:00:00,Building_D,55.33
2026-01-11 10:00:00,Building_D,65.15
2026-01-11 11:00:00,Building_D,65.56
2026-01-11 12:00:00,Building_D,71.1
2026-01-11 13:00:00,Building_D,67.22
2026-01-11 14:00:00,Building_D,59.21
2026-01-11 15:00:00,Building_D,57.16
2026-01-11 16:00:00,Building_D,55.33
2026-01-11 17:00:00,Building_D,69.54
2026-01-11 18:00:00,Building_D,58.29
2026-01-11 19:00:00,Building_D,69.58
2026-01-11 20:00:00,Building_D,64.8
2026-01-11 21:00:00,Building_D,63.83
2026-01-11 22:00:00,Building_D,60.64
2026-01-11 23:00:00,Building_D,65.48
2026-01-12 00:00:00,Building_D,62.1
2026-01-12 01:00:00,Building_D,60.33
2026-01-12 02:00:00,Building_D,65.66
2026-01-12 03:00:00,Building_D,61.46
2026-01-12 04:00:00,Building_D,58.18
2026-01-12 05:00:00,Building_D,65.18
2026-01-12 06:00:00,Building_D,61.86
2026-01-12 07:00:00,Building_D,64.62
2026-01-12 08:00:00,Building_D,141.21
2026-01-12 09:00:00,Building_D,137.44
2026-01-12 10:00:00,Building_D,152.16
2026-01-12 11:00:00,Building_D,151.22
2026-01-12 12:00:00,Building_D,147.9
2026-01-12 13:00:00,Building_D,141.54
2026-01-12 14:00:00,Building_D,141.98
2026-01-12 15:00:00,Building_D,150.39
2026-01-12 16:00:00,Building_D,141.71
2026-01-12 17:00:00,Building_D,140.32
2026-01-12 18:00:00,Building_D,152.84
2026-01-12 19:00:00,Building_D,61.94
2026-01-12 20:00:00,Building_D,71.02
2026-01-12 21:00:00,Building_D,55.18
2026-01-12 22:00:00,Building_D,64.77
2026-01-12 23:00:00,Building_D,72.53
2026-01-13 00:00:00,Building_D,62.32
2026-01-13 01:00:00,Building_D,60.86
2026-01-13 02:00:00,Building_D,56.34
2026-01-13 03:00:00,Building_D,67.59
2026-01-13 04:00:00,Building_D,58.33
2026-01-13 05:00:00,Building_D,61.7
2026-01-13 06:00:00,Building_D,56.0
2026-01-13 07:00:00,Building_D,69.96
2026-01-13 08:00:00,Building_D,149.26
2026-01-13 09:00:00,Building_D,143.33
2026-01-13 10:00:00,Building_D,137.71
2026-01-13 11:00:00,Building_D,151.16
2026-01-13 12:00:00,Building_D,141.65
2026-01-13 13:00:00,Building_D,137.96
2026-01-13 14:00:00,Building_D,134.67
2026-01-13 15:00:00,Building_D,140.25
2026-01-13 16:00:00,Building_D,136.21
2026-01-13 17:00:00,Building_D,140.37
2026-01-13 18:00:00,Building_D,147.21
2026-01-13 19:00:00,Building_D,60.3
2026-01-13 20:00:00,Building_D,63.95
2026-01-13 21:00:00,Building_D,58.56
2026-01-13 22:00:00,Building_D,62.5
2026-01-13 23:00:00,Building_D,71.78
2026-01-14 00:00:00,Building_D,60.43
2026-01-14 01:00:00,Building_D,64.1
2026-01-14 02:00:00,Building_D,54.35
2026-01-14 03:00:00,Building_D,69.78
2026-01-14 04:00:00,Building_D,59.79
2026-01-14 05:00:00,Building_D,67.43
2026-01-14 06:00:00,Building_D,61.56
2026-01-14 07:00:00,Building_D,65.23
2026-01-14 08:00:00,Building_D,146.84
2026-01-14 09:00:00,Building_D,141.22
2026-01-14 10:00:00,Building_D,148.94
2026-01-14 11:00:00,Building_D,139.69
2026-01-14 12:00:00,Building_D,147.37
2026-01-14 13:00:00,Building_D,141.53
2026-01-14 14:00:00,Building_D,145.23
2026-01-14 15:00:00,Building_D,141.17
2026-01-14 16:00:00,Building_D,143.73
2026-01-14 17:00:00,Building_D,138.11
2026-01-14 18:00:00,Building_D,144.72
2026-01-14 19:00:00,Building_D,62.4
2026-01-14 20:00:00,Building_D,59.48
2026-01-14 21:00:00,Building_D,61.9
2026-01-14 22:00:00,Building_D,62.85
2026-01-14 23:00:00,Building_D,59.09
2026-01-15 00:00:00,Building_D,61.53
2026-01-15 01:00:00,Building_D,57.15
2026-01-15 02:00:00,Building_D,73.9
2026-01-15 03:00:00,Building_D,67.47
2026-01-15 04:00:00,Building_D,63.54
2026-01-15 05:00:00,Building_D,68.04
2026-01-15 06:00:00,Building_D,52.28
2026-01-15 07:00:00,Building_D,49.39
2026-01-15 08:00:00,Building_D,141.49
2026-01-15 09:00:00,Building_D,136.59
2026-01-15 10:00:00,Building_D,142.3
2026-01-15 11:00:00,Building_D,144.51
2026-01-15 12:00:00,Building_D,148.09
2026-01-15 13:00:00,Building_D,137.79
2026-01-15 14:00:00,Building_D,145.48
2026-01-15 15:00:00,Building_D,143.56
2026-01-15 16:00:00,Building_D,145.22
2026-01-15 17:00:00,Building_D,140.88
2026-01-15 18:00:00,Building_D,150.4
2026-01-15 19:00:00,Building_D,61.66
2026-01-15 20:00:00,Building_D,71.05
2026-01-15 21:00:00,Building_D,58.22
2026-01-15 22:00:00,Building_D,65.89
2026-01-15 23:00:00,Building_D,61.88
2026-01-16 00:00:00,Building_D,60.54
2026-01-16 01:00:00,Building_D,65.34
2026-01-16 02:00:00,Building_D,60.68
2026-01-16 03:00:00,Building_D,48.87
2026-01-16 04:00:00,Building_D,46.86
2026-01-16 05:00:00,Building_D,68.54
2026-01-16 06:00:00,Building_D,68.33
2026-01-16 07:00:00,Building_D,71.61
2026-01-16 08:00:00,Building_D,143.4
2026-01-16 09:00:00,Building_D,137.02
2026-01-16 10:00:00,Building_D,141.39
2026-01-16 11:00:00,Building_D,143.54
2026-01-16 12:00:00,Building_D,138.45
2026-01-16 13:00:00,Building_D,151.73
2026-01-16 14:00:00,Building_D,154.68
2026-01-16 15:00:00,Building_D,145.87
2026-01-16 16:00:00,Building_D,143.43
2026-01-16 17:00:00,Building_D,137.01
2026-01-16 18:00:00,Building_D,151.22
2026-01-16 19:00:00,Building_D,62.56
2026-01-16 20:00:00,Building_D,60.73
2026-01-16 21:00:00,Building_D,64.58
2026-01-16 22:00:00,Building_D,59.25
2026-01-16 23:00:00,Building_D,62.91
2026-01-17 00:00:00,Building_D,54.96
2026-01-17 01:00:00,Building_D,67.61
2026-01-17 02:00:00,Building_D,61.65
2026-01-17 03:00:00,Building_D,67.97
2026-01-17 04:00:00,Building_D,61.17
2026-01-17 05:00:00,Building_D,61.5
2026-01-17 06:00:00,Building_D,56.11
2026-01-17 07:00:00,Building_D,65.97
2026-01-17 08:00:00,Building_D,57.8
2026-01-17 09:00:00,Building_D,59.74
2026-01-17 10:00:00,Building_D,62.18
2026-01-17 11:00:00,Building_D,62.78
2026-01-17 12:00:00,Building_D,53.65
2026-01-17 13:00:00,Building_D,61.02
2026-01-17 14:00:00,Building_D,66.15
2026-01-17 15:00:00,Building_D,60.28
2026-01-17 16:00:00,Building_D,61.05
2026-01-17 17:00:00,Building_D,62.99
2026-01-17 18:00:00,Building_D,61.55
2026-01-17 19:00:00,Building_D,57.02
2026-01-17 20:00:00,Building_D,61.99
2026-01-17 21:00:00,Building_D,67.15
2026-01-17 22:00:00,Building_D,56.92
2026-01-17 23:00:00,Building_D,60.3
2026-01-18 00:00:00,Building_D,55.27
2026-01-18 01:00:00,Building_D,66.88
2026-01-18 02:00:00,Building_D,61.71
2026-01-18 03:00:00,Building_D,57.93
2026-01-18 04:00:00,Building_D,62.64
2026-01-18 05:00:00,Building_D,56.16
2026-01-18 06:00:00,Building_D,57.01
2026-01-18 07:00:00,Building_D,54.88
2026-01-18 08:00:00,Building_D,56.84
2026-01-18 09:00:00,Building_D,68.96
2026-01-18 10:00:00,Building_D,58.51
2026-01-18 11:00:00,Building_D,64.51
2026-01-18 12:00:00,Building_D,57.99
2026-01-18 13:00:00,Building_D,65.97
2026-01-18 14:00:00,Building_D,57.05
2026-01-18 15:00:00,Building_D,62.37
2026-01-18 16:00:00,Building_D,62.44
2026-01-18 17:00:00,Building_D,73.82
2026-01-18 18:00:00,Building_D,65.33
2026-01-18 19:00:00,Building_D,59.21
2026-01-18 20:00:00,Building_D,65.6
2026-01-18 21:00:00,Building_D,72.87
2026-01-18 22:00:00,Building_D,54.03
2026-01-18 23:00:00,Building_D,57.96
2026-01-19 00:00:00,Building_D,60.99
2026-01-19 01:00:00,Building_D,60.09
2026-01-19 02:00:00,Building_D,60.51
2026-01-19 03:00:00,Building_D,55.65
2026-01-19 04:00:00,Building_D,69.2
2026-01-19 05:00:00,Building_D,55.06
2026-01-19 06:00:00,Building_D,61.18
2026-01-19 07:00:00,Building_D,67.41
2026-01-19 08:00:00,Building_D,143.33
2026-01-19 09:00:00,Building_D,138.59
2026-01-19 10:00:00,Building_D,136.74
2026-01-19 11:00:00,Building_D,142.33
2026-01-19 12:00:00,Building_D,139.7
2026-01-19 13:00:00,Building_D,144.51
2026-01-19 14:00:00,Building_D,136.48
2026-01-19 15:00:00,Building_D,147.55
2026-01-19 16:00:00,Building_D,144.06
2026-01-19 17:00:00,Building_D,144.43
2026-01-19 18:00:00,Building_D,150.69
2026-01-19 19:00:00,Building_D,59.99
2026-01-19 20:00:00,Building_D,58.55
2026-01-19 21:00:00,Building_D,59.44
2026-01-19 22:00:00,Building_D,61.21
2026-01-19 23:00:00,Building_D,61.72
2026-01-20 00:00:00,Building_D,58.02
2026-01-20 01:00:00,Building_D,52.06
2026-01-20 02:00:00,Building_D,59.37
2026-01-20 03:00:00,Building_D,63.98
2026-01-20 04:00:00,Building_D,62.86
2026-01-20 05:00:00,Building_D,68.17
2026-01-20 06:00:00,Building_D,71.95
2026-01-20 07:00:00,Building_D,65.97
2026-01-20 08:00:00,Building_D,150.4
2026-01-20 09:00:00,Building_D,147.32
2026-01-20 10:00:00,Building_D,152.03
2026-01-20 11:00:00,Building_D,152.74
2026-01-20 12:00:00,Building_D,148.24
2026-01-20 13:00:00,Building_D,147.02
2026-01-20 14:00:00,Building_D,142.46
2026-01-20 15:00:00,Building_D,143.28
2026-01-20 16:00:00,Building_D,141.79
2026-01-20 17:00:00,Building_D,146.59
2026-01-20 18:00:00,Building_D,139.88
2026-01-20 19:00:00,Building_D,61.22
2026-01-20 20:00:00,Building_D,50.4
2026-01-20 21:00:00,Building_D,70.79
2026-01-20 22:00:00,Building_D,61.07
2026-01-20 23:00:00,Building_D,64.45
2026-01-21 00:00:00,Building_D,69.47
2026-01-21 01:00:00,Building_D,63.68
2026-01-21 02:00:00,Building_D,69.4
2026-01-21 03:00:00,Building_D,55.97
2026-01-21 04:00:00,Building_D,74.16
2026-01-21 05:00:00,Building_D,67.61
2026-01-21 06:00:00,Building_D,63.22
2026-01-21 07:00:00,Building_D,69.3
2026-01-21 08:00:00,Building_D,137.64
2026-01-21 09:00:00,Building_D,142.04
2026-01-21 10:00:00,Building_D,150.7
2026-01-21 11:00:00,Building_D,134.15
2026-01-21 12:00:00,Building_D,146.29
2026-01-21 13:00:00,Building_D,146.14
2026-01-21 14:00:00,Building_D,153.33
2026-01-21 15:00:00,Building_D,135.57
2026-01-21 16:00:00,Building_D,151.53
2026-01-21 17:00:00,Building_D,140.69
2026-01-21 18:00:00,Building_D,141.25
2026-01-21 19:00:00,Building_D,56.07
2026-01-21 20:00:00,Building_D,56.74
2026-01-21 21:00:00,Building_D,64.19
2026-01-21 22:00:00,Building_D,56.61
2026-01-21 23:00:00,Building_D,65.88
2026-01-22 00:00:00,Building_D,58.86
2026-01-22 01:00:00,Building_D,56.11
2026-01-22 02:00:00,Building_D,59.54
2026-01-22 03:00:00,Building_D,63.86
2026-01-22 04:00:00,Building_D,60.79
2026-01-22 05:00:00,Building_D,62.35
2026-01-22 06:00:00,Building_D,65.66
2026-01-22 07:00:00,Building_D,67.59
2026-01-22 08:00:00,Building_D,141.93
2026-01-22 09:00:00,Building_D,138.26
2026-01-22 10:00:00,Building_D,143.86
2026-01-22 11:00:00,Building_D,145.84
2026-01-22 12:00:00,Building_D,136.18
2026-01-22 13:00:00,Building_D,139.03
2026-01-22 14:00:00,Building_D,139.89
2026-01-22 15:00:00,Building_D,142.44
2026-01-22 16:00:00,Building_D,139.68
2026-01-22 17:00:00,Building_D,147.02
2026-01-22 18:00:00,Building_D,135.46
2026-01-22 19:00:00,Building_D,54.28
2026-01-22 20:00:00,Building_D,60.51
2026-01-22 21:00:00,Building_D,61.3
2026-01-22 22:00:00,Building_D,54.9
2026-01-22 23:00:00,Building_D,59.14
2026-01-23 00:00:00,Building_D,60.17
2026-01-23 01:00:00,Building_D,60.21
2026-01-23 02:00:00,Building_D,62.94
2026-01-23 03:00:00,Building_D,58.87
2026-01-23 04:00:00,Building_D,69.57
2026-01-23 05:00:00,Building_D,64.62
2026-01-23 06:00:00,Building_D,58.14
2026-01-23 07:00:00,Building_D,62.65
2026-01-23 08:00:00,Building_D,144.1
2026-01-23 09:00:00,Building_D,149.56
2026-01-23 10:00:00,Building_D,140.48
2026-01-23 11:00:00,Building_D,147.32
2026-01-23 12:00:00,Building_D,143.69
2026-01-23 13:00:00,Building_D,150.94
2026-01-23 14:00:00,Building_D,149.94
2026-01-23 15:00:00,Building_D,144.47
2026-01-23 16:00:00,Building_D,142.17
2026-01-23 17:00:00,Building_D,146.02
2026-01-23 18:00:00,Building_D,142.58
2026-01-23 19:00:00,Building_D,70.58
2026-01-23 20:00:00,Building_D,62.57
2026-01-23 21:00:00,Building_D,60.15
2026-01-23 22:00:00,Building_D,59.88
2026-01-23 23:00:00,Building_D,56.11
2026-01-24 00:00:00,Building_D,64.96
2026-01-24 01:00:00,Building_D,58.08
2026-01-24 02:00:00,Building_D,67.67
2026-01-24 03:00:00,Building_D,55.71
2026-01-24 04:00:00,Building_D,62.81
2026-01-24 05:00:00,Building_D,67.93
2026-01-24 06:00:00,Building_D,51.41
2026-01-24 07:00:00,Building_D,72.27
2026-01-24 08:00:00,Building_D,60.05
2026-01-24 09:00:00,Building_D,62.88
2026-01-24 10:00:00,Building_D,65.03
2026-01-24 11:00:00,Building_D,65.81
2026-01-24 12:00:00,Building_D,63.55
2026-01-24 13:00:00,Building_D,67.16
2026-01-24 14:00:00,Building_D,64.77
2026-01-24 15:00:00,Building_D,70.98
2026-01-24 16:00:00,Building_D,64.79
2026-01-24 17:00:00,Building_D,72.0
2026-01-24 18:00:00,Building_D,66.68
2026-01-24 19:00:00,Building_D,53.15
2026-01-24 20:00:00,Building_D,75.23
2026-01-24 21:00:00,Building_D,59.3
2026-01-24 22:00:00,Building_D,69.65
2026-01-24 23:00:00,Building_D,62.31
2026-01-25 00:00:00,Building_D,67.48
2026-01-25 01:00:00,Building_D,58.73
2026-01-25 02:00:00,Building_D,65.3
2026-01-25 03:00:00,Building_D,60.91
2026-01-25 04:00:00,Building_D,70.07
2026-01-25 05:00:00,Building_D,64.37
2026-01-25 06:00:00,Building_D,66.86
2026-01-25 07:00:00,Building_D,51.36
2026-01-25 08:00:00,Building_D,61.75
2026-01-25 09:00:00,Building_D,64.23
2026-01-25 10:00:00,Building_D,63.29
2026-01-25 11:00:00,Building_D,66.98
2026-01-25 12:00:00,Building_D,60.35
2026-01-25 13:00:00,Building_D,62.42
2026-01-25 14:00:00,Building_D,68.08
2026-01-25 15:00:00,Building_D,50.78
2026-01-25 16:00:00,Building_D,65.12
2026-01-25 17:00:00,Building_D,60.51
2026-01-25 18:00:00,Building_D,57.61
2026-01-25 19:00:00,Building_D,63.86
2026-01-25 20:00:00,Building_D,68.31
2026-01-25 21:00:00,Building_D,67.37
2026-01-25 22:00:00,Building_D,61.5
2026-01-25 23:00:00,Building_D,66.55
2026-01-26 00:00:00,Building_D,66.52
2026-01-26 01:00:00,Building_D,61.74
2026-01-26 02:00:00,Building_D,58.71
2026-01-26 03:00:00,Building_D,59.0
2026-01-26 04:00:00,Building_D,66.37
2026-01-26 05:00:00,Building_D,61.97
2026-01-26 06:00:00,Building_D,56.95
2026-01-26 07:00:00,Building_D,53.75
2026-01-26 08:00:00,Building_D,147.64
2026-01-26 09:00:00,Building_D,140.75
2026-01-26 10:00:00,Building_D,145.14
2026-01-26 11:00:00,Building_D,149.68
2026-01-26 12:00:00,Building_D,136.94
2026-01-26 13:00:00,Building_D,143.26
2026-01-26 14:00:00,Building_D,142.63
2026-01-26 15:00:00,Building_D,145.38
2026-01-26 16:00:00,Building_D,149.68
2026-01-26 17:00:00,Building_D,136.84
2026-01-26 18:00:00,Building_D,146.33
2026-01-26 19:00:00,Building_D,67.33
2026-01-26 20:00:00,Building_D,61.24
2026-01-26 21:00:00,Building_D,61.49
2026-01-26 22:00:00,Building_D,64.27
2026-01-26 23:00:00,Building_D,63.9
2026-01-27 00:00:00,Building_D,65.09
2026-01-27 01:00:00,Building_D,64.98
2026-01-27 02:00:00,Building_D,57.27
2026-01-27 03:00:00,Building_D,67.13
2026-01-27 04:00:00,Building_D,68.01
2026-01-27 05:00:00,Building_D,63.11
2026-01-27 06:00:00,Building_D,54.71
2026-01-27 07:00:00,Building_D,61.6
2026-01-27 08:00:00,Building_D,144.46
2026-01-27 09:00:00,Building_D,137.76
2026-01-27 10:00:00,Building_D,141.68
2026-01-27 11:00:00,Building_D,136.44
2026-01-27 12:00:00,Building_D,146.52
2026-01-27 13:00:00,Building_D,144.31
2026-01-27 14:00:00,Building_D,135.25
2026-01-27 15:00:00,Building_D,145.24
2026-01-27 16:00:00,Building_D,143.2
2026-01-27 17:00:00,Building_D,146.07
2026-01-27 18:00:00,Building_D,141.53
2026-01-27 19:00:00,Building_D,58.17
2026-01-27 20:00:00,Building_D,58.32
2026-01-27 21:00:00,Building_D,59.49
2026-01-27 22:00:00,Building_D,62.27
2026-01-27 23:00:00,Building_D,62.92
2026-01-28 00:00:00,Building_D,61.22
2026-01-28 01:00:00,Building_D,60.06
2026-01-28 02:00:00,Building_D,60.42
2026-01-28 03:00:00,Building_D,74.71
2026-01-28 04:00:00,Building_D,58.32
2026-01-28 05:00:00,Building_D,59.39
2026-01-28 06:00:00,Building_D,78.65
2026-01-28 07:00:00,Building_D,64.28
2026-01-28 08:00:00,Building_D,136.58
2026-01-28 09:00:00,Building_D,147.7
2026-01-28 10:00:00,Building_D,138.93
2026-01-28 11:00:00,Building_D,148.03
2026-01-28 12:00:00,Building_D,142.43
2026-01-28 13:00:00,Building_D,141.28
2026-01-28 14:00:00,Building_D,151.53
2026-01-28 15:00:00,Building_D,146.32
2026-01-28 16:00:00,Building_D,148.35
2026-01-28 17:00:00,Building_D,145.66
2026-01-28 18:00:00,Building_D,141.26
2026-01-28 19:00:00,Building_D,65.23
2026-01-28 20:00:00,Building_D,68.22
2026-01-28 21:00:00,Building_D,62.85
2026-01-28 22:00:00,Building_D,71.18
2026-01-28 23:00:00,Building_D,66.43
2026-01-29 00:00:00,Building_D,63.24
2026-01-29 01:00:00,Building_D,63.43
2026-01-29 02:00:00,Building_D,62.86
2026-01-29 03:00:00,Building_D,55.92
2026-01-29 04:00:00,Building_D,61.73
2026-01-29 05:00:00,Building_D,63.28
2026-01-29 06:00:00,Building_D,60.1
2026-01-29 07:00:00,Building_D,63.86
2026-01-29 08:00:00,Building_D,143.59
2026-01-29 09:00:00,Building_D,147.35
2026-01-29 10:00:00,Building_D,146.8
2026-01-29 11:00:00,Building_D,144.32
2026-01-29 12:00:00,Building_D,136.65
2026-01-29 13:00:00,Building_D,152.44
2026-01-29 14:00:00,Building_D,142.77
2026-01-29 15:00:00,Building_D,143.08
2026-01-29 16:00:00,Building_D,141.77
2026-01-29 17:00:00,Building_D,141.04
2026-01-29 18:00:00,Building_D,151.2
2026-01-29 19:00:00,Building_D,69.11
2026-01-29 20:00:00,Building_D,64.4
2026-01-29 21:00:00,Building_D,61.64
2026-01-29 22:00:00,Building_D,65.27
2026-01-29 23:00:00,Building_D,62.55
2026-01-30 00:00:00,Building_D,61.22
2026-01-30 01:00:00,Building_D,63.87
2026-01-30 02:00:00,Building_D,59.97
2026-01-30 03:00:00,Building_D,63.44
2026-01-30 04:00:00,Building_D,63.2
2026-01-30 05:00:00,Building_D,65.19
2026-01-30 06:00:00,Building_D,59.08
2026-01-30 07:00:00,Building_D,65.73
2026-01-30 08:00:00,Building_D,138.95
2026-01-30 09:00:00,Building_D,140.62
2026-01-30 10:00:00,Building_D,140.84
2026-01-30 11:00:00,Building_D,138.12
2026-01-30 12:00:00,Building_D,148.56
2026-01-30 13:00:00,Building_D,138.64
2026-01-30 14:00:00,Building_D,139.99
2026-01-30 15:00:00,Building_D,149.76
2026-01-30 16:00:00,Building_D,140.63
2026-01-30 17:00:00,Building_D,142.54
2026-01-30 18:00:00,Building_D,138.42
2026-01-30 19:00:00,Building_D,66.34
2026-01-30 20:00:00,Building_D,66.41
2026-01-30 21:00:00,Building_D,65.87
2026-01-30 22:00:00,Building_D,64.86
2026-01-30 23:00:00,Building_D,62.54
2026-01-31 00:00:00,Building_D,59.55
2026-01-31 01:00:00,Building_D,58.1
2026-01-31 02:00:00,Building_D,68.63
2026-01-31 03:00:00,Building_D,66.0
2026-01-31 04:00:00,Building_D,58.71
2026-01-31 05:00:00,Building_D,62.38
2026-01-31 06:00:00,Building_D,60.68
2026-01-31 07:00:00,Building_D,56.54
2026-01-31 08:00:00,Building_D,63.06
2026-01-31 09:00:00,Building_D,60.1
2026-01-31 10:00:00,Building_D,57.41
2026-01-31 11:00:00,Building_D,54.78
2026-01-31 12:00:00,Building_D,54.36
2026-01-31 13:00:00,Building_D,60.32
2026-01-31 14:00:00,Building_D,61.75
2026-01-31 15:00:00,Building_D,57.8
2026-01-31 16:00:00,Building_D,65.43
2026-01-31 17:00:00,Building_D,61.85
2026-01-31 18:00:00,Building_D,65.06
2026-01-31 19:00:00,Building_D,61.26
2026-01-31 20:00:00,Building_D,58.24
2026-01-31 21:00:00,Building_D,62.75
2026-01-31 22:00:00,Building_D,55.86
2026-01-31 23:00:00,Building_D,64.87
2026-02-01 00:00:00,Building_D,57.49
2026-02-01 01:00:00,Building_D,66.77
2026-02-01 02:00:00,Building_D,60.48
2026-02-01 03:00:00,Building_D,67.49
2026-02-01 04:00:00,Building_D,56.56
2026-02-01 05:00:00,Building_D,58.79
2026-02-01 06:00:00,Building_D,64.08
2026-02-01 07:00:00,Building_D,68.03
2026-02-01 08:00:00,Building_D,70.51
2026-02-01 09:00:00,Building_D,62.38
2026-02-01 10:00:00,Building_D,71.36
2026-02-01 11:00:00,Building_D,60.73
2026-02-01 12:00:00,Building_D,67.67
2026-02-01 13:00:00,Building_D,57.47
2026-02-01 14:00:00,Building_D,64.28
2026-02-01 15:00:00,Building_D,50.47
2026-02-01 16:00:00,Building_D,56.57
2026-02-01 17:00:00,Building_D,64.51
2026-02-01 18:00:00,Building_D,55.61
2026-02-01 19:00:00,Building_D,64.31
2026-02-01 20:00:00,Building_D,66.71
2026-02-01 21:00:00,Building_D,59.67
2026-02-01 22:00:00,Building_D,57.33
2026-02-01 23:00:00,Building_D,59.81
2026-02-02 00:00:00,Building_D,57.35
2026-02-02 01:00:00,Building_D,61.67
2026-02-02 02:00:00,Building_D,62.69
2026-02-02 03:00:00,Building_D,60.65
2026-02-02 04:00:00,Building_D,70.55
2026-02-02 05:00:00,Building_D,58.58
2026-02-02 06:00:00,Building_D,69.13
2026-02-02 07:00:00,Building_D,56.97
2026-02-02 08:00:00,Building_D,143.85
2026-02-02 09:00:00,Building_D,149.4
2026-02-02 10:00:00,Building_D,149.14
2026-02-02 11:00:00,Building_D,141.38
2026-02-02 12:00:00,Building_D,146.26
2026-02-02 13:00:00,Building_D,145.59
2026-02-02 14:00:00,Building_D,140.78
2026-02-02 15:00:00,Building_D,146.56
2026-02-02 16:00:00,Building_D,152.8
2026-02-02 17:00:00,Building_D,145.84
2026-02-02 18:00:00,Building_D,146.32
2026-02-02 19:00:00,Building_D,65.54
2026-02-02 20:00:00,Building_D,54.87
2026-02-02 21:00:00,Building_D,64.48
2026-02-02 22:00:00,Building_D,57.09
2026-02-02 23:00:00,Building_D,59.23
2026-02-03 00:00:00,Building_D,72.99
2026-02-03 01:00:00,Building_D,60.91
2026-02-03 02:00:00,Building_D,58.48
2026-02-03 03:00:00,Building_D,67.94
2026-02-03 04:00:00,Building_D,57.44
2026-02-03 05:00:00,Building_D,59.94
2026-02-03 06:00:00,Building_D,68.42
2026-02-03 07:00:00,Building_D,62.39
2026-02-03 08:00:00,Building_D,135.68
2026-02-03 09:00:00,Building_D,146.2
2026-02-03 10:00:00,Building_D,141.5
2026-02-03 11:00:00,Building_D,151.18
2026-02-03 12:00:00,Building_D,140.45
2026-02-03 13:00:00,Building_D,148.74
2026-02-03 14:00:00,Building_D,152.36
2026-02-03 15:00:00,Building_D,139.23
2026-02-03 16:00:00,Building_D,142.52
2026-02-03 17:00:00,Building_D,145.43
2026-02-03 18:00:00,Building_D,139.2
2026-02-03 19:00:00,Building_D,63.53
2026-02-03 20:00:00,Building_D,61.05
2026-02-03 21:00:00,Building_D,60.95
2026-02-03 22:00:00,Building_D,62.42
2026-02-03 23:00:00,Building_D,62.53
2026-02-04 00:00:00,Building_D,63.0
2026-02-04 01:00:00,Building_D,59.18
2026-02-04 02:00:00,Building_D,59.4
2026-02-04 03:00:00,Building_D,61.58
2026-02-04 04:00:00,Building_D,61.95
2026-02-04 05:00:00,Building_D,59.98
2026-02-04 06:00:00,Building_D,63.8
2026-02-04 07:00:00,Building_D,53.1
2026-02-04 08:00:00,Building_D,139.83
2026-02-04 09:00:00,Building_D,142.08
2026-02-04 10:00:00,Building_D,139.2
2026-02-04 11:00:00,Building_D,151.63
2026-02-04 12:00:00,Building_D,143.58
2026-02-04 13:00:00,Building_D,144.37
2026-02-04 14:00:00,Building_D,141.07
2026-02-04 15:00:00,Building_D,143.4
2026-02-04 16:00:00,Building_D,137.41
2026-02-04 17:00:00,Building_D,142.63
2026-02-04 18:00:00,Building_D,138.8
2026-02-04 19:00:00,Building_D,60.79
2026-02-04 20:00:00,Building_D,49.38
2026-02-04 21:00:00,Building_D,56.54
2026-02-04 22:00:00,Building_D,69.5
2026-02-04 23:00:00,Building_D,66.33
2026-02-05 00:00:00,Building_D,68.77
2026-02-05 01:00:00,Building_D,69.11
2026-02-05 02:00:00,Building_D,65.54
2026-02-05 03:00:00,Building_D,59.91
2026-02-05 04:00:00,Building_D,56.99
2026-02-05 05:00:00,Building_D,67.91
2026-02-05 06:00:00,Building_D,62.5
2026-02-05 07:00:00,Building_D,74.65
2026-02-05 08:00:00,Building_D,141.66
2026-02-05 09:00:00,Building_D,153.35
2026-02-05 10:00:00,Building_D,142.7
2026-02-05 11:00:00,Building_D,150.16
2026-02-05 12:00:00,Building_D,151.97
2026-02-05 13:00:00,Building_D,138.37
2026-02-05 14:00:00,Building_D,141.06
2026-02-05 15:00:00,Building_D,138.32
2026-02-05 16:00:00,Building_D,137.33
2026-02-05 17:00:00,Building_D,146.82
2026-02-05 18:00:00,Building_D,142.5
2026-02-05 19:00:00,Building_D,62.44
2026-02-05 20:00:00,Building_D,64.96
2026-02-05 21:00:00,Building_D,52.89
2026-02-05 22:00:00,Building_D,68.61
2026-02-05 23:00:00,Building_D,60.43
2026-02-06 00:00:00,Building_D,64.84
2026-02-06 01:00:00,Building_D,65.28
2026-02-06 02:00:00,Building_D,69.03
2026-02-06 03:00:00,Building_D,61.65
2026-02-06 04:00:00,Building_D,51.56
2026-02-06 05:00:00,Building_D,62.46
2026-02-06 06:00:00,Building_D,63.18
2026-02-06 07:00:00,Building_D,57.0
2026-02-06 08:00:00,Building_D,144.22
2026-02-06 09:00:00,Building_D,141.68
2026-02-06 10:00:00,Building_D,136.77
2026-02-06 11:00:00,Building_D,146.84
2026-02-06 12:00:00,Building_D,140.66
2026-02-06 13:00:00,Building_D,141.45
2026-02-06 14:00:00,Building_D,141.17
2026-02-06 15:00:00,Building_D,149.66
2026-02-06 16:00:00,Building_D,143.28
2026-02-06 17:00:00,Building_D,143.88
2026-02-06 18:00:00,Building_D,141.28
2026-02-06 19:00:00,Building_D,64.49
2026-02-06 20:00:00,Building_D,68.92
2026-02-06 21:00:00,Building_D,65.42
2026-02-06 22:00:00,Building_D,65.61
2026-02-06 23:00:00,Building_D,65.21
2026-02-07 00:00:00,Building_D,55.27
2026-02-07 01:00:00,Building_D,57.8
2026-02-07 02:00:00,Building_D,61.15
2026-02-07 03:00:00,Building_D,58.55
2026-02-07 04:00:00,Building_D,56.85
2026-02-07 05:00:00,Building_D,52.82
2026-02-07 06:00:00,Building_D,55.44
2026-02-07 07:00:00,Building_D,60.89
2026-02-07 08:00:00,Building_D,61.83
2026-02-07 09:00:00,Building_D,58.21
2026-02-07 10:00:00,Building_D,62.57
2026-02-07 11:00:00,Building_D,60.01
2026-02-07 12:00:00,Building_D,67.63
2026-02-07 13:00:00,Building_D,61.37
2026-02-07 14:00:00,Building_D,65.66
2026-02-07 15:00:00,Building_D,63.19
2026-02-07 16:00:00,Building_D,55.17
2026-02-07 17:00:00,Building_D,61.72
2026-02-07 18:00:00,Building_D,56.0
2026-02-07 19:00:00,Building_D,61.64
2026-02-07 20:00:00,Building_D,58.45
2026-02-07 21:00:00,Building_D,64.09
2026-02-07 22:00:00,Building_D,55.46
2026-02-07 23:00:00,Building_D,62.25
2026-02-08 00:00:00,Building_D,65.04
2026-02-08 01:00:00,Building_D,66.71
2026-02-08 02:00:00,Building_D,58.36
2026-02-08 03:00:00,Building_D,62.26
2026-02-08 04:00:00,Building_D,63.1
2026-02-08 05:00:00,Building_D,69.91
2026-02-08 06:00:00,Building_D,54.77
2026-02-08 07:00:00,Building_D,57.62
2026-02-08 08:00:00,Building_D,76.2
2026-02-08 09:00:00,Building_D,60.81
2026-02-08 10:00:00,Building_D,52.72
2026-02-08 11:00:00,Building_D,59.26
2026-02-08 12:00:00,Building_D,48.33
2026-02-08 13:00:00,Building_D,63.38
2026-02-08 14:00:00,Building_D,66.23
2026-02-08 15:00:00,Building_D,57.62
2026-02-08 16:00:00,Building_D,59.82
2026-02-08 17:00:00,Building_D,66.79
2026-02-08 18:00:00,Building_D,53.43
2026-02-08 19:00:00,Building_D,55.57
2026-02-08 20:00:00,Building_D,61.04
2026-02-08 21:00:00,Building_D,58.41
2026-02-08 22:00:00,Building_D,60.71
2026-02-08 23:00:00,Building_D,55.86
2026-02-09 00:00:00,Building_D,63.25
2026-02-09 01:00:00,Building_D,61.43
2026-02-09 02:00:00,Building_D,64.92
2026-02-09 03:00:00,Building_D,63.18
2026-02-09 04:00:00,Building_D,63.21
2026-02-09 05:00:00,Building_D,54.94
2026-02-09 06:00:00,Building_D,64.64
2026-02-09 07:00:00,Building_D,60.52
2026-02-09 08:00:00,Building_D,142.65
2026-02-09 09:00:00,Building_D,148.72
2026-02-09 10:00:00,Building_D,139.89
2026-02-09 11:00:00,Building_D,150.24
2026-02-09 12:00:00,Building_D,150.71
2026-02-09 13:00:00,Building_D,147.25
2026-02-09 14:00:00,Building_D,138.58
2026-02-09 15:00:00,Building_D,132.55
2026-02-09 16:00:00,Building_D,148.88
2026-02-09 17:00:00,Building_D,144.04
2026-02-09 18:00:00,Building_D,139.76
2026-02-09 19:00:00,Building_D,68.04
2026-02-09 20:00:00,Building_D,57.87
2026-02-09 21:00:00,Building_D,60.06
2026-02-09 22:00:00,Building_D,64.8
2026-02-09 23:00:00,Building_D,56.61
2026-02-10 00:00:00,Building_D,61.63
2026-02-10 01:00:00,Building_D,67.62
2026-02-10 02:00:00,Building_D,63.23
2026-02-10 03:00:00,Building_D,68.41
2026-02-10 04:00:00,Building_D,67.84
2026-02-10 05:00:00,Building_D,62.21
2026-02-10 06:00:00,Building_D,50.49
2026-02-10 07:00:00,Building_D,56.65
2026-02-10 08:00:00,Building_D,147.3
2026-02-10 09:00:00,Building_D,135.73
2026-02-10 10:00:00,Building_D,141.85
2026-02-10 11:00:00,Building_D,145.18
2026-02-10 12:00:00,Building_D,150.83
2026-02-10 13:00:00,Building_D,140.61
2026-02-10 14:00:00,Building_D,140.27
2026-02-10 15:00:00,Building_D,143.22
2026-02-10 16:00:00,Building_D,145.24
2026-02-10 17:00:00,Building_D,142.71
2026-02-10 18:00:00,Building_D,148.73
2026-02-10 19:00:00,Building_D,58.18
2026-02-10 20:00:00,Building_D,62.78
2026-02-10 21:00:00,Building_D,64.4
2026-02-10 22:00:00,Building_D,60.17
2026-02-10 23:00:00,Building_D,66.37
2026-02-11 00:00:00,Building_D,62.92
2026-02-11 01:00:00,Building_D,66.12
2026-02-11 02:00:00,Building_D,63.15
2026-02-11 03:00:00,Building_D,64.06
2026-02-11 04:00:00,Building_D,59.01
2026-02-11 05:00:00,Building_D,59.02
2026-02-11 06:00:00,Building_D,68.3
2026-02-11 07:00:00,Building_D,65.35
2026-02-11 08:00:00,Building_D,138.37
2026-02-11 09:00:00,Building_D,144.39
2026-02-11 10:00:00,Building_D,131.61
2026-02-11 11:00:00,Building_D,140.61
2026-02-11 12:00:00,Building_D,148.29
2026-02-11 13:00:00,Building_D,142.86
2026-02-11 14:00:00,Building_D,144.07
2026-02-11 15:00:00,Building_D,128.4
2026-02-11 16:00:00,Building_D,141.52
2026-02-11 17:00:00,Building_D,145.17
2026-02-11 18:00:00,Building_D,145.81
2026-02-11 19:00:00,Building_D,66.99
2026-02-11 20:00:00,Building_D,61.12
2026-02-11 21:00:00,Building_D,61.35
2026-02-11 22:00:00,Building_D,55.52
2026-02-11 23:00:00,Building_D,61.15
2026-02-12 00:00:00,Building_D,55.87
2026-02-12 01:00:00,Building_D,52.94
2026-02-12 02:00:00,Building_D,56.75
2026-02-12 03:00:00,Building_D,69.72
2026-02-12 04:00:00,Building_D,60.82
2026-02-12 05:00:00,Building_D,63.28
2026-02-12 06:00:00,Building_D,59.61
2026-02-12 07:00:00,Building_D,53.22
2026-02-12 08:00:00,Building_D,148.16
2026-02-12 09:00:00,Building_D,132.62
2026-02-12 10:00:00,Building_D,140.71
2026-02-12 11:00:00,Building_D,143.21
2026-02-12 12:00:00,Building_D,144.64
2026-02-12 13:00:00,Building_D,139.85
2026-02-12 14:00:00,Building_D,134.29
2026-02-12 15:00:00,Building_D,139.48
2026-02-12 16:00:00,Building_D,139.74
2026-02-12 17:00:00,Building_D,139.62
2026-02-12 18:00:00,Building_D,148.33
2026-02-12 19:00:00,Building_D,56.11
2026-02-12 20:00:00,Building_D,63.68
2026-02-12 21:00:00,Building_D,62.97
2026-02-12 22:00:00,Building_D,66.98
2026-02-12 23:00:00,Building_D,61.51
2026-02-13 00:00:00,Building_D,66.13
2026-02-13 01:00:00,Building_D,61.31
2026-02-13 02:00:00,Building_D,64.35
2026-02-13 03:00:00,Building_D,54.66
2026-02-13 04:00:00,Building_D,48.98
2026-02-13 05:00:00,Building_D,64.06
2026-02-13 06:00:00,Building_D,64.33
2026-02-13 07:00:00,Building_D,64.55
2026-02-13 08:00:00,Building_D,140.86
2026-02-13 09:00:00,Building_D,150.93
2026-02-13 10:00:00,Building_D,141.18
2026-02-13 11:00:00,Building_D,145.59
2026-02-13 12:00:00,Building_D,146.46
2026-02-13 13:00:00,Building_D,152.08
2026-02-13 14:00:00,Building_D,141.9
2026-02-13 15:00:00,Building_D,140.22
2026-02-13 16:00:00,Building_D,135.99
2026-02-13 17:00:00,Building_D,151.25
2026-02-13 18:00:00,Building_D,145.59
2026-02-13 19:00:00,Building_D,64.44
2026-02-13 20:00:00,Building_D,77.76
2026-02-13 21:00:00,Building_D,63.8
2026-02-13 22:00:00,Building_D,55.66
2026-02-13 23:00:00,Building_D,61.2
2026-02-14 00:00:00,Building_D,57.3
2026-02-14 01:00:00,Building_D,60.2
2026-02-14 02:00:00,Building_D,60.16
2026-02-14 03:00:00,Building_D,59.24
2026-02-14 04:00:00,Building_D,55.21
2026-02-14 05:00:00,Building_D,70.14
2026-02-14 06:00:00,Building_D,63.67
2026-02-14 07:00:00,Building_D,61.05
2026-02-14 08:00:00,Building_D,65.96
2026-02-14 09:00:00,Building_D,64.53
2026-02-14 10:00:00,Building_D,63.55
2026-02-14 11:00:00,Building_D,65.6
2026-02-14 12:00:00,Building_D,62.85
2026-02-14 13:00:00,Building_D,65.53
2026-02-14 14:00:00,Building_D,65.94
2026-02-14 15:00:00,Building_D,62.99
2026-02-14 16:00:00,Building_D,61.07
2026-02-14 17:00:00,Building_D,69.83
2026-02-14 18:00:00,Building_D,59.79
2026-02-14 19:00:00,Building_D,64.13
2026-02-14 20:00:00,Building_D,64.25
2026-02-14 21:00:00,Building_D,59.13
2026-02-14 22:00:00,Building_D,58.14
2026-02-14 23:00:00,Building_D,60.41
2026-02-15 00:00:00,Building_D,59.72
2026-02-15 01:00:00,Building_D,54.89
2026-02-15 02:00:00,Building_D,58.92
2026-02-15 03:00:00,Building_D,63.51
2026-02-15 04:00:00,Building_D,68.51
2026-02-15 05:00:00,Building_D,64.95
2026-02-15 06:00:00,Building_D,49.18
2026-02-15 07:00:00,Building_D,65.38
2026-02-15 08:00:00,Building_D,59.39
2026-02-15 09:00:00,Building_D,64.44
2026-02-15 10:00:00,Building_D,62.11
2026-02-15 11:00:00,Building_D,61.21
2026-02-15 12:00:00,Building_D,61.66
2026-02-15 13:00:00,Building_D,62.06
2026-02-15 14:00:00,Building_D,68.9
2026-02-15 15:00:00,Building_D,62.08
2026-02-15 16:00:00,Building_D,67.6
2026-02-15 17:00:00,Building_D,66.88
2026-02-15 18:00:00,Building_D,65.51
2026-02-15 19:00:00,Building_D,53.24
2026-02-15 20:00:00,Building_D,67.76
2026-02-15 21:00:00,Building_D,59.89
2026-02-15 22:00:00,Building_D,65.75
2026-02-15 23:00:00,Building_D,57.31
2026-02-16 00:00:00,Building_D,56.25
2026-02-16 01:00:00,Building_D,72.06
2026-02-16 02:00:00,Building_D,57.39
2026-02-16 03:00:00,Building_D,67.91
2026-02-16 04:00:00,Building_D,62.77
2026-02-16 05:00:00,Building_D,60.08
2026-02-16 06:00:00,Building_D,61.95
2026-02-16 07:00:00,Building_D,55.67
2026-02-16 08:00:00,Building_D,143.41
2026-02-16 09:00:00,Building_D,138.07
2026-02-16 10:00:00,Building_D,141.51
2026-02-16 11:00:00,Building_D,148.11
2026-02-16 12:00:00,Building_D,144.75
2026-02-16 13:00:00,Building_D,136.07
2026-02-16 14:00:00,Building_D,147.74
2026-02-16 15:00:00,Building_D,143.45
2026-02-16 16:00:00,Building_D,140.77
2026-02-16 17:00:00,Building_D,147.22
2026-02-16 18:00:00,Building_D,142.65
2026-02-16 19:00:00,Building_D,56.35
2026-02-16 20:00:00,Building_D,71.42
2026-02-16 21:00:00,Building_D,62.09
2026-02-16 22:00:00,Building_D,61.77
2026-02-16 23:00:00,Building_D,60.15
2026-02-17 00:00:00,Building_D,68.08
2026-02-17 01:00:00,Building_D,59.55
2026-02-17 02:00:00,Building_D,54.45
2026-02-17 03:00:00,Building_D,58.78
2026-02-17 04:00:00,Building_D,68.81
2026-02-17 05:00:00,Building_D,66.34
2026-02-17 06:00:00,Building_D,60.9
2026-02-17 07:00:00,Building_D,69.04
2026-02-17 08:00:00,Building_D,147.22
2026-02-17 09:00:00,Building_D,142.15
2026-02-17 10:00:00,Building_D,142.65
2026-02-17 11:00:00,Building_D,145.13
2026-02-17 12:00:00,Building_D,139.32
2026-02-17 13:00:00,Building_D,143.51
2026-02-17 14:00:00,Building_D,145.03
2026-02-17 15:00:00,Building_D,135.05
2026-02-17 16:00:00,Building_D,142.54
2026-02-17 17:00:00,Building_D,141.97
2026-02-17 18:00:00,Building_D,148.62
2026-02-17 19:00:00,Building_D,52.95
2026-02-17 20:00:00,Building_D,60.27
2026-02-17 21:00:00,Building_D,59.77
2026-02-17 22:00:00,Building_D,66.98
2026-02-17 23:00:00,Building_D,61.96
2026-02-18 00:00:00,Building_D,71.16
2026-02-18 01:00:00,Building_D,65.49
2026-02-18 02:00:00,Building_D,60.12
2026-02-18 03:00:00,Building_D,63.37
2026-02-18 04:00:00,Building_D,60.41
2026-02-18 05:00:00,Building_D,66.47
2026-02-18 06:00:00,Building_D,55.52
2026-02-18 07:00:00,Building_D,58.06
2026-02-18 08:00:00,Building_D,145.76
2026-02-18 09:00:00,Building_D,149.61
2026-02-18 10:00:00,Building_D,132.47
2026-02-18 11:00:00,Building_D,150.36
2026-02-18 12:00:00,Building_D,142.78
2026-02-18 13:00:00,Building_D,134.06
2026-02-18 14:00:00,Building_D,128.47
2026-02-18 15:00:00,Building_D,135.84
2026-02-18 16:00:00,Building_D,143.38
2026-02-18 17:00:00,Building_D,143.15
2026-02-18 18:00:00,Building_D,146.65
2026-02-18 19:00:00,Building_D,59.43
2026-02-18 20:00:00,Building_D,56.64
2026-02-18 21:00:00,Building_D,60.11
2026-02-18 22:00:00,Building_D,62.34
2026-02-18 23:00:00,Building_D,63.33
2026-02-19 00:00:00,Building_D,58.23
2026-02-19 01:00:00,Building_D,66.68
2026-02-19 02:00:00,Building_D,59.07
2026-02-19 03:00:00,Building_D,57.83
2026-02-19 04:00:00,Building_D,59.46
2026-02-19 05:00:00,Building_D,67.55
2026-02-19 06:00:00,Building_D,61.51
2026-02-19 07:00:00,Building_D,58.7
2026-02-19 08:00:00,Building_D,148.11
2026-02-19 09:00:00,Building_D,154.2
2026-02-19 10:00:00,Building_D,144.53
2026-02-19 11:00:00,Building_D,149.65
2026-02-19 12:00:00,Building_D,148.66
2026-02-19 13:00:00,Building_D,140.46
2026-02-19 14:00:00,Building_D,143.62
2026-02-19 15:00:00,Building_D,137.07
2026-02-19 16:00:00,Building_D,142.46
2026-02-19 17:00:00,Building_D,140.35
2026-02-19 18:00:00,Building_D,141.47
2026-02-19 19:00:00,Building_D,58.43
2026-02-19 20:00:00,Building_D,60.74
2026-02-19 21:00:00,Building_D,64.84
2026-02-19 22:00:00,Building_D,61.58
2026-02-19 23:00:00,Building_D,52.85
2026-02-20 00:00:00,Building_D,58.45
2026-02-20 01:00:00,Building_D,54.58
2026-02-20 02:00:00,Building_D,63.4
2026-02-20 03:00:00,Building_D,64.69
2026-02-20 04:00:00,Building_D,63.46
2026-02-20 05:00:00,Building_D,58.24
2026-02-20 06:00:00,Building_D,63.41
2026-02-20 07:00:00,Building_D,59.83
2026-02-20 08:00:00,Building_D,137.79
2026-02-20 09:00:00,Building_D,147.19
2026-02-20 10:00:00,Building_D,147.57
2026-02-20 11:00:00,Building_D,148.23
2026-02-20 12:00:00,Building_D,140.44
2026-02-20 13:00:00,Building_D,149.38
2026-02-20 14:00:00,Building_D,141.02
2026-02-20 15:00:00,Building_D,146.75
2026-02-20 16:00:00,Building_D,140.93
2026-02-20 17:00:00,Building_D,142.36
2026-02-20 18:00:00,Building_D,131.38
2026-02-20 19:00:00,Building_D,60.67
2026-02-20 20:00:00,Building_D,62.63
2026-02-20 21:00:00,Building_D,60.13
2026-02-20 22:00:00,Building_D,70.96
2026-02-20 23:00:00,Building_D,56.36
2026-02-21 00:00:00,Building_D,59.36
2026-02-21 01:00:00,Building_D,57.65
2026-02-21 02:00:00,Building_D,59.36
2026-02-21 03:00:00,Building_D,67.33
2026-02-21 04:00:00,Building_D,69.57
2026-02-21 05:00:00,Building_D,58.67
2026-02-21 06:00:00,Building_D,58.56
2026-02-21 07:00:00,Building_D,56.39
2026-02-21 08:00:00,Building_D,68.71
2026-02-21 09:00:00,Building_D,67.78
2026-02-21 10:00:00,Building_D,61.65
2026-02-21 11:00:00,Building_D,55.2
2026-02-21 12:00:00,Building_D,55.64
2026-02-21 13:00:00,Building_D,63.03
2026-02-21 14:00:00,Building_D,64.92
2026-02-21 15:00:00,Building_D,51.85
2026-02-21 16:00:00,Building_D,60.57
2026-02-21 17:00:00,Building_D,70.27
2026-02-21 18:00:00,Building_D,61.09
2026-02-21 19:00:00,Building_D,69.62
2026-02-21 20:00:00,Building_D,65.42
2026-02-21 21:00:00,Building_D,56.75
2026-02-21 22:00:00,Building_D,60.71
2026-02-21 23:00:00,Building_D,61.53
2026-02-22 00:00:00,Building_D,57.41
2026-02-22 01:00:00,Building_D,57.33
2026-02-22 02:00:00,Building_D,69.71
2026-02-22 03:00:00,Building_D,57.29
2026-02-22 04:00:00,Building_D,67.57
2026-02-22 05:00:00,Building_D,59.99
2026-02-22 06:00:00,Building_D,62.05
2026-02-22 07:00:00,Building_D,64.99
2026-02-22 08:00:00,Building_D,59.18
2026-02-22 09:00:00,Building_D,65.02
2026-02-22 10:00:00,Building_D,51.94
2026-02-22 11:00:00,Building_D,64.37
2026-02-22 12:00:00,Building_D,49.83
2026-02-22 13:00:00,Building_D,61.04
2026-02-22 14:00:00,Building_D,66.45
2026-02-22 15:00:00,Building_D,65.29
2026-02-22 16:00:00,Building_D,55.68
2026-02-22 17:00:00,Building_D,56.33
2026-02-22 18:00:00,Building_D,58.73
2026-02-22 19:00:00,Building_D,63.11
2026-02-22 20:00:00,Building_D,52.02
2026-02-22 21:00:00,Building_D,62.11
2026-02-22 22:00:00,Building_D,63.73
2026-02-22 23:00:00,Building_D,60.76
2026-02-23 00:00:00,Building_D,64.8
2026-02-23 01:00:00,Building_D,63.29
2026-02-23 02:00:00,Building_D,59.47
2026-02-23 03:00:00,Building_D,52.5
2026-02-23 04:00:00,Building_D,62.84
2026-02-23 05:00:00,Building_D,57.41
2026-02-23 06:00:00,Building_D,59.28
2026-02-23 07:00:00,Building_D,64.57
2026-02-23 08:00:00,Building_D,150.57
2026-02-23 09:00:00,Building_D,143.29
2026-02-23 10:00:00,Building_D,146.25
2026-02-23 11:00:00,Building_D,136.26
2026-02-23 12:00:00,Building_D,144.71
2026-02-23 13:00:00,Building_D,143.18
2026-02-23 14:00:00,Building_D,149.63
2026-02-23 15:00:00,Building_D,140.78
2026-02-23 16:00:00,Building_D,142.28
2026-02-23 17:00:00,Building_D,148.78
2026-02-23 18:00:00,Building_D,143.02
2026-02-23 19:00:00,Building_D,56.63
2026-02-23 20:00:00,Building_D,74.93
2026-02-23 21:00:00,Building_D,56.78
2026-02-23 22:00:00,Building_D,61.85
2026-02-23 23:00:00,Building_D,63.91
2026-02-24 00:00:00,Building_D,63.51
2026-02-24 01:00:00,Building_D,61.23
2026-02-24 02:00:00,Building_D,61.25
2026-02-24 03:00:00,Building_D,61.0
2026-02-24 04:00:00,Building_D,56.6
2026-02-24 05:00:00,Building_D,72.93
2026-02-24 06:00:00,Building_D,61.08
2026-02-24 07:00:00,Building_D,65.16
2026-02-24 08:00:00,Building_D,141.81
2026-02-24 09:00:00,Building_D,141.71
2026-02-24 10:00:00,Building_D,141.21
2026-02-24 11:00:00,Building_D,135.73
2026-02-24 12:00:00,Building_D,142.68
2026-02-24 13:00:00,Building_D,141.45
2026-02-24 14:00:00,Building_D,149.34
2026-02-24 15:00:00,Building_D,137.5
2026-02-24 16:00:00,Building_D,140.6
2026-02-24 17:00:00,Building_D,138.99
2026-02-24 18:00:00,Building_D,150.7
2026-02-24 19:00:00,Building_D,57.83
2026-02-24 20:00:00,Building_D,64.99
2026-02-24 21:00:00,Building_D,67.03
2026-02-24 22:00:00,Building_D,61.45
2026-02-24 23:00:00,Building_D,55.29
2026-02-25 00:00:00,Building_D,55.36
2026-02-25 01:00:00,Building_D,66.47
2026-02-25 02:00:00,Building_D,55.87
2026-02-25 03:00:00,Building_D,64.14
2026-02-25 04:00:00,Building_D,62.75
2026-02-25 05:00:00,Building_D,64.06
2026-02-25 06:00:00,Building_D,64.53
2026-02-25 07:00:00,Building_D,57.51
2026-02-25 08:00:00,Building_D,138.61
2026-02-25 09:00:00,Building_D,147.06
2026-02-25 10:00:00,Building_D,140.34
2026-02-25 11:00:00,Building_D,129.73
2026-02-25 12:00:00,Building_D,146.73
2026-02-25 13:00:00,Building_D,138.3
2026-02-25 14:00:00,Building_D,145.82
2026-02-25 15:00:00,Building_D,150.45
2026-02-25 16:00:00,Building_D,143.57
2026-02-25 17:00:00,Building_D,148.46
2026-02-25 18:00:00,Building_D,144.25
2026-02-25 19:00:00,Building_D,70.11
2026-02-25 20:00:00,Building_D,56.87
2026-02-25 21:00:00,Building_D,62.14
2026-02-25 22:00:00,Building_D,65.54
2026-02-25 23:00:00,Building_D,61.22
2026-02-26 00:00:00,Building_D,67.94
2026-02-26 01:00:00,Building_D,60.02
2026-02-26 02:00:00,Building_D,72.52
2026-02-26 03:00:00,Building_D,72.79
2026-02-26 04:00:00,Building_D,63.59
2026-02-26 05:00:00,Building_D,64.94
2026-02-26 06:00:00,Building_D,68.13
2026-02-26 07:00:00,Building_D,56.24
2026-02-26 08:00:00,Building_D,136.92
2026-02-26 09:00:00,Building_D,149.77
2026-02-26 10:00:00,Building_D,144.85
2026-02-26 11:00:00,Building_D,142.35
2026-02-26 12:00:00,Building_D,143.54
2026-02-26 13:00:00,Building_D,131.55
2026-02-26 14:00:00,Building_D,142.53
2026-02-26 15:00:00,Building_D,139.72
2026-02-26 16:00:00,Building_D,148.07
2026-02-26 17:00:00,Building_D,148.46
2026-02-26 18:00:00,Building_D,146.37
2026-02-26 19:00:00,Building_D,64.15
2026-02-26 20:00:00,Building_D,54.69
2026-02-26 21:00:00,Building_D,65.13
2026-02-26 22:00:00,Building_D,65.32
2026-02-26 23:00:00,Building_D,68.4
2026-02-27 00:00:00,Building_D,72.77
2026-02-27 01:00:00,Building_D,53.71
2026-02-27 02:00:00,Building_D,60.23
2026-02-27 03:00:00,Building_D,58.46
2026-02-27 04:00:00,Building_D,63.04
2026-02-27 05:00:00,Building_D,62.24
2026-02-27 06:00:00,Building_D,61.01
2026-02-27 07:00:00,Building_D,67.31
2026-02-27 08:00:00,Building_D,137.98
2026-02-27 09:00:00,Building_D,138.28
2026-02-27 10:00:00,Building_D,138.36
2026-02-27 11:00:00,Building_D,141.68
2026-02-27 12:00:00,Building_D,137.34
2026-02-27 13:00:00,Building_D,143.24
2026-02-27 14:00:00,Building_D,142.66
2026-02-27 15:00:00,Building_D,139.55
2026-02-27 16:00:00,Building_D,147.85
2026-02-27 17:00:00,Building_D,143.19
2026-02-27 18:00:00,Building_D,148.8
2026-02-27 19:00:00,Building_D,61.2
2026-02-27 20:00:00,Building_D,62.06
2026-02-27 21:00:00,Building_D,59.36
2026-02-27 22:00:00,Building_D,62.14
2026-02-27 23:00:00,Building_D,65.74
2026-02-28 00:00:00,Building_D,60.12
2026-02-28 01:00:00,Building_D,64.77
2026-02-28 02:00:00,Building_D,58.11
2026-02-28 03:00:00,Building_D,65.97
2026-02-28 04:00:00,Building_D,59.28
2026-02-28 05:00:00,Building_D,66.43
2026-02-28 06:00:00,Building_D,62.48
2026-02-28 07:00:00,Building_D,69.78
2026-02-28 08:00:00,Building_D,56.41
2026-02-28 09:00:00,Building_D,54.8
2026-02-28 10:00:00,Building_D,59.1
2026-02-28 11:00:00,Building_D,55.25
2026-02-28 12:00:00,Building_D,55.26
2026-02-28 13:00:00,Building_D,65.28
2026-02-28 14:00:00,Building_D,62.16
2026-02-28 15:00:00,Building_D,59.78
2026-02-28 16:00:00,Building_D,60.24
2026-02-28 17:00:00,Building_D,59.19
2026-02-28 18:00:00,Building_D,70.43
2026-02-28 19:00:00,Building_D,58.5
2026-02-28 20:00:00,Building_D,55.57
2026-02-28 21:00:00,Building_D,66.16
2026-02-28 22:00:00,Building_D,61.1
2026-02-28 23:00:00,Building_D,72.37
2026-03-01 00:00:00,Building_D,59.55
2026-03-01 01:00:00,Building_D,66.41
2026-03-01 02:00:00,Building_D,67.59
2026-03-01 03:00:00,Building_D,59.57
2026-03-01 04:00:00,Building_D,58.46
2026-03-01 05:00:00,Building_D,65.88
2026-03-01 06:00:00,Building_D,65.05
2026-03-01 07:00:00,Building_D,55.12
2026-03-01 08:00:00,Building_D,56.53
2026-03-01 09:00:00,Building_D,49.49
2026-03-01 10:00:00,Building_D,65.15
2026-03-01 11:00:00,Building_D,60.87
2026-03-01 12:00:00,Building_D,61.37
2026-03-01 13:00:00,Building_D,53.72
2026-03-01 14:00:00,Building_D,56.69
2026-03-01 15:00:00,Building_D,59.79
2026-03-01 16:00:00,Building_D,58.81
2026-03-01 17:00:00,Building_D,62.77
2026-03-01 18:00:00,Building_D,65.09
2026-03-01 19:00:00,Building_D,73.52
2026-03-01 20:00:00,Building_D,62.08
2026-03-01 21:00:00,Building_D,67.75
2026-03-01 22:00:00,Building_D,58.03
2026-03-01 23:00:00,Building_D,53.8
2026-03-02 00:00:00,Building_D,60.41
2026-03-02 01:00:00,Building_D,54.19
2026-03-02 02:00:00,Building_D,62.25
2026-03-02 03:00:00,Building_D,58.27
2026-03-02 04:00:00,Building_D,52.4
2026-03-02 05:00:00,Building_D,70.86
2026-03-02 06:00:00,Building_D,59.49
2026-03-02 07:00:00,Building_D,53.99
2026-03-02 08:00:00,Building_D,147.97
2026-03-02 09:00:00,Building_D,139.84
2026-03-02 10:00:00,Building_D,148.93
2026-03-02 11:00:00,Building_D,139.82
2026-03-02 12:00:00,Building_D,140.78
2026-03-02 13:00:00,Building_D,145.21
2026-03-02 14:00:00,Building_D,146.45
2026-03-02 15:00:00,Building_D,147.33
2026-03-02 16:00:00,Building_D,143.03
2026-03-02 17:00:00,Building_D,146.13
2026-03-02 18:00:00,Building_D,147.21
2026-03-02 19:00:00,Building_D,63.18
2026-03-02 20:00:00,Building_D,61.46
2026-03-02 21:00:00,Building_D,54.95
2026-03-02 22:00:00,Building_D,65.17
2026-03-02 23:00:00,Building_D,62.39
2026-03-03 00:00:00,Building_D,60.11
2026-03-03 01:00:00,Building_D,68.56
2026-03-03 02:00:00,Building_D,55.04
2026-03-03 03:00:00,Building_D,70.4
2026-03-03 04:00:00,Building_D,62.06
2026-03-03 05:00:00,Building_D,63.76
2026-03-03 06:00:00,Building_D,60.2
2026-03-03 07:00:00,Building_D,53.84
2026-03-03 08:00:00,Building_D,142.79
2026-03-03 09:00:00,Building_D,145.16
2026-03-03 10:00:00,Building_D,146.86
2026-03-03 11:00:00,Building_D,142.49
2026-03-03 12:00:00,Building_D,132.52
2026-03-03 13:00:00,Building_D,135.77
2026-03-03 14:00:00,Building_D,153.74
2026-03-03 15:00:00,Building_D,138.02
2026-03-03 16:00:00,Building_D,150.62
2026-03-03 17:00:00,Building_D,138.81
2026-03-03 18:00:00,Building_D,142.57
2026-03-03 19:00:00,Building_D,65.3
2026-03-03 20:00:00,Building_D,58.08
2026-03-03 21:00:00,Building_D,70.14
2026-03-03 22:00:00,Building_D,62.55
2026-03-03 23:00:00,Building_D,64.48
2026-03-04 00:00:00,Building_D,60.84
2026-03-04 01:00:00,Building_D,65.47
2026-03-04 02:00:00,Building_D,70.07
2026-03-04 03:00:00,Building_D,61.52
2026-03-04 04:00:00,Building_D,70.82
2026-03-04 05:00:00,Building_D,59.12
2026-03-04 06:00:00,Building_D,66.0
2026-03-04 07:00:00,Building_D,64.62
2026-03-04 08:00:00,Building_D,138.14
2026-03-04 09:00:00,Building_D,144.55
2026-03-04 10:00:00,Building_D,143.52
2026-03-04 11:00:00,Building_D,139.22
2026-03-04 12:00:00,Building_D,145.27
2026-03-04 13:00:00,Building_D,144.21
2026-03-04 14:00:00,Building_D,143.12
2026-03-04 15:00:00,Building_D,143.14
2026-03-04 16:00:00,Building_D,143.03
2026-03-04 17:00:00,Building_D,141.64
2026-03-04 18:00:00,Building_D,144.18
2026-03-04 19:00:00,Building_D,58.96
2026-03-04 20:00:00,Building_D,75.46
2026-03-04 21:00:00,Building_D,55.13
2026-03-04 22:00:00,Building_D,59.25
2026-03-04 23:00:00,Building_D,59.65
2026-03-05 00:00:00,Building_D,72.38
2026-03-05 01:00:00,Building_D,55.58
2026-03-05 02:00:00,Building_D,64.31
2026-03-05 03:00:00,Building_D,63.42
2026-03-05 04:00:00,Building_D,63.84
2026-03-05 05:00:00,Building_D,68.36
2026-03-05 06:00:00,Building_D,68.26
2026-03-05 07:00:00,Building_D,59.92
2026-03-05 08:00:00,Building_D,144.45
2026-03-05 09:00:00,Building_D,134.16
2026-03-05 10:00:00,Building_D,143.98
2026-03-05 11:00:00,Building_D,139.51
2026-03-05 12:00:00,Building_D,142.55
2026-03-05 13:00:00,Building_D,135.06
2026-03-05 14:00:00,Building_D,145.51
2026-03-05 15:00:00,Building_D,135.0
2026-03-05 16:00:00,Building_D,144.22
2026-03-05 17:00:00,Building_D,137.35
2026-03-05 18:00:00,Building_D,139.24
2026-03-05 19:00:00,Building_D,67.95
2026-03-05 20:00:00,Building_D,65.12
2026-03-05 21:00:00,Building_D,67.92
2026-03-05 22:00:00,Building_D,69.97
2026-03-05 23:00:00,Building_D,58.31
2026-03-06 00:00:00,Building_D,69.67
2026-03-06 01:00:00,Building_D,54.85
2026-03-06 02:00:00,Building_D,65.91
2026-03-06 03:00:00,Building_D,59.71
2026-03-06 04:00:00,Building_D,57.52
2026-03-06 05:00:00,Building_D,65.25
2026-03-06 06:00:00,Building_D,66.9
2026-03-06 07:00:00,Building_D,66.75
2026-03-06 08:00:00,Building_D,144.56
2026-03-06 09:00:00,Building_D,144.14
2026-03-06 10:00:00,Building_D,146.12
2026-03-06 11:00:00,Building_D,145.0
2026-03-06 12:00:00,Building_D,146.19
2026-03-06 13:00:00,Building_D,144.5
2026-03-06 14:00:00,Building_D,147.7
2026-03-06 15:00:00,Building_D,135.35
2026-03-06 16:00:00,Building_D,142.83
2026-03-06 17:00:00,Building_D,136.56
2026-03-06 18:00:00,Building_D,144.87
2026-03-06 19:00:00,Building_D,70.39
2026-03-06 20:00:00,Building_D,59.81
2026-03-06 21:00:00,Building_D,62.81
2026-03-06 22:00:00,Building_D,65.96
2026-03-06 23:00:00,Building_D,51.84
2026-03-07 00:00:00,Building_D,59.57
2026-03-07 01:00:00,Building_D,64.0
2026-03-07 02:00:00,Building_D,47.69
2026-03-07 03:00:00,Building_D,57.29
2026-03-07 04:00:00,Building_D,67.68
2026-03-07 05:00:00,Building_D,67.19
2026-03-07 06:00:00,Building_D,64.05
2026-03-07 07:00:00,Building_D,66.59
2026-03-07 08:00:00,Building_D,63.25
2026-03-07 09:00:00,Building_D,64.95
2026-03-07 10:00:00,Building_D,60.6
2026-03-07 11:00:00,Building_D,62.76
2026-03-07 12:00:00,Building_D,59.01
2026-03-07 13:00:00,Building_D,68.49
2026-03-07 14:00:00,Building_D,69.78
2026-03-07 15:00:00,Building_D,69.08
2026-03-07 16:00:00,Building_D,60.14
2026-03-07 17:00:00,Building_D,57.41
2026-03-07 18:00:00,Building_D,68.56
2026-03-07 19:00:00,Building_D,64.9
2026-03-07 20:00:00,Building_D,63.82
2026-03-07 21:00:00,Building_D,59.01
2026-03-07 22:00:00,Building_D,64.3
2026-03-07 23:00:00,Building_D,56.75
2026-03-08 00:00:00,Building_D,65.35
2026-03-08 01:00:00,Building_D,69.07
2026-03-08 02:00:00,Building_D,70.33
2026-03-08 03:00:00,Building_D,65.72
2026-03-08 04:00:00,Building_D,55.27
2026-03-08 05:00:00,Building_D,63.16
2026-03-08 06:00:00,Building_D,72.87
2026-03-08 07:00:00,Building_D,57.83
2026-03-08 08:00:00,Building_D,61.88
2026-03-08 09:00:00,Building_D,69.24
2026-03-08 10:00:00,Building_D,65.26
2026-03-08 11:00:00,Building_D,74.58
2026-03-08 12:00:00,Building_D,58.51
2026-03-08 13:00:00,Building_D,57.23
2026-03-08 14:00:00,Building_D,68.3
2026-03-08 15:00:00,Building_D,56.2
2026-03-08 16:00:00,Building_D,61.19
2026-03-08 17:00:00,Building_D,61.85
2026-03-08 18:00:00,Building_D,67.36
2026-03-08 19:00:00,Building_D,65.25
2026-03-08 20:00:00,Building_D,64.46
2026-03-08 21:00:00,Building_D,60.16
2026-03-08 22:00:00,Building_D,68.25
2026-03-08 23:00:00,Building_D,82.31
2026-03-09 00:00:00,Building_D,65.63
2026-03-09 01:00:00,Building_D,62.67
2026-03-09 02:00:00,Building_D,55.69
2026-03-09 03:00:00,Building_D,58.99
2026-03-09 04:00:00,Building_D,61.11
2026-03-09 05:00:00,Building_D,59.5
2026-03-09 06:00:00,Building_D,62.1
2026-03-09 07:00:00,Building_D,71.07
2026-03-09 08:00:00,Building_D,149.72
2026-03-09 09:00:00,Building_D,142.69
2026-03-09 10:00:00,Building_D,137.44
2026-03-09 11:00:00,Building_D,150.17
2026-03-09 12:00:00,Building_D,143.24
2026-03-09 13:00:00,Building_D,134.85
2026-03-09 14:00:00,Building_D,147.05
2026-03-09 15:00:00,Building_D,148.61
2026-03-09 16:00:00,Building_D,131.35
2026-03-09 17:00:00,Building_D,139.36
2026-03-09 18:00:00,Building_D,142.93
2026-03-09 19:00:00,Building_D,65.85
2026-03-09 20:00:00,Building_D,59.6
2026-03-09 21:00:00,Building_D,58.02
2026-03-09 22:00:00,Building_D,65.81
2026-03-09 23:00:00,Building_D,59.83
2026-03-10 00:00:00,Building_D,64.89
2026-03-10 01:00:00,Building_D,56.62
2026-03-10 02:00:00,Building_D,55.41
2026-03-10 03:00:00,Building_D,65.95
2026-03-10 04:00:00,Building_D,63.44
2026-03-10 05:00:00,Building_D,66.79
2026-03-10 06:00:00,Building_D,59.51
2026-03-10 07:00:00,Building_D,58.2
2026-03-10 08:00:00,Building_D,150.29
2026-03-10 09:00:00,Building_D,135.87
2026-03-10 10:00:00,Building_D,149.74
2026-03-10 11:00:00,Building_D,150.09
2026-03-10 12:00:00,Building_D,147.78
2026-03-10 13:00:00,Building_D,140.04
2026-03-10 14:00:00,Building_D,139.4
2026-03-10 15:00:00,Building_D,142.43
2026-03-10 16:00:00,Building_D,137.01
2026-03-10 17:00:00,Building_D,138.67
2026-03-10 18:00:00,Building_D,146.71
2026-03-10 19:00:00,Building_D,65.42
2026-03-10 20:00:00,Building_D,56.93
2026-03-10 21:00:00,Building_D,65.56
2026-03-10 22:00:00,Building_D,64.45
2026-03-10 23:00:00,Building_D,69.73
2026-03-11 00:00:00,Building_D,65.02
2026-03-11 01:00:00,Building_D,67.47
2026-03-11 02:00:00,Building_D,64.56
2026-03-11 03:00:00,Building_D,67.08
2026-03-11 04:00:00,Building_D,55.74
2026-03-11 05:00:00,Building_D,61.57
2026-03-11 06:00:00,Building_D,61.98
2026-03-11 07:00:00,Building_D,60.96
2026-03-11 08:00:00,Building_D,145.7
2026-03-11 09:00:00,Building_D,146.66
2026-03-11 10:00:00,Building_D,145.44
2026-03-11 11:00:00,Building_D,142.6
2026-03-11 12:00:00,Building_D,139.8
2026-03-11 13:00:00,Building_D,148.97
2026-03-11 14:00:00,Building_D,145.23
2026-03-11 15:00:00,Building_D,138.39
2026-03-11 16:00:00,Building_D,142.51
2026-03-11 17:00:00,Building_D,134.77
2026-03-11 18:00:00,Building_D,143.66
2026-03-11 19:00:00,Building_D,61.18
2026-03-11 20:00:00,Building_D,59.3
2026-03-11 21:00:00,Building_D,70.1
2026-03-11 22:00:00,Building_D,56.4
2026-03-11 23:00:00,Building_D,65.71
2026-03-12 00:00:00,Building_D,73.11
2026-03-12 01:00:00,Building_D,67.56
2026-03-12 02:00:00,Building_D,62.02
2026-03-12 03:00:00,Building_D,56.51
2026-03-12 04:00:00,Building_D,55.37
2026-03-12 05:00:00,Building_D,60.12
2026-03-12 06:00:00,Building_D,58.74
2026-03-12 07:00:00,Building_D,58.58
2026-03-12 08:00:00,Building_D,141.85
2026-03-12 09:00:00,Building_D,142.97
2026-03-12 10:00:00,Building_D,145.91
2026-03-12 11:00:00,Building_D,137.29
2026-03-12 12:00:00,Building_D,140.07
2026-03-12 13:00:00,Building_D,142.68
2026-03-12 14:00:00,Building_D,142.51
2026-03-12 15:00:00,Building_D,152.67
2026-03-12 16:00:00,Building_D,144.64
2026-03-12 17:00:00,Building_D,135.42
2026-03-12 18:00:00,Building_D,145.57
2026-03-12 19:00:00,Building_D,64.9
2026-03-12 20:00:00,Building_D,61.55
2026-03-12 21:00:00,Building_D,56.11
2026-03-12 22:00:00,Building_D,70.97
2026-03-12 23:00:00,Building_D,56.83
2026-03-13 00:00:00,Building_D,65.48
2026-03-13 01:00:00,Building_D,63.18
2026-03-13 02:00:00,Building_D,65.18
2026-03-13 03:00:00,Building_D,70.71
2026-03-13 04:00:00,Building_D,64.98
2026-03-13 05:00:00,Building_D,59.38
2026-03-13 06:00:00,Building_D,67.71
2026-03-13 07:00:00,Building_D,59.02
2026-03-13 08:00:00,Building_D,144.3
2026-03-13 09:00:00,Building_D,137.02
2026-03-13 10:00:00,Building_D,138.32
2026-03-13 11:00:00,Building_D,143.74
2026-03-13 12:00:00,Building_D,145.32
2026-03-13 13:00:00,Building_D,134.97
2026-03-13 14:00:00,Building_D,145.97
2026-03-13 15:00:00,Building_D,139.39
2026-03-13 16:00:00,Building_D,149.88
2026-03-13 17:00:00,Building_D,141.72
2026-03-13 18:00:00,Building_D,137.87
2026-03-13 19:00:00,Building_D,62.56
2026-03-13 20:00:00,Building_D,57.59
2026-03-13 21:00:00,Building_D,68.52
2026-03-13 22:00:00,Building_D,62.18
2026-03-13 23:00:00,Building_D,61.42
2026-03-14 00:00:00,Building_D,65.14
2026-03-14 01:00:00,Building_D,57.15
2026-03-14 02:00:00,Building_D,55.73
2026-03-14 03:00:00,Building_D,64.22
2026-03-14 04:00:00,Building_D,56.68
2026-03-14 05:00:00,Building_D,56.68
2026-03-14 06:00:00,Building_D,66.36
2026-03-14 07:00:00,Building_D,64.8
2026-03-14 08:00:00,Building_D,55.91
2026-03-14 09:00:00,Building_D,59.08
2026-03-14 10:00:00,Building_D,57.66
2026-03-14 11:00:00,Building_D,71.06
2026-03-14 12:00:00,Building_D,66.71
2026-03-14 13:00:00,Building_D,60.07
2026-03-14 14:00:00,Building_D,65.06
2026-03-14 15:00:00,Building_D,55.4
2026-03-14 16:00:00,Building_D,58.81
2026-03-14 17:00:00,Building_D,62.7
2026-03-14 18:00:00,Building_D,64.44
2026-03-14 19:00:00,Building_D,61.69
2026-03-14 20:00:00,Building_D,63.42
2026-03-14 21:00:00,Building_D,62.57
2026-03-14 22:00:00,Building_D,61.36
2026-03-14 23:00:00,Building_D,60.7
2026-03-15 00:00:00,Building_D,60.04
2026-03-15 01:00:00,Building_D,63.34
2026-03-15 02:00:00,Building_D,64.23
2026-03-15 03:00:00,Building_D,63.17
2026-03-15 04:00:00,Building_D,56.28
2026-03-15 05:00:00,Building_D,57.18
2026-03-15 06:00:00,Building_D,64.17
2026-03-15 07:00:00,Building_D,69.53
2026-03-15 08:00:00,Building_D,62.94
2026-03-15 09:00:00,Building_D,60.12
2026-03-15 10:00:00,Building_D,63.3
2026-03-15 11:00:00,Building_D,56.49
2026-03-15 12:00:00,Building_D,68.72
2026-03-15 13:00:00,Building_D,63.11
2026-03-15 14:00:00,Building_D,58.83
2026-03-15 15:00:00,Building_D,61.34
2026-03-15 16:00:00,Building_D,59.54
2026-03-15 17:00:00,Building_D,68.73
2026-03-15 18:00:00,Building_D,61.16
2026-03-15 19:00:00,Building_D,62.95
2026-03-15 20:00:00,Building_D,65.04
2026-03-15 21:00:00,Building_D,58.47
2026-03-15 22:00:00,Building_D,63.14
2026-03-15 23:00:00,Building_D,63.55
2026-03-16 00:00:00,Building_D,54.41
2026-03-16 01:00:00,Building_D,63.44
2026-03-16 02:00:00,Building_D,61.95
2026-03-16 03:00:00,Building_D,62.83
2026-03-16 04:00:00,Building_D,62.35
2026-03-16 05:00:00,Building_D,63.47
2026-03-16 06:00:00,Building_D,68.86
2026-03-16 07:00:00,Building_D,56.28
2026-03-16 08:00:00,Building_D,141.77
2026-03-16 09:00:00,Building_D,146.82
2026-03-16 10:00:00,Building_D,145.89
2026-03-16 11:00:00,Building_D,145.78
2026-03-16 12:00:00,Building_D,157.25
2026-03-16 13:00:00,Building_D,146.55
2026-03-16 14:00:00,Building_D,149.14
2026-03-16 15:00:00,Building_D,141.95
2026-03-16 16:00:00,Building_D,138.52
2026-03-16 17:00:00,Building_D,141.91
2026-03-16 18:00:00,Building_D,147.04
2026-03-16 19:00:00,Building_D,64.21
2026-03-16 20:00:00,Building_D,64.19
2026-03-16 21:00:00,Building_D,61.1
2026-03-16 22:00:00,Building_D,60.31
2026-03-16 23:00:00,Building_D,61.28
2026-03-17 00:00:00,Building_D,65.8
2026-03-17 01:00:00,Building_D,66.38
2026-03-17 02:00:00,Building_D,57.14
2026-03-17 03:00:00,Building_D,65.99
2026-03-17 04:00:00,Building_D,58.92
2026-03-17 05:00:00,Building_D,64.52
2026-03-17 06:00:00,Building_D,61.22
2026-03-17 07:00:00,Building_D,70.01
2026-03-17 08:00:00,Building_D,141.39
2026-03-17 09:00:00,Building_D,144.38
2026-03-17 10:00:00,Building_D,146.52
2026-03-17 11:00:00,Building_D,139.11
2026-03-17 12:00:00,Building_D,143.12
2026-03-17 13:00:00,Building_D,142.15
2026-03-17 14:00:00,Building_D,140.91
2026-03-17 15:00:00,Building_D,141.28
2026-03-17 16:00:00,Building_D,149.04
2026-03-17 17:00:00,Building_D,140.49
2026-03-17 18:00:00,Building_D,146.32
2026-03-17 19:00:00,Building_D,63.75
2026-03-17 20:00:00,Building_D,55.19
2026-03-17 21:00:00,Building_D,64.77
2026-03-17 22:00:00,Building_D,55.11
2026-03-17 23:00:00,Building_D,65.32
2026-03-18 00:00:00,Building_D,59.64
2026-03-18 01:00:00,Building_D,62.22
2026-03-18 02:00:00,Building_D,55.7
2026-03-18 03:00:00,Building_D,62.79
2026-03-18 04:00:00,Building_D,66.81
2026-03-18 05:00:00,Building_D,58.14
2026-03-18 06:00:00,Building_D,59.14
2026-03-18 07:00:00,Building_D,64.45
2026-03-18 08:00:00,Building_D,145.88
2026-03-18 09:00:00,Building_D,131.31
2026-03-18 10:00:00,Building_D,153.56
2026-03-18 11:00:00,Building_D,146.13
2026-03-18 12:00:00,Building_D,146.97
2026-03-18 13:00:00,Building_D,142.77
2026-03-18 14:00:00,Building_D,134.21
2026-03-18 15:00:00,Building_D,146.86
2026-03-18 16:00:00,Building_D,140.66
2026-03-18 17:00:00,Building_D,146.2
2026-03-18 18:00:00,Building_D,142.39
2026-03-18 19:00:00,Building_D,63.37
2026-03-18 20:00:00,Building_D,58.3
2026-03-18 21:00:00,Building_D,66.5
2026-03-18 22:00:00,Building_D,56.23
2026-03-18 23:00:00,Building_D,73.4
2026-03-19 00:00:00,Building_D,73.37
2026-03-19 01:00:00,Building_D,70.34
2026-03-19 02:00:00,Building_D,68.55
2026-03-19 03:00:00,Building_D,61.75
2026-03-19 04:00:00,Building_D,68.01
2026-03-19 05:00:00,Building_D,61.7
2026-03-19 06:00:00,Building_D,54.41
2026-03-19 07:00:00,Building_D,69.69
2026-03-19 08:00:00,Building_D,149.13
2026-03-19 09:00:00,Building_D,143.33
2026-03-19 10:00:00,Building_D,137.36
2026-03-19 11:00:00,Building_D,140.55
2026-03-19 12:00:00,Building_D,134.38
2026-03-19 13:00:00,Building_D,148.21
2026-03-19 14:00:00,Building_D,135.47
2026-03-19 15:00:00,Building_D,144.92
2026-03-19 16:00:00,Building_D,139.26
2026-03-19 17:00:00,Building_D,136.35
2026-03-19 18:00:00,Building_D,144.68
2026-03-19 19:00:00,Building_D,60.51
2026-03-19 20:00:00,Building_D,66.37
2026-03-19 21:00:00,Building_D,55.84
2026-03-19 22:00:00,Building_D,58.39
2026-03-19 23:00:00,Building_D,50.24
2026-03-20 00:00:00,Building_D,51.25
2026-03-20 01:00:00,Building_D,71.17
2026-03-20 02:00:00,Building_D,72.59
2026-03-20 03:00:00,Building_D,62.64
2026-03-20 04:00:00,Building_D,58.06
2026-03-20 05:00:00,Building_D,60.68
2026-03-20 06:00:00,Building_D,66.54
2026-03-20 07:00:00,Building_D,59.6
2026-03-20 08:00:00,Building_D,144.67
2026-03-20 09:00:00,Building_D,143.42
2026-03-20 10:00:00,Building_D,140.64
2026-03-20 11:00:00,Building_D,140.85
2026-03-20 12:00:00,Building_D,144.95
2026-03-20 13:00:00,Building_D,138.6
2026-03-20 14:00:00,Building_D,145.74
2026-03-20 15:00:00,Building_D,141.13
2026-03-20 16:00:00,Building_D,144.12
2026-03-20 17:00:00,Building_D,150.4
2026-03-20 18:00:00,Building_D,142.64
2026-03-20 19:00:00,Building_D,66.78
2026-03-20 20:00:00,Building_D,53.22
2026-03-20 21:00:00,Building_D,59.82
2026-03-20 22:00:00,Building_D,62.31
2026-03-20 23:00:00,Building_D,71.79
2026-03-21 00:00:00,Building_D,52.38
2026-03-21 01:00:00,Building_D,61.7
2026-03-21 02:00:00,Building_D,69.46
2026-03-21 03:00:00,Building_D,58.25
2026-03-21 04:00:00,Building_D,61.11
2026-03-21 05:00:00,Building_D,63.83
2026-03-21 06:00:00,Building_D,63.1
2026-03-21 07:00:00,Building_D,70.0
2026-03-21 08:00:00,Building_D,64.42
2026-03-21 09:00:00,Building_D,68.81
2026-03-21 10:00:00,Building_D,60.38
2026-03-21 11:00:00,Building_D,58.47
2026-03-21 12:00:00,Building_D,61.05
2026-03-21 13:00:00,Building_D,56.38
2026-03-21 14:00:00,Building_D,64.59
2026-03-21 15:00:00,Building_D,60.25
2026-03-21 16:00:00,Building_D,58.82
2026-03-21 17:00:00,Building_D,64.67
2026-03-21 18:00:00,Building_D,56.46
2026-03-21 19:00:00,Building_D,66.03
2026-03-21 20:00:00,Building_D,59.78
2026-03-21 21:00:00,Building_D,67.97
2026-03-21 22:00:00,Building_D,60.21
2026-03-21 23:00:00,Building_D,65.34
2026-03-22 00:00:00,Building_D,63.07
2026-03-22 01:00:00,Building_D,65.9
2026-03-22 02:00:00,Building_D,62.73
2026-03-22 03:00:00,Building_D,53.86
2026-03-22 04:00:00,Building_D,67.22
2026-03-22 05:00:00,Building_D,61.74
2026-03-22 06:00:00,Building_D,66.12
2026-03-22 07:00:00,Building_D,65.63
2026-03-22 08:00:00,Building_D,58.31
2026-03-22 09:00:00,Building_D,57.6
2026-03-22 10:00:00,Building_D,65.45
2026-03-22 11:00:00,Building_D,60.66
2026-03-22 12:00:00,Building_D,66.86
2026-03-22 13:00:00,Building_D,61.29
2026-03-22 14:00:00,Building_D,67.29
2026-03-22 15:00:00,Building_D,64.29
2026-03-22 16:00:00,Building_D,63.62
2026-03-22 17:00:00,Building_D,60.31
2026-03-22 18:00:00,Building_D,63.34
2026-03-22 19:00:00,Building_D,68.14
2026-03-22 20:00:00,Building_D,61.91
2026-03-22 21:00:00,Building_D,64.83
2026-03-22 22:00:00,Building_D,62.41
2026-03-22 23:00:00,Building_D,62.8
2026-03-23 00:00:00,Building_D,70.79
2026-03-23 01:00:00,Building_D,68.18
2026-03-23 02:00:00,Building_D,62.57
2026-03-23 03:00:00,Building_D,63.25
2026-03-23 04:00:00,Building_D,58.67
2026-03-23 05:00:00,Building_D,61.31
2026-03-23 06:00:00,Building_D,63.72
2026-03-23 07:00:00,Building_D,66.43
2026-03-23 08:00:00,Building_D,147.23
2026-03-23 09:00:00,Building_D,137.94
2026-03-23 10:00:00,Building_D,148.37
2026-03-23 11:00:00,Building_D,143.04
2026-03-23 12:00:00,Building_D,138.55
2026-03-23 13:00:00,Building_D,150.17
2026-03-23 14:00:00,Building_D,150.8
2026-03-23 15:00:00,Building_D,144.8
2026-03-23 16:00:00,Building_D,147.03
2026-03-23 17:00:00,Building_D,147.32
2026-03-23 18:00:00,Building_D,150.46
2026-03-23 19:00:00,Building_D,65.82
2026-03-23 20:00:00,Building_D,55.54
2026-03-23 21:00:00,Building_D,72.23
2026-03-23 22:00:00,Building_D,67.5
2026-03-23 23:00:00,Building_D,59.63
2026-03-24 00:00:00,Building_D,57.03
2026-03-24 01:00:00,Building_D,64.7
2026-03-24 02:00:00,Building_D,60.78
2026-03-24 03:00:00,Building_D,63.83
2026-03-24 04:00:00,Building_D,65.89
2026-03-24 05:00:00,Building_D,59.34
2026-03-24 06:00:00,Building_D,56.6
2026-03-24 07:00:00,Building_D,64.11
2026-03-24 08:00:00,Building_D,140.82
2026-03-24 09:00:00,Building_D,144.21
2026-03-24 10:00:00,Building_D,136.77
2026-03-24 11:00:00,Building_D,142.22
2026-03-24 12:00:00,Building_D,147.06
2026-03-24 13:00:00,Building_D,146.51
2026-03-24 14:00:00,Building_D,139.54
2026-03-24 15:00:00,Building_D,137.64
2026-03-24 16:00:00,Building_D,143.56
2026-03-24 17:00:00,Building_D,146.29
2026-03-24 18:00:00,Building_D,145.51
2026-03-24 19:00:00,Building_D,59.62
2026-03-24 20:00:00,Building_D,63.67
2026-03-24 21:00:00,Building_D,69.69
2026-03-24 22:00:00,Building_D,63.2
2026-03-24 23:00:00,Building_D,54.01
2026-03-25 00:00:00,Building_D,63.19
2026-03-25 01:00:00,Building_D,72.4
2026-03-25 02:00:00,Building_D,55.74
2026-03-25 03:00:00,Building_D,62.32
2026-03-25 04:00:00,Building_D,61.04
2026-03-25 05:00:00,Building_D,62.66
2026-03-25 06:00:00,Building_D,63.15
2026-03-25 07:00:00,Building_D,67.88
2026-03-25 08:00:00,Building_D,143.91
2026-03-25 09:00:00,Building_D,149.87
2026-03-25 10:00:00,Building_D,142.9
2026-03-25 11:00:00,Building_D,141.73
2026-03-25 12:00:00,Building_D,140.14
2026-03-25 13:00:00,Building_D,134.4
2026-03-25 14:00:00,Building_D,144.86
2026-03-25 15:00:00,Building_D,153.75
2026-03-25 16:00:00,Building_D,145.77
2026-03-25 17:00:00,Building_D,146.92
2026-03-25 18:00:00,Building_D,141.42
2026-03-25 19:00:00,Building_D,60.95
2026-03-25 20:00:00,Building_D,67.1
2026-03-25 21:00:00,Building_D,72.22
2026-03-25 22:00:00,Building_D,69.62
2026-03-25 23:00:00,Building_D,66.2
2026-03-26 00:00:00,Building_D,62.35
2026-03-26 01:00:00,Building_D,63.22
2026-03-26 02:00:00,Building_D,58.41
2026-03-26 03:00:00,Building_D,54.94
2026-03-26 04:00:00,Building_D,56.54
2026-03-26 05:00:00,Building_D,62.43
2026-03-26 06:00:00,Building_D,60.72
2026-03-26 07:00:00,Building_D,54.83
2026-03-26 08:00:00,Building_D,143.3
2026-03-26 09:00:00,Building_D,141.89
2026-03-26 10:00:00,Building_D,137.62
2026-03-26 11:00:00,Building_D,141.63
2026-03-26 12:00:00,Building_D,141.88
2026-03-26 13:00:00,Building_D,140.4
2026-03-26 14:00:00,Building_D,148.12
2026-03-26 15:00:00,Building_D,133.97
2026-03-26 16:00:00,Building_D,133.55
2026-03-26 17:00:00,Building_D,143.5
2026-03-26 18:00:00,Building_D,143.96
2026-03-26 19:00:00,Building_D,64.2
2026-03-26 20:00:00,Building_D,59.48
2026-03-26 21:00:00,Building_D,57.59
2026-03-26 22:00:00,Building_D,62.14
2026-03-26 23:00:00,Building_D,59.97
2026-03-27 00:00:00,Building_D,69.93
2026-03-27 01:00:00,Building_D,60.55
2026-03-27 02:00:00,Building_D,61.91
2026-03-27 03:00:00,Building_D,74.55
2026-03-27 04:00:00,Building_D,61.2
2026-03-27 05:00:00,Building_D,64.96
2026-03-27 06:00:00,Building_D,65.41
2026-03-27 07:00:00,Building_D,65.83
2026-03-27 08:00:00,Building_D,144.93
2026-03-27 09:00:00,Building_D,144.45
2026-03-27 10:00:00,Building_D,143.98
2026-03-27 11:00:00,Building_D,140.6
2026-03-27 12:00:00,Building_D,145.11
2026-03-27 13:00:00,Building_D,153.63
2026-03-27 14:00:00,Building_D,149.54
2026-03-27 15:00:00,Building_D,145.0
2026-03-27 16:00:00,Building_D,147.76
2026-03-27 17:00:00,Building_D,139.14
2026-03-27 18:00:00,Building_D,142.18
2026-03-27 19:00:00,Building_D,66.92
2026-03-27 20:00:00,Building_D,69.61
2026-03-27 21:00:00,Building_D,58.32
2026-03-27 22:00:00,Building_D,59.76
2026-03-27 23:00:00,Building_D,73.08
2026-03-28 00:00:00,Building_D,62.66
2026-03-28 01:00:00,Building_D,71.29
2026-03-28 02:00:00,Building_D,63.21
2026-03-28 03:00:00,Building_D,63.41
2026-03-28 04:00:00,Building_D,60.65
2026-03-28 05:00:00,Building_D,66.89
2026-03-28 06:00:00,Building_D,68.96
2026-03-28 07:00:00,Building_D,57.0
2026-03-28 08:00:00,Building_D,60.41
2026-03-28 09:00:00,Building_D,66.75
2026-03-28 10:00:00,Building_D,61.53
2026-03-28 11:00:00,Building_D,59.71
2026-03-28 12:00:00,Building_D,67.22
2026-03-28 13:00:00,Building_D,67.69
2026-03-28 14:00:00,Building_D,59.93
2026-03-28 15:00:00,Building_D,63.24
2026-03-28 16:00:00,Building_D,56.13
2026-03-28 17:00:00,Building_D,57.7
2026-03-28 18:00:00,Building_D,62.8
2026-03-28 19:00:00,Building_D,62.33
2026-03-28 20:00:00,Building_D,57.34
2026-03-28 21:00:00,Building_D,58.6
2026-03-28 22:00:00,Building_D,56.85
2026-03-28 23:00:00,Building_D,64.45
2026-03-29 00:00:00,Building_D,52.34
2026-03-29 01:00:00,Building_D,57.12
2026-03-29 02:00:00,Building_D,52.86
2026-03-29 03:00:00,Building_D,64.27
2026-03-29 04:00:00,Building_D,53.16
2026-03-29 05:00:00,Building_D,62.33
2026-03-29 06:00:00,Building_D,70.37
2026-03-29 07:00:00,Building_D,70.54
2026-03-29 08:00:00,Building_D,53.15
2026-03-29 09:00:00,Building_D,63.67
2026-03-29 10:00:00,Building_D,57.23
2026-03-29 11:00:00,Building_D,56.21
2026-03-29 12:00:00,Building_D,61.61
2026-03-29 13:00:00,Building_D,68.32
2026-03-29 14:00:00,Building_D,65.17
2026-03-29 15:00:00,Building_D,58.6
2026-03-29 16:00:00,Building_D,65.7
2026-03-29 17:00:00,Building_D,50.96
2026-03-29 18:00:00,Building_D,58.41
2026-03-29 19:00:00,Building_D,58.06
2026-03-29 20:00:00,Building_D,62.57
2026-03-29 21:00:00,Building_D,61.16
2026-03-29 22:00:00,Building_D,61.47
2026-03-29 23:00:00,Building_D,61.3
2026-03-30 00:00:00,Building_D,62.29
2026-03-30 01:00:00,Building_D,64.88
2026-03-30 02:00:00,Building_D,62.92
2026-03-30 03:00:00,Building_D,60.75
2026-03-30 04:00:00,Building_D,64.18
2026-03-30 05:00:00,Building_D,66.31
2026-03-30 06:00:00,Building_D,59.4
2026-03-30 07:00:00,Building_D,61.88
2026-03-30 08:00:00,Building_D,149.29
2026-03-30 09:00:00,Building_D,137.97
2026-03-30 10:00:00,Building_D,152.51
2026-03-30 11:00:00,Building_D,136.79
2026-03-30 12:00:00,Building_D,141.76
2026-03-30 13:00:00,Building_D,138.73
2026-03-30 14:00:00,Building_D,154.42
2026-03-30 15:00:00,Building_D,140.97
2026-03-30 16:00:00,Building_D,140.98
2026-03-30 17:00:00,Building_D,141.63
2026-03-30 18:00:00,Building_D,143.96
2026-03-30 19:00:00,Building_D,60.53
2026-03-30 20:00:00,Building_D,61.51
2026-03-30 21:00:00,Building_D,44.53
2026-03-30 22:00:00,Building_D,62.46
2026-03-30 23:00:00,Building_D,62.27
2026-03-31 00:00:00,Building_D,67.37
2026-03-31 01:00:00,Building_D,68.72
2026-03-31 02:00:00,Building_D,61.24
2026-03-31 03:00:00,Building_D,66.26
2026-03-31 04:00:00,Building_D,56.67
2026-03-31 05:00:00,Building_D,66.01
2026-03-31 06:00:00,Building_D,59.31
2026-03-31 07:00:00,Building_D,56.25
2026-03-31 08:00:00,Building_D,142.56
2026-03-31 09:00:00,Building_D,150.49
2026-03-31 10:00:00,Building_D,144.39
2026-03-31 11:00:00,Building_D,150.97
2026-03-31 12:00:00,Building_D,139.74
2026-03-31 13:00:00,Building_D,148.72
2026-03-31 14:00:00,Building_D,140.22
2026-03-31 15:00:00,Building_D,144.61
2026-03-31 16:00:00,Building_D,144.57
2026-03-31 17:00:00,Building_D,146.79
2026-03-31 18:00:00,Building_D,144.74
2026-03-31 19:00:00,Building_D,58.48
2026-03-31 20:00:00,Building_D,66.58
2026-03-31 21:00:00,Building_D,70.83
2026-03-31 22:00:00,Building_D,59.26
2026-03-31 23:00:00,Building_D,53.0
